Query_1	1461260_JHEI01000132.1	88.265	392	46	0	1	392	343714	342539	0.0	701
Query_1	1784719_CP035806.1	85.714	392	56	0	1	392	650637	651812	0.0	691
Query_1	1784719_CP035806.1	35.734	361	220	6	21	369	1213899	1212817	3.80e-53	204
Query_1	1784719_CP035806.1	26.887	212	111	6	104	286	173343	172753	1.5	46.2
Query_1	2304677_KZ983987.1	81.282	390	73	0	3	392	283613	282444	0.0	656
Query_1	1122175_ATXU01000015.1	80.808	396	67	1	6	392	21602	20415	0.0	653
Query_1	1292023_KB714605.1	79.898	393	71	1	6	390	25393	26571	0.0	647
Query_1	1935379_CP035037.1	78.626	393	76	1	6	390	1060926	1059748	0.0	637
Query_1	1935379_CP035037.1	35.959	292	180	6	85	370	675520	676392	9.39e-41	167
Query_1	1642040_LAYO01000065.1	75.584	385	94	0	6	390	21528	22682	0.0	599
Query_1	2135464_QTTL01000002.1	75.515	388	95	0	5	392	822833	823996	0.0	595
Query_1	1914917_MRAR01000007.1	75.325	385	95	0	6	390	37074	35920	0.0	595
Query_1	1914918_MRAS01000007.1	75.325	385	95	0	6	390	36979	35825	0.0	595
Query_1	1933286_MTCJ01000040.1	75.325	385	95	0	6	390	41271	42425	0.0	595
Query_1	1914916_MRAQ01000005.1	75.325	385	95	0	6	390	36989	35835	0.0	595
Query_1	1914919_MRAT01000006.1	75.325	385	95	0	6	390	41271	42425	0.0	595
Query_1	1933287_MTCK01000004.1	75.325	385	95	0	6	390	41271	42425	0.0	595
Query_1	1914921_MRAV01000018.1	75.325	385	95	0	6	390	41271	42425	0.0	595
Query_1	1914915_MPIM01000020.1	75.325	385	95	0	6	390	36984	35830	0.0	595
Query_1	232089_FSRJ01000001.1	74.169	391	101	0	2	392	1055814	1054642	0.0	594
Query_1	2681413_CACSJJ010000016.1	73.834	386	98	2	5	390	28641	27493	0.0	586
Query_1	1197706_AKKK01000017.1	73.316	386	100	2	5	390	54687	55835	0.0	577
Query_1	1115632_JAFW01000001.1	71.244	386	108	2	5	390	2180264	2181412	0.0	576
Query_1	1118963_CP003203.1	72.539	386	103	2	5	390	4483333	4484481	0.0	575
Query_1	290340_CP000474.1	72.280	386	104	2	5	390	4323037	4324185	0.0	573
Query_1	1761744_FNNR01000009.1	71.059	387	109	2	5	391	20449	19298	0.0	572
Query_1	1848603_PCPR01000030.1	71.503	386	107	2	5	390	22574	21426	2.42e-180	570
Query_1	1848604_PCPC01000028.1	71.503	386	107	2	5	390	22616	21468	2.42e-180	570
Query_1	1761750_FNYI01000007.1	70.801	387	110	2	5	391	20209	19058	4.85e-180	569
Query_1	43663_BJMD01000013.1	71.684	392	102	3	5	390	31712	30546	3.03e-179	566
Query_1	2512119_SGXO01000002.1	72.280	386	101	3	9	392	435547	436692	1.39e-178	565
Query_1	211146_VNFK01000015.1	70.408	392	113	2	1	392	101798	102964	2.47e-178	564
Query_1	273678_JAAKXW010000005.1	72.539	386	103	2	4	389	39577	40725	3.76e-178	563
Query_1	2710649_JAAIUY010000004.1	72.539	386	103	2	4	389	39577	40725	3.76e-178	563
Query_1	2653132_LR732912.1	70.466	386	111	2	5	390	147318	146170	4.13e-177	560
Query_1	1348253_JTDK01000018.1	70.984	386	108	2	5	390	21119	19974	1.59e-174	553
Query_1	211146_CVLG01000001.1	72.021	386	105	2	5	390	175524	176672	3.24e-174	552
Query_1	2604423_VSSB01000001.1	75.131	382	89	2	14	390	877657	876515	6.94e-174	551
Query_1	2604423_VSSB01000001.1	26.331	338	190	12	56	361	854891	855823	4.09e-04	57.8
Query_1	1502752_FMWE01000007.1	70.408	392	112	3	1	392	210292	211455	1.20e-171	545
Query_1	1292042_KI911356.1	70.466	386	111	2	6	391	199924	201072	2.91e-170	541
Query_1	1920889_MJLT01000045.1	69.231	390	118	2	2	390	20261	19095	5.29e-169	537
Query_1	1914922_MRAW01000028.1	74.854	342	86	0	49	390	3	1028	7.78e-165	525
Query_1	340320_SMGC01000013.1	66.667	381	125	1	10	390	113607	112471	1.70e-160	513
Query_1	340320_SNYA01000003.1	66.404	381	126	1	10	390	433791	432655	1.31e-159	510
Query_1	861268_CDWJ01000001.1	66.667	372	123	1	21	391	847415	846300	2.66e-153	492
Query_1	2020486_CP022436.1	72.862	269	73	0	123	391	4767515	4768321	2.44e-144	391
Query_1	2020486_CP022436.1	66.949	118	36	2	6	123	4767174	4767518	2.44e-144	155
Query_1	2585717_CP040872.1	55.381	381	169	1	9	388	3181601	3180459	1.24e-131	430
Query_1	1736483_LMHS01000003.1	56.510	384	165	2	9	391	1562410	1561262	1.67e-131	429
Query_1	2651190_WBIT01000003.1	55.381	381	169	1	9	388	295076	296218	3.30e-131	429
Query_1	1881858_MDSS02000004.1	56.000	375	162	1	20	391	19827	20951	4.07e-130	426
Query_1	2651191_WBIU01000007.1	54.856	381	171	1	9	388	108718	107576	4.86e-130	425
Query_1	1736334_LMOD01000003.1	56.486	370	159	2	21	389	666416	665310	1.67e-128	421
Query_1	2529859_SJZG01000001.1	55.820	378	166	1	9	385	24711	25844	6.16e-126	413
Query_1	2529859_SJZG01000001.1	26.263	297	193	10	82	372	226720	227550	0.005	54.3
Query_1	2293570_QUAB01000047.1	54.381	388	172	4	6	392	58057	59208	5.37e-123	405
Query_1	2293570_QUAB01000047.1	22.397	317	195	8	84	369	73863	72973	1.1	46.6
Query_1	1798216_LT630032.1	54.068	381	170	5	10	389	723783	724913	6.20e-116	385
Query_1	1798217_LT629694.1	54.068	381	170	5	10	389	3417416	3416286	6.20e-116	385
Query_1	1798221_LT629696.1	54.068	381	170	5	10	389	495517	496647	6.20e-116	385
Query_1	1798219_LT629707.1	54.068	381	170	5	10	389	2735800	2736930	6.20e-116	385
Query_1	1798220_LT630002.1	54.068	381	170	5	10	389	2344757	2343627	6.20e-116	385
Query_1	1798222_LT629698.1	54.068	381	170	5	10	389	2361603	2360473	6.20e-116	385
Query_1	1798223_LT629867.1	52.880	382	173	4	10	389	3379753	3378623	3.35e-115	382
Query_1	1348338_ATIA01000179.1	50.674	371	179	2	20	389	54728	53625	1.53e-109	366
Query_1	1775956_LQGV01000001.1	54.830	352	152	3	20	369	1124940	1123900	7.98e-106	355
Query_1	1775956_LQGV01000001.1	28.448	232	135	10	73	300	96927	96313	0.11	50.1
Query_1	312284_CH672415.1	48.518	371	187	2	22	391	1605691	1606794	1.78e-105	355
Query_1	218158_AZSB01000446.1	48.168	382	180	5	12	388	31619	32725	1.62e-102	346
Query_1	2590775_CP041188.1	47.967	369	173	4	12	369	2475208	2474126	2.01e-100	340
Query_1	2697568_JAAAXQ010000086.1	48.813	379	183	3	22	389	13407	12271	1.81e-99	337
Query_1	1304876_AZVC01000002.1	46.703	364	185	4	12	369	159745	158663	3.40e-94	322
Query_1	1502752_FMWE01000003.1	46.429	364	186	4	12	369	239748	238666	3.81e-94	322
Query_1	1848604_PCPC01000013.1	46.814	361	189	3	12	369	21785	20703	1.25e-93	320
Query_1	1848603_PCPR01000013.1	46.814	361	189	3	12	369	21785	20703	1.25e-93	320
Query_1	1292042_AZVJ01000002.1	46.429	364	186	4	12	369	160473	159391	1.92e-93	320
Query_1	576784_LK022848.1	47.619	357	177	5	17	365	8000180	7999116	5.37e-85	296
Query_1	576784_LK022848.1	27.703	296	181	11	71	361	10571426	10570623	1.76e-04	58.9
Query_1	1912_CP018627.1	45.098	357	185	4	22	369	9687461	9686397	2.29e-84	294
Query_1	1912_CP018627.1	27.797	295	180	9	71	360	1485483	1486283	1.29e-06	65.5
Query_1	1912_CP018627.1	27.273	297	165	12	86	362	2822388	2823185	5.8	44.3
Query_1	1851167_CP022545.1	44.818	357	186	4	22	369	2008057	2009121	4.90e-84	293
Query_1	1851167_CP022545.1	28.197	305	197	10	73	365	104963	105847	8.21e-12	81.6
Query_1	1851167_CP022545.1	27.458	295	181	9	71	360	1508248	1509048	2.79e-06	64.3
Query_1	1851167_CP022545.1	27.273	297	165	12	86	362	9276686	9275889	4.6	44.7
Query_1	1300347_CP015079.1	45.380	368	196	3	17	383	2990367	2991458	8.32e-84	292
Query_1	47763_RDTE01000003.1	45.352	355	187	2	22	369	630743	631807	7.89e-83	289
Query_1	47763_RDTE01000003.1	33.571	140	77	7	106	241	2622178	2621795	5.4	44.3
Query_1	1883427_WLSM01000044.1	40.336	357	200	4	23	369	5178	6239	1.28e-81	286
Query_1	1883427_WLKI01000024.1	40.336	357	200	4	23	369	11532	12593	1.33e-81	286
Query_1	1883427_WLTH01000119.1	39.888	356	203	3	23	369	1140	79	2.85e-80	281
Query_1	1883427_WLTC01000085.1	39.572	374	214	4	8	369	2569	3690	2.10e-79	279
Query_1	1883427_WLJV01000127.1	40.541	370	204	6	13	369	1480	2580	2.39e-79	277
Query_1	1883427_WLSD01000020.1	39.572	374	214	4	8	369	9403	8282	2.48e-79	279
Query_1	1883427_WLMC01000018.1	39.572	374	214	4	8	369	19184	18063	2.50e-79	279
Query_1	1883427_WLKQ01000012.1	39.572	374	214	4	8	369	20855	19734	2.52e-79	279
Query_1	1883427_WLIZ01000066.1	39.572	374	214	4	8	369	752	1873	2.62e-79	279
Query_1	1883427_WLQY01000097.1	40.000	370	206	6	13	369	3271	4371	3.43e-78	276
Query_1	1295366_PXYL01000001.1	42.338	385	210	6	11	385	47141	45993	7.98e-78	275
Query_1	1295366_PXYL01000001.1	38.356	365	196	9	21	368	48310	47252	1.84e-54	207
Query_1	1883427_WLTM01000032.1	39.437	355	208	4	22	369	11402	12466	8.84e-78	275
Query_1	1883427_WLJE01000033.1	39.437	355	208	4	22	369	11402	12466	8.91e-78	275
Query_1	1883427_WLLR01000028.1	39.437	355	208	4	22	369	3764	2700	8.91e-78	275
Query_1	1883427_WLQG01000012.1	39.437	355	208	4	22	369	16217	15153	9.18e-78	275
Query_1	2021862_CP022529.1	40.160	376	202	6	6	367	2823460	2824560	6.55e-77	272
Query_1	2021862_CP022529.1	26.710	307	220	4	58	363	47484	48392	1.12e-13	87.4
Query_1	2021862_CP022529.1	26.899	316	167	14	84	364	2397360	2396500	3.10e-04	58.2
Query_1	1883427_WLLV01000043.1	39.314	379	208	5	8	369	2713	1592	1.53e-76	271
Query_1	1883427_WLHW01000031.1	39.314	379	208	5	8	369	6650	7771	1.56e-76	271
Query_1	1938801_PVEN01000012.1	41.176	374	209	6	25	388	21919	20801	4.81e-76	270
Query_1	1736500_LMIT01000015.1	41.604	399	200	9	15	392	84227	85387	8.33e-76	269
Query_1	1736600_LMIP01000001.1	41.604	399	200	9	15	392	302001	300841	8.33e-76	269
Query_1	479431_CP001737.1	42.132	394	203	7	13	392	5531800	5532948	1.04e-75	269
Query_1	479431_CP001737.1	40.223	358	198	6	24	367	722758	721691	1.40e-65	239
Query_1	1192868_CAIU01000013.1	42.276	369	199	7	12	369	190428	189331	2.72e-75	268
Query_1	1927124_MVHF01000009.1	41.160	362	200	3	21	372	109822	110898	2.82e-75	268
Query_1	420952_QLTK01000032.1	40.909	374	210	6	25	388	70488	71606	2.91e-75	268
Query_1	93369_QGGG01000007.1	42.005	369	200	7	12	369	11115	10018	5.85e-75	267
Query_1	60549_FSRM01000001.1	40.633	379	207	7	24	389	3648319	3649440	8.06e-75	266
Query_1	60549_FSRM01000001.1	26.239	343	214	7	49	366	3675106	3674120	1.13e-21	111
Query_1	60549_FSRM01000001.1	26.056	284	183	9	48	327	2139901	2140683	0.021	52.4
Query_1	280332_LLXZ01000102.1	39.733	375	213	6	1	365	156361	155246	1.50e-74	265
Query_1	2021369_QYPT01000042.1	41.040	346	195	3	24	367	17890	18906	2.76e-74	265
Query_1	2021369_QYPT01000042.1	36.490	359	212	9	20	367	13327	14388	3.00e-55	209
Query_1	1500897_JQNA01000002.1	40.642	374	211	6	25	388	153566	154684	3.37e-74	265
Query_1	1500897_JQNA01000002.1	25.806	310	220	5	77	382	5039417	5040328	3.33e-18	101
Query_1	1641860_LMUF01000042.1	41.779	371	199	7	25	382	96042	97142	5.17e-74	264
Query_1	60549_RDRU01000001.1	40.897	379	206	8	24	389	3470565	3469444	5.45e-74	264
Query_1	60549_RDRU01000001.1	27.063	303	198	6	73	366	3443226	3444092	1.31e-20	108
Query_1	2547393_SMRO01000001.1	40.811	370	208	5	23	382	515147	516253	6.92e-74	264
Query_1	2547393_SMRO01000001.1	28.859	298	201	7	72	366	560546	561415	1.70e-21	111
Query_1	2529384_SMMF01000958.1	39.276	359	202	5	23	367	159846	158776	8.28e-74	263
Query_1	1197460_CP049289.1	39.000	400	227	8	1	386	9950357	9949167	9.88e-74	263
Query_1	1197460_CP049289.1	26.122	245	155	8	139	369	488362	489060	6.48e-07	66.6
Query_1	1197460_CP049289.1	24.033	362	205	13	64	385	1921335	1920340	1.55e-06	65.5
Query_1	1197460_CP049289.1	31.461	89	60	1	82	169	4581562	4581296	1.5	46.2
Query_1	2126993_QBUY01000007.1	39.837	369	211	4	24	382	14375	13272	1.70e-73	263
Query_1	312253_LFLZ01000053.1	40.314	382	214	8	9	376	13233	12088	1.91e-73	262
Query_1	1922221_FREZ01000013.1	38.719	359	204	5	23	367	115765	114695	3.16e-73	262
Query_1	2590016_CP041191.1	40.056	357	202	6	23	367	4287590	4286520	3.90e-73	261
Query_1	2590016_CP041191.1	24.762	315	202	11	82	378	1501801	1502694	1.72e-05	62.0
Query_1	2590016_CP041191.1	25.163	306	181	12	86	364	3086047	3086901	2.06e-04	58.5
Query_1	1736415_LMST01000001.1	40.420	381	211	8	2	370	3803620	3802490	4.37e-73	261
Query_1	1736415_LMST01000001.1	27.074	229	146	6	84	300	1134716	1134057	0.13	49.7
Query_1	1462993_LXJZ01000214.1	40.761	368	207	6	25	382	12057	13157	4.78e-73	261
Query_1	1462993_LXKA01000373.1	40.761	368	207	6	25	382	12057	13157	4.78e-73	261
Query_1	2599925_WYDS01000015.1	37.838	407	225	8	3	392	121292	122479	8.19e-73	260
Query_1	1755647_VITY01000018.1	40.000	390	217	9	1	376	107945	106785	9.20e-73	260
Query_1	172088_AUGA01000014.1	39.467	375	214	6	1	365	47907	49022	1.05e-72	260
Query_1	1736420_LMCL01000032.1	40.164	366	209	4	12	369	34187	33096	1.63e-72	259
Query_1	1736420_LMCL01000032.1	34.540	359	211	6	25	368	35354	34305	2.21e-51	198
Query_1	293958_WUEY01000008.1	42.063	378	207	6	20	389	64207	65328	1.70e-72	259
Query_1	293958_WUEY01000008.1	37.815	357	203	8	26	369	63655	62603	4.71e-56	212
Query_1	1298863_AUEP01000012.1	40.500	400	215	9	5	392	20962	19796	1.79e-72	259
Query_1	1776730_JAAKZG010000003.1	40.782	358	201	3	22	369	340414	341484	2.13e-72	259
Query_1	1776730_JAAKZG010000003.1	36.164	365	204	8	21	368	339208	340266	6.11e-53	203
Query_1	60549_RJKH01000001.1	40.633	379	207	8	24	389	999513	1000634	2.26e-72	259
Query_1	60549_RJKH01000001.1	25.882	340	233	8	36	366	1023582	1022593	6.44e-21	109
Query_1	1245441_FNDI01000034.1	40.789	380	205	8	24	389	13500	14621	2.66e-72	259
Query_1	60549_SOBX01000001.1	40.633	379	207	8	24	389	902671	901550	2.87e-72	259
Query_1	60549_SOBX01000001.1	27.063	303	198	6	73	366	876679	877545	8.74e-21	108
Query_1	2135486_QRAQ01000001.1	39.164	383	222	6	15	387	1391042	1392187	3.25e-72	259
Query_1	2135486_QRAQ01000001.1	34.463	354	221	4	24	367	889858	888800	3.20e-50	195
Query_1	196367_JNFG01000020.1	40.106	379	209	6	24	389	169688	168567	4.54e-72	258
Query_1	1883427_WLLY01000017.1	41.040	346	195	3	24	367	3664	4680	5.46e-72	258
Query_1	1883427_WLLY01000017.1	45.098	51	26	1	317	367	16	162	0.89	47.0
Query_1	1883427_WLSG01000009.1	41.040	346	195	3	24	367	8540	7524	5.50e-72	258
Query_1	1883427_WLSG01000009.1	36.264	364	216	8	15	367	13118	12042	1.48e-55	211
Query_1	1883427_WLOS01000003.1	41.040	346	195	3	24	367	8402	7386	5.51e-72	258
Query_1	1883427_WLOS01000003.1	36.264	364	216	8	15	367	12980	11904	1.59e-55	210
Query_1	1883427_WLQB01000010.1	41.040	346	195	3	24	367	8403	7387	5.52e-72	258
Query_1	1883427_WLQB01000010.1	36.264	364	216	8	15	367	12981	11905	1.49e-55	211
Query_1	81569_CYPS01000007.1	38.162	359	206	5	23	367	1691	2761	5.52e-72	258
Query_1	1883427_WLKH01000012.1	41.040	346	195	3	24	367	9974	8958	5.55e-72	258
Query_1	1883427_WLKH01000012.1	36.264	364	216	8	15	367	14552	13476	1.50e-55	211
Query_1	1883427_WLHE01000008.1	41.040	346	195	3	24	367	11090	10074	5.57e-72	258
Query_1	1883427_WLHE01000008.1	36.264	364	216	8	15	367	15668	14592	1.61e-55	210
Query_1	1883427_WLTE01000011.1	41.040	346	195	3	24	367	8544	7528	5.57e-72	258
Query_1	1883427_WLTE01000011.1	36.264	364	216	8	15	367	13122	12046	1.61e-55	210
Query_1	1883427_WLIR01000002.1	41.040	346	195	3	24	367	4015	5031	5.69e-72	258
Query_1	1883427_WLIR01000002.1	42.105	171	94	4	199	367	10	513	2.00e-24	119
Query_1	1245441_MWML01000080.1	40.789	380	205	8	24	389	13224	14345	6.03e-72	258
Query_1	398524_KI912604.1	39.487	390	219	9	1	376	195196	196356	9.52e-72	257
Query_1	374606_CP028968.1	40.984	366	206	5	12	369	2259206	2260297	1.00e-71	257
Query_1	374606_CP028968.1	36.364	363	199	7	25	368	2258035	2259084	4.06e-53	204
Query_1	374606_CP028968.1	35.897	351	210	6	30	367	1022953	1023999	1.68e-47	187
Query_1	374606_CP026265.1	40.984	366	206	5	12	369	2259362	2260453	1.00e-71	257
Query_1	374606_CP026265.1	36.364	363	199	7	25	368	2258191	2259240	4.06e-53	204
Query_1	374606_CP026265.1	35.897	351	210	6	30	367	1022951	1023997	1.68e-47	187
Query_1	2606605_VTHE01000079.1	39.944	358	202	4	22	369	63849	62785	1.13e-71	257
Query_1	2606607_VTHC01000003.1	39.944	358	202	4	22	369	272753	273817	1.14e-71	257
Query_1	2606604_VTHF01000006.1	39.944	358	202	4	22	369	206730	205666	1.14e-71	257
Query_1	2606609_VTHA01000006.1	39.944	358	202	4	22	369	206730	205666	1.14e-71	257
Query_1	2606606_VTHD01000006.1	39.944	358	202	4	22	369	206730	205666	1.14e-71	257
Query_1	2606612_VTGX01000004.1	39.944	358	202	4	22	369	206730	205666	1.14e-71	257
Query_1	2560055_SPQT01000002.1	41.047	363	205	4	14	367	698673	699761	1.21e-71	257
Query_1	2560055_SPQT01000002.1	36.620	355	210	6	25	367	209846	210901	5.30e-55	209
Query_1	1404429_JAAOLF010000001.1	38.500	400	229	8	1	386	597681	596491	1.26e-71	257
Query_1	1404429_JAAOLF010000001.1	27.961	304	190	10	82	369	2266521	2265649	4.76e-15	91.7
Query_1	1404429_JAAOLF010000001.1	23.826	298	207	8	84	372	6877441	6876581	8.74e-04	56.6
Query_1	1404429_JAAOLF010000001.1	25.128	195	101	7	212	385	2726525	2726013	4.1	44.7
Query_1	2594946_VKHP01000053.1	39.250	400	226	9	1	386	12879	11689	2.01e-71	256
Query_1	1904441_PIVL01000307.1	39.548	354	202	5	26	367	4583	3522	2.20e-71	256
Query_1	2135488_RAPX01000008.1	40.548	365	208	5	14	369	1246959	1248053	2.37e-71	256
Query_1	2135488_RAPX01000008.1	24.828	290	185	10	83	361	860319	861122	0.003	54.7
Query_1	1850373_STGT01000002.1	39.944	358	203	5	22	369	293785	292718	2.76e-71	256
Query_1	2135685_QBKO01000012.1	41.969	386	199	10	22	392	18878	17751	2.81e-71	256
Query_1	2305991_UNRA01000002.1	38.936	357	202	5	25	367	313953	315017	2.85e-71	256
Query_1	1904807_MKFI01000012.1	38.974	390	221	9	1	376	28234	29394	2.94e-71	256
Query_1	418599_NSJY01000014.1	38.462	390	223	8	1	376	376108	374948	3.22e-71	256
Query_1	418599_NSJY01000014.1	35.674	356	212	6	25	367	767757	768812	1.26e-52	202
Query_1	1200284_FWFO01000001.1	39.071	366	205	7	18	367	469514	468423	3.23e-71	256
Query_1	1200284_FWFO01000001.1	36.286	350	201	9	36	372	1353323	1354345	5.99e-42	171
Query_1	1200284_FWFO01000001.1	31.707	287	172	7	73	353	837090	836284	1.86e-28	131
Query_1	83263_CP015005.1	40.659	364	204	5	15	369	2209916	2210998	3.38e-71	256
Query_1	83263_CP015005.1	35.635	362	201	9	26	368	2208741	2209787	1.82e-49	193
Query_1	2666139_WKFF01000021.1	40.896	357	199	5	22	369	26649	25588	3.73e-71	256
Query_1	2666139_WKFF01000021.1	35.556	360	204	8	26	368	27845	26799	3.76e-49	192
Query_1	1437360_FNTH01000001.1	38.718	390	222	8	1	376	8691561	8690401	4.10e-71	256
Query_1	1437360_FNTH01000001.1	35.694	353	212	5	25	365	132565	133614	2.93e-52	201
Query_1	1437360_FNTH01000001.1	25.341	367	246	8	15	362	3422910	3421837	4.00e-18	100
Query_1	1437360_FNTH01000001.1	26.471	306	169	12	42	296	7676196	7675294	0.26	48.5
Query_1	1869167_MAST01000034.1	42.298	383	199	8	23	392	247918	246797	4.13e-71	256
Query_1	1869167_MAST01000034.1	39.062	384	209	9	27	392	250666	249536	4.25e-55	209
Query_1	2683264_JAAALD010000001.1	40.056	357	204	5	22	369	12260	13327	4.55e-71	255
Query_1	2683264_JAAALD010000001.1	24.551	334	213	9	57	361	21775	22746	1.40e-04	59.3
Query_1	81569_CYPU01000019.1	38.440	359	205	5	23	367	37813	38883	4.84e-71	255
Query_1	81569_CYPU01000019.1	38.798	366	211	5	13	368	5970	7058	1.17e-60	225
Query_1	81569_CYPU01000019.1	27.698	278	185	6	14	283	11505	10696	4.05e-16	94.7
Query_1	163011_MOBN01000041.1	39.516	372	215	5	13	374	117425	118540	5.26e-71	255
Query_1	1654716_LGTB01000014.1	38.544	371	218	5	9	369	150480	149368	5.29e-71	255
Query_1	1842536_CP016499.1	39.665	358	204	5	22	369	3980760	3979693	5.68e-71	255
Query_1	1680160_LGHK01000043.1	39.744	390	218	9	1	376	112314	111154	6.46e-71	255
Query_1	2075558_PPSJ01000005.1	40.000	390	217	8	13	392	106224	107372	6.67e-71	255
Query_1	303_FMHQ01000002.1	40.000	390	217	8	13	392	441684	442832	6.68e-71	255
Query_1	1523429_LJIB01000002.1	39.835	364	208	6	22	375	399489	398401	6.87e-71	255
Query_1	2664893_CP045854.1	39.835	364	208	6	22	375	3115304	3116392	6.89e-71	255
Query_1	2009179_FYDJ01000007.1	39.516	372	215	5	13	374	257081	258196	7.00e-71	255
Query_1	1921145_MPVZ02000029.1	38.503	374	221	3	22	386	1509522	1508401	7.36e-71	255
Query_1	1921145_MPVZ02000029.1	26.518	313	168	12	86	364	1909485	1910339	7.52e-08	69.3
Query_1	1883427_PMSR01000343.1	41.873	363	193	7	22	369	1520	2599	8.57e-71	250
Query_1	1736593_LMHY01000004.1	39.247	372	216	5	13	374	156396	155281	9.58e-71	254
Query_1	1736585_LMHI01000004.1	39.247	372	216	5	13	374	156396	155281	9.58e-71	254
Query_1	2591461_VIDV02000036.1	39.487	390	219	9	1	376	104367	103207	9.94e-71	254
Query_1	2109731_PVZN01000001.1	39.785	372	214	6	13	374	99262	98147	1.08e-70	254
Query_1	1116369_KB890024.1	39.295	369	208	4	12	369	3744670	3743579	1.09e-70	254
Query_1	1116369_KB890024.1	36.467	351	208	6	30	367	4971476	4970430	7.92e-53	202
Query_1	1116369_KB890024.1	34.540	359	211	5	25	368	3745845	3744796	1.96e-52	201
Query_1	1116369_KB890024.1	24.722	360	187	13	54	367	3102950	3101985	0.016	52.4
Query_1	2009077_FYDY01000014.1	39.516	372	215	5	13	374	2915	1800	1.20e-70	254
Query_1	29448_LWUI01000032.1	39.744	390	218	9	1	376	971	2131	1.27e-70	254
Query_1	29448_LXEM01000027.1	39.744	390	218	9	1	376	107845	106685	1.27e-70	254
Query_1	1316927_ATKI01000034.1	39.247	372	216	5	13	374	73773	74888	1.29e-70	254
Query_1	2057741_CP025113.1	39.231	390	220	9	1	376	4361416	4360256	1.39e-70	254
Query_1	2057741_CP025113.1	35.127	353	218	4	25	367	5860657	5859602	1.70e-52	202
Query_1	2057741_CP025113.1	23.919	347	220	8	66	385	4608004	4608993	1.15e-06	65.9
Query_1	2057741_CP025113.1	23.311	296	215	5	82	372	1129996	1129130	0.008	53.5
Query_1	2057741_CP025113.1	27.542	236	124	9	105	296	3216710	3216012	6.1	44.3
Query_1	1736437_LMDR01000007.1	40.443	361	197	6	22	369	1033675	1034742	1.40e-70	254
Query_1	1736437_LMDR01000007.1	23.497	366	225	11	33	361	1043301	1044344	5.95e-05	60.5
Query_1	1736437_LMDR01000007.1	26.908	249	161	8	62	304	338073	337372	0.001	56.2
Query_1	1736507_LMJE01000007.1	40.443	361	197	6	22	369	1033538	1034605	1.40e-70	254
Query_1	1736507_LMJE01000007.1	23.497	366	225	11	33	361	1043164	1044207	5.95e-05	60.5
Query_1	1736507_LMJE01000007.1	26.908	249	161	8	62	304	338029	337328	0.001	56.2
Query_1	1399968_LRBG01000039.1	39.362	376	216	7	24	389	206477	207598	1.73e-70	254
Query_1	1573718_CP019398.1	39.516	372	215	5	13	374	2176013	2177128	2.14e-70	253
Query_1	1573718_CP019398.1	37.789	389	210	7	10	367	1875192	1876355	5.55e-65	238
Query_1	1573718_CP019398.1	27.811	338	213	11	55	378	1435057	1436019	8.04e-10	75.5
Query_1	280333_LFIQ01000117.1	39.487	390	219	9	1	376	29527	30687	2.19e-70	253
Query_1	294_CABVJD010000010.1	39.247	372	216	5	13	374	128312	129427	2.26e-70	253
Query_1	1566285_FOTP01000004.1	38.522	379	223	4	15	384	337712	336579	2.79e-70	253
Query_1	2009073_FYEB01000006.1	39.142	373	215	5	13	374	27450	26335	2.87e-70	253
Query_1	196367_MTHB01000073.1	39.785	372	207	7	24	382	2327	3430	2.95e-70	253
Query_1	142585_NWTG01000031.1	38.462	390	223	8	1	376	28396	29556	3.04e-70	253
Query_1	114615_CU234118.1	40.720	361	205	4	14	365	6779823	6778741	3.14e-70	253
Query_1	114615_CU234118.1	33.795	361	218	6	23	369	4281604	4280543	9.32e-53	202
Query_1	114615_CU234118.1	24.351	308	201	10	83	382	5717761	5718612	2.52e-07	67.8
Query_1	114615_CU234118.1	24.118	340	203	13	52	370	346878	345961	1.17e-06	65.9
Query_1	114615_CU234118.1	23.292	322	204	11	62	361	6415721	6414819	4.82e-06	63.9
Query_1	280333_WQNF01000016.1	39.487	390	219	9	1	376	165721	164561	3.34e-70	253
Query_1	630921_LFIP02000001.1	38.718	390	222	8	1	376	1064532	1065692	3.59e-70	253
Query_1	630921_LFIP02000001.1	35.411	353	213	5	25	365	592610	591561	6.85e-52	200
Query_1	1380391_JIAS01000012.1	39.691	388	223	6	13	389	20749	19586	3.94e-70	253
Query_1	1909294_UCGU01000046.1	39.665	358	204	5	22	369	12026	13093	4.17e-70	253
Query_1	2135488_RAPX01000013.1	37.696	382	229	4	15	387	123400	124545	4.21e-70	253
Query_1	1909294_UBXF01000006.1	39.665	358	204	5	22	369	166218	167285	4.21e-70	253
Query_1	1909294_UBUV01000023.1	39.665	358	204	5	22	369	166297	167364	4.21e-70	253
Query_1	1898112_SSEL01000022.1	39.837	369	208	6	13	369	95795	94695	4.61e-70	253
Query_1	1841653_LXKN01000032.1	37.968	374	223	3	22	386	468485	469606	4.64e-70	253
Query_1	1841653_LXKN01000032.1	26.557	305	158	13	86	354	65576	64752	1.80e-06	65.1
Query_1	1128203_AJPV01000014.1	39.487	390	219	9	1	376	3582	4742	4.68e-70	252
Query_1	1909294_UCIF01000019.1	39.560	364	196	6	22	369	62838	63905	4.99e-70	253
Query_1	1909294_UBNV01000010.1	39.560	364	196	6	22	369	285725	284658	5.01e-70	253
Query_1	86265_CP022202.1	38.718	390	222	6	13	392	1853953	1852805	5.47e-70	252
Query_1	86265_CP022202.1	33.516	364	230	5	13	365	1544793	1543705	1.09e-48	191
Query_1	86265_CP022202.1	26.480	321	207	9	55	362	2960414	2959500	4.45e-09	73.2
Query_1	86265_CP022201.1	38.718	390	222	6	13	392	1893650	1892502	5.47e-70	252
Query_1	86265_CP022201.1	33.516	364	230	5	13	365	1587841	1586753	1.09e-48	191
Query_1	86265_CP022201.1	26.480	321	207	9	55	362	2996059	2995145	4.45e-09	73.2
Query_1	134537_MCAS01000042.1	40.369	379	208	7	24	389	11684	10563	5.82e-70	252
Query_1	376_DMTZ01000008.1	39.231	390	220	9	1	376	986	2146	5.84e-70	252
Query_1	376_DMUA01000125.1	39.231	390	220	9	1	376	184889	183729	5.94e-70	252
Query_1	376_DMTX01000056.1	39.231	390	220	9	1	376	294737	293577	5.95e-70	252
Query_1	2133945_PYFV01000006.1	39.231	390	220	9	1	376	391982	390822	5.95e-70	252
Query_1	294_CABVIU010000018.1	39.247	372	216	5	13	374	94993	93878	7.82e-70	252
Query_1	1853130_CP014870.1	39.247	372	216	5	13	374	2087844	2088959	7.88e-70	252
Query_1	1853130_CP014870.1	34.171	398	230	6	1	367	4687410	4686220	4.03e-59	221
Query_1	1853130_CP014870.1	28.956	297	176	11	82	362	5154402	5153569	9.34e-11	78.6
Query_1	294_CABVIL010000009.1	39.247	372	216	5	13	374	113076	114191	7.92e-70	252
Query_1	1419258_SMYJ01000034.1	39.487	390	219	9	1	376	27260	28420	8.35e-70	252
Query_1	1419258_SMYJ01000025.1	39.487	390	219	9	1	376	243836	242676	8.40e-70	252
Query_1	29448_SZZP01000001.1	39.487	390	219	9	1	376	49271	50431	8.41e-70	252
Query_1	746360_CM001025.1	38.718	390	222	6	13	392	2172229	2173377	9.19e-70	252
Query_1	746360_CM001025.1	34.140	372	223	6	13	368	2181285	2182382	2.15e-50	196
Query_1	746360_CM001025.1	26.712	292	186	9	82	362	1496841	1497665	1.55e-08	71.6
Query_1	566679_CAFI01000214.1	40.443	361	206	4	14	365	18343	19425	1.13e-69	251
Query_1	1783512_MPVQ01000079.1	38.718	390	222	8	1	376	439151	437991	1.26e-69	251
Query_1	1311337_MPAK01000001.1	38.978	372	217	5	13	374	4855281	4856396	1.30e-69	251
Query_1	1311337_MPAK01000001.1	29.195	298	174	10	82	362	1726597	1725764	9.28e-13	84.7
Query_1	1566379_MDEP01000042.1	38.718	390	222	9	1	376	88975	90135	1.37e-69	251
Query_1	29448_JXOF01000184.1	38.718	390	222	9	1	376	409924	408764	1.37e-69	251
Query_1	1297865_APJD01000005.1	38.718	390	222	9	1	376	597997	596837	1.37e-69	251
Query_1	2496732_RZRK01001000.1	40.336	357	202	5	22	369	1450	386	1.44e-69	243
Query_1	2496732_RZRK01001000.1	34.821	112	64	2	257	368	1919	1611	4.85e-06	63.2
Query_1	1163398_JHTS01000039.1	39.247	372	216	5	13	374	300781	299666	1.47e-69	251
Query_1	1909294_UBLM01000017.1	42.033	364	201	6	15	369	90857	89769	1.47e-69	251
Query_1	2294115_RJJQ01000002.1	40.771	363	197	6	22	369	145160	144081	1.52e-69	251
Query_1	29448_MOXO01000015.1	39.231	390	220	9	1	376	1214	2374	1.55e-69	251
Query_1	2024614_NPKQ01000003.1	38.187	364	217	4	14	369	459630	458539	1.57e-69	251
Query_1	29448_BJNL01000025.1	39.487	390	219	9	1	376	101396	100236	1.61e-69	251
Query_1	29448_SEMA01000032.1	39.487	390	219	9	1	376	1020749	1019589	1.62e-69	251
Query_1	398525_KB900701.1	39.487	390	219	9	1	376	4745117	4743957	1.62e-69	251
Query_1	398525_KB900701.1	34.930	355	216	5	25	367	5231818	5232873	1.85e-51	199
Query_1	398525_KB900701.1	26.263	297	205	7	82	372	1356381	1355515	2.73e-05	61.2
Query_1	2589807_VFYP01000003.1	39.889	361	199	6	22	369	163077	164144	1.76e-69	251
Query_1	943830_LVYV01000034.1	39.119	386	218	6	15	387	334954	333809	1.81e-69	251
Query_1	280333_LJYE01000026.1	39.314	379	217	7	1	369	104937	103810	2.00e-69	251
Query_1	1304877_KI519400.1	37.922	385	225	6	11	381	526746	527900	2.08e-69	251
Query_1	420953_FOQU01000001.1	40.385	364	203	7	23	373	175027	173939	2.18e-69	251
Query_1	420953_FOQU01000001.1	28.247	308	189	9	54	360	1231595	1230765	1.29e-10	78.2
Query_1	316_CP018046.1	38.710	372	218	5	13	374	395109	396224	2.20e-69	251
Query_1	316_CP018046.1	26.780	295	185	10	82	362	5335029	5335862	2.78e-07	67.8
Query_1	316_CP018050.1	38.710	372	218	5	13	374	3812881	3811766	2.20e-69	251
Query_1	316_CP018050.1	26.780	295	185	10	82	362	5097443	5096610	2.78e-07	67.8
Query_1	294_CABVJH010000014.1	38.606	373	217	5	13	374	63946	65061	2.20e-69	251
Query_1	77298_NIWT01000002.1	38.606	373	217	5	13	374	785768	786883	2.35e-69	251
Query_1	77298_FNTC01000002.1	38.606	373	217	5	13	374	2944835	2945950	2.35e-69	251
Query_1	77298_FNTC01000002.1	27.966	354	213	13	41	378	2077686	2078669	8.87e-10	75.5
Query_1	86265_LHVE01000009.1	38.462	390	223	6	13	392	81771	82919	2.42e-69	250
Query_1	86265_LHVE01000009.1	33.880	366	226	6	13	365	402159	403247	1.23e-48	191
Query_1	86265_LRSO01000023.1	38.462	390	223	6	13	392	224211	225359	2.42e-69	250
Query_1	86265_LRSO01000023.1	33.880	366	226	6	13	365	544164	545252	1.23e-48	191
Query_1	1404411_JAAOLE010000001.1	38.000	400	231	8	1	386	980243	979053	3.49e-69	250
Query_1	1404411_JAAOLE010000001.1	26.685	356	225	12	36	369	1531243	1532268	5.25e-16	94.7
Query_1	1404411_JAAOLE010000001.1	24.796	367	196	13	64	385	3077386	3076391	1.91e-08	71.2
Query_1	1855306_FNWZ01000001.1	38.120	383	226	6	15	387	212828	213973	4.14e-69	250
Query_1	1755647_LNCU01000036.1	37.000	400	235	8	1	386	171109	169919	5.89e-69	249
Query_1	1040981_JAFG01000010.1	40.669	359	202	5	20	369	107940	109010	6.10e-69	249
Query_1	1040981_JAFG01000010.1	39.782	367	188	12	21	368	106727	107785	1.05e-53	205
Query_1	1156935_ALJF01000003.1	39.106	358	206	5	22	369	2617	3684	6.12e-69	249
Query_1	398_PVYZ01000002.1	39.024	369	215	6	11	369	118033	119139	6.68e-69	249
Query_1	1287252_AYWO01000025.1	40.217	368	206	6	12	369	24182	23091	7.28e-69	249
Query_1	1287252_AYWO01000025.1	38.965	367	191	11	21	368	25503	24445	1.80e-52	202
Query_1	2496742_RZRU01000006.1	40.331	362	198	5	20	369	120324	119257	7.47e-69	249
Query_1	2496742_RZRU01000006.1	39.726	365	191	11	21	368	121536	120478	2.71e-54	207
Query_1	2135487_QENW01000014.1	36.649	382	233	3	15	387	126349	127494	9.13e-69	249
Query_1	1566285_FOTP01000001.1	37.912	364	218	4	14	369	296989	295898	9.36e-69	249
Query_1	1566285_FOTP01000001.1	25.312	320	199	13	54	361	63130	62255	1.92e-04	58.5
Query_1	2496695_RZPZ01000701.1	40.336	357	202	5	22	369	420	1484	9.84e-69	243
Query_1	2496695_RZPZ01000701.1	33.684	95	54	2	274	368	2	259	0.088	49.7
Query_1	2135486_QRAQ01000008.1	37.912	364	218	4	14	369	32287	33378	9.96e-69	249
Query_1	2589912_VFUD01000002.1	39.946	368	207	6	12	369	337114	338205	1.11e-68	248
Query_1	2589912_VFUD01000002.1	37.270	381	200	10	7	368	335903	336985	2.22e-53	204
Query_1	2183898_RAQG01000003.1	39.496	357	206	5	22	369	370622	369555	1.26e-68	248
Query_1	2183898_RAQG01000003.1	25.478	314	195	8	53	352	1081607	1082473	3.78e-05	60.8
Query_1	86192_CP027746.1	38.978	372	217	5	13	374	4417363	4416248	1.30e-68	248
Query_1	86192_CP027746.1	27.083	336	207	11	46	364	1494097	1495041	2.51e-08	70.9
Query_1	86192_CP050510.1	38.978	372	217	5	13	374	4417413	4416298	1.30e-68	248
Query_1	86192_CP050510.1	27.083	336	207	11	46	364	1494109	1495053	2.51e-08	70.9
Query_1	587753_LT629747.1	38.978	372	217	5	13	374	2665790	2666905	1.30e-68	248
Query_1	587753_LT629747.1	27.083	336	207	11	46	364	5589057	5588113	2.51e-08	70.9
Query_1	1909294_UCMW01000007.1	39.889	361	199	7	22	369	540027	541094	1.81e-68	248
Query_1	83263_SLZO01000002.1	39.394	363	210	3	15	369	305314	306396	1.85e-68	248
Query_1	83263_SLZO01000002.1	35.262	363	203	7	25	368	304135	305184	2.29e-50	196
Query_1	83263_UFSM01000001.1	39.394	363	210	3	15	369	1951660	1952742	1.85e-68	248
Query_1	83263_UFSM01000001.1	37.143	350	207	4	30	367	832066	833112	6.80e-56	211
Query_1	83263_UFSM01000001.1	35.262	363	203	7	25	368	1950481	1951530	2.30e-50	196
Query_1	1736589_LMHO01000004.1	41.033	368	203	7	12	369	115792	114701	1.93e-68	248
Query_1	1736589_LMHO01000004.1	38.845	381	194	12	7	368	117004	115922	1.75e-54	207
Query_1	2608333_VWWI01000037.1	39.945	363	204	7	24	373	15938	14853	2.00e-68	248
Query_1	2608328_VWWD01000002.1	39.945	363	204	7	24	373	15917	14832	2.03e-68	248
Query_1	2608338_VWWN01000002.1	39.945	363	204	7	24	373	15936	14851	2.03e-68	248
Query_1	219649_QLSU01000006.1	39.607	356	204	6	24	369	125931	126995	2.03e-68	248
Query_1	1287085_AYXE01000006.1	39.837	369	208	7	12	370	510536	509442	2.03e-68	248
Query_1	1287085_AYXE01000006.1	38.904	365	194	9	21	368	511723	510665	8.15e-55	208
Query_1	2608335_VWWK01000004.1	39.945	363	204	7	24	373	81991	80906	2.04e-68	248
Query_1	148446_JJMR01000002.1	39.945	363	204	7	24	373	81012	82097	2.05e-68	248
Query_1	1380391_JIAS01000018.1	40.496	363	203	8	22	377	309477	310547	2.17e-68	248
Query_1	2589951_VFVQ01000004.1	39.722	360	204	5	20	369	90304	89234	2.30e-68	248
Query_1	2589951_VFVQ01000004.1	37.795	381	198	10	7	368	91535	90453	5.94e-54	206
Query_1	1736422_LMCP01000003.1	40.761	368	204	7	12	369	119707	118616	2.43e-68	248
Query_1	1736422_LMCP01000003.1	39.108	381	193	12	7	368	120919	119837	3.50e-55	209
Query_1	1986026_QJRY01000014.1	39.106	358	206	5	22	369	26073	25006	2.45e-68	248
Query_1	28095_WITE01000002.1	39.945	363	204	7	24	373	876611	875526	2.66e-68	248
Query_1	2496678_RZPI01000720.1	39.944	358	202	5	22	369	1156	2220	2.80e-68	244
Query_1	2496678_RZPI01000720.1	37.152	323	177	7	61	368	60	995	2.11e-45	180
Query_1	443598_AUFA01000044.1	40.220	363	208	4	14	367	10066	8978	2.82e-68	247
Query_1	219649_QEOB01000010.1	39.607	356	204	6	24	369	320063	318999	2.87e-68	247
Query_1	1208188_FZQR01000003.1	39.402	368	209	6	12	369	168647	167556	2.90e-68	247
Query_1	1208188_FZQR01000003.1	37.533	381	199	10	7	368	169859	168777	1.91e-55	210
Query_1	1855307_FZOX01000003.1	37.435	382	230	5	15	387	352333	353478	2.93e-68	247
Query_1	2589953_VFVS01000003.1	39.722	360	204	5	20	369	284097	283027	3.10e-68	247
Query_1	2589953_VFVS01000003.1	37.533	381	199	10	7	368	285329	284247	4.21e-54	206
Query_1	2608327_VWWC01000001.1	39.945	363	204	7	24	373	114585	115670	3.12e-68	247
Query_1	1380351_JIAO01000014.1	39.837	369	208	7	12	370	417183	418277	3.22e-68	247
Query_1	1380351_JIAO01000014.1	38.904	365	194	9	21	368	415996	417054	1.78e-55	210
Query_1	280871_LIPZ01000042.1	39.698	398	217	8	7	392	41240	40080	3.60e-68	247
Query_1	1358417_AUTA01000153.1	41.160	362	199	7	22	374	78855	77785	3.82e-68	247
Query_1	2082387_CP029562.1	39.776	357	199	5	23	369	3927346	3928398	3.87e-68	247
Query_1	2082387_CP029562.1	35.958	381	224	11	1	368	5777882	5779003	4.95e-57	215
Query_1	2082387_CP029562.1	36.074	377	210	8	7	368	3926049	3927131	1.06e-52	202
Query_1	2082387_CP029562.1	35.657	373	225	7	23	386	5787784	5788884	5.49e-51	197
Query_1	2082387_CP029562.1	33.186	226	141	3	77	300	5402757	5402104	6.42e-25	104
Query_1	2082387_CP029562.1	39.535	43	26	0	326	368	5402029	5401901	6.42e-25	43.9
Query_1	2082387_CP029562.1	23.913	322	192	12	71	367	4759264	4760145	0.14	49.7
Query_1	39691_QQBJ01000029.1	40.217	368	207	6	15	369	41694	40591	3.90e-68	247
Query_1	417745_WUMK01000003.1	40.934	364	205	6	15	369	100873	101961	3.94e-68	247
Query_1	1737983_LYXZ01000006.1	40.730	356	202	6	23	369	119751	118684	4.50e-68	247
Query_1	1737983_LYXZ01000006.1	26.159	302	164	11	86	354	137491	136664	6.07e-08	69.7
Query_1	294_JYHW01000044.1	38.071	394	219	7	13	392	141052	142200	4.76e-68	247
Query_1	1040987_AZUY01000027.1	39.946	368	207	6	12	369	16141	15050	4.86e-68	247
Query_1	1040987_AZUY01000027.1	38.544	371	195	9	17	368	17340	16270	3.54e-56	213
Query_1	2589937_VFVC01000003.1	40.000	360	203	5	20	369	118516	117446	5.00e-68	247
Query_1	2589937_VFVC01000003.1	37.203	379	203	9	7	368	119750	118668	1.39e-54	208
Query_1	1909294_UBUN01000011.1	41.160	362	199	7	22	374	64491	63421	5.10e-68	247
Query_1	2589925_VFUQ01000001.1	39.722	360	204	5	20	369	337113	338183	5.15e-68	246
Query_1	2589925_VFUQ01000001.1	38.058	381	197	10	7	368	335881	336963	7.06e-55	209
Query_1	2589917_VFUI01000003.1	39.722	360	204	5	20	369	145160	144090	5.15e-68	246
Query_1	2589917_VFUI01000003.1	38.058	381	197	10	7	368	146392	145310	7.06e-55	209
Query_1	2589926_VFUR01000008.1	39.946	368	207	6	12	369	185820	184729	5.20e-68	246
Query_1	2589926_VFUR01000008.1	37.795	381	198	10	7	368	187031	185949	4.63e-54	206
Query_1	551936_CAFJ01000604.1	39.335	361	210	4	14	365	3044	4126	5.41e-68	246
Query_1	2698410_VNKR01000034.1	38.220	382	215	6	20	389	276883	278001	5.50e-68	246
Query_1	1510458_LOAS01000008.1	38.220	382	215	6	20	389	277569	278687	5.50e-68	246
Query_1	2578109_VCCH02000019.1	40.054	372	215	5	18	381	26165	25050	5.64e-68	246
Query_1	2589935_VFVA01000001.1	40.000	360	203	5	20	369	154098	153028	6.01e-68	246
Query_1	2589935_VFVA01000001.1	37.808	365	199	8	21	368	155311	154250	1.11e-54	208
Query_1	1761896_FOCU01000007.1	37.755	392	223	7	13	392	404476	405624	6.43e-68	246
Query_1	278153_CP021070.1	40.449	356	201	5	23	369	2112185	2113246	6.44e-68	246
Query_1	278153_CP021070.1	38.320	381	196	11	7	368	2110939	2112021	2.00e-54	207
Query_1	1883427_SXKZ01000207.1	38.363	391	220	7	13	389	1115	2266	6.66e-68	242
Query_1	1283287_KB822579.1	43.370	362	189	6	22	369	309134	310213	7.14e-68	246
Query_1	1907413_FTMQ01000002.1	38.904	365	210	6	22	375	313619	312531	7.29e-68	246
Query_1	1834109_LZTB01000117.1	38.950	362	208	4	21	372	26093	27169	7.65e-68	246
Query_1	2496707_RZQL01000004.1	40.000	360	203	5	20	369	32769	31699	7.71e-68	246
Query_1	2496707_RZQL01000004.1	39.633	381	191	13	7	368	34003	32921	6.47e-56	212
Query_1	1884373_FPBI01000006.1	40.336	357	204	3	22	369	63045	64115	8.16e-68	246
Query_1	1884373_FPBI01000006.1	35.890	365	205	9	21	368	61837	62895	1.74e-52	202
Query_1	1404367_CP029427.1	40.220	363	208	4	14	367	3087621	3088709	9.01e-68	246
Query_1	1404367_CP029427.1	36.901	355	209	6	25	367	2599319	2600374	1.28e-54	208
Query_1	1404367_CP029427.1	26.110	383	241	12	7	361	107412	108518	4.87e-20	106
Query_1	294_CABVID010000010.1	38.441	372	219	5	13	374	177300	178415	9.06e-68	246
Query_1	1122599_AUGR01000015.1	37.179	390	228	5	13	392	47672	48820	9.86e-68	246
Query_1	1909294_UBTV01000008.1	41.737	357	198	6	22	369	41474	40407	1.02e-67	246
Query_1	1404367_CP041090.1	40.220	363	208	4	14	367	2358374	2359462	1.02e-67	246
Query_1	1404367_CP041090.1	37.465	355	207	6	25	367	1879278	1880333	2.06e-56	213
Query_1	1404367_CP041090.1	26.110	383	241	12	7	361	6397328	6398434	3.63e-20	107
Query_1	1497615_LSEF01000085.1	39.945	363	209	4	14	367	84564	85652	1.03e-67	246
Query_1	2589890_VFTH01000004.1	40.327	367	201	7	15	369	286431	285349	1.09e-67	246
Query_1	2589890_VFTH01000004.1	36.712	365	202	9	21	368	287615	286557	1.87e-50	196
Query_1	1262454_KB644337.1	37.852	391	224	6	13	392	306074	304926	1.13e-67	246
Query_1	1262454_KB644337.1	30.225	311	184	9	72	369	323719	324591	1.50e-25	123
Query_1	2563960_SRTH01000001.1	40.489	368	205	6	12	369	568260	569351	1.18e-67	246
Query_1	2563960_SRTH01000001.1	38.320	381	196	10	7	368	567048	568130	5.09e-57	215
Query_1	71433_FPKQ01000027.1	39.496	357	200	5	23	369	68629	69681	1.19e-67	246
Query_1	71433_FPKQ01000027.1	34.513	226	131	4	151	368	67764	68414	1.63e-42	123
Query_1	71433_FPKQ01000027.1	39.041	146	75	3	7	145	67333	67749	1.63e-42	83.6
Query_1	2589887_VFTE01000005.1	39.295	369	210	7	12	370	148034	149128	1.22e-67	246
Query_1	2589887_VFTE01000005.1	37.466	363	202	7	21	368	146846	147904	1.48e-54	207
Query_1	2589885_VFTC01000003.1	39.295	369	210	7	12	370	86318	85224	1.22e-67	246
Query_1	2589885_VFTC01000003.1	37.466	363	202	7	21	368	87506	86448	1.49e-54	207
Query_1	2589943_VFVI01000001.1	40.327	367	201	7	15	369	222285	223367	1.22e-67	246
Query_1	2589943_VFVI01000001.1	36.712	365	202	9	21	368	221101	222159	1.07e-50	196
Query_1	2589943_VFVI01000001.1	26.449	276	158	12	50	302	963616	964377	0.005	54.3
Query_1	1380350_JIAP01000017.1	39.722	360	204	6	20	369	82133	81063	1.23e-67	246
Query_1	1380350_JIAP01000017.1	39.370	381	192	11	7	368	83365	82283	1.35e-57	216
Query_1	2496743_RZRV01000026.1	39.944	358	202	5	22	369	29246	30310	1.33e-67	245
Query_1	2496743_RZRV01000026.1	39.510	367	189	11	21	368	28028	29086	3.48e-54	207
Query_1	1128256_AJQA01000117.1	39.945	363	209	4	14	367	4218	5306	1.35e-67	245
Query_1	1085775_SMYY01000011.1	40.056	357	201	6	23	369	190513	191574	1.39e-67	245
Query_1	1085775_SMYY01000011.1	38.965	367	191	11	21	368	189293	190351	3.10e-54	207
Query_1	1085774_SMYZ01000021.1	40.056	357	201	6	23	369	306066	307127	1.40e-67	245
Query_1	1085774_SMYZ01000021.1	38.965	367	191	11	21	368	304846	305904	3.10e-54	207
Query_1	1404367_CP050065.1	40.220	363	208	4	14	367	2639563	2640651	1.45e-67	245
Query_1	1404367_CP050065.1	36.901	355	209	6	25	367	2157811	2158866	2.94e-54	207
Query_1	2496703_RZQH01000406.1	40.449	356	201	5	23	369	431	1492	1.46e-67	245
Query_1	2496703_RZQH01000406.1	33.673	98	56	2	271	368	1	267	0.081	50.1
Query_1	1287281_AYWC01000001.1	39.566	369	209	7	12	370	280580	279486	1.48e-67	245
Query_1	1287281_AYWC01000001.1	38.904	365	194	10	21	368	281767	280709	3.52e-54	207
Query_1	1085031_CAFF01001419.1	37.596	391	225	6	13	392	15370	14222	1.55e-67	245
Query_1	1050347_AZOC01000007.1	37.596	391	225	6	13	392	337505	336357	1.58e-67	245
Query_1	930166_MOBF01000032.1	37.596	391	225	6	13	392	473050	474198	1.58e-67	245
Query_1	294_QQAQ01000002.1	37.596	391	225	6	13	392	779635	778487	1.58e-67	245
Query_1	294_QQAQ01000002.1	34.699	366	223	6	13	365	165383	164295	1.08e-50	196
Query_1	930166_LHVD01000008.1	37.596	391	225	6	13	392	440139	441287	1.58e-67	245
Query_1	930166_MOBH01000004.1	37.596	391	225	6	13	392	785939	784791	1.59e-67	245
Query_1	930166_MOBH01000004.1	34.699	366	223	6	13	365	165898	164810	1.08e-50	196
Query_1	930166_MOBG01000003.1	37.596	391	225	6	13	392	594776	595924	1.59e-67	245
Query_1	930166_MOBG01000003.1	34.699	366	223	6	13	365	1214844	1215932	1.08e-50	196
Query_1	1283285_KI911372.1	37.596	391	225	6	13	392	604082	602934	1.59e-67	245
Query_1	994484_CP002585.1	37.596	391	225	6	13	392	2622630	2623778	1.59e-67	245
Query_1	994484_CP002585.1	34.699	366	223	6	13	365	3259988	3261076	1.08e-50	196
Query_1	994484_CP002585.1	25.857	321	209	9	55	362	1586379	1587293	8.81e-09	72.4
Query_1	930166_CP012680.1	37.596	391	225	6	13	392	2883071	2884219	1.59e-67	245
Query_1	930166_CP012680.1	34.699	366	223	6	13	365	3503820	3504908	1.08e-50	196
Query_1	930166_CP012680.1	26.168	321	208	9	55	362	1836076	1836990	7.39e-08	69.3
Query_1	1449048_JQKU01000007.1	39.447	398	218	8	7	392	19019	20179	1.60e-67	245
Query_1	1909294_UBRM01000027.1	39.837	369	208	7	12	370	106304	107398	1.67e-67	245
Query_1	1909294_UBRM01000027.1	37.260	365	200	9	21	368	105116	106174	1.24e-50	196
Query_1	211460_LBIA02000001.1	36.709	395	236	6	1	381	3157728	3156544	1.78e-67	245
Query_1	211460_LBIA02000001.1	36.571	350	207	6	30	367	759193	760233	6.05e-57	214
Query_1	211460_LBIA02000001.1	25.915	328	211	7	73	389	2369004	2369924	2.55e-17	98.6
Query_1	2563968_SRUS01000002.1	39.946	368	207	6	12	369	564127	565218	1.88e-67	245
Query_1	2563968_SRUS01000002.1	38.583	381	195	11	7	368	562915	563997	3.61e-57	215
Query_1	1128255_AJPZ01000270.1	39.669	363	210	4	14	367	7831	8919	2.03e-67	245
Query_1	1909294_UBJZ01000048.1	39.889	361	199	5	22	369	19634	18567	2.04e-67	245
Query_1	1209954_QMBP01000002.1	40.270	370	202	7	12	369	210371	209283	2.22e-67	245
Query_1	1209954_QMBP01000002.1	36.612	366	201	9	21	368	211551	210493	5.28e-51	197
Query_1	1909294_UCIP01000002.1	39.566	369	209	7	12	370	226947	228041	2.26e-67	245
Query_1	1909294_UCIP01000002.1	36.885	366	200	8	21	368	225759	226817	2.35e-52	201
Query_1	1287280_AYWD01000003.1	40.108	369	207	7	12	370	889917	888823	2.30e-67	245
Query_1	1287280_AYWD01000003.1	38.904	365	194	9	21	368	891105	890047	1.69e-54	207
Query_1	1287280_AYWD01000003.1	25.200	250	154	10	67	301	142108	141413	3.1	45.1
Query_1	2589899_VFTQ01000008.1	39.892	371	204	7	11	369	54951	53860	2.41e-67	244
Query_1	2589899_VFTQ01000008.1	36.612	366	201	9	21	368	56133	55075	3.86e-50	195
Query_1	1909294_UBNY01000020.1	41.209	364	204	6	15	369	43463	42375	2.41e-67	244
Query_1	1287105_AYWZ01000001.1	39.295	369	210	7	12	370	358342	359436	2.42e-67	244
Query_1	1287105_AYWZ01000001.1	37.466	363	202	7	21	368	357154	358212	6.48e-53	203
Query_1	1287105_AYWZ01000001.1	25.600	250	153	10	67	301	1233796	1234491	0.68	47.4
Query_1	2135476_QRAR01000008.1	39.782	367	209	6	12	369	167614	166523	2.46e-67	244
Query_1	2135476_QRAR01000008.1	37.330	367	197	10	21	368	168801	167743	7.41e-53	203
Query_1	1079467_AXAG01000018.1	39.945	363	209	4	14	367	239752	238664	2.50e-67	244
Query_1	375_JRPN01000021.1	39.945	363	209	4	14	367	67190	66102	2.51e-67	244
Query_1	1909294_UCFN01000007.1	40.934	364	204	7	22	375	50042	48954	2.53e-67	244
Query_1	475069_JAAKZF010000004.1	38.827	358	208	3	20	369	101409	102473	2.55e-67	244
Query_1	475069_JAAKZF010000004.1	25.778	225	140	6	84	300	29035	28418	1.2	46.6
Query_1	1404864_CP041656.1	39.669	363	210	4	14	367	6314369	6315457	2.66e-67	244
Query_1	1404864_CP041656.1	36.620	355	210	5	25	367	5800339	5801394	4.83e-55	209
Query_1	1404864_CP041656.1	26.453	344	231	10	36	369	2147183	2146188	3.40e-20	107
Query_1	1404864_CP041656.1	27.193	228	145	7	82	300	2898065	2898712	0.006	53.9
Query_1	1267424_PZJU01000020.1	38.172	372	216	7	11	369	13486	14598	2.70e-67	244
Query_1	1287285_AYWB01000001.1	39.566	369	209	7	12	370	608609	607515	2.82e-67	244
Query_1	1287285_AYWB01000001.1	38.630	365	195	9	21	368	609796	608738	3.35e-54	207
Query_1	2502215_SCNN01000016.1	38.936	357	205	5	23	369	23193	22132	2.83e-67	244
Query_1	2502215_SCNN01000016.1	38.147	367	194	11	21	368	24411	23353	3.46e-52	201
Query_1	1619233_JYMU01000059.1	37.731	379	223	6	1	369	43498	42371	2.86e-67	244
Query_1	1040984_AZUV01000005.1	40.336	357	202	5	22	369	373461	374525	2.87e-67	244
Query_1	1040984_AZUV01000005.1	38.058	381	197	11	7	368	372219	373301	5.35e-54	206
Query_1	1909294_UBXP01000033.1	40.659	364	205	6	22	375	50037	48949	2.91e-67	244
Query_1	1909294_UBJQ01000014.1	40.659	364	205	6	22	375	25329	26417	2.92e-67	244
Query_1	1909294_UCKY01000001.1	40.659	364	205	6	22	375	86786	87874	2.92e-67	244
Query_1	1909294_UCES01000008.1	40.659	364	205	6	22	375	204733	203645	2.92e-67	244
Query_1	1909294_UCFT01000017.1	40.659	364	205	6	22	375	204746	203658	2.93e-67	244
Query_1	1909294_UCKD01000009.1	40.659	364	205	6	22	375	458209	459297	2.93e-67	244
Query_1	1909294_UBPG01000002.1	40.659	364	205	6	22	375	458332	459420	2.93e-67	244
Query_1	1909294_UBLV01000010.1	40.659	364	205	6	22	375	204746	203658	2.93e-67	244
Query_1	1287294_AYVX01000001.1	40.108	369	207	8	12	370	358670	357576	2.93e-67	244
Query_1	1287294_AYVX01000001.1	37.978	366	196	8	21	368	359858	358800	6.80e-54	206
Query_1	1736363_LMQJ01000001.1	39.945	363	209	4	14	367	454830	455918	2.95e-67	244
Query_1	1736363_LMQJ01000001.1	36.338	355	211	5	25	367	15292	16347	3.10e-53	204
Query_1	2496696_RZQA01000316.1	40.449	356	201	5	23	369	5379	4318	2.98e-67	244
Query_1	2496696_RZQA01000316.1	38.080	323	174	7	61	368	6478	5543	3.70e-47	186
Query_1	278148_CP015064.1	39.833	359	199	5	23	369	5009729	5008668	3.04e-67	244
Query_1	278148_CP015064.1	35.681	213	116	5	166	368	5010498	5009893	6.33e-23	115
Query_1	278148_CP015064.1	39.086	197	95	7	7	190	5010974	5010420	6.60e-16	94.4
Query_1	2496681_RZPL01000563.1	39.944	358	202	5	22	369	1387	2451	3.12e-67	244
Query_1	2496681_RZPL01000563.1	38.320	381	196	11	7	368	144	1226	1.33e-54	207
Query_1	1122125_AUHM01000001.1	39.894	376	212	6	17	381	301190	300072	3.16e-67	244
Query_1	2496727_RZRF01000173.1	40.449	356	201	5	23	369	6692	7753	3.23e-67	244
Query_1	2496727_RZRF01000173.1	38.583	381	195	11	7	368	5446	6528	8.26e-55	208
Query_1	2496737_RZRP01000054.1	40.449	356	201	5	23	369	4702	5763	3.27e-67	244
Query_1	2496737_RZRP01000054.1	38.583	381	195	11	7	368	3456	4538	8.34e-55	208
Query_1	2108445_QYZQ01000001.1	40.503	358	202	3	22	369	1972206	1971136	3.38e-67	244
Query_1	2108445_QYZQ01000001.1	35.616	365	206	9	21	368	1973414	1972356	6.52e-51	197
Query_1	2108445_QYZQ01000001.1	32.194	351	208	9	36	371	3133842	3134849	1.77e-35	152
Query_1	2108445_CP031834.1	40.503	358	202	3	22	369	1972206	1971136	3.38e-67	244
Query_1	2108445_CP031834.1	35.616	365	206	9	21	368	1973414	1972356	6.52e-51	197
Query_1	2108445_CP031834.1	32.194	351	208	9	36	371	3133842	3134849	1.77e-35	152
Query_1	2496726_RZRE01000049.1	40.449	356	201	5	23	369	12091	11030	3.39e-67	244
Query_1	2496726_RZRE01000049.1	38.583	381	195	11	7	368	13337	12255	8.66e-55	208
Query_1	2496700_RZQE01000010.1	40.449	356	201	5	23	369	34650	35711	3.41e-67	244
Query_1	2496700_RZQE01000010.1	38.583	381	195	11	7	368	33404	34486	8.71e-55	208
Query_1	2496736_RZRO01000008.1	40.449	356	201	5	23	369	21791	20730	3.45e-67	244
Query_1	2496736_RZRO01000008.1	38.583	381	195	11	7	368	23037	21955	8.82e-55	208
Query_1	2116687_ML703256.1	38.259	379	218	7	1	369	127102	128220	3.47e-67	244
Query_1	2116687_ML703256.1	38.320	381	196	10	7	368	125918	127000	2.44e-56	213
Query_1	375_JGCL01000004.1	39.394	363	211	4	14	367	102028	100940	3.61e-67	244
Query_1	375_BJNK01000001.1	39.394	363	211	4	14	367	118915	117827	3.61e-67	244
Query_1	375_BJNK01000001.1	36.338	355	211	6	25	367	678560	677505	8.23e-54	206
Query_1	375_WWEZ01000003.1	39.394	363	211	4	14	367	137994	139082	3.61e-67	244
Query_1	1037409_AXAV01000001.1	39.394	363	211	4	14	367	447206	446118	3.62e-67	244
Query_1	1037409_AXAV01000001.1	36.338	355	211	6	25	367	1006851	1005796	8.23e-54	206
Query_1	1037409_AP012206.1	39.394	363	211	4	14	367	5324380	5323292	3.62e-67	244
Query_1	1037409_AP012206.1	36.338	355	211	6	25	367	5883996	5882941	8.24e-54	206
Query_1	1037409_AP012206.1	26.009	223	154	5	82	300	863050	863697	0.021	52.0
Query_1	1037409_AP012206.1	23.360	381	221	14	53	367	4466292	4465165	0.44	47.8
Query_1	375_CP010313.1	39.394	363	211	4	14	367	5369631	5368543	3.62e-67	244
Query_1	375_CP010313.1	36.338	355	211	6	25	367	5915699	5914644	8.24e-54	206
Query_1	375_CP010313.1	26.009	223	154	5	82	300	862225	862872	0.021	52.0
Query_1	375_CP010313.1	23.360	381	221	14	53	367	4489373	4488246	0.44	47.8
Query_1	2496682_RZPM01000323.1	39.944	358	202	5	22	369	617	1681	3.63e-67	244
Query_1	2496682_RZPM01000323.1	41.401	157	83	3	212	368	14	457	1.88e-20	107
Query_1	2589888_VFTF01000001.1	38.889	360	207	5	20	369	99319	100389	3.64e-67	244
Query_1	2589888_VFTF01000001.1	38.320	381	196	11	7	368	98085	99167	2.06e-53	204
Query_1	1287321_AYVQ01000003.1	39.566	369	209	7	12	370	196307	195213	3.67e-67	244
Query_1	1287321_AYVQ01000003.1	38.904	365	194	9	21	368	197494	196436	1.65e-55	211
Query_1	2496675_RZPF01000543.1	39.944	358	202	5	22	369	1476	412	3.72e-67	244
Query_1	2496675_RZPF01000543.1	38.320	381	196	11	7	368	2719	1637	1.40e-54	207
Query_1	2496692_RZPW01000173.1	39.944	358	202	5	22	369	3009	4073	3.76e-67	244
Query_1	2496692_RZPW01000173.1	38.320	381	196	11	7	368	1767	2849	1.75e-54	207
Query_1	1300294_NNRI01000008.1	41.111	360	199	5	20	369	95329	94259	3.83e-67	244
Query_1	1300294_NNRI01000008.1	38.420	367	193	10	21	368	96672	95614	1.40e-52	202
Query_1	2496721_RZQZ01000082.1	39.944	358	202	5	22	369	13065	14129	3.93e-67	244
Query_1	2496721_RZQZ01000082.1	38.320	381	196	11	7	368	11823	12905	1.83e-54	207
Query_1	2496683_RZPN01000091.1	39.944	358	202	5	22	369	3789	2725	3.99e-67	244
Query_1	2496683_RZPN01000091.1	38.320	381	196	11	7	368	5031	3949	1.86e-54	207
Query_1	2496706_RZQK01000057.1	39.944	358	202	5	22	369	10442	9378	4.00e-67	244
Query_1	2496706_RZQK01000057.1	38.320	381	196	11	7	368	11684	10602	1.86e-54	207
Query_1	2496718_RZQW01000042.1	39.944	358	202	5	22	369	18959	20023	4.05e-67	244
Query_1	2496718_RZQW01000042.1	38.320	381	196	11	7	368	17717	18799	1.89e-54	207
Query_1	132476_MRCR01000021.1	37.596	391	225	6	13	392	47132	45984	4.06e-67	244
Query_1	2496713_RZQR01000040.1	39.944	358	202	5	22	369	23980	22916	4.07e-67	244
Query_1	2496713_RZQR01000040.1	38.320	381	196	11	7	368	25222	24140	1.90e-54	207
Query_1	2496714_RZQS01000017.1	39.944	358	202	5	22	369	12838	13902	4.07e-67	244
Query_1	2496714_RZQS01000017.1	38.320	381	196	11	7	368	11596	12678	1.90e-54	207
Query_1	2496719_RZQX01000004.1	39.944	358	202	5	22	369	8579	7515	4.07e-67	244
Query_1	2496719_RZQX01000004.1	38.320	381	196	11	7	368	9821	8739	1.90e-54	207
Query_1	132476_JZXC01000001.1	37.596	391	225	6	13	392	47283	46135	4.09e-67	244
Query_1	132476_MRCO01000001.1	37.596	391	225	6	13	392	448176	449324	4.09e-67	244
Query_1	2563959_SRTD01000002.1	39.946	368	207	6	12	369	319088	317997	4.09e-67	244
Query_1	2563959_SRTD01000002.1	38.845	381	194	11	7	368	320300	319218	2.51e-57	216
Query_1	2563958_SRSQ01000002.1	39.946	368	207	6	12	369	440726	441817	4.09e-67	244
Query_1	2563958_SRSQ01000002.1	38.845	381	194	11	7	368	439514	440596	2.51e-57	216
Query_1	1287106_AYWY01000001.1	40.108	369	207	8	12	370	280875	279781	4.09e-67	244
Query_1	1287106_AYWY01000001.1	37.978	366	196	8	21	368	282063	281005	6.80e-54	206
Query_1	1960920_MWTQ01000016.1	37.596	391	225	6	13	392	862345	861197	4.10e-67	244
Query_1	1960920_MWTQ01000016.1	29.060	351	221	9	29	365	1633269	1632259	1.33e-26	126
Query_1	1960920_MWTQ01000016.1	29.023	348	213	8	36	365	1604798	1605793	2.38e-24	119
Query_1	2496691_RZPV01000005.1	39.944	358	202	5	22	369	29689	30753	4.11e-67	244
Query_1	2496691_RZPV01000005.1	38.320	381	196	11	7	368	28447	29529	1.91e-54	207
Query_1	2358193_RARC01000002.1	41.209	364	195	8	22	369	175608	176690	4.13e-67	244
Query_1	2496715_RZQT01000013.1	39.944	358	202	5	22	369	45406	46470	4.13e-67	244
Query_1	2496715_RZQT01000013.1	38.320	381	196	11	7	368	44164	45246	1.93e-54	207
Query_1	1040980_AWZS01000004.1	39.944	358	202	5	22	369	40339	39275	4.17e-67	244
Query_1	1040980_AWZS01000004.1	38.320	381	196	11	7	368	41581	40499	1.94e-54	207
Query_1	1404402_CP049699.1	39.669	363	210	4	14	367	520078	521166	4.26e-67	244
Query_1	1404402_CP049699.1	36.338	355	211	6	25	367	10055278	10056333	2.88e-52	201
Query_1	1404402_CP049699.1	27.434	226	147	6	82	300	5925060	5925707	0.003	54.7
Query_1	1404402_CP049699.1	23.622	381	220	14	53	367	1483277	1484404	0.24	48.9
Query_1	2496717_RZQV01000152.1	39.944	358	202	5	22	369	10706	9642	4.30e-67	244
Query_1	2496717_RZQV01000152.1	33.645	107	62	2	262	368	11160	10867	8.94e-04	56.6
Query_1	2496671_RZPB01000028.1	39.944	358	202	5	22	369	5411	4347	4.46e-67	244
Query_1	2496671_RZPB01000028.1	38.320	381	196	11	7	368	6654	5572	1.67e-54	207
Query_1	2500519_SADI02000004.1	39.946	368	207	6	12	369	283554	282463	4.51e-67	244
Query_1	2500519_SADI02000004.1	39.108	381	193	11	7	368	284766	283684	7.52e-58	217
Query_1	2496674_RZPE01000069.1	39.944	358	202	5	22	369	10966	12030	4.52e-67	244
Query_1	2496674_RZPE01000069.1	38.320	381	196	11	7	368	9723	10805	1.69e-54	207
Query_1	2496723_RZRB01000015.1	39.944	358	202	5	22	369	3831	2767	4.57e-67	244
Query_1	2496723_RZRB01000015.1	38.320	381	196	11	7	368	5074	3992	1.71e-54	207
Query_1	2496679_RZPJ01000047.1	39.944	358	202	5	22	369	6477	5413	4.58e-67	244
Query_1	2496679_RZPJ01000047.1	38.320	381	196	11	7	368	7720	6638	1.71e-54	207
Query_1	2496685_RZPP01000007.1	39.944	358	202	5	22	369	1759	2823	4.58e-67	244
Query_1	2496685_RZPP01000007.1	38.320	381	196	11	7	368	516	1598	1.71e-54	207
Query_1	2496740_RZRS01000017.1	39.944	358	202	5	22	369	13383	14447	4.62e-67	244
Query_1	2496740_RZRS01000017.1	38.320	381	196	11	7	368	12140	13222	1.73e-54	207
Query_1	2496705_RZQJ01000028.1	39.944	358	202	5	22	369	34694	35758	4.63e-67	244
Query_1	2496705_RZQJ01000028.1	38.320	381	196	11	7	368	33451	34533	1.73e-54	207
Query_1	2496735_RZRN01000028.1	39.944	358	202	5	22	369	53429	54493	4.63e-67	244
Query_1	2496735_RZRN01000028.1	38.320	381	196	11	7	368	52186	53268	1.73e-54	207
Query_1	2589904_VFTV01000021.1	39.944	358	202	5	22	369	40203	39139	4.64e-67	244
Query_1	2589904_VFTV01000021.1	38.320	381	196	11	7	368	41446	40364	1.74e-54	207
Query_1	2496672_RZPC01000022.1	39.944	358	202	5	22	369	40223	39159	4.64e-67	244
Query_1	2496672_RZPC01000022.1	38.320	381	196	11	7	368	41466	40384	1.74e-54	207
Query_1	2589901_VFTS01000019.1	39.944	358	202	5	22	369	53458	54522	4.64e-67	244
Query_1	2589901_VFTS01000019.1	38.320	381	196	11	7	368	52215	53297	1.74e-54	207
Query_1	709797_CM001195.1	36.203	395	238	6	1	381	3597634	3598818	4.64e-67	244
Query_1	709797_CM001195.1	35.897	351	207	6	30	367	1648024	1646987	1.19e-57	217
Query_1	709797_CM001195.1	24.793	363	249	7	36	389	201092	200049	6.31e-15	91.3
Query_1	2496673_RZPD01000011.1	39.944	358	202	5	22	369	32996	34060	4.65e-67	244
Query_1	2496673_RZPD01000011.1	38.320	381	196	11	7	368	31753	32835	1.74e-54	207
Query_1	2496734_RZRM01000009.1	39.944	358	202	5	22	369	53384	54448	4.66e-67	244
Query_1	2496734_RZRM01000009.1	38.320	381	196	11	7	368	52141	53223	1.74e-54	207
Query_1	2496781_RZTH01000007.1	39.944	358	202	5	22	369	53614	54678	4.68e-67	244
Query_1	2496781_RZTH01000007.1	38.320	381	196	11	7	368	52371	53453	1.75e-54	207
Query_1	2589900_VFTR01000006.1	39.944	358	202	5	22	369	42051	40987	4.68e-67	244
Query_1	2589900_VFTR01000006.1	38.320	381	196	11	7	368	43294	42212	1.75e-54	207
Query_1	2589902_VFTT01000005.1	39.944	358	202	5	22	369	74720	73656	4.68e-67	244
Query_1	2589902_VFTT01000005.1	38.320	381	196	11	7	368	75963	74881	1.75e-54	207
Query_1	2496780_RZTG01000001.1	39.944	358	202	5	22	369	221037	222101	4.68e-67	244
Query_1	2496780_RZTG01000001.1	38.320	381	196	11	7	368	219794	220876	1.75e-54	207
Query_1	2067451_PKRP01000001.1	39.106	358	206	5	22	369	671625	672692	4.68e-67	244
Query_1	39645_CP015062.1	39.944	358	202	5	22	369	3417465	3416401	4.69e-67	244
Query_1	39645_CP015062.1	38.320	381	196	11	7	368	3418708	3417626	1.75e-54	207
Query_1	39645_CP015062.1	31.467	375	214	7	30	391	4423503	4424537	1.27e-43	176
Query_1	375_CP017637.1	39.669	363	210	4	14	367	5637801	5636713	4.69e-67	244
Query_1	375_CP017637.1	36.056	355	212	6	25	367	6217474	6216419	1.85e-52	202
Query_1	375_CP017637.1	30.218	321	190	7	72	378	8873743	8872841	2.42e-29	134
Query_1	375_CP017637.1	28.000	225	147	6	82	300	867694	868341	0.006	53.9
Query_1	375_CP017637.1	23.622	381	220	14	53	367	4689458	4688331	0.10	50.1
Query_1	2496778_RZTE01000002.1	40.336	357	202	5	22	369	111120	112184	4.81e-67	244
Query_1	2496778_RZTE01000002.1	39.370	381	192	13	7	368	109877	110959	9.22e-54	205
Query_1	1768753_LSIC01000083.1	39.394	363	211	4	14	367	44762	45850	4.82e-67	244
Query_1	132476_LHVG01000016.1	38.071	394	219	7	13	392	109448	110596	4.99e-67	244
Query_1	43992_LUKO01000185.1	38.843	363	213	4	14	367	28314	29402	5.00e-67	244
Query_1	2494550_CP034348.1	39.782	367	210	7	13	374	3329620	3328538	5.06e-67	244
Query_1	2494550_CP034348.1	34.584	373	212	8	30	382	738493	737411	2.64e-55	210
Query_1	2494550_CP034348.1	31.593	364	222	9	24	367	641637	642707	3.08e-38	160
Query_1	2494550_CP034348.1	31.597	288	179	5	77	361	714966	714148	1.51e-29	135
Query_1	2494550_CP034348.1	30.690	290	176	9	84	364	840084	839263	1.59e-13	87.0
Query_1	1404367_CP050066.1	39.945	363	209	4	14	367	5930960	5929872	5.11e-67	244
Query_1	1404367_CP050066.1	36.158	354	213	6	25	367	6413132	6412077	5.11e-53	203
Query_1	323621_SLVX01000021.1	41.209	364	204	6	15	369	85062	83974	5.12e-67	244
Query_1	2496744_RZRW01000049.1	39.722	360	200	5	22	369	13036	14100	5.23e-67	244
Query_1	2496744_RZRW01000049.1	38.320	381	196	11	7	368	11793	12875	1.66e-54	207
Query_1	1909294_UBJN01000013.1	40.608	362	201	7	22	374	58908	57838	5.29e-67	244
Query_1	1909294_UBYC01000036.1	40.608	362	201	7	22	374	77916	76846	5.29e-67	244
Query_1	1909294_UBTP01000021.1	40.608	362	201	7	22	374	236492	237562	5.29e-67	244
Query_1	1909294_UBWI01000010.1	40.608	362	201	7	22	374	78334	77264	5.29e-67	244
Query_1	1909294_UBZP01000009.1	41.209	364	204	6	15	369	29005	30093	5.47e-67	244
Query_1	1287258_AYWM01000006.1	39.295	369	210	7	12	370	181938	180844	5.56e-67	244
Query_1	1287258_AYWM01000006.1	39.452	365	192	9	21	368	183126	182068	2.66e-55	210
Query_1	1287256_AYWN01000001.1	39.295	369	210	7	12	370	207881	208975	5.56e-67	244
Query_1	1287256_AYWN01000001.1	39.452	365	192	9	21	368	206693	207751	2.67e-55	210
Query_1	2496776_RZTC01000117.1	40.336	357	202	5	22	369	4997	3933	5.61e-67	244
Query_1	2496776_RZTC01000117.1	39.108	381	193	13	7	368	6240	5158	5.39e-53	203
Query_1	2563970_SRUW01000006.1	39.444	360	205	5	20	369	118653	117583	5.78e-67	244
Query_1	2563970_SRUW01000006.1	38.845	381	194	11	7	368	119886	118804	3.61e-57	215
Query_1	2563971_SRUZ01000006.1	39.444	360	205	5	20	369	118653	117583	5.78e-67	244
Query_1	2563971_SRUZ01000006.1	38.845	381	194	11	7	368	119886	118804	3.61e-57	215
Query_1	1287289_AYVZ01000007.1	39.566	369	209	7	12	370	253332	254426	5.88e-67	244
Query_1	1287289_AYVZ01000007.1	39.178	365	193	9	21	368	252145	253203	4.17e-55	209
Query_1	1287296_AYVW01000005.1	39.566	369	209	7	12	370	64049	62955	5.89e-67	244
Query_1	1287296_AYVW01000005.1	39.178	365	193	9	21	368	65236	64178	4.17e-55	209
Query_1	1287298_AYVV01000004.1	39.566	369	209	7	12	370	342506	343600	5.89e-67	244
Query_1	1287298_AYVV01000004.1	39.178	365	193	9	21	368	341319	342377	4.18e-55	209
Query_1	1287086_AYXD01000002.1	39.295	369	210	7	12	370	377134	376040	5.95e-67	244
Query_1	1287086_AYXD01000002.1	38.904	365	194	9	21	368	378322	377264	3.48e-55	209
Query_1	1287089_AYXC01000001.1	39.295	369	210	7	12	370	331019	329925	5.95e-67	244
Query_1	1287089_AYXC01000001.1	38.904	365	194	9	21	368	332207	331149	4.91e-55	209
Query_1	1287264_AYWL01000001.1	39.295	369	210	7	12	370	294591	293497	5.95e-67	244
Query_1	1287264_AYWL01000001.1	38.781	361	193	8	25	368	295770	294721	1.01e-54	208
Query_1	1287275_AYWG01000003.1	39.295	369	210	7	12	370	440039	441133	5.95e-67	244
Query_1	1287275_AYWG01000003.1	37.534	365	193	10	21	368	438869	439909	9.96e-50	194
Query_1	1287326_AYVN01000001.1	39.295	369	210	7	12	370	339553	338459	5.95e-67	244
Query_1	1287326_AYVN01000001.1	38.781	361	193	8	25	368	340732	339683	1.01e-54	208
Query_1	2500531_SADU02000023.1	40.108	369	204	7	12	369	92896	91808	6.15e-67	243
Query_1	2500531_SADU02000023.1	36.885	366	200	9	21	368	94081	93023	2.27e-51	198
Query_1	2563936_SRTL01000008.1	40.108	369	204	7	12	369	325761	326849	6.17e-67	243
Query_1	2563936_SRTL01000008.1	36.885	366	200	9	21	368	324576	325634	2.28e-51	198
Query_1	2563937_SRTS01000008.1	40.108	369	204	7	12	369	325761	326849	6.17e-67	243
Query_1	2563937_SRTS01000008.1	36.885	366	200	9	21	368	324576	325634	2.28e-51	198
Query_1	2563906_SRTF01000007.1	40.108	369	204	7	12	369	199254	200342	6.18e-67	243
Query_1	2563906_SRTF01000007.1	36.885	366	200	9	21	368	198069	199127	2.28e-51	198
Query_1	2496664_RZOU01000003.1	40.108	369	204	7	12	369	231538	230450	6.18e-67	243
Query_1	2496664_RZOU01000003.1	36.885	366	200	9	21	368	232723	231665	2.28e-51	198
Query_1	2563940_SRVC01000004.1	40.108	369	204	7	12	369	310441	311529	6.18e-67	243
Query_1	2563940_SRVC01000004.1	36.885	366	200	9	21	368	309256	310314	2.28e-51	198
Query_1	2563915_SRVA01000004.1	40.108	369	204	7	12	369	231532	230444	6.18e-67	243
Query_1	2563915_SRVA01000004.1	36.885	366	200	9	21	368	232717	231659	2.28e-51	198
Query_1	2496668_RZOY02000003.1	40.108	369	204	7	12	369	231588	230500	6.18e-67	243
Query_1	2496668_RZOY02000003.1	36.885	366	200	9	21	368	232773	231715	2.28e-51	198
Query_1	2563934_SRSV01000003.1	40.108	369	204	7	12	369	231588	230500	6.18e-67	243
Query_1	2563934_SRSV01000003.1	36.885	366	200	9	21	368	232773	231715	2.28e-51	198
Query_1	2500520_SADJ02000003.1	40.108	369	204	7	12	369	231588	230500	6.18e-67	243
Query_1	2500520_SADJ02000003.1	36.885	366	200	9	21	368	232773	231715	2.28e-51	198
Query_1	2496670_RZPA02000003.1	40.108	369	204	7	12	369	231588	230500	6.18e-67	243
Query_1	2496670_RZPA02000003.1	36.885	366	200	9	21	368	232773	231715	2.28e-51	198
Query_1	2563916_SRVB01000003.1	40.108	369	204	7	12	369	231588	230500	6.18e-67	243
Query_1	2563916_SRVB01000003.1	36.885	366	200	9	21	368	232773	231715	2.28e-51	198
Query_1	2563938_SRTY01000003.1	40.108	369	204	7	12	369	231588	230500	6.18e-67	243
Query_1	2563938_SRTY01000003.1	36.885	366	200	9	21	368	232773	231715	2.28e-51	198
Query_1	2563942_SRVE01000002.1	40.108	369	204	7	12	369	231588	230500	6.18e-67	243
Query_1	2563942_SRVE01000002.1	36.885	366	200	9	21	368	232773	231715	2.28e-51	198
Query_1	2563939_SRUR01000003.1	40.108	369	204	7	12	369	231588	230500	6.18e-67	243
Query_1	2563939_SRUR01000003.1	36.885	366	200	9	21	368	232773	231715	2.28e-51	198
Query_1	2496665_RZOV02000003.1	40.108	369	204	7	12	369	231588	230500	6.18e-67	243
Query_1	2496665_RZOV02000003.1	36.885	366	200	9	21	368	232773	231715	2.28e-51	198
Query_1	2563941_SRVD01000003.1	40.108	369	204	7	12	369	231588	230500	6.18e-67	243
Query_1	2563941_SRVD01000003.1	36.885	366	200	9	21	368	232773	231715	2.28e-51	198
Query_1	2563899_SRSU01000003.1	40.108	369	204	7	12	369	231588	230500	6.18e-67	243
Query_1	2563899_SRSU01000003.1	36.885	366	200	9	21	368	232773	231715	2.28e-51	198
Query_1	2563943_SRVJ01000003.1	40.108	369	204	7	12	369	231587	230499	6.18e-67	243
Query_1	2563943_SRVJ01000003.1	36.885	366	200	9	21	368	232772	231714	2.28e-51	198
Query_1	2496779_RZTF01000170.1	40.336	357	202	5	22	369	4943	6007	6.25e-67	243
Query_1	2496779_RZTF01000170.1	39.108	381	193	13	7	368	3700	4782	2.38e-53	204
Query_1	1867256_PIZU01000011.1	39.678	373	202	6	15	369	22474	23577	6.27e-67	243
Query_1	911243_ATLN01000092.1	38.071	394	219	7	13	392	117693	118841	6.28e-67	243
Query_1	1945865_MUOA01000051.1	38.071	394	219	7	13	392	186156	187304	6.28e-67	243
Query_1	132476_LHVH01000017.1	38.071	394	219	7	13	392	1096103	1097251	6.31e-67	243
Query_1	132476_LHVH01000017.1	24.922	321	212	9	55	362	154350	155264	5.99e-07	66.6
Query_1	132476_FNTT01000002.1	38.071	394	219	7	13	392	3809922	3811070	6.31e-67	243
Query_1	132476_FNTT01000002.1	34.153	366	225	7	13	365	4714722	4713634	4.41e-49	192
Query_1	132476_FNTT01000002.1	24.922	321	212	9	55	362	2867409	2868323	5.99e-07	66.6
Query_1	2563902_SRSZ01000004.1	39.674	368	208	6	12	369	305279	306370	6.61e-67	243
Query_1	2563902_SRSZ01000004.1	39.108	381	193	11	7	368	304067	305149	7.58e-58	217
Query_1	2563967_SRUN01000003.1	39.674	368	208	6	12	369	305279	306370	6.61e-67	243
Query_1	2563967_SRUN01000003.1	39.108	381	193	11	7	368	304067	305149	7.58e-58	217
Query_1	2563965_SRUI01000002.1	39.674	368	208	6	12	369	305375	306466	6.61e-67	243
Query_1	2563965_SRUI01000002.1	39.108	381	193	11	7	368	304163	305245	7.58e-58	217
