Query_1	510516_BA000049.1	83.471	121	4	1	21	125	6352986	6352624	2.18e-103	196
Query_1	510516_BA000049.1	100.000	88	0	0	126	213	6352570	6352307	2.18e-103	181
Query_1	510516_BA000049.1	100.000	25	0	0	1	25	6353098	6353024	2.18e-103	52.0
Query_1	332952_EQ963472.1	83.471	121	4	1	21	125	139269	139631	2.19e-103	196
Query_1	332952_EQ963472.1	100.000	88	0	0	126	213	139685	139948	2.19e-103	181
Query_1	332952_EQ963472.1	100.000	25	0	0	1	25	139157	139231	2.19e-103	52.0
Query_1	510516_JZJM01000077.1	83.471	121	4	1	21	125	459466	459104	2.23e-103	196
Query_1	510516_JZJM01000077.1	100.000	88	0	0	126	213	459050	458787	2.23e-103	181
Query_1	510516_JZJM01000077.1	100.000	25	0	0	1	25	459578	459504	2.23e-103	52.0
Query_1	61420_ML737603.1	74.843	159	6	2	1	125	20218	20694	6.20e-102	222
Query_1	61420_ML737603.1	96.703	91	3	0	123	213	20738	21010	6.20e-102	181
Query_1	1509407_JNOM01000035.1	70.000	160	13	2	1	125	138923	139402	4.36e-96	210
Query_1	1509407_JNOM01000035.1	91.209	91	8	0	123	213	139446	139718	4.36e-96	173
Query_1	41047_NKHU02000177.1	71.782	202	42	1	26	212	60788	61393	4.23e-85	288
Query_1	61420_ML737635.1	64.629	229	39	2	26	212	9017	9703	7.66e-85	287
Query_1	1448316_KZ824436.1	58.723	235	59	2	17	213	160383	159679	7.36e-79	270
Query_1	1392255_MSZS01000005.1	77.500	160	36	0	53	212	271185	271664	1.06e-73	252
Query_1	1392255_MSZS01000005.1	82.759	29	5	0	26	54	271057	271143	1.06e-73	56.6
Query_1	1392255_MSZS01000005.1	49.153	177	71	2	55	212	3125698	3125168	3.53e-43	164
Query_1	1392255_MSZS01000005.1	44.444	54	28	1	1	52	3125925	3125764	3.53e-43	42.7
Query_1	330879_CM000172.1	77.215	158	36	0	55	212	3687352	3686879	3.86e-73	253
Query_1	330879_CM000172.1	75.862	29	7	0	26	54	3687492	3687406	3.86e-73	53.9
Query_1	330879_CM000172.1	54.023	87	40	0	126	212	900657	900917	1.99e-46	111
Query_1	330879_CM000172.1	43.226	155	67	4	1	134	900166	900630	1.99e-46	106
Query_1	510516_BA000055.1	68.889	180	34	1	55	212	1717279	1717818	1.82e-72	246
Query_1	510516_BA000055.1	83.871	31	5	0	24	54	1717130	1717222	1.82e-72	58.9
Query_1	510516_BA000055.1	57.471	87	37	0	126	212	318268	318528	6.09e-46	113
Query_1	510516_BA000055.1	46.923	130	50	3	15	125	317808	318197	6.09e-46	102
Query_1	332952_EQ963476.1	68.889	180	34	1	55	212	1785575	1786114	1.82e-72	246
Query_1	332952_EQ963476.1	83.871	31	5	0	24	54	1785426	1785518	1.82e-72	58.9
Query_1	332952_EQ963476.1	57.471	87	37	0	126	212	330789	331049	8.78e-46	113
Query_1	332952_EQ963476.1	46.923	130	50	3	15	125	330329	330718	8.78e-46	102
Query_1	510516_JZJM01000118.1	68.889	180	34	1	55	212	1717009	1717548	1.82e-72	246
Query_1	510516_JZJM01000118.1	83.871	31	5	0	24	54	1716860	1716952	1.82e-72	58.9
Query_1	510516_JZJM01000118.1	57.471	87	37	0	126	212	318254	318514	6.10e-46	113
Query_1	510516_JZJM01000118.1	46.923	130	50	3	15	125	317794	318183	6.10e-46	102
Query_1	331117_DS027685.1	77.215	158	36	0	55	212	259563	260036	4.40e-72	248
Query_1	331117_DS027685.1	82.759	29	5	0	26	54	259427	259513	4.40e-72	55.1
Query_1	1392250_MSFO01000001.1	73.418	158	42	0	55	212	817872	818345	2.21e-71	244
Query_1	1392250_MSFO01000001.1	78.788	33	7	0	28	60	817709	817807	2.21e-71	56.6
Query_1	1392250_MSFO01000001.1	74.648	71	18	0	55	125	5858498	5858286	1.02e-53	106
Query_1	1392250_MSFO01000001.1	57.317	82	35	0	126	207	5858221	5857976	1.02e-53	100
Query_1	1392250_MSFO01000001.1	45.455	77	19	2	1	54	5858784	5858554	1.02e-53	56.6
Query_1	132259_ML743598.1	73.563	87	23	0	126	212	75950	75690	7.55e-71	139
Query_1	132259_ML743598.1	83.099	71	12	0	55	125	76231	76019	7.55e-71	124
Query_1	132259_ML743598.1	86.207	29	4	0	26	54	76379	76293	7.55e-71	57.0
Query_1	1509407_JNOM01000078.1	58.952	229	50	3	24	212	54004	53330	1.72e-70	246
Query_1	1509407_JNOM01000078.1	68.293	41	12	1	26	65	54027	53905	9.57e-05	56.6
Query_1	1506151_ML736818.1	74.713	87	22	0	126	212	134168	133908	1.31e-69	140
Query_1	1506151_ML736818.1	81.690	71	13	0	55	125	134452	134240	1.31e-69	120
Query_1	1506151_ML736818.1	86.207	29	4	0	26	54	134622	134536	1.31e-69	56.2
Query_1	1506151_ML734334.1	74.713	87	22	0	126	212	121733	121473	1.31e-69	140
Query_1	1506151_ML734334.1	81.690	71	13	0	55	125	122017	121805	1.31e-69	120
Query_1	1506151_ML734334.1	86.207	29	4	0	26	54	122187	122101	1.31e-69	56.2
Query_1	109264_LYCR01000122.1	72.414	87	24	0	126	212	50799	51059	1.82e-69	137
Query_1	109264_LYCR01000122.1	83.099	71	12	0	55	125	50503	50715	1.82e-69	123
Query_1	109264_LYCR01000122.1	92.593	27	2	0	28	54	50358	50438	1.82e-69	55.5
Query_1	331117_DS027696.1	57.991	219	57	2	29	212	3756802	3757458	9.20e-69	241
Query_1	331117_DS027696.1	37.619	210	111	8	10	213	5159852	5159265	7.69e-23	109
Query_1	500485_AM920436.1	64.706	119	23	1	26	125	5001490	5001134	9.16e-68	152
Query_1	500485_AM920436.1	68.182	88	28	0	125	212	5001078	5000815	9.16e-68	136
Query_1	690307_KV878971.1	55.000	140	46	1	3	125	1995970	1996389	5.20e-67	148
Query_1	690307_KV878971.1	72.414	87	24	0	125	211	1996464	1996724	5.20e-67	138
Query_1	500485_AM920428.1	75.758	99	24	0	27	125	1250354	1250058	1.52e-65	156
Query_1	500485_AM920428.1	67.442	86	28	0	126	211	1249987	1249730	1.52e-65	125
Query_1	500485_AM920428.1	42.593	108	53	4	107	213	1965148	1965447	7.08e-10	72.0
Query_1	1448317_KZ824560.1	73.864	88	23	0	125	212	371261	371524	3.80e-65	139
Query_1	1448317_KZ824560.1	71.831	71	20	0	55	125	370992	371204	3.80e-65	108
Query_1	1448317_KZ824560.1	54.000	50	20	1	5	54	370792	370932	3.80e-65	53.9
Query_1	1448321_MSFL01000036.1	59.043	188	47	1	55	212	16388	15825	6.32e-65	219
Query_1	1448321_MSFL01000036.1	43.902	82	24	2	1	62	16659	16420	6.32e-65	60.1
Query_1	1450535_MSFK01000008.1	72.727	88	24	0	126	213	95593	95330	6.34e-65	137
Query_1	1450535_MSFK01000008.1	71.831	71	20	0	55	125	95862	95650	6.34e-65	110
Query_1	1450535_MSFK01000008.1	54.902	51	21	1	4	54	96064	95918	6.34e-65	53.1
Query_1	341663_CH476604.1	74.000	100	25	1	26	125	1065194	1065490	1.26e-64	147
Query_1	341663_CH476604.1	69.318	88	27	0	125	212	1065592	1065855	1.26e-64	130
Query_1	1810919_PVWQ01000008.1	77.000	100	22	1	27	125	1415271	1414972	1.27e-64	154
Query_1	1810919_PVWQ01000008.1	64.773	88	31	0	125	212	1414924	1414661	1.27e-64	124
Query_1	1448315_KZ821719.1	61.749	183	44	1	55	211	88245	88793	2.09e-64	224
Query_1	1448315_KZ821719.1	79.310	29	6	0	26	54	88106	88192	2.09e-64	53.9
Query_1	1450534_KZ825310.1	72.414	87	24	0	125	211	406410	406670	2.81e-64	136
Query_1	1450534_KZ825310.1	71.831	71	20	0	55	125	406123	406335	2.81e-64	106
Query_1	1450534_KZ825310.1	50.000	52	26	0	3	54	405915	406070	2.81e-64	55.5
Query_1	1448312_KZ824774.1	61.749	183	44	1	55	211	79343	79891	3.89e-64	223
Query_1	1448312_KZ824774.1	79.310	29	6	0	26	54	79204	79290	3.89e-64	53.9
Query_1	1448312_KZ824774.1	59.770	87	35	0	126	212	1121480	1121220	4.12e-40	114
Query_1	1448312_KZ824774.1	52.747	91	42	1	36	125	1121835	1121563	4.12e-40	82.4
Query_1	1448312_KZ824774.1	41.176	68	31	2	6	64	1122028	1121825	2.7	43.5
Query_1	1448310_KZ821460.1	73.864	88	23	0	125	212	81987	81724	4.50e-64	139
Query_1	1448310_KZ821460.1	71.831	71	20	0	55	125	82256	82044	4.50e-64	107
Query_1	1448310_KZ821460.1	75.862	29	7	0	26	54	82402	82316	4.50e-64	52.0
Query_1	1450537_KZ824270.1	58.291	199	57	2	36	213	903121	903702	5.06e-64	227
Query_1	1450537_KZ824270.1	43.056	72	23	1	1	54	902889	903104	1.38e-04	56.2
Query_1	1448311_KZ821637.1	73.864	88	23	0	125	212	606285	606548	6.37e-64	139
Query_1	1448311_KZ821637.1	71.831	71	20	0	55	125	606016	606228	6.37e-64	107
Query_1	1448311_KZ821637.1	75.862	29	7	0	26	54	605871	605957	6.37e-64	50.8
Query_1	1450533_KZ821368.1	72.414	87	24	0	125	211	239958	240218	6.53e-64	134
Query_1	1450533_KZ821368.1	70.423	71	21	0	55	125	239689	239901	6.53e-64	107
Query_1	1450533_KZ821368.1	75.000	32	8	0	23	54	239534	239629	6.53e-64	55.5
Query_1	1341132_KZ852037.1	72.414	87	24	0	125	211	948206	948466	9.03e-64	135
Query_1	1341132_KZ852037.1	70.423	71	21	0	55	125	947938	948150	9.03e-64	107
Query_1	1341132_KZ852037.1	62.222	45	9	1	10	54	947768	947878	9.03e-64	55.1
Query_1	1448314_MSFU01000049.1	73.563	87	23	0	125	211	71640	71900	1.04e-63	137
Query_1	1448314_MSFU01000049.1	71.831	71	20	0	55	125	71371	71583	1.04e-63	108
Query_1	1448314_MSFU01000049.1	75.862	29	7	0	26	54	71225	71311	1.04e-63	50.8
Query_1	1392250_MSFO01000003.1	71.717	99	28	0	27	125	3228311	3228607	1.10e-63	145
Query_1	1392250_MSFO01000003.1	69.318	88	27	0	125	212	3228691	3228954	1.10e-63	130
Query_1	1341132_PUWS01000068.1	72.414	87	24	0	125	211	126068	125808	1.56e-63	134
Query_1	1341132_PUWS01000068.1	70.423	71	21	0	55	125	126337	126125	1.56e-63	107
Query_1	1341132_PUWS01000068.1	71.875	32	9	0	23	54	126492	126397	1.56e-63	54.3
Query_1	1448322_KZ824936.1	72.619	84	23	0	125	208	78786	78535	3.28e-63	134
Query_1	1448322_KZ824936.1	71.831	71	20	0	55	125	79073	78861	3.28e-63	106
Query_1	1448322_KZ824936.1	64.103	39	12	1	18	54	79242	79126	3.28e-63	53.5
Query_1	132259_ML743614.1	75.472	159	5	2	1	125	137812	138288	6.68e-63	224
Query_1	132259_ML743614.1	81.416	113	15	2	101	213	138284	138604	8.12e-48	181
Query_1	227321_BN001304.1	75.000	100	24	1	27	125	1832801	1833100	6.70e-63	149
Query_1	227321_BN001304.1	65.556	90	30	1	124	212	1833148	1833417	6.70e-63	123
Query_1	227321_BN001304.1	57.233	159	66	2	55	212	757813	758286	1.02e-48	180
Query_1	227321_BN001304.1	38.806	67	34	2	1	60	757569	757769	1.02e-48	45.4
Query_1	227321_CH236930.1	75.000	100	24	1	27	125	391850	392149	6.73e-63	149
Query_1	227321_CH236930.1	65.556	90	30	1	124	212	392197	392466	6.73e-63	123
Query_1	1450539_KZ821284.1	68.966	87	27	0	125	211	84578	84318	4.59e-62	132
Query_1	1450539_KZ821284.1	70.270	74	22	0	52	125	84877	84656	4.59e-62	105
Query_1	1450539_KZ821284.1	71.429	35	10	0	26	60	85022	84918	4.59e-62	53.5
Query_1	330879_CM000170.1	66.667	114	21	1	29	125	2401629	2401970	2.96e-60	146
Query_1	330879_CM000170.1	61.628	86	33	0	126	211	2402029	2402286	2.96e-60	113
Query_1	330879_CM000170.1	35.135	37	24	0	1	37	2401496	2401606	2.96e-60	25.0
Query_1	330879_CM000170.1	41.011	178	91	6	37	213	3774507	3774013	2.26e-24	114
Query_1	1506151_ML734299.1	71.250	160	11	2	1	125	61998	62477	4.25e-59	213
Query_1	1506151_ML734299.1	58.382	173	50	5	45	213	62329	62793	5.15e-45	173
Query_1	1506151_ML736752.1	71.250	160	11	2	1	125	159651	159172	4.26e-59	213
Query_1	1506151_ML736752.1	58.382	173	50	5	45	213	159320	158856	5.15e-45	173
Query_1	109264_LYCR01000054.1	71.250	160	11	2	1	125	157556	157077	4.68e-59	213
Query_1	109264_LYCR01000054.1	72.308	130	29	2	86	213	157135	156761	2.24e-47	179
Query_1	1392248_MSFM01000002.1	71.134	97	28	0	29	125	868930	868640	4.30e-58	137
Query_1	1392248_MSFM01000002.1	61.290	93	36	0	120	212	868565	868287	4.30e-58	119
Query_1	227321_CH236925.1	63.291	158	58	0	55	212	690272	689799	1.81e-56	206
Query_1	227321_CH236925.1	69.231	26	8	0	29	54	690409	690332	4.4	42.7
Query_1	227321_BN001305.1	63.291	158	58	0	55	212	2934200	2934673	1.81e-56	206
Query_1	227321_BN001305.1	69.231	26	8	0	29	54	2934063	2934140	4.4	42.7
Query_1	41047_NKHU02000043.1	58.621	87	36	0	126	212	117573	117833	3.28e-56	111
Query_1	41047_NKHU02000043.1	74.648	71	18	0	55	125	117305	117517	3.28e-56	108
Query_1	41047_NKHU02000043.1	80.000	25	5	0	30	54	117178	117252	3.28e-56	48.5
Query_1	41047_NKHU02000043.1	61.111	18	7	0	8	25	117063	117116	3.28e-56	24.3
Query_1	1810919_PVWQ01000012.1	50.935	214	84	3	19	212	728724	728086	1.80e-55	203
Query_1	1509407_JNOM01000023.1	44.961	258	94	5	3	212	121597	122370	2.10e-55	202
Query_1	344612_DS027060.1	57.303	89	38	0	124	212	615004	615270	7.28e-55	108
Query_1	344612_DS027060.1	76.056	71	17	0	55	125	614726	614938	7.28e-55	107
Query_1	344612_DS027060.1	88.000	25	3	0	30	54	614601	614675	7.28e-55	51.6
Query_1	344612_DS027048.1	43.426	251	103	5	1	212	538228	537476	6.68e-53	195
Query_1	341663_CH476605.1	57.471	87	37	0	126	212	1246535	1246275	2.06e-52	110
Query_1	341663_CH476605.1	76.056	71	17	0	55	125	1246798	1246586	2.06e-52	107
Query_1	341663_CH476605.1	62.500	32	12	0	23	54	1246952	1246857	2.06e-52	41.6
Query_1	1810919_PVWQ01000022.1	61.438	153	59	0	55	207	126890	127348	1.55e-51	190
Query_1	1810919_PVWQ01000022.1	40.541	74	24	2	1	54	126607	126828	1.55e-51	44.7
Query_1	156630_SJDP01000012.1	45.946	259	89	6	5	212	178843	178067	5.47e-51	190
Query_1	156630_SJDP01000012.1	55.625	160	69	2	55	212	126407	126886	2.42e-42	165
Query_1	1450535_MSFK01000005.1	41.758	273	91	4	8	212	133685	132867	1.54e-50	189
Query_1	5599_SJDQ01000723.1	46.718	259	87	7	5	212	144333	143557	2.15e-50	188
Query_1	5599_SJDQ01000723.1	55.625	160	69	2	55	212	91538	92017	2.41e-42	165
Query_1	5599_VEOK01000001.1	46.718	259	87	7	5	212	3285508	3284732	2.33e-50	188
Query_1	5599_VEOK01000001.1	55.625	160	69	2	55	212	3232913	3233392	2.42e-42	165
Query_1	5599_VEOK01000001.1	29.565	115	71	3	40	154	6695334	6695648	4.7	42.7
Query_1	5599_VEOJ01000001.1	46.718	259	87	7	5	212	3256919	3256143	2.33e-50	188
Query_1	5599_VEOJ01000001.1	55.625	160	69	2	55	212	3204145	3204624	2.42e-42	165
Query_1	5599_VEOJ01000001.1	28.571	126	78	4	42	167	6821314	6821655	2.5	43.5
Query_1	5599_LSHC01000286.1	46.718	259	87	7	5	212	192581	191805	2.42e-50	188
Query_1	5599_LSHC01000286.1	55.625	160	69	2	55	212	139786	140265	2.42e-42	165
Query_1	5599_LPVP01000007.1	46.718	259	87	7	5	212	645798	646574	2.42e-50	188
Query_1	5599_LPVP01000007.1	55.625	160	69	2	55	212	698601	698122	2.42e-42	165
Query_1	5599_LMXP01000001.1	46.718	259	87	7	5	212	658173	658949	2.43e-50	188
Query_1	5599_LMXP01000001.1	55.625	160	69	2	55	212	710987	710508	2.42e-42	165
Query_1	5599_PDXD01000001.1	46.718	259	87	7	5	212	1403543	1404319	2.43e-50	188
Query_1	5599_PDXD01000001.1	55.625	160	69	2	55	212	1456339	1455860	2.42e-42	165
Query_1	5599_BJEP01000001.1	46.718	259	87	7	5	212	3335895	3335119	2.43e-50	188
Query_1	5599_BJEP01000001.1	55.625	160	69	2	55	212	3283077	3283556	2.42e-42	165
Query_1	5599_BJEP01000001.1	28.571	126	78	4	42	167	6772570	6772911	2.5	43.5
Query_1	5599_WIRD01000001.1	46.718	259	87	7	5	212	3342087	3341311	2.43e-50	188
Query_1	5599_WIRD01000001.1	55.625	160	69	2	55	212	3289306	3289785	2.42e-42	165
Query_1	5599_WIRD01000001.1	30.435	115	71	3	40	154	6988877	6989194	3.6	43.1
Query_1	5599_KV441472.1	46.718	259	87	7	5	212	893789	893013	3.75e-50	187
Query_1	5599_KV441472.1	55.625	160	69	2	55	212	840975	841454	2.42e-42	165
Query_1	690256_MVNS02000006.1	46.025	239	103	5	1	213	4794051	4794767	9.66e-50	186
Query_1	690256_MVNS02000006.1	39.086	197	113	3	20	212	503121	503702	6.42e-32	135
Query_1	690256_MVNS02000006.1	46.154	91	45	2	126	212	1910368	1910096	1.44e-21	76.6
Query_1	690256_MVNS02000006.1	42.529	87	41	2	40	126	1910657	1910424	1.44e-21	58.2
Query_1	1392250_MSFO01000008.1	59.770	87	35	0	126	212	571333	571073	2.18e-49	118
Query_1	1392250_MSFO01000008.1	58.333	72	29	1	55	125	571634	571419	2.18e-49	77.4
Query_1	1392250_MSFO01000008.1	53.571	56	20	2	3	52	571869	571702	2.18e-49	52.8
Query_1	41047_NKHU02000089.1	44.978	229	90	3	20	212	21354	20668	4.83e-49	184
Query_1	156630_PEJP01000001.1	48.319	238	78	6	20	212	404906	404193	5.71e-49	184
Query_1	156630_PEJP01000001.1	55.625	160	69	2	55	212	352045	352524	9.39e-43	166
Query_1	156630_PDUP01000017.1	46.693	257	83	7	10	212	2106	1336	8.01e-49	184
Query_1	156630_PDWY01000007.1	46.693	257	83	7	10	212	402071	401301	8.01e-49	184
Query_1	156630_PDWY01000007.1	55.625	160	69	2	55	212	349644	350123	2.42e-42	165
Query_1	227321_CH236928.1	57.233	159	66	2	55	212	680862	680389	1.03e-48	180
Query_1	227321_CH236928.1	38.806	67	34	2	1	60	681106	680906	1.03e-48	45.4
Query_1	1506151_ML736753.1	57.471	87	37	0	126	212	278038	278298	2.02e-47	114
Query_1	1506151_ML736753.1	44.898	147	57	4	3	125	277526	277966	2.02e-47	106
Query_1	1506151_ML734293.1	57.471	87	37	0	126	212	191680	191420	2.03e-47	114
Query_1	1506151_ML734293.1	44.898	147	57	4	3	125	192192	191752	2.03e-47	106
Query_1	61420_ML737725.1	56.818	88	38	0	125	212	18219	17956	1.11e-46	116
Query_1	61420_ML737725.1	46.923	130	50	3	15	125	18677	18288	1.11e-46	102
Query_1	759272_GL988046.1	55.625	160	70	1	55	213	1747055	1746576	1.99e-46	177
Query_1	341663_CH476599.1	60.920	87	34	0	126	212	1555920	1555660	2.97e-46	119
Query_1	341663_CH476599.1	46.032	126	47	2	21	125	1556372	1555995	2.97e-46	98.2
Query_1	1450534_KZ825422.1	59.770	87	35	0	126	212	62267	62527	1.98e-45	114
Query_1	1450534_KZ825422.1	42.405	158	53	3	6	125	61696	62169	1.98e-45	100
Query_1	132259_ML743551.1	56.322	87	38	0	126	212	433806	434066	2.12e-45	114
Query_1	132259_ML743551.1	46.154	130	51	3	15	125	433345	433734	2.12e-45	100
Query_1	1448316_KZ824513.1	60.000	90	36	0	123	212	694	425	2.25e-45	118
Query_1	1448316_KZ824513.1	44.361	133	52	3	15	125	1182	784	2.25e-45	96.3
Query_1	109264_LYCR01000047.1	55.682	88	39	0	125	212	54567	54304	2.46e-45	112
Query_1	109264_LYCR01000047.1	46.154	130	51	3	15	125	55021	54632	2.46e-45	101
Query_1	341663_CH476598.1	43.750	144	57	3	6	125	202336	201905	3.62e-45	108
Query_1	341663_CH476598.1	52.809	89	42	0	124	212	201849	201583	3.62e-45	104
Query_1	1450539_KZ821229.1	47.716	197	67	3	51	212	445653	446240	5.73e-45	172
Query_1	1450539_KZ821229.1	46.667	60	24	1	9	60	445427	445606	0.36	46.2
Query_1	1186058_JH977537.1	56.051	157	68	1	55	211	9313	8846	9.85e-45	172
Query_1	1448321_MSFL01000021.1	37.134	307	93	5	6	212	258583	259503	6.73e-44	169
Query_1	1341132_KZ852034.1	47.340	188	69	2	55	212	1115118	1115681	7.63e-44	169
Query_1	1341132_PUWS01000001.1	58.427	89	37	0	124	212	1153807	1153541	4.88e-43	114
Query_1	1341132_PUWS01000001.1	52.778	72	33	1	55	125	1154105	1153890	4.88e-43	74.3
Query_1	1341132_PUWS01000001.1	42.308	52	22	2	9	52	1154379	1154224	4.88e-43	38.5
Query_1	209559_ML733065.1	58.621	87	36	0	126	212	28547	28807	7.08e-43	114
Query_1	209559_ML733065.1	45.528	123	49	3	21	125	28104	28472	7.08e-43	92.0
Query_1	1450533_KZ821361.1	58.427	89	37	0	124	212	395134	394868	1.24e-42	114
Query_1	1450533_KZ821361.1	52.778	72	33	1	55	125	395430	395215	1.24e-42	74.3
Query_1	1450533_KZ821361.1	42.308	52	22	2	9	52	395707	395552	1.24e-42	37.0
Query_1	578455_CP003012.1	46.977	215	83	4	21	205	4202760	4202119	1.54e-42	166
Query_1	578455_CP003012.1	46.847	111	49	1	87	197	287634	287936	3.03e-16	90.5
Query_1	5599_VZUP01000001.1	57.955	88	36	1	126	212	3312034	3311771	2.09e-42	107
Query_1	5599_VZUP01000001.1	46.053	152	51	5	5	125	3312548	3312093	2.09e-42	97.4
Query_1	5599_VZUP01000001.1	55.625	160	69	2	55	212	3259773	3260252	2.42e-42	165
Query_1	5599_VZUP01000001.1	28.571	126	78	4	42	167	6718634	6718975	1.4	44.3
Query_1	306901_CH408033.1	55.280	161	68	3	55	213	1765576	1766052	3.02e-42	165
Query_1	209559_ML735263.1	57.471	87	37	0	126	212	126316	126576	3.18e-42	112
Query_1	209559_ML735263.1	45.528	123	49	3	21	125	125873	126241	3.18e-42	92.0
Query_1	209559_ML733082.1	45.374	227	81	5	26	212	312361	311690	4.07e-42	164
Query_1	1448314_MSFU01000007.1	61.364	88	34	0	125	212	681572	681835	5.19e-42	118
Query_1	1448314_MSFU01000007.1	50.667	75	36	1	52	125	681256	681480	5.19e-42	72.4
Query_1	1448314_MSFU01000007.1	35.849	53	28	1	6	52	681003	681161	5.19e-42	33.5
Query_1	1448317_KZ824564.1	60.227	88	35	0	125	212	36745	37008	7.76e-42	115
Query_1	1448317_KZ824564.1	52.778	72	33	1	55	125	36431	36646	7.76e-42	73.9
Query_1	1448317_KZ824564.1	48.889	45	19	2	12	52	36175	36309	7.76e-42	33.9
Query_1	331117_DS027693.1	48.023	177	73	2	55	212	525576	525046	8.92e-42	159
Query_1	331117_DS027693.1	44.444	54	28	1	1	52	525803	525642	8.92e-42	42.7
Query_1	690256_PHOC01000343.1	53.416	161	73	2	55	213	190765	191247	1.28e-41	163
Query_1	690256_SSNE01000047.1	53.416	161	73	2	55	213	284562	285044	1.28e-41	163
Query_1	156630_PDUP01000002.1	55.000	160	70	2	55	212	50682	50203	1.84e-41	162
Query_1	573729_CP003005.1	49.718	177	84	3	41	212	1456646	1456116	2.06e-41	162
Query_1	1229662_KI912114.1	59.036	83	34	0	126	208	2205770	2205522	2.47e-41	105
Query_1	1229662_KI912114.1	44.366	142	56	3	7	125	2206266	2205841	2.47e-41	95.1
Query_1	1229662_KI912114.1	33.152	184	87	5	3	154	2148173	2147634	3.03e-11	75.9
Query_1	209559_ML735354.1	44.934	227	82	5	26	212	63983	64654	5.04e-41	161
Query_1	342668_KV460243.1	58.571	140	57	1	59	197	157945	158364	5.15e-41	158
Query_1	342668_KV460243.1	62.069	29	11	0	24	52	157769	157855	5.15e-41	41.2
Query_1	1448315_KZ821684.1	60.920	87	34	0	126	212	345562	345302	6.40e-41	115
Query_1	1448315_KZ821684.1	52.747	91	42	1	36	125	345932	345660	6.40e-41	84.0
Query_1	1448315_KZ821684.1	39.706	68	32	2	6	64	346125	345922	1.8	43.9
Query_1	660122_GG698925.1	52.564	156	72	2	59	212	118069	118536	6.83e-41	161
Query_1	1664694_LFJN01000033.1	39.453	256	108	5	1	211	217005	217766	1.39e-40	160
Query_1	1095630_KZ613855.1	48.619	181	70	3	55	213	89904	90443	1.80e-40	154
Query_1	1095630_KZ613855.1	46.154	52	23	2	6	52	89693	89848	1.80e-40	43.5
Query_1	983964_KZ679698.1	55.556	90	39	1	125	213	251259	251528	1.90e-40	105
Query_1	983964_KZ679698.1	48.438	128	44	4	20	125	250820	251203	1.90e-40	92.8
Query_1	149040_KQ947414.1	55.422	83	37	0	126	208	520003	520251	1.94e-40	100
Query_1	149040_KQ947414.1	55.556	72	31	1	55	125	519723	519938	1.94e-40	71.2
Query_1	149040_KQ947414.1	47.273	55	26	2	1	52	519500	519664	1.94e-40	46.6
Query_1	1448313_KZ825062.1	44.690	226	86	5	26	212	1032210	1032887	2.17e-40	159
Query_1	671987_KB908814.1	56.667	90	38	1	125	213	944179	944448	2.63e-40	105
Query_1	671987_KB908814.1	56.944	72	30	1	55	125	943910	944125	2.63e-40	70.1
Query_1	671987_KB908814.1	46.552	58	21	3	5	52	943647	943820	2.63e-40	42.0
Query_1	413071_ABDF02000079.1	57.778	90	37	1	125	213	169709	169440	3.50e-40	108
Query_1	413071_ABDF02000079.1	59.459	74	29	1	53	125	169986	169765	3.50e-40	75.5
Query_1	413071_ABDF02000079.1	48.837	43	17	3	20	57	170146	170018	3.50e-40	33.9
Query_1	645133_GG697407.1	41.441	222	111	4	7	212	10230	10886	3.76e-40	159
Query_1	665912_KB445642.1	57.303	89	37	1	126	213	688633	688899	7.90e-40	105
Query_1	665912_KB445642.1	42.568	148	53	5	10	125	688112	688555	7.90e-40	90.1
Query_1	148305_PJYT01000978.1	36.806	288	94	5	1	200	3293	4156	8.45e-40	158
Query_1	148305_PJYT01001609.1	36.806	288	94	5	1	200	3293	4156	8.45e-40	158
Query_1	148305_PJXS01003304.1	36.806	288	94	5	1	200	14527	15390	8.79e-40	158
Query_1	1051616_SPUV01000004.1	47.541	183	89	3	36	213	227515	226973	8.80e-40	158
Query_1	1051616_RBVV01000005.1	47.541	183	89	3	36	213	397900	397358	8.81e-40	158
Query_1	1051616_WGLK01000004.1	47.541	183	89	3	36	213	354373	353831	8.81e-40	158
Query_1	1051616_PDEZ01000045.1	47.541	183	89	3	36	213	354800	354258	8.81e-40	158
Query_1	515849_CU633438.1	45.098	204	90	5	30	212	315903	316511	9.71e-40	157
Query_1	148305_LOFB01000861.1	36.806	288	94	5	1	200	22806	23669	1.22e-39	157
Query_1	148305_LOEM01001109.1	36.806	288	94	5	1	200	81508	80645	1.23e-39	157
Query_1	148305_CM015043.1	36.806	288	94	5	1	200	376397	375534	1.24e-39	157
Query_1	148305_CM015043.1	30.097	103	69	1	107	209	946839	947138	4.67e-05	57.8
Query_1	930091_KI968712.1	47.692	195	73	3	48	213	189283	188699	1.78e-39	157
Query_1	690307_KV878981.1	60.000	90	36	0	123	212	11918	11649	2.32e-39	116
Query_1	690307_KV878981.1	50.549	91	44	1	36	125	12276	12004	2.32e-39	77.4
Query_1	690307_KV878981.1	47.273	55	21	1	6	52	12470	12306	2.0	43.9
Query_1	665024_KB733464.1	58.427	89	36	1	126	213	455567	455833	3.12e-39	106
Query_1	665024_KB733464.1	40.789	152	58	5	6	125	455049	455504	3.12e-39	87.8
Query_1	526221_DS985223.1	50.000	160	79	1	55	213	409339	409818	3.50e-39	156
Query_1	426418_DS231630.1	54.658	161	69	3	55	212	347772	347293	6.88e-39	155
Query_1	426418_DS231630.1	48.315	89	45	1	125	212	117489	117223	1.15e-31	86.7
Query_1	426418_DS231630.1	43.939	132	46	5	21	125	117937	117545	1.15e-31	82.0
Query_1	1279085_HF679032.1	45.745	188	89	5	36	211	550039	549479	8.19e-39	155
Query_1	1448311_KZ821616.1	59.140	93	38	0	120	212	883164	883442	1.13e-38	117
Query_1	1448311_KZ821616.1	52.778	72	33	1	55	125	882860	883075	1.13e-38	73.9
Query_1	1227346_FJOF01000008.1	45.745	188	89	5	36	211	672742	672182	1.28e-38	154
Query_1	930090_KI963939.1	56.180	89	38	1	126	213	218026	218292	1.49e-38	102
Query_1	930090_KI963939.1	42.568	148	53	4	10	125	217511	217954	1.49e-38	89.4
Query_1	930089_KI964758.1	47.179	195	74	3	48	213	4906	4322	2.32e-38	154
Query_1	383855_KB446555.1	49.457	184	76	2	46	212	5498694	5498143	3.76e-38	153
Query_1	383855_KB446555.1	40.000	65	36	1	10	71	5498872	5498678	1.2	44.3
Query_1	1448313_KZ825079.1	60.674	89	35	0	124	212	166146	166412	3.81e-38	116
Query_1	1448313_KZ825079.1	52.778	72	33	1	55	125	165857	166072	3.81e-38	73.6
Query_1	334819_CM000587.1	45.161	186	91	4	36	211	122719	123273	3.84e-38	153
Query_1	1448322_KZ824934.1	59.770	87	35	0	126	212	56506	56766	4.12e-38	114
Query_1	1448322_KZ824934.1	50.549	91	44	1	36	125	56136	56408	4.12e-38	75.5
Query_1	1448322_KZ824934.1	45.455	55	22	1	6	52	55942	56106	1.8	43.9
Query_1	756982_JH119042.1	40.909	242	104	6	7	212	501416	500700	4.93e-38	153
Query_1	334819_CM000582.1	39.850	266	105	8	1	212	84368	85162	9.88e-38	152
Query_1	1392248_MSFM01000004.1	49.398	83	42	0	126	208	1160562	1160314	1.77e-37	102
Query_1	1392248_MSFM01000004.1	42.857	126	47	3	24	125	1161020	1160646	1.77e-37	85.9
Query_1	1089451_KK036139.1	50.641	156	73	3	59	211	81541	81077	2.30e-37	151
Query_1	426428_MALV01000702.1	50.641	156	73	3	59	211	32721	33185	2.30e-37	151
Query_1	426428_MALW01000365.1	50.641	156	73	3	59	211	139268	138804	2.30e-37	151
Query_1	426428_CM000599.1	50.641	156	73	3	59	211	335580	335116	2.31e-37	151
Query_1	426428_CM010343.1	50.641	156	73	3	59	211	336391	335927	2.31e-37	151
Query_1	660029_JH717847.1	50.641	156	73	3	59	211	1969398	1969862	2.64e-37	150
Query_1	1209926_MJBS01000024.1	41.624	197	108	3	20	212	339861	339280	5.94e-37	150
Query_1	149040_KQ947404.1	57.955	88	37	0	126	213	2186702	2186965	8.62e-37	105
Query_1	149040_KQ947404.1	52.941	68	31	1	59	125	2186437	2186640	8.62e-37	67.0
Query_1	149040_KQ947404.1	42.857	42	24	0	11	52	2186241	2186366	8.62e-37	33.5
Query_1	1448310_KZ821458.1	58.889	90	37	0	123	212	350570	350839	8.81e-37	111
Query_1	1448310_KZ821458.1	52.778	72	33	1	55	125	350281	350496	8.81e-37	73.9
Query_1	1286976_KB933322.1	54.023	87	40	0	126	212	33297	33557	1.32e-36	100
Query_1	1286976_KB933322.1	45.455	77	41	1	55	130	33020	33250	1.32e-36	62.4
Query_1	1286976_KB933322.1	54.286	35	14	1	20	52	32817	32921	1.32e-36	42.7
Query_1	209559_ML733077.1	78.409	88	19	0	126	213	392298	392561	1.80e-36	148
Query_1	209559_ML733077.1	57.600	125	49	3	40	162	391990	392358	9.17e-31	132
Query_1	209559_ML733077.1	86.207	29	4	0	26	54	391892	391978	1.54e-09	57.4
Query_1	209559_ML733077.1	72.000	25	7	0	1	25	391764	391838	1.54e-09	36.6
Query_1	156630_PDWY01000024.1	42.661	218	116	4	1	212	294771	295415	1.91e-36	148
Query_1	156630_SJDP01000097.1	42.661	218	116	4	1	212	80506	79862	1.92e-36	148
Query_1	156630_PDUP01000028.1	42.661	218	116	4	1	212	140899	140255	1.93e-36	148
Query_1	156630_PEJP01000028.1	42.661	218	116	4	1	212	141046	140402	1.93e-36	148
Query_1	5599_WIRD01000008.1	42.661	218	116	4	1	212	2044181	2043537	2.41e-36	148
Query_1	5599_VEOK01000007.1	42.661	218	116	4	1	212	2025056	2024412	3.03e-36	147
Query_1	231269_QGDX01000049.1	53.333	135	62	1	79	212	143638	144042	3.09e-36	147
Query_1	231269_QKXC01000071.1	53.333	135	62	1	79	212	21330	20926	3.09e-36	147
Query_1	5599_SJDQ01001154.1	42.202	218	117	4	1	212	2353	1709	3.39e-36	147
Query_1	5599_LPVP01000020.1	42.202	218	117	4	1	212	386129	386773	3.47e-36	147
Query_1	5599_KV441493.1	42.202	218	117	4	1	212	392111	392755	3.47e-36	147
Query_1	5599_VEOJ01000006.1	42.202	218	117	4	1	212	1993556	1992912	3.47e-36	147
Query_1	5599_LSHC01000265.1	42.202	218	117	4	1	212	140994	140350	3.67e-36	147
Query_1	5599_PDXD01000048.1	42.202	218	117	4	1	212	126291	125647	3.67e-36	147
Query_1	5599_BJEP01000009.1	42.202	218	117	4	1	212	396978	397622	3.68e-36	147
Query_1	660029_JH717848.1	38.362	232	102	5	21	212	522377	523069	4.42e-36	147
Query_1	426418_DS231619.1	40.928	237	111	6	1	212	401218	400520	4.64e-36	147
Query_1	426418_DS231619.1	33.065	124	62	4	10	127	2472762	2472436	7.6	42.0
Query_1	122368_CM008499.1	50.588	85	39	1	127	208	3446528	3446782	6.31e-36	92.0
Query_1	122368_CM008499.1	53.333	75	34	1	53	126	3446248	3446472	6.31e-36	68.9
Query_1	122368_CM008499.1	45.455	55	22	1	6	52	3446024	3446188	6.31e-36	42.4
Query_1	122368_PDUH01000001.1	50.588	85	39	1	127	208	1991739	1991993	6.38e-36	92.0
Query_1	122368_PDUH01000001.1	53.333	75	34	1	53	126	1991459	1991683	6.38e-36	68.9
Query_1	122368_PDUH01000001.1	45.455	55	22	1	6	52	1991235	1991399	6.38e-36	42.4
Query_1	122368_PDUI01000007.1	50.588	85	39	1	127	208	214855	214601	6.51e-36	92.0
Query_1	122368_PDUI01000007.1	53.333	75	34	1	53	126	215135	214911	6.51e-36	68.9
Query_1	122368_PDUI01000007.1	45.455	55	22	1	6	52	215359	215195	6.51e-36	42.4
Query_1	209559_ML735223.1	78.161	87	19	0	126	212	211148	210888	7.65e-36	146
Query_1	209559_ML735223.1	57.600	125	49	3	40	162	211456	211088	5.83e-31	132
Query_1	209559_ML735223.1	86.207	29	4	0	26	54	211554	211468	4.90e-09	57.4
Query_1	209559_ML735223.1	68.000	25	8	0	1	25	211682	211608	4.90e-09	35.0
Query_1	1028729_CM003198.1	46.154	182	74	4	55	213	7642644	7642102	8.85e-36	146
Query_1	1028729_CM003198.1	43.956	91	47	2	126	212	11498175	11497903	2.65e-20	72.4
Query_1	1028729_CM003198.1	45.833	72	37	1	55	126	11498443	11498234	2.65e-20	57.8
Query_1	1028729_CM003198.1	32.192	146	78	5	28	154	5083115	5083546	2.99e-14	60.5
Query_1	1028729_CM003198.1	40.385	52	31	0	161	212	5083609	5083764	2.99e-14	49.3
Query_1	5599_LMXP01000010.1	43.434	198	104	3	21	212	1984895	1984308	9.56e-36	146
Query_1	1089451_KK036127.1	37.931	232	103	5	21	212	330664	329972	1.04e-35	146
Query_1	930091_KI968704.1	42.056	214	100	4	21	212	103458	104093	1.07e-35	146
Query_1	930089_KI964568.1	42.056	214	100	4	21	212	136554	135919	1.30e-35	146
Query_1	229533_CM000574.1	45.604	182	75	4	55	213	7562831	7562289	1.49e-35	145
Query_1	229533_CM000574.1	33.333	147	75	2	1	126	11485689	11485255	6.47e-25	73.2
Query_1	229533_CM000574.1	43.956	91	47	2	126	212	11485196	11484924	6.47e-25	72.4
Query_1	229533_CM000574.1	33.103	145	77	4	28	154	5180441	5180869	4.74e-17	67.0
Query_1	229533_CM000574.1	42.308	52	30	0	161	212	5180932	5181087	4.74e-17	52.4
Query_1	426428_MALW01000438.1	54.074	135	61	1	79	212	11428	11024	1.61e-35	145
Query_1	426428_MALV01000076.1	54.074	135	61	1	79	212	10750	11154	1.61e-35	145
Query_1	426428_CM010339.1	54.074	135	61	1	79	212	162107	161703	1.64e-35	145
Query_1	660029_JH717843.1	54.074	135	61	1	79	212	251564	251160	1.64e-35	145
Query_1	665024_KB733444.1	41.589	214	101	4	21	212	1287052	1287687	2.30e-35	145
Query_1	341663_CH476596.1	57.471	87	37	0	126	212	695439	695179	2.62e-35	109
Query_1	341663_CH476596.1	47.059	102	47	2	31	125	695819	695514	2.62e-35	71.2
Query_1	1227346_FJOF01000007.1	54.074	135	61	1	79	212	2622567	2622971	3.13e-35	145
Query_1	1279085_HF679027.1	54.074	135	61	1	79	212	98845	98441	3.13e-35	145
Query_1	229533_CM000575.1	52.593	135	63	1	79	212	8382481	8382077	3.80e-35	144
Query_1	229533_CM000575.1	44.118	136	65	3	59	192	6851379	6851759	6.24e-17	90.1
Query_1	229533_CM000575.1	43.590	39	17	2	21	54	6851171	6851287	6.24e-17	28.9
Query_1	229533_CM000575.1	53.846	52	23	1	161	211	6851741	6851896	8.17e-06	60.1
Query_1	1089451_KK036132.1	54.074	135	61	1	79	212	139788	139384	5.68e-35	144
Query_1	112498_FJUY01000032.1	37.175	269	108	6	1	208	17303	18109	5.95e-35	144
Query_1	112498_FJUY01000032.1	41.011	178	99	5	39	212	18680	19207	6.26e-23	109
Query_1	112498_CZLF01000070.1	37.175	269	108	6	1	208	92881	92075	5.95e-35	144
Query_1	112498_CZLF01000070.1	41.011	178	99	5	39	212	91504	90977	1.17e-22	108
Query_1	1028729_CM003199.1	52.593	135	63	1	79	212	3660907	3661311	6.03e-35	144
Query_1	1028729_CM003199.1	44.853	136	64	3	59	192	5226515	5226135	8.67e-17	89.0
Query_1	1028729_CM003199.1	43.590	39	17	2	21	54	5226723	5226607	8.67e-17	29.3
Query_1	1028729_CM003199.1	57.692	52	21	1	159	209	5226159	5226004	3.18e-07	63.9
Query_1	665912_KB445637.1	41.121	214	102	4	21	212	1088752	1088117	1.28e-34	143
Query_1	5599_VZUP01000008.1	44.335	203	104	4	1	197	393328	393927	1.30e-34	143
Query_1	231269_QGDX01000094.1	43.094	181	96	3	38	211	88826	89368	1.61e-34	142
Query_1	426428_MALW01000183.1	38.362	232	102	5	21	212	19426	20118	1.84e-34	142
Query_1	426428_MALV01000838.1	38.362	232	102	5	21	212	19343	20035	1.84e-34	142
Query_1	426428_CM000600.1	38.362	232	102	5	21	212	337294	337986	1.85e-34	142
Query_1	426428_CM010344.1	38.362	232	102	5	21	212	341508	342200	1.85e-34	142
Query_1	231269_QKXC01000204.1	52.308	130	61	1	83	211	111476	111087	2.13e-34	142
Query_1	498257_DS572719.1	49.133	173	85	2	42	213	164679	165191	2.30e-34	142
Query_1	498257_CP010983.1	49.133	173	85	2	42	213	2689097	2689609	2.31e-34	142
Query_1	56646_LN649230.1	51.493	134	64	1	80	212	3865804	3866205	3.36e-34	142
Query_1	56646_LN649230.1	45.714	175	72	4	59	211	5424329	5423808	1.70e-31	134
Query_1	1448312_KZ824797.1	40.704	199	74	2	59	213	280661	280065	5.33e-34	141
Query_1	515849_CU633899.1	44.944	89	48	1	126	213	364813	365079	8.21e-34	89.4
Query_1	515849_CU633899.1	42.969	128	47	3	21	125	364368	364742	8.21e-34	86.3
Query_1	33203_LSBI01000024.1	45.198	177	74	3	59	212	107851	108381	1.04e-33	140
Query_1	33203_SCGX01000060.1	45.198	177	74	3	59	212	268096	267566	1.04e-33	140
Query_1	33203_SCGN01000046.1	45.198	177	74	3	59	212	23746	24276	1.04e-33	140
Query_1	33203_LCWV01000001.1	45.198	177	74	3	59	212	2768952	2768422	1.04e-33	140
Query_1	33203_LSBH01000005.1	45.198	177	74	3	59	212	109190	109720	1.04e-33	140
Query_1	334819_CM000581.1	43.820	178	79	3	55	212	3758297	3758827	1.18e-33	140
Query_1	1578925_CM014988.1	36.653	251	115	5	6	212	1538333	1539085	1.60e-33	140
Query_1	759273_CM004455.1	40.404	198	110	3	20	212	490987	490403	1.65e-33	140
Query_1	148305_RHLM01000066.1	36.653	251	115	5	6	212	6264	5512	1.84e-33	140
Query_1	1392255_MSZS01000001.1	42.793	222	86	7	29	212	2544345	2545001	2.31e-33	139
Query_1	1392255_MSZS01000001.1	42.135	178	89	6	37	213	3938577	3938083	1.00e-25	117
Query_1	33203_LOFA01000001.1	44.633	177	75	3	59	212	3615621	3615091	3.67e-33	139
Query_1	498257_CP010984.1	52.273	88	41	1	126	212	2954478	2954215	4.05e-33	100
Query_1	498257_CP010984.1	45.833	72	38	1	55	125	2954759	2954544	4.05e-33	58.9
Query_1	498257_CP010984.1	36.111	72	26	2	1	52	2955031	2954816	4.05e-33	34.7
Query_1	498257_CP010984.1	39.594	197	76	3	59	212	3310446	3309856	2.62e-31	133
Query_1	498257_DS572710.1	52.273	88	41	1	126	212	490489	490752	4.16e-33	100
Query_1	498257_DS572710.1	45.833	72	38	1	55	125	490208	490423	4.16e-33	58.9
Query_1	498257_DS572710.1	36.111	72	26	2	1	52	489936	490151	4.16e-33	34.7
Query_1	498257_DS572710.1	39.594	197	76	3	59	212	133741	134331	2.62e-31	133
Query_1	41067_KZ559133.1	66.667	105	35	0	29	133	385146	385460	5.24e-33	138
Query_1	41067_KZ559133.1	60.215	93	37	0	120	212	385511	385789	7.27e-25	115
Query_1	1448315_KZ821679.1	51.136	88	43	0	126	213	433858	434121	6.27e-33	102
Query_1	1448315_KZ821679.1	42.857	91	51	1	36	125	433476	433748	6.27e-33	70.9
Query_1	1578925_PQBJ01002725.1	36.842	247	112	5	6	208	107182	106442	7.04e-33	138
Query_1	985895_FP929105.1	39.906	213	105	4	21	212	1582653	1583285	7.27e-33	138
Query_1	41067_KZ559124.1	51.807	83	40	0	126	208	104042	104290	7.66e-33	104
Query_1	41067_KZ559124.1	54.167	72	32	1	55	125	103732	103947	7.66e-33	68.2
Query_1	690256_PHOC01000129.1	39.086	197	113	3	20	212	198730	198149	6.42e-32	135
Query_1	690256_SSNE01000025.1	39.086	197	113	3	20	212	498837	499418	6.42e-32	135
Query_1	1380566_CM008061.1	45.455	88	47	1	126	212	2774936	2775199	8.75e-32	87.4
Query_1	1380566_CM008061.1	45.113	133	47	7	18	125	2774472	2774867	8.75e-32	81.6
Query_1	985895_FP929065.1	53.409	88	40	1	126	212	620399	620136	1.47e-31	102
Query_1	985895_FP929065.1	52.778	72	33	1	55	125	620700	620485	1.47e-31	65.9
Query_1	1460663_KV441554.1	46.552	174	74	3	59	213	1308119	1307598	1.49e-31	134
Query_1	1460663_KV441554.1	30.583	206	116	6	27	211	896312	896911	2.26e-11	76.3
Query_1	515849_CU633872.1	42.286	175	82	3	57	212	919964	919440	1.85e-31	134
Query_1	526221_DS985227.1	46.591	88	46	1	126	212	365549	365812	4.14e-31	92.8
Query_1	526221_DS985227.1	43.651	126	51	5	20	125	365083	365460	4.14e-31	73.9
Query_1	526221_DS985227.1	53.409	88	40	1	126	212	696227	695964	6.56e-30	102
Query_1	526221_DS985227.1	47.222	72	37	1	55	125	696508	696293	6.56e-30	60.8
Query_1	1051616_PDEZ01000042.1	46.067	89	47	1	126	213	130769	130503	5.15e-31	90.9
Query_1	1051616_PDEZ01000042.1	43.651	126	51	5	20	125	131236	130859	5.15e-31	75.5
Query_1	1051616_WGLK01000026.1	46.067	89	47	1	126	213	129949	129683	5.15e-31	90.9
Query_1	1051616_WGLK01000026.1	43.651	126	51	5	20	125	130416	130039	5.15e-31	75.5
Query_1	1051616_RBVV01000235.1	46.067	89	47	1	126	213	2570	2836	5.31e-31	90.9
Query_1	1051616_RBVV01000235.1	43.651	126	51	5	20	125	2103	2480	5.31e-31	75.5
Query_1	383855_KB446558.1	43.575	179	80	3	55	212	5851736	5851200	9.18e-31	132
Query_1	660122_GG698965.1	36.122	263	117	7	1	212	66442	65654	9.77e-31	132
Query_1	690307_KV878974.1	52.809	89	42	0	125	213	690005	690271	1.24e-30	101
Query_1	690307_KV878974.1	48.611	72	36	1	55	125	689671	689886	1.24e-30	63.9
Query_1	1209926_MJBS01000088.1	43.689	206	68	5	55	213	96696	96082	1.32e-30	131
Query_1	1664694_LFJN01000001.1	35.417	192	76	4	20	165	154246	153677	3.29e-30	99.8
Query_1	1664694_LFJN01000001.1	54.348	46	21	0	167	212	153620	153483	3.29e-30	63.5
Query_1	1664694_LFJN01000001.1	38.462	182	98	5	35	212	1445458	1445973	1.43e-24	114
Query_1	1051616_RBVV01000008.1	53.409	88	40	1	126	212	238595	238858	5.28e-30	102
Query_1	1051616_RBVV01000008.1	42.353	85	48	1	42	125	238275	238529	5.28e-30	61.2
Query_1	1051616_WGLK01000067.1	53.409	88	40	1	126	212	207030	206767	5.31e-30	102
Query_1	1051616_WGLK01000067.1	42.353	85	48	1	42	125	207350	207096	5.31e-30	61.2
Query_1	1051616_SPUV01000028.1	53.409	88	40	1	126	212	13628	13365	5.33e-30	102
Query_1	1051616_SPUV01000028.1	42.353	85	48	1	42	125	13948	13694	5.33e-30	61.2
Query_1	1051616_PDEZ01000206.1	53.409	88	40	1	126	212	19930	20193	5.41e-30	102
Query_1	1051616_PDEZ01000206.1	42.353	85	48	1	42	125	19610	19864	5.41e-30	61.2
Query_1	1160497_KV878914.1	36.293	259	118	9	1	212	293364	294140	6.36e-30	129
Query_1	1286976_KB932799.1	36.820	239	119	4	4	212	29097	28387	2.13e-29	128
Query_1	1314773_ML119051.1	37.500	200	83	2	55	212	4647722	4648321	2.48e-29	128
Query_1	1314773_ML119051.1	45.872	109	39	1	73	161	7327209	7326883	2.30e-28	88.6
Query_1	1314773_ML119051.1	45.614	57	30	1	157	212	7326838	7326668	2.30e-28	55.5
Query_1	1314773_ML119051.1	47.917	48	20	2	12	54	7327466	7327323	2.30e-28	33.5
Query_1	1314773_ML119051.1	43.820	89	48	2	126	212	7027646	7027380	7.02e-22	79.3
Query_1	1314773_ML119051.1	45.833	72	36	2	55	125	7027965	7027756	7.02e-22	56.2
Query_1	671987_KB908482.1	42.941	170	90	3	44	212	620948	621439	6.18e-29	127
Query_1	306901_CH408034.1	52.381	105	43	1	116	213	3311696	3312010	1.35e-28	122
Query_1	306901_CH408034.1	30.189	106	37	2	37	105	3311367	3311684	1.35e-28	36.2
Query_1	1448322_KZ824962.1	45.455	88	48	0	126	213	16822	17085	2.46e-28	94.4
Query_1	1448322_KZ824962.1	46.667	75	39	1	55	128	16497	16721	2.46e-28	63.2
Query_1	336722_CM001197.1	46.591	88	46	1	126	212	2082585	2082322	4.91e-28	84.7
Query_1	336722_CM001197.1	49.412	85	40	2	43	125	2082893	2082642	4.91e-28	71.6
Query_1	336722_CM001197.1	40.741	54	30	1	1	52	2083075	2082914	4.6	42.7
Query_1	930090_KI963923.1	44.654	159	85	2	55	212	51535	52005	5.99e-28	124
Query_1	1209926_MJBS01000012.1	47.191	89	47	0	125	213	219300	219034	9.03e-28	88.2
Query_1	1209926_MJBS01000012.1	41.096	73	38	3	55	125	219578	219369	9.03e-28	44.3
Query_1	1209926_MJBS01000012.1	41.176	68	26	2	7	61	219870	219670	9.03e-28	43.1
Query_1	1209926_MJBS01000012.1	31.579	133	85	5	55	183	118801	118409	4.10e-07	54.3
Query_1	1209926_MJBS01000012.1	57.143	21	9	0	30	50	118961	118899	4.10e-07	31.2
Query_1	242507_CM001235.1	32.075	265	122	4	6	212	1829253	1830047	1.22e-27	123
Query_1	253628_KN847543.1	42.138	159	89	2	55	212	70793	71263	1.37e-27	123
Query_1	321614_CH445363.1	48.462	130	67	0	83	212	127486	127875	2.74e-27	122
Query_1	563466_JOWA01000092.1	42.138	159	89	2	55	212	165452	164982	4.88e-27	121
Query_1	563466_MVOQ01000002.1	42.138	159	89	2	55	212	1858921	1859391	5.65e-27	121
Query_1	1227346_FJOF01000003.1	44.318	88	48	1	126	212	581699	581436	6.41e-27	81.3
Query_1	1227346_FJOF01000003.1	50.704	71	34	1	55	125	581965	581756	6.41e-27	71.2
Query_1	231269_QGDX01000004.1	49.438	89	44	1	126	213	51419	51685	1.58e-26	99.0
Query_1	231269_QGDX01000004.1	46.575	73	36	2	55	125	51151	51366	1.58e-26	52.4
Query_1	771870_CABT02000015.1	32.444	225	119	5	18	212	129111	128446	1.61e-26	120
Query_1	56646_LN649229.1	38.926	149	60	5	7	126	11737171	11736731	2.83e-26	77.8
Query_1	56646_LN649229.1	42.857	91	48	2	126	212	11736672	11736400	2.83e-26	72.4
Query_1	56646_LN649229.1	34.682	173	108	2	46	213	7608496	7607978	5.26e-20	101
Query_1	56646_LN649229.1	32.117	137	74	3	35	154	5361635	5362039	4.58e-14	60.1
Query_1	56646_LN649229.1	40.385	52	31	0	161	212	5362102	5362257	4.58e-14	48.9
Query_1	56646_LN649229.1	47.222	72	37	1	55	125	7608521	7608306	2.32e-06	61.6
Query_1	231269_QKXC01000041.1	49.438	89	44	1	126	213	110861	111127	4.83e-26	97.8
Query_1	231269_QKXC01000041.1	46.575	73	36	2	55	125	110593	110808	4.83e-26	51.6
Query_1	321614_CH445367.1	47.191	89	46	1	126	213	108706	108972	3.39e-25	88.2
Query_1	321614_CH445367.1	40.506	79	44	1	48	126	108429	108656	3.39e-25	53.5
Query_1	321614_CH445367.1	37.838	37	20	1	21	54	108205	108315	3.39e-25	25.0
Query_1	526221_DS985220.1	40.602	133	76	2	31	162	1538749	1538357	6.69e-25	92.0
Query_1	526221_DS985220.1	39.655	58	35	0	155	212	1538328	1538155	6.69e-25	53.9
Query_1	526221_DS985220.1	29.091	165	79	4	80	211	403403	402924	1.14e-05	59.3
Query_1	1229662_KI912115.1	33.333	240	123	6	3	212	430960	431658	7.20e-25	115
Query_1	1229662_KI912115.1	36.019	211	110	6	20	208	1891355	1891978	3.93e-18	95.9
Query_1	1051616_PDEZ01000046.1	40.602	133	76	2	31	162	279085	278693	1.63e-24	92.0
Query_1	1051616_PDEZ01000046.1	37.931	58	36	0	155	212	278664	278491	1.63e-24	52.8
Query_1	1051616_WGLK01000051.1	40.602	133	76	2	31	162	74899	74507	1.64e-24	92.0
Query_1	1051616_WGLK01000051.1	37.931	58	36	0	155	212	74478	74305	1.64e-24	52.8
Query_1	1051616_RBVV01000023.1	40.602	133	76	2	31	162	6207	5815	1.64e-24	92.0
Query_1	1051616_RBVV01000023.1	37.931	58	36	0	155	212	5786	5613	1.64e-24	52.8
Query_1	1051616_SPUV01000128.1	40.602	133	76	2	31	162	6534	6142	1.67e-24	92.0
Query_1	1051616_SPUV01000128.1	37.931	58	36	0	155	212	6113	5940	1.67e-24	52.8
Query_1	253628_KN847560.1	40.000	85	49	1	126	208	306061	305807	2.01e-24	66.2
Query_1	253628_KN847560.1	47.945	73	36	1	53	125	306335	306123	2.01e-24	65.1
Query_1	253628_KN847560.1	38.462	52	30	2	1	52	306541	306392	2.01e-24	33.1
Query_1	1220924_KB822722.1	37.815	238	111	8	1	208	1618597	1619289	2.37e-24	113
Query_1	1220924_KB822722.1	46.988	83	44	0	83	165	2193284	2193532	5.00e-20	77.4
Query_1	1220924_KB822722.1	47.619	42	22	0	167	208	2193603	2193728	5.00e-20	52.0
Query_1	231269_QGDX01000175.1	38.889	180	100	5	34	211	40298	40813	2.50e-24	113
Query_1	231269_QKXC01000008.1	38.889	180	100	5	34	211	29783	30298	2.83e-24	113
Query_1	1450537_KZ824269.1	56.180	89	39	0	124	212	1488822	1489088	3.59e-24	113
Query_1	1450537_KZ824269.1	46.512	86	45	1	59	143	1488571	1488828	5.73e-15	76.3
Query_1	1450537_KZ824269.1	50.000	32	16	0	21	52	1488371	1488466	5.73e-15	35.8
Query_1	498257_CP010985.1	40.602	133	76	2	31	162	3138088	3137696	5.97e-24	92.0
Query_1	498257_CP010985.1	39.623	53	32	0	160	212	3137649	3137491	5.97e-24	50.8
Query_1	498257_CP010985.1	31.159	138	73	5	30	147	1997644	1997237	6.86e-05	57.0
Query_1	498257_DS572699.1	40.602	133	76	2	31	162	1539773	1539381	6.02e-24	92.0
Query_1	498257_DS572699.1	39.623	53	32	0	160	212	1539334	1539176	6.02e-24	50.8
Query_1	498257_DS572699.1	31.159	138	73	5	30	147	404166	403759	6.86e-05	57.0
Query_1	930089_KI964614.1	33.582	268	115	6	6	212	33696	32899	9.44e-24	112
Query_1	930089_KI964614.1	38.272	81	42	4	115	190	36076	36309	0.34	46.2
Query_1	1209926_MJBS01000002.1	42.857	91	48	2	126	212	530181	530453	1.95e-23	65.9
Query_1	1209926_MJBS01000002.1	45.833	72	37	1	55	126	529913	530122	1.95e-23	55.8
Query_1	1209926_MJBS01000002.1	44.231	52	22	2	8	52	529671	529826	1.95e-23	38.9
Query_1	148305_LOEM01000717.1	42.188	128	74	0	85	212	15476	15859	5.08e-23	109
Query_1	148305_LOEM01000717.1	42.308	78	37	3	10	79	15102	15335	0.020	49.7
Query_1	148305_PJXS01003547.1	42.188	128	74	0	85	212	18299	18682	5.08e-23	109
Query_1	148305_PJXS01003547.1	42.308	78	37	3	10	79	17925	18158	0.020	49.7
Query_1	148305_LOFB01001023.1	42.188	128	74	0	85	212	10828	11211	5.09e-23	109
Query_1	148305_LOFB01001023.1	42.308	78	37	3	10	79	10454	10687	0.020	49.7
Query_1	148305_PJYT01000270.1	42.188	128	74	0	85	212	16113	15730	5.10e-23	109
Query_1	148305_PJYT01000270.1	42.308	78	37	3	10	79	16487	16254	0.020	49.7
Query_1	148305_RRCK01000006.1	42.188	128	74	0	85	212	2111715	2111332	5.14e-23	109
Query_1	148305_RRCK01000006.1	42.308	78	37	3	10	79	2112089	2111856	0.020	49.7
Query_1	690256_MVNS02000001.1	45.455	88	48	0	126	213	5018903	5018640	1.19e-22	87.0
Query_1	690256_MVNS02000001.1	30.769	169	65	7	6	125	5019474	5018977	1.19e-22	51.2
Query_1	690256_MVNS02000001.1	28.767	146	98	3	16	159	1064615	1065040	3.90e-09	69.7
Query_1	1460663_KV441550.1	36.813	182	89	4	55	212	1846518	1847057	1.19e-22	101
Query_1	1460663_KV441550.1	45.000	60	21	4	1	52	1846291	1846458	1.19e-22	37.0
Query_1	690256_SSNE01000034.1	45.455	88	48	0	126	213	305068	304805	1.23e-22	87.0
Query_1	690256_SSNE01000034.1	30.769	169	65	7	6	125	305639	305142	1.23e-22	51.2
Query_1	690256_PHOC01000415.1	45.455	88	48	0	126	213	131462	131725	1.25e-22	87.0
Query_1	690256_PHOC01000415.1	30.769	169	65	7	6	125	130891	131388	1.25e-22	51.2
Query_1	1450537_KZ824281.1	55.172	87	39	0	126	212	183564	183824	6.94e-22	106
Query_1	1450537_KZ824281.1	44.595	74	40	1	53	125	183199	183420	4.38e-05	57.8
Query_1	1229662_KI912110.1	35.545	211	115	4	21	212	215489	216115	9.62e-22	106
Query_1	1229662_KI912110.1	37.107	159	96	3	55	212	3480271	3479804	6.01e-19	97.4
Query_1	1229662_KI912110.1	38.095	42	23	2	21	59	3480434	3480309	6.01e-19	28.1
Query_1	41047_NKHU02000064.1	37.931	203	106	8	17	213	28848	29414	9.77e-22	106
Query_1	1460663_KV441551.1	38.857	175	96	3	36	209	1274808	1275302	1.10e-21	105
Query_1	690256_SSNE01000022.1	46.154	91	45	2	126	212	285867	285595	1.48e-21	76.6
Query_1	690256_SSNE01000022.1	42.529	87	41	2	40	126	286156	285923	1.48e-21	58.2
Query_1	690256_PHOC01000347.1	46.154	91	45	2	126	212	251932	252204	1.49e-21	76.6
Query_1	690256_PHOC01000347.1	42.529	87	41	2	40	126	251643	251876	1.49e-21	58.2
Query_1	665024_KB733446.1	48.454	97	46	2	120	212	525992	526282	2.61e-21	82.8
Query_1	665024_KB733446.1	30.894	123	52	2	35	126	525591	525953	2.61e-21	50.8
Query_1	665024_KB733446.1	37.037	81	43	4	115	190	523147	522914	2.0	43.9
Query_1	1450534_KZ825386.1	44.186	129	68	3	87	213	76954	77334	3.75e-21	104
Query_1	1450534_KZ825386.1	48.611	72	36	1	55	125	76734	76949	3.59e-05	58.2
Query_1	930091_KI968692.1	38.798	183	85	4	55	212	523311	523853	4.06e-21	104
Query_1	930091_KI968692.1	38.272	81	42	4	115	190	520682	520449	0.80	45.1
Query_1	1116229_KE145369.1	47.059	85	45	0	126	210	2001886	2001632	4.69e-21	85.5
Query_1	1116229_KE145369.1	34.722	72	44	2	55	125	2002151	2001942	4.69e-21	35.0
Query_1	1116229_KE145369.1	35.714	56	24	3	7	52	2002368	2002207	4.69e-21	32.0
Query_1	1314773_ML119052.1	40.625	160	84	4	17	168	4347456	4347926	7.43e-21	103
Query_1	1314773_ML119052.1	44.828	58	30	1	157	212	4347970	4348143	5.43e-05	57.4
Query_1	109264_LYCR01000001.1	38.342	193	94	6	37	213	269032	269583	1.94e-20	102
Query_1	242507_CM001236.1	51.685	89	42	1	125	212	586449	586183	3.69e-20	101
Query_1	242507_CM001236.1	46.575	73	39	0	53	125	586801	586583	1.84e-09	63.9
Query_1	242507_CM001236.1	41.818	55	23	3	7	52	587081	586917	1.84e-09	29.6
Query_1	242507_CM001236.1	30.208	96	64	1	107	202	1381674	1381952	8.62e-04	53.9
Query_1	2656787_NPIC01000001.1	33.074	257	122	9	1	212	277487	278242	3.99e-20	101
Query_1	112498_CZLF01000200.1	46.154	117	57	1	96	212	24200	24532	4.91e-20	101
Query_1	112498_CZLF01000200.1	55.696	79	31	3	50	125	23983	24216	1.68e-13	73.9
Query_1	112498_CZLF01000200.1	43.750	32	18	0	19	50	23835	23930	1.68e-13	33.5
Query_1	231269_QGDX01000120.1	42.857	91	48	2	126	212	279847	280119	8.48e-20	70.1
Query_1	231269_QGDX01000120.1	45.833	72	37	1	55	126	279587	279796	8.48e-20	58.5
Query_1	231269_QKXC01000025.1	43.333	90	47	2	126	211	17772	18041	1.12e-19	69.7
Query_1	231269_QKXC01000025.1	45.833	72	37	1	55	126	17512	17721	1.12e-19	58.5
Query_1	148305_RHLM01000077.1	44.248	113	62	1	101	212	62953	63291	1.21e-19	100
Query_1	148305_RHLM01000077.1	45.070	71	39	0	55	125	62696	62908	1.37e-09	62.4
Query_1	148305_RHLM01000077.1	41.071	56	23	3	7	52	62409	62576	1.37e-09	32.0
Query_1	1578925_PQBJ01002020.1	44.248	113	62	1	101	212	107283	107621	1.21e-19	100
Query_1	1578925_PQBJ01002020.1	45.070	71	39	0	55	125	107026	107238	1.36e-09	62.4
Query_1	1578925_PQBJ01002020.1	41.071	56	23	3	7	52	106739	106906	1.36e-09	32.0
Query_1	1578925_CM014989.1	44.248	113	62	1	101	212	3811991	3812329	1.21e-19	100
Query_1	1578925_CM014989.1	45.070	71	39	0	55	125	3811734	3811946	1.46e-09	62.4
Query_1	1578925_CM014989.1	41.071	56	23	3	7	52	3811447	3811614	1.46e-09	31.6
Query_1	1578925_CM014989.1	30.841	107	71	1	96	202	3204018	3203707	1.88e-09	58.5
Query_1	1578925_CM014989.1	38.182	55	31	2	34	87	3204298	3204140	1.88e-09	35.0
Query_1	112498_FJUY01000001.1	45.299	117	58	1	96	212	3899016	3899348	1.26e-19	100
Query_1	112498_FJUY01000001.1	55.696	79	31	3	50	125	3898799	3899032	2.13e-13	73.6
Query_1	112498_FJUY01000001.1	43.750	32	18	0	19	50	3898651	3898746	2.13e-13	33.5
Query_1	1450539_KZ821218.1	30.627	271	126	8	3	211	643755	642943	1.73e-19	99.8
Query_1	644352_GL385398.1	37.500	160	95	3	55	212	428717	429187	1.93e-19	96.7
Query_1	644352_GL385398.1	31.034	58	27	2	8	52	428442	428615	1.93e-19	30.8
Query_1	1810919_PVWQ01000023.1	37.000	200	103	6	27	213	183013	183582	5.61e-19	98.2
Query_1	1182545_AMGV01000023.1	37.500	88	55	0	126	213	239663	239400	6.71e-19	70.5
Query_1	1182545_AMGV01000023.1	28.966	145	81	3	1	125	240147	239719	6.71e-19	55.1
Query_1	1835702_LXJU01000012.1	46.296	108	49	4	107	213	142110	142409	6.81e-19	82.0
Query_1	1835702_LXJU01000012.1	39.683	63	38	0	25	87	141803	141991	6.81e-19	43.5
Query_1	1450539_KZ821251.1	35.849	212	102	7	27	213	263747	263139	9.42e-19	97.4
Query_1	336722_CM001207.1	51.724	87	42	0	126	212	378575	378835	9.70e-19	97.4
Query_1	336722_CM001207.1	50.538	93	44	2	48	138	378282	378560	2.43e-12	79.0
Query_1	930090_KI963919.1	50.549	91	41	2	126	212	442748	443020	1.18e-18	81.6
Query_1	930090_KI963919.1	39.683	63	36	1	64	126	442506	442688	1.18e-18	43.1
Query_1	242507_CM001233.1	35.838	173	103	3	40	212	165287	165781	1.27e-18	97.4
Query_1	242507_CM001233.1	32.576	132	60	2	110	212	3009420	3009815	2.39e-06	61.6
Query_1	1450539_KZ821289.1	36.869	198	94	8	37	213	30701	31264	2.62e-18	96.3
Query_1	930090_KI964069.1	37.931	87	51	1	126	212	69231	69482	3.66e-18	63.2
Query_1	930090_KI964069.1	32.540	126	76	4	1	126	68813	69163	3.66e-18	59.7
Query_1	665024_KB733453.1	37.931	87	51	1	126	212	143789	143538	4.63e-18	63.2
Query_1	665024_KB733453.1	39.175	97	55	3	30	126	144132	143854	4.63e-18	59.7
Query_1	665912_KB445647.1	37.931	87	51	1	126	212	1204560	1204811	5.74e-18	63.2
Query_1	665912_KB445647.1	32.540	126	76	4	1	126	1204142	1204492	5.74e-18	58.9
Query_1	510516_JZJM01000079.1	36.765	204	92	8	37	213	471115	470534	6.65e-18	95.1
Query_1	510516_BA000051.1	36.765	204	92	8	37	213	159251	159832	6.66e-18	95.1
Query_1	1170230_JH993680.1	33.482	224	104	7	21	209	245862	246503	6.71e-18	95.1
Query_1	332952_EQ963475.1	36.765	204	92	8	37	213	212833	213414	6.85e-18	95.1
Query_1	1450539_KZ821240.1	36.585	205	92	8	37	213	143869	143285	8.13e-18	94.7
Query_1	1450534_KZ825322.1	36.410	195	97	6	37	213	370998	371555	9.30e-18	94.7
Query_1	1448322_KZ824943.1	36.410	195	97	6	37	213	199716	199159	1.00e-17	94.7
Query_1	148305_RRCK01000001.1	30.342	234	118	5	21	212	8314511	8313819	1.01e-17	94.7
Query_1	148305_RRCK01000001.1	35.849	53	34	0	161	213	7156322	7156480	5.40e-08	44.3
Query_1	148305_RRCK01000001.1	48.980	49	23	1	101	147	7156054	7156200	5.40e-08	43.9
Query_1	1341132_PUWS01000023.1	33.333	216	108	8	25	213	67617	68237	1.64e-17	94.0
Query_1	1450533_KZ821338.1	33.491	212	105	8	25	209	1339177	1339785	1.93e-17	94.0
Query_1	1578925_PQBJ01002850.1	38.462	156	91	3	59	212	21143	20685	2.57e-17	93.6
Query_1	148305_RHLM01000062.1	38.462	156	91	3	59	212	118765	119223	2.59e-17	93.6
Query_1	1578925_CM014987.1	38.462	156	91	3	59	212	278874	279332	2.59e-17	93.6
Query_1	1578925_CM014987.1	33.962	53	35	0	161	213	3059268	3059426	4.3	42.7
Query_1	341663_CH476595.1	39.815	108	56	4	107	213	174349	174648	4.07e-17	71.6
Query_1	341663_CH476595.1	51.163	43	21	0	37	79	174102	174230	4.07e-17	47.8
Query_1	1081104_AZHB01000066.1	34.483	174	97	2	55	212	41238	41756	5.08e-17	92.4
Query_1	1448317_KZ824563.1	33.981	206	102	7	33	213	210238	210828	8.09e-17	92.0
Query_1	690307_KV878985.1	43.925	107	53	3	107	213	772659	772958	8.38e-17	76.6
Query_1	690307_KV878985.1	45.098	51	26	1	37	87	772400	772546	8.38e-17	42.0
Query_1	148305_PJYT01000068.1	37.821	156	92	3	59	212	16906	17364	8.63e-17	92.0
Query_1	148305_LOEM01000089.1	37.821	156	92	3	59	212	80462	80004	8.65e-17	92.0
Query_1	148305_LOFB01000075.1	37.821	156	92	3	59	212	92422	91964	8.65e-17	92.0
Query_1	1448315_KZ821695.1	43.925	107	53	3	107	213	196390	196091	9.43e-17	76.6
Query_1	1448315_KZ821695.1	45.098	51	26	1	37	87	196650	196504	9.43e-17	42.0
Query_1	1043002_KL584975.1	33.178	214	103	9	30	207	962565	961936	1.33e-16	91.3
Query_1	1448311_KZ821621.1	33.173	208	101	7	33	213	123197	123787	1.66e-16	91.3
Query_1	212818_KN847523.1	38.636	88	54	0	126	213	4315459	4315196	1.79e-16	71.2
Query_1	212818_KN847523.1	27.206	136	72	4	15	125	4315919	4315518	1.79e-16	45.8
Query_1	1160497_KV878895.1	43.519	108	52	4	107	213	817694	817395	2.21e-16	72.0
Query_1	1160497_KV878895.1	43.750	64	31	2	37	97	817960	817775	2.21e-16	45.1
Query_1	1450537_KZ824277.1	42.593	108	53	4	107	213	555089	554790	2.68e-16	75.9
Query_1	1450537_KZ824277.1	43.137	51	27	1	37	87	555346	555200	2.68e-16	40.8
Query_1	665912_KB445654.1	46.154	91	45	2	126	212	372348	372076	4.36e-16	75.5
Query_1	665912_KB445654.1	40.741	54	30	1	73	126	372557	372402	4.36e-16	40.4
Query_1	665912_KB445654.1	37.037	81	43	4	115	190	375188	375421	2.3	43.5
Query_1	212818_NAJM01000023.1	38.636	88	54	0	126	213	197569	197832	5.10e-16	72.4
Query_1	212818_NAJM01000023.1	34.615	78	48	2	49	125	197280	197507	5.10e-16	43.5
Query_1	212818_JSEI01000208.1	38.636	88	54	0	126	213	26759	26496	5.30e-16	72.4
Query_1	212818_JSEI01000208.1	34.615	78	48	2	49	125	27048	26821	5.30e-16	43.5
Query_1	1408163_LASV01000235.1	41.353	133	66	5	82	213	7241	7606	6.85e-16	78.6
Query_1	1408163_LASV01000235.1	39.535	43	26	0	37	79	7015	7143	6.85e-16	37.0
Query_1	1509407_JNOM01000530.1	42.056	107	55	3	107	213	4662	4961	8.41e-16	74.3
Query_1	1509407_JNOM01000530.1	38.983	59	30	1	37	95	4415	4573	8.41e-16	40.8
Query_1	1279085_HF679023.1	35.537	121	64	1	106	212	937017	936655	8.77e-16	82.4
Query_1	1279085_HF679023.1	40.000	55	30	2	34	87	937276	937118	8.77e-16	32.3
Query_1	61420_ML737569.1	42.991	107	54	3	107	213	242608	242907	9.04e-16	75.1
Query_1	61420_ML737569.1	44.000	50	26	1	37	86	242346	242489	9.04e-16	40.0
Query_1	1227346_FJOF01000001.1	35.537	121	64	1	106	212	5374812	5375174	1.09e-15	82.0
Query_1	1227346_FJOF01000001.1	40.000	55	30	2	34	87	5374553	5374711	1.09e-15	32.3
Query_1	149040_KQ947405.1	31.405	242	113	9	20	210	761011	761730	1.12e-15	88.6
Query_1	1506151_ML736768.1	42.056	107	55	3	107	213	97644	97345	1.55e-15	74.3
Query_1	1506151_ML736768.1	44.000	50	26	1	37	86	97891	97748	1.55e-15	40.0
Query_1	1506151_ML734295.1	42.056	107	55	3	107	213	214564	214863	1.55e-15	74.3
Query_1	1506151_ML734295.1	44.000	50	26	1	37	86	214317	214460	1.55e-15	40.0
Query_1	209559_ML733063.1	36.090	133	75	4	81	213	1045826	1045458	1.96e-15	72.4
Query_1	209559_ML733063.1	42.593	54	29	1	33	86	1046047	1045892	1.96e-15	41.6
Query_1	209559_ML735320.1	36.090	133	75	4	81	213	66959	66591	2.03e-15	72.4
Query_1	209559_ML735320.1	42.593	54	29	1	33	86	67180	67025	2.03e-15	41.6
Query_1	692275_KB456266.1	40.714	140	59	2	10	126	1115979	1115563	2.61e-15	87.8
Query_1	692275_KB456266.1	41.584	101	59	0	108	208	1115504	1115202	2.07e-14	85.1
Query_1	1116229_KE145363.1	32.857	210	98	7	23	196	1133767	1134375	3.31e-15	87.4
Query_1	671987_KB908493.1	43.956	91	47	2	127	213	1402973	1403245	3.33e-15	70.9
Query_1	671987_KB908493.1	26.036	169	75	5	6	126	1402398	1402898	3.33e-15	42.4
Query_1	526221_DS985217.1	38.636	88	54	0	126	213	1861355	1861618	4.22e-15	69.7
Query_1	526221_DS985217.1	29.167	144	72	5	9	125	1860877	1861299	4.22e-15	43.1
Query_1	1051616_WGLK01000001.1	38.636	88	54	0	126	213	271600	271337	4.99e-15	70.1
Query_1	1051616_WGLK01000001.1	28.814	118	61	2	30	125	272006	271656	4.99e-15	42.4
Query_1	1051616_PDEZ01000012.1	38.636	88	54	0	126	213	173048	172785	5.00e-15	70.1
Query_1	1051616_PDEZ01000012.1	28.814	118	61	2	30	125	173454	173104	5.00e-15	42.4
Query_1	1051616_RBVV01000006.1	38.636	88	54	0	126	213	201742	201479	5.08e-15	70.1
Query_1	1051616_RBVV01000006.1	28.814	118	61	2	30	125	202148	201798	5.08e-15	42.4
Query_1	756982_JH119003.1	39.286	84	48	1	125	208	81643	81885	5.20e-15	65.9
Query_1	756982_JH119003.1	33.835	133	73	7	1	125	81170	81547	5.20e-15	46.6
Query_1	1051616_SPUV01000190.1	38.636	88	54	0	126	213	44422	44685	5.26e-15	70.1
Query_1	1051616_SPUV01000190.1	28.814	118	61	2	30	125	44016	44366	5.26e-15	42.4
Query_1	231269_QKXC01000122.1	31.390	223	106	9	21	200	66420	65764	5.32e-15	86.7
Query_1	156630_PDWY01000006.1	34.127	126	72	5	3	126	75541	75191	6.48e-15	57.0
Query_1	156630_PDWY01000006.1	31.111	90	59	1	123	212	75143	74883	6.48e-15	55.1
Query_1	156630_PEJP01000012.1	34.127	126	72	5	3	126	670729	671079	6.53e-15	57.0
Query_1	156630_PEJP01000012.1	31.111	90	59	1	123	212	671127	671387	6.53e-15	55.1
Query_1	156630_SJDP01000027.1	34.127	126	72	5	3	126	9082	8732	6.62e-15	57.0
Query_1	156630_SJDP01000027.1	31.111	90	59	1	123	212	8684	8424	6.62e-15	55.1
Query_1	122368_PDUH01000002.1	29.362	235	129	4	10	208	947203	947904	6.97e-15	86.3
Query_1	122368_PDUI01000002.1	29.362	235	129	4	10	208	948227	948928	6.97e-15	86.3
Query_1	122368_CM008500.1	29.362	235	129	4	10	208	2597674	2598375	6.97e-15	86.3
Query_1	236234_MNUE01000023.1	33.155	187	111	5	34	212	448993	448451	7.31e-15	86.3
Query_1	857342_KZ679009.1	31.405	121	68	2	108	213	655886	656248	8.16e-15	70.5
Query_1	857342_KZ679009.1	38.272	81	41	4	26	98	655563	655802	8.16e-15	41.2
Query_1	1089451_JH658272.1	35.537	121	64	2	106	212	603879	603517	9.95e-15	80.1
Query_1	1089451_JH658272.1	40.385	52	28	2	37	87	604126	603977	9.95e-15	31.2
Query_1	27334_JQFX01001703.1	33.333	216	96	8	33	213	673	65	1.03e-14	85.9
Query_1	27334_JHUC01000920.1	33.333	216	96	8	33	213	10741	10133	1.11e-14	85.9
Query_1	27334_JQFY01000084.1	33.333	216	96	8	33	213	330853	331461	1.11e-14	85.9
Query_1	27334_KV878800.1	33.333	216	96	8	33	213	287364	286756	1.11e-14	85.9
Query_1	27334_REGB01000008.1	33.333	216	96	8	33	213	7748573	7749181	1.11e-14	85.9
Query_1	426428_CM000589.1	35.537	121	64	2	106	212	971192	970830	1.12e-14	80.1
Query_1	426428_CM000589.1	40.385	52	28	2	37	87	971439	971290	1.12e-14	31.2
Query_1	334819_CM000578.1	46.939	49	26	0	106	154	963985	963839	1.12e-14	49.7
Query_1	334819_CM000578.1	38.462	52	32	0	161	212	963780	963625	1.12e-14	48.1
Query_1	334819_CM000578.1	40.000	55	30	2	34	87	964241	964083	1.12e-14	33.1
Query_1	426428_CM010335.1	35.537	121	64	2	106	212	973651	973289	1.12e-14	80.1
Query_1	426428_CM010335.1	40.385	52	28	2	37	87	973898	973749	1.12e-14	31.2
Query_1	426428_MALW01000070.1	35.537	121	64	2	106	212	297198	297560	1.17e-14	80.1
Query_1	426428_MALW01000070.1	40.385	52	28	2	37	87	296951	297100	1.17e-14	31.2
Query_1	426428_MALV01000117.1	35.537	121	64	2	106	212	44246	44608	1.22e-14	80.1
Query_1	426428_MALV01000117.1	40.385	52	28	2	37	87	43999	44148	1.22e-14	31.2
Query_1	227321_BN001306.1	41.667	108	52	4	107	213	2598444	2598151	1.44e-14	70.1
Query_1	227321_BN001306.1	43.333	60	32	1	27	86	2598719	2598546	1.44e-14	40.8
Query_1	227321_CH236922.1	41.667	108	52	4	107	213	750244	750537	1.44e-14	70.1
Query_1	227321_CH236922.1	43.333	60	32	1	27	86	749969	750142	1.44e-14	40.8
Query_1	122368_PDUH01000004.1	30.385	260	126	9	1	212	762033	762791	1.58e-14	85.5
Query_1	122368_PDUI01000003.1	30.385	260	126	9	1	212	1008634	1007876	1.58e-14	85.5
Query_1	122368_CM008504.1	30.385	260	126	9	1	212	1812800	1812042	1.58e-14	85.5
Query_1	156630_PDUP01000026.1	34.127	126	72	5	3	126	70572	70222	1.62e-14	55.5
Query_1	156630_PDUP01000026.1	31.111	90	59	1	123	212	70174	69914	1.62e-14	55.1
Query_1	1209926_MJBS01000093.1	36.538	156	92	4	6	158	25104	24649	2.21e-14	85.1
Query_1	1093900_SKBQ01000001.1	30.244	205	110	5	36	212	792933	792334	2.30e-14	84.7
Query_1	149040_KQ947411.1	34.810	158	79	6	13	154	1012592	1012143	2.36e-14	73.6
Query_1	149040_KQ947411.1	40.541	37	22	0	172	208	1012042	1011932	2.36e-14	36.6
Query_1	149040_KQ947411.1	29.493	217	110	7	33	213	458643	458014	5.33e-10	72.0
Query_1	1168221_JH767596.1	36.957	138	78	6	16	148	63570	63169	2.53e-14	67.8
Query_1	1168221_JH767596.1	33.846	65	39	2	149	212	63094	62909	2.53e-14	42.4
Query_1	33203_LSBH01000003.1	30.964	197	109	5	37	212	3623420	3623992	2.76e-14	84.7
Query_1	339724_CH476658.1	33.163	196	93	6	37	208	1781494	1780949	2.92e-14	84.7
Query_1	27334_JQFZ01000248.1	32.719	217	97	8	33	213	60254	60865	3.14e-14	84.3
Query_1	426418_DS231616.1	32.955	88	56	1	125	212	1417711	1417457	4.19e-14	59.7
Query_1	426418_DS231616.1	30.400	125	77	5	3	126	1418109	1417762	4.19e-14	49.7
Query_1	660029_JH717850.1	35.537	121	64	2	106	212	656971	657333	6.65e-14	77.4
Query_1	660029_JH717850.1	40.385	52	28	2	37	87	656724	656873	6.65e-14	31.2
Query_1	1229662_KI912113.1	27.189	217	109	9	7	175	3771333	3771980	7.70e-14	57.8
Query_1	1229662_KI912113.1	55.000	40	18	0	173	212	3772033	3772152	7.70e-14	50.8
Query_1	1116229_KE145358.1	32.227	211	102	7	37	213	1344277	1343666	7.95e-14	83.2
Query_1	33203_LSBH01000020.1	35.922	103	65	1	55	157	12204	12509	9.77e-14	68.9
Query_1	33203_LSBH01000020.1	35.088	57	37	0	157	213	12562	12732	9.77e-14	39.3
Query_1	660122_GG698901.1	35.537	121	63	2	107	212	717270	716908	1.01e-13	75.1
Query_1	660122_GG698901.1	42.553	47	26	1	34	79	717530	717390	1.01e-13	33.1
Query_1	655827_GL698479.1	29.167	192	117	3	37	212	559827	560393	1.08e-13	82.8
Query_1	321614_CH445329.1	38.144	97	56	2	30	126	130301	130023	1.35e-13	62.0
Query_1	321614_CH445329.1	28.736	87	59	1	126	212	129969	129718	1.35e-13	45.8
Query_1	1081104_AZHB01000001.1	30.769	169	86	4	73	212	304646	305146	1.42e-13	82.8
Query_1	1081104_AZHB01000001.1	25.510	196	118	5	37	212	509666	509103	2.09e-06	61.6
Query_1	231269_QGDX01000132.1	30.667	225	105	10	21	200	25216	25872	1.96e-13	82.0
Query_1	983964_KZ679677.1	32.227	211	113	7	20	208	1398654	1398046	2.08e-13	82.0
Query_1	645133_GG697368.1	31.500	200	108	7	37	213	236608	236027	2.69e-13	81.6
Query_1	1209926_MJBS01000138.1	32.883	222	112	8	20	211	41709	42353	2.90e-13	81.6
Query_1	33203_SCGX01000019.1	30.457	197	110	5	37	212	31753	31181	3.55e-13	81.6
Query_1	33203_SCGN01000011.1	30.457	197	110	5	37	212	31753	31181	3.55e-13	81.6
Query_1	33203_LCWV01000017.1	30.457	197	110	5	37	212	127820	127248	3.55e-13	81.6
Query_1	33203_LOFA01000004.1	30.457	197	110	5	37	212	2510226	2510798	3.55e-13	81.6
Query_1	33203_LSBI01000003.1	30.457	197	110	5	37	212	3729984	3730556	3.55e-13	81.6
Query_1	1072389_JH921447.1	34.091	88	58	0	125	212	590199	590462	4.09e-13	68.2
Query_1	1072389_JH921447.1	27.972	143	68	4	11	120	589678	590100	4.09e-13	37.7
Query_1	1229662_KI912111.1	34.637	179	107	6	37	213	921908	921396	4.60e-13	81.3
Query_1	1229662_KI912111.1	33.333	48	32	0	107	154	2003354	2003211	5.13e-04	39.7
Query_1	1229662_KI912111.1	38.095	42	26	0	171	212	2003118	2002993	5.13e-04	35.0
Query_1	452589_ABDG02000027.1	31.068	206	118	5	26	210	4728603	4729211	5.10e-13	80.9
Query_1	148305_LOEM01001224.1	28.293	205	106	5	35	209	10985	10404	1.36e-12	79.7
Query_1	148305_CM015042.1	28.293	205	106	5	35	209	961114	960533	1.40e-12	79.7
Query_1	148305_PJXS01001491.1	27.941	204	109	5	35	209	4619	5203	1.62e-12	79.3
Query_1	236234_MNUE01000007.1	36.691	139	74	4	30	161	104038	104433	1.90e-12	79.3
Query_1	236234_MNUE01000007.1	40.299	67	36	2	148	213	104448	104639	0.004	52.0
Query_1	41047_NKHU02000052.1	39.837	123	53	2	74	195	129495	129187	2.52e-12	79.0
Query_1	321614_CH445343.1	37.190	121	64	4	34	148	149814	150158	3.09e-12	64.7
Query_1	321614_CH445343.1	33.871	62	38	1	150	211	150215	150391	3.09e-12	38.1
Query_1	56646_LN649232.1	32.450	151	77	7	20	147	4234654	4234208	4.48e-12	65.1
Query_1	56646_LN649232.1	38.000	50	28	1	151	200	4234143	4234003	4.48e-12	37.4
Query_1	644352_GL385397.1	29.126	206	112	5	37	211	6145368	6144760	6.61e-12	77.8
Query_1	1072389_JH921436.1	41.509	53	31	0	160	212	857786	857944	7.38e-12	52.4
Query_1	1072389_JH921436.1	31.443	194	87	9	10	160	857161	857733	7.38e-12	49.3
Query_1	1072389_JH921436.1	42.857	70	37	2	57	125	857364	857567	0.087	47.8
Query_1	644352_GL385400.1	32.800	125	78	2	90	211	623746	624111	8.00e-12	77.4
Query_1	644352_GL385400.1	35.556	45	29	0	165	209	2252330	2252196	0.009	39.7
Query_1	644352_GL385400.1	34.694	49	31	1	107	154	2252584	2252438	0.009	30.8
Query_1	1043004_KL584717.1	42.982	114	58	4	30	139	538317	537985	8.23e-12	77.4
Query_1	645133_GG697384.1	32.222	180	108	6	1	175	43208	42696	1.07e-11	77.0
Query_1	1229662_KI912116.1	30.131	229	132	4	10	212	2575694	2576374	1.25e-11	77.0
Query_1	985895_FP929134.1	28.431	204	121	8	30	212	60775	61374	1.35e-11	77.0
Query_1	148305_PJYT01000059.1	28.788	132	82	3	81	209	35024	35392	1.49e-11	62.0
Query_1	148305_PJYT01000059.1	40.741	54	29	2	35	87	34812	34967	1.49e-11	38.5
Query_1	1028729_CM003201.1	33.333	150	74	9	21	147	4534675	4535115	1.54e-11	62.4
Query_1	1028729_CM003201.1	36.000	50	29	1	151	200	4535175	4535315	1.54e-11	38.1
Query_1	148305_LOFB01000442.1	28.788	132	82	3	81	209	9221	8853	1.64e-11	62.0
Query_1	148305_LOFB01000442.1	40.741	54	29	2	35	87	9433	9278	1.64e-11	38.5
Query_1	1448312_KZ824784.1	36.095	169	83	6	59	213	137054	136581	1.85e-11	76.6
Query_1	1448312_KZ824784.1	45.098	51	26	1	37	87	137137	136991	9.7	41.6
Query_1	559298_GG657456.1	30.412	194	110	5	37	212	1265222	1265782	1.92e-11	76.3
Query_1	1042311_KZ679266.1	50.769	65	32	0	126	190	130603	130409	1.96e-11	76.3
Query_1	690256_PHOC01000249.1	30.097	206	107	6	37	213	207398	206805	3.66e-11	75.5
Query_1	690256_SSNE01000020.1	30.097	206	107	6	37	213	637886	637293	3.66e-11	75.5
Query_1	665912_KB445641.1	33.702	181	105	7	37	213	62327	61818	3.73e-11	75.5
Query_1	1051616_SPUV01000091.1	27.572	243	118	7	13	200	79446	78727	4.49e-11	75.5
Query_1	1051616_WGLK01000008.1	27.572	243	118	7	13	200	135781	135062	4.51e-11	75.5
Query_1	1051616_PDEZ01000006.1	27.572	243	118	7	13	200	135862	135143	4.51e-11	75.5
Query_1	1051616_RBVV01000033.1	27.572	243	118	7	13	200	175542	176261	4.51e-11	75.5
Query_1	58853_KZ680208.1	38.835	103	60	1	108	210	513970	513671	6.35e-11	74.7
Query_1	426418_DS231618.1	33.816	207	102	9	20	200	1077593	1077000	7.47e-11	74.7
Query_1	1043002_KL584976.1	32.653	196	101	7	37	213	809501	808950	8.95e-11	74.3
Query_1	132259_ML743567.1	42.056	107	55	3	107	213	335127	334828	1.03e-10	74.3
Query_1	1736504_LMJA01000030.1	32.487	197	109	6	2	187	393615	393064	1.04e-10	74.3
Query_1	1209926_MJBS01000008.1	34.112	214	107	10	7	208	150187	150762	1.45e-10	73.9
Query_1	240176_AACS02000011.1	37.500	88	48	2	127	212	520885	521133	1.94e-10	49.7
Query_1	240176_AACS02000011.1	34.188	117	63	5	11	126	520514	520825	1.94e-10	47.4
Query_1	690256_PHOC01000024.1	33.333	192	103	8	31	208	100289	99747	1.96e-10	73.6
Query_1	690256_SSNE01000005.1	33.333	192	103	8	31	208	595166	595708	1.97e-10	73.6
Query_1	690256_MVNS02000010.1	33.333	192	103	8	31	208	2978368	2977826	1.97e-10	73.6
Query_1	253628_KN847597.1	37.895	95	53	3	105	198	4706	4437	2.05e-10	70.9
Query_1	253628_KN847597.1	37.500	48	27	2	34	79	4963	4823	2.05e-10	26.2
Query_1	526221_DS985216.1	27.160	243	119	7	13	200	2204107	2204826	2.62e-10	73.2
Query_1	759273_CM004457.1	34.586	133	75	5	53	177	1292445	1292831	2.91e-10	65.9
Query_1	759273_CM004457.1	46.875	32	15	1	21	50	1292263	1292358	2.91e-10	30.4
Query_1	1448314_MSFU01000027.1	36.449	107	57	5	106	210	21834	22127	4.83e-10	56.6
Query_1	1448314_MSFU01000027.1	39.216	51	29	1	37	87	21568	21714	4.83e-10	38.9
Query_1	1448314_MSFU01000052.1	40.000	105	56	3	109	213	34730	35023	5.07e-10	72.4
Query_1	1448314_MSFU01000052.1	40.984	61	34	1	33	93	34429	34605	0.23	46.6
Query_1	936046_CP015459.1	35.897	78	41	2	123	197	559847	560062	5.22e-10	51.6
Query_1	936046_CP015459.1	34.831	89	55	3	37	125	559542	559799	5.22e-10	43.5
Query_1	936046_CP015459.1	39.474	76	43	1	122	197	297614	297396	2.29e-09	60.5
Query_1	936046_CP015459.1	30.833	120	68	5	6	125	297970	297656	2.29e-09	33.1
Query_1	936046_CP015459.1	39.474	76	43	1	122	197	295663	295445	2.58e-08	56.2
Query_1	936046_CP015459.1	28.333	120	71	5	6	125	296018	295704	2.58e-08	33.5
Query_1	936046_CP015459.1	29.187	209	113	7	6	197	293064	292492	9.17e-08	65.5
Query_1	597362_JH971386.1	35.897	78	41	2	123	197	508505	508720	5.27e-10	51.6
Query_1	597362_JH971386.1	34.831	89	55	3	37	125	508200	508457	5.27e-10	43.5
Query_1	597362_JH971386.1	37.838	74	43	1	124	197	248735	248523	4.47e-09	59.3
Query_1	597362_JH971386.1	30.000	120	69	5	6	125	249094	248780	4.47e-09	32.7
Query_1	597362_JH971386.1	40.000	75	42	1	123	197	246785	246570	2.02e-08	56.6
Query_1	597362_JH971386.1	28.333	120	71	5	6	125	247143	246829	2.02e-08	33.5
Query_1	597362_JH971386.1	34.568	81	44	2	122	199	243752	243528	3.81e-06	46.6
Query_1	597362_JH971386.1	31.667	120	67	5	6	125	244107	243793	3.81e-06	35.4
Query_1	930090_KI964163.1	34.667	150	85	6	37	184	23709	23293	5.46e-10	72.0
Query_1	1073090_KV878341.1	41.121	107	56	3	107	213	1365773	1365474	5.91e-10	72.0
Query_1	1073090_KV878341.1	46.512	43	23	0	37	79	1366027	1365899	8.1	42.0
Query_1	690256_PHOC01000336.1	29.534	193	111	6	37	211	32228	31671	6.41e-10	72.0
Query_1	690256_SSNE01000038.1	29.534	193	111	6	37	211	63347	63904	6.44e-10	72.0
Query_1	690256_MVNS02000002.1	29.534	193	111	6	37	211	6144419	6144976	6.44e-10	72.0
Query_1	1042311_KZ679260.1	40.000	95	54	1	114	208	1457727	1458002	7.08e-10	72.0
Query_1	930089_KI964686.1	33.945	109	69	1	104	212	41943	41626	7.24e-10	71.6
Query_1	655819_JH725150.1	41.525	118	65	3	55	171	425923	425579	7.79e-10	71.6
Query_1	498257_DS572696.1	35.246	122	71	2	93	213	1340597	1340941	7.79e-10	71.6
Query_1	498257_DS572696.1	30.833	120	56	4	30	125	1340272	1340622	2.1	43.9
Query_1	498257_CP010980.1	35.246	122	71	2	93	213	3964863	3964519	7.79e-10	71.6
Query_1	498257_CP010980.1	30.833	120	56	4	30	125	3965188	3964838	2.1	43.9
Query_1	930091_KI968795.1	34.437	151	84	7	37	184	1825	1409	8.13e-10	71.6
Query_1	930089_KI964689.1	34.000	150	86	6	37	184	1633	1217	8.19e-10	71.6
Query_1	1276141_AZNG01000020.1	32.075	106	69	1	107	212	323172	323480	8.47e-10	71.6
Query_1	5599_VZUP01000004.1	34.000	150	86	6	37	184	69638	70054	8.56e-10	71.6
Query_1	359158_WBMT01000016.1	30.811	185	107	8	37	212	271629	272147	9.22e-10	71.6
Query_1	398673_MTYH01000082.1	40.625	96	54	1	115	210	79568	79846	9.39e-10	71.6
Query_1	5599_VEOJ01000004.1	34.667	150	85	6	37	184	49202	49618	9.59e-10	71.6
Query_1	398673_JPDN02000012.1	40.625	96	54	1	115	210	323331	323053	9.96e-10	71.2
Query_1	5599_LMXP01000006.1	34.000	150	86	6	37	184	59455	59871	1.07e-09	71.2
Query_1	5599_LPVP01000002.1	34.000	150	86	6	37	184	2656357	2655941	1.17e-09	71.2
Query_1	5599_VEOK01000005.1	34.000	150	86	6	37	184	3021146	3020730	1.17e-09	71.2
Query_1	5599_KV441509.1	34.000	150	86	6	37	184	110660	110244	1.21e-09	71.2
Query_1	5599_PDXD01000049.1	34.000	150	86	6	37	184	27960	28376	1.22e-09	71.2
Query_1	5599_WIRD01000004.1	34.000	150	86	6	37	184	63084	63500	1.24e-09	71.2
Query_1	5599_SJDQ01000504.1	34.000	150	86	6	37	184	60115	60531	1.24e-09	71.2
Query_1	236234_MNUE01000024.1	38.211	123	67	4	30	147	391237	390881	1.25e-09	71.2
Query_1	236234_MNUE01000024.1	38.806	67	37	2	148	213	390744	390553	0.018	50.1
