Query_1	264462_BX842601.2	100.000	271	0	0	1	271	3591244	3590432	2.28e-180	563
Query_1	959_CP007656.1	99.631	271	1	0	1	271	2296814	2296002	2.99e-180	563
Query_1	959_CP020946.1	98.524	271	4	0	1	271	222466	223278	2.96e-178	558
Query_1	1069642_CP002930.1	97.417	271	7	0	1	271	3808212	3807400	9.06e-176	550
Query_1	959_LUKD01000001.1	71.538	260	70	1	11	270	1247836	1247069	3.48e-125	405
Query_1	959_LUKF01000001.1	71.154	260	71	1	11	270	334966	334199	1.68e-124	404
Query_1	2220073_CP030034.1	55.597	268	116	3	5	271	3794589	3795386	2.30e-92	311
Query_1	2484904_RQHS01000016.1	45.627	263	139	4	11	271	87186	87968	2.45e-69	245
Query_1	1049789_AHMO02000010.1	47.431	253	128	4	23	271	24852	24097	9.16e-69	244
Query_1	2484950_RQFY01000004.1	45.594	261	138	4	13	271	143289	144065	1.35e-68	243
Query_1	2023192_NPEA01000004.1	45.594	261	138	4	13	271	197439	198215	1.53e-68	243
Query_1	1917820_BFAY01000011.1	45.594	261	138	4	13	271	1653857	1653081	1.99e-68	243
Query_1	1193011_AKWZ02000001.1	47.826	253	127	4	23	271	237829	238584	2.09e-68	243
Query_1	2484982_RQGV01000016.1	45.211	261	139	4	13	271	167137	167913	3.55e-68	242
Query_1	2484982_RQGU01000010.1	45.211	261	139	4	13	271	167907	168683	3.55e-68	242
Query_1	2484982_RQES01000005.1	45.211	261	139	4	13	271	735434	734658	3.55e-68	242
Query_1	1123509_AUAF01000098.1	44.776	268	142	4	6	267	10011	9208	5.74e-68	241
Query_1	2484943_RQGF01000028.1	47.012	251	129	4	23	271	174844	175590	6.10e-68	241
Query_1	293084_MCRM02000034.1	47.431	253	128	4	23	271	29622	28867	6.36e-68	241
Query_1	1049790_AHMM02000006.1	47.431	253	128	4	23	271	222015	221260	6.46e-68	241
Query_1	2023198_NPEG01000013.1	45.211	261	139	4	13	271	5006	4230	6.75e-68	241
Query_1	2023198_NPEI01000006.1	45.211	261	139	4	13	271	205001	204225	6.77e-68	241
Query_1	1242992_ANIJ01000010.1	44.867	263	141	4	11	271	78076	78858	1.33e-67	240
Query_1	2023183_NPDR01000013.1	45.211	261	139	4	13	271	15596	16372	3.26e-67	239
Query_1	202772_NDXW01000001.1	44.737	266	141	4	8	267	21007	20210	3.38e-66	236
Query_1	1905276_PIYS01000023.1	49.583	240	117	3	32	267	53194	53913	8.50e-66	235
Query_1	1793966_NMQV01000017.1	49.583	240	117	3	32	267	2828	3547	8.82e-66	235
Query_1	1429083_MPIO01000004.1	45.091	275	146	4	1	270	276157	275333	1.14e-65	234
Query_1	1429083_MPIO01000004.1	31.579	95	49	4	134	225	231738	231493	9.5	42.7
Query_1	1193069_AKWX02000012.1	46.614	251	130	4	23	271	114254	113508	1.52e-65	234
Query_1	2683272_CP048878.1	45.385	260	135	3	15	267	3134140	3133361	3.39e-65	233
Query_1	2683272_CP048878.1	48.214	224	114	1	49	270	3719902	3719231	6.10e-62	224
Query_1	1958773_MUJY01000185.1	48.450	258	127	5	18	270	59743	58973	4.16e-65	233
Query_1	1215103_BDAC01000026.1	48.450	258	127	5	18	270	19160	19930	9.35e-65	232
Query_1	137658_FNFD01000025.1	48.450	258	127	5	18	270	55949	55179	9.35e-65	232
Query_1	407164_PREV01000027.1	44.604	278	143	4	1	271	1010366	1011187	1.05e-64	232
Query_1	137658_MUNN01000142.1	48.062	258	128	5	18	270	55611	54841	1.40e-64	231
Query_1	1405803_BATO01000007.1	47.170	265	135	4	11	270	6572	7366	1.42e-64	231
Query_1	1429083_FOAS01000001.1	45.091	275	146	4	1	270	102296	103120	1.48e-64	231
Query_1	1429083_FOAS01000001.1	30.851	94	51	3	134	225	145429	145674	9.3	42.7
Query_1	2213080_QKRU01000001.1	48.954	239	118	3	36	270	56189	56905	2.49e-64	231
Query_1	2610893_WELL01000001.1	48.560	243	121	3	32	270	494650	493922	3.24e-64	231
Query_1	2610893_WELL01000001.1	50.000	240	114	5	36	270	495685	494969	6.71e-62	224
Query_1	2320867_CP032419.1	48.148	243	122	3	32	270	4914990	4915718	8.26e-64	229
Query_1	2591633_CP041242.1	47.490	259	130	5	17	270	38534	37761	8.42e-64	229
Query_1	2650101_WELK01000001.1	48.148	243	122	3	32	270	399188	399916	2.02e-63	228
Query_1	2650101_WELK01000001.1	46.442	267	135	6	11	270	398072	398869	6.69e-63	227
Query_1	651086_QEWO01000008.1	47.899	238	121	2	36	270	44444	45157	2.85e-63	228
Query_1	1391654_CP012333.1	45.736	258	132	5	17	270	11796884	11796123	3.16e-63	228
Query_1	289003_FOWX01000012.1	47.755	245	122	3	32	270	115477	116211	2.10e-62	225
Query_1	2029166_QANS01000006.1	44.400	250	131	4	29	270	53565	54314	4.05e-62	224
Query_1	556533_FNCT01000008.1	46.154	273	136	5	4	270	214063	213260	9.95e-62	223
Query_1	1931241_CP020100.1	43.165	278	150	4	1	270	3237642	3238475	1.15e-61	223
Query_1	2032629_NSKG01000002.1	43.165	278	150	4	1	270	317700	318533	1.96e-61	223
Query_1	43263_CP014784.1	47.325	243	123	4	32	270	375170	375895	2.80e-61	222
Query_1	43263_CP014784.1	46.614	251	127	5	22	267	374144	374890	1.81e-57	211
Query_1	2078689_QJSA01000008.1	42.806	278	151	4	1	270	171349	172182	3.99e-61	222
Query_1	43263_FTMP01000001.1	47.325	243	123	4	32	270	312701	311976	5.18e-61	221
Query_1	1796033_LSOF01000020.1	46.914	243	125	3	32	270	17448	16720	6.06e-61	221
Query_1	43263_FTNW01000004.1	47.325	243	123	4	32	270	493066	492341	7.92e-61	221
Query_1	43263_FTNW01000004.1	46.215	251	128	5	22	267	494079	493333	8.95e-57	209
Query_1	48_QFQP01000007.1	44.402	259	138	3	12	267	141113	141880	9.87e-61	221
Query_1	744977_VFNB01000001.1	47.325	243	123	4	32	270	2343441	2342716	1.10e-60	220
Query_1	744977_VFNB01000001.1	46.215	251	128	5	22	267	2344467	2343721	1.23e-57	212
Query_1	53406_FNSC01000001.1	47.521	242	121	3	32	267	1453858	1454583	1.22e-60	220
Query_1	1215092_BATI01000036.1	46.914	243	124	4	32	270	26644	27369	1.59e-60	220
Query_1	1215092_BATI01000036.1	46.215	251	128	5	22	267	25618	26364	1.22e-57	212
Query_1	43263_UGUP01000002.1	46.914	243	124	4	32	270	4913597	4914322	1.60e-60	220
Query_1	43263_UGUP01000002.1	46.215	251	128	5	22	267	4912571	4913317	1.23e-57	212
Query_1	52_CP012159.1	46.538	260	130	5	15	267	8369721	8368948	5.40e-60	218
Query_1	2448482_RFLV01000001.1	47.107	242	122	3	32	267	1586178	1586903	8.50e-60	218
Query_1	1930532_CP019947.1	43.223	273	145	4	4	270	3967029	3966223	9.54e-60	218
Query_1	2689987_RJVO01000001.1	43.580	257	135	4	24	270	621182	620412	9.91e-60	218
Query_1	2689987_RJVO01000001.1	36.644	292	139	8	21	270	306592	305729	2.61e-45	176
Query_1	2086571_PSNW01000001.1	46.000	250	127	3	29	270	257283	256534	1.26e-59	217
Query_1	300_DDHQ01000004.1	46.667	255	130	5	18	267	31469	30708	1.46e-59	217
Query_1	2502240_SCOM01000003.1	46.914	243	124	4	32	270	612008	611283	1.60e-59	217
Query_1	1386078_AVOF01000187.1	46.124	258	133	5	18	270	5394	6164	1.93e-59	217
Query_1	2482750_RFFK01000020.1	46.124	258	133	5	18	270	9577	8807	2.28e-59	216
Query_1	300_CP011508.1	46.124	258	133	5	18	270	5153629	5154399	3.12e-59	216
Query_1	2126983_OOGT01000061.1	42.960	277	148	5	1	267	18410	17580	4.08e-59	216
Query_1	300_CP023641.1	46.667	255	130	5	18	267	385120	384359	5.68e-59	216
Query_1	2493633_RWYR01000036.1	46.667	255	130	5	18	267	19363	20124	6.16e-59	215
Query_1	2072408_CP025998.1	46.743	261	131	5	18	270	3837809	3838591	9.28e-59	215
Query_1	1197721_ALKM01000004.1	46.667	255	130	5	18	267	119582	120343	1.08e-58	214
Query_1	40324_DFPO01000060.1	46.360	261	132	5	18	270	45075	44293	1.39e-58	214
Query_1	2710648_JAAIUZ010000007.1	46.360	261	132	5	18	270	103877	103095	1.40e-58	214
Query_1	2072406_CP025996.1	46.360	261	132	5	18	270	3754895	3755677	1.41e-58	214
Query_1	2072409_CP025999.1	46.360	261	132	5	18	270	3831631	3832413	2.60e-58	214
Query_1	2072405_CP025995.1	45.594	261	134	4	18	270	3222622	3221840	5.42e-58	213
Query_1	2072407_CP025997.1	46.360	261	132	5	18	270	3671523	3672305	7.82e-58	212
Query_1	888845_CP016211.1	42.279	272	148	6	6	270	11828235	11829044	1.33e-57	211
Query_1	1192034_ASRX01000045.1	45.382	249	127	5	26	267	53500	52760	1.80e-57	211
Query_1	2303331_CP031704.1	42.169	249	137	3	29	270	3597270	3596524	5.43e-57	210
Query_1	40324_DFAX01000163.1	48.649	222	111	2	52	270	5168	5833	2.97e-55	204
Query_1	2292766_CP042468.1	46.256	227	112	4	52	270	6467720	6467046	1.32e-54	203
Query_1	2589075_CP041186.1	46.256	227	112	4	52	270	6467720	6467046	1.32e-54	203
Query_1	889282_WJIE01000001.1	42.745	255	137	6	23	270	465487	464729	3.14e-54	202
Query_1	889272_SSMQ01000005.1	43.443	244	131	5	34	270	5107	4376	2.13e-51	194
Query_1	1891238_RXJQ01000004.1	35.667	300	159	11	1	270	5204	6091	3.83e-36	150
Query_1	2054227_CM009578.1	37.826	230	120	5	41	248	3572826	3573512	4.86e-33	141
Query_1	985250_QICN01000010.1	32.056	287	159	11	12	270	55434	54598	1.20e-26	122
Query_1	287_QVBL01000738.1	44.792	96	50	2	54	146	5	292	4.74e-15	81.6
Query_1	1632864_CP011270.1	24.815	270	158	8	4	270	3207619	3208302	2.52e-07	65.9
Query_1	644383_QKUF01000020.1	26.908	249	145	10	28	271	52729	53379	2.84e-06	62.8
Query_1	644383_BIFX01000001.1	26.908	249	145	10	28	271	1489887	1489237	2.86e-06	62.8
Query_1	1389250_AYSI01000116.1	25.974	231	138	11	50	271	103839	103219	1.01e-05	60.8
Query_1	1389250_AYSI01000116.1	29.348	92	63	1	134	225	51976	52245	2.0	44.7
Query_1	2026780_QNCA01000252.1	25.301	249	151	7	52	271	692	1420	1.02e-05	60.8
Query_1	2527994_CP036267.1	24.818	274	161	11	1	271	2325255	2325950	1.71e-05	60.5
Query_1	2030927_PMEC01000075.1	23.913	276	170	11	5	271	6108	5374	1.93e-05	60.1
Query_1	1173024_KI912148.1	24.255	235	145	9	41	271	749581	750198	3.03e-05	59.7
Query_1	1471761_CP019699.1	26.244	221	128	9	58	271	261729	262307	3.92e-05	59.3
Query_1	2026799_PSRM01000137.1	31.579	152	83	8	133	271	7420	6989	5.25e-05	58.9
Query_1	48467_FUYE01000001.1	34.146	123	69	6	153	271	483702	483358	6.59e-05	58.5
Query_1	2528025_CP036272.1	26.733	202	120	6	57	257	2755132	2754608	7.09e-05	58.5
Query_1	1948890_JAACDH010000410.1	30.357	112	48	2	159	270	1822	1577	7.24e-05	58.5
Query_1	2026799_DPEB01000031.1	25.000	252	155	11	6	254	3206	2544	7.59e-05	58.2
Query_1	1437446_JFHL01000017.1	25.108	231	140	11	50	271	82301	81681	1.09e-04	57.8
Query_1	1437446_JFHL01000017.1	28.723	94	65	1	134	227	20921	21196	6.1	43.1
Query_1	2528026_CP036275.1	25.346	217	133	6	58	271	1495249	1494677	1.19e-04	57.8
Query_1	2650775_CP044407.1	29.834	181	109	6	74	249	8763674	8764177	1.26e-04	57.8
Query_1	2026799_SCQF01000040.1	32.000	125	67	6	153	271	13468	13806	1.27e-04	57.8
Query_1	2528010_CP036433.1	27.189	217	127	9	58	271	878559	879125	1.39e-04	57.4
Query_1	1736406_LMSK01000005.1	25.869	259	142	7	3	244	80756	80079	1.74e-04	57.4
Query_1	575540_CP002353.1	29.371	143	90	5	133	271	4510543	4510136	1.97e-04	57.0
Query_1	2527984_CP036289.1	25.463	216	132	7	58	271	6452329	6451763	2.38e-04	57.0
Query_1	430522_CP017141.1	32.787	122	70	5	153	271	4696115	4696453	3.13e-04	56.6
Query_1	430522_CP017141.1	23.718	156	81	4	153	270	321041	320574	8.7	42.7
Query_1	1478221_NIBG01000002.1	24.885	217	135	9	58	271	379812	380387	3.36e-04	56.2
Query_1	1121085_AUCI01000018.1	29.189	185	101	9	52	225	8290	8787	3.49e-04	56.2
Query_1	1421001_AYTX01000070.1	25.328	229	142	10	50	271	2067	1447	4.25e-04	55.8
Query_1	1405291_JPGZ01000038.1	25.328	229	142	10	50	271	2088	1468	4.26e-04	55.8
Query_1	1582224_JWIM01000045.1	25.328	229	142	10	50	271	1434	814	4.45e-04	55.8
Query_1	1343998_ATCT01000046.1	25.328	229	142	10	50	271	2330	1710	4.60e-04	55.8
Query_1	1421002_AYTW01000001.1	25.328	229	142	10	50	271	3910	4530	4.60e-04	55.8
Query_1	1031537_QPEV01000012.1	27.189	217	127	8	58	271	632089	631523	4.79e-04	55.8
Query_1	124_PUHY01000012.1	27.189	217	127	8	58	271	632089	631523	4.79e-04	55.8
Query_1	706186_SNXR01000013.1	26.452	155	89	4	101	253	285910	286305	5.20e-04	55.8
Query_1	2528033_SMSL01000018.1	23.256	215	126	6	58	267	17050	17592	5.41e-04	55.8
Query_1	1961794_MVOI01000003.1	25.909	220	128	8	57	270	1881678	1881106	6.77e-04	55.5
Query_1	2026787_NZVU01000040.1	25.909	220	128	8	57	270	24534	23962	7.00e-04	55.5
Query_1	2026780_QWQF01000192.1	28.125	224	120	7	59	253	18866	19501	7.10e-04	55.5
Query_1	2026787_PARG01000019.1	25.909	220	128	8	57	270	97455	96883	7.27e-04	55.5
Query_1	1336795_CP017259.1	23.214	224	133	7	50	264	1110354	1110935	7.82e-04	55.1
Query_1	1336795_CP017259.1	32.520	123	67	6	108	225	1588787	1589122	0.35	47.0
Query_1	2704465_CP048222.1	25.463	216	126	10	61	271	3773606	3774163	8.19e-04	55.1
Query_1	2601677_CP042829.1	29.586	169	83	10	107	265	1374800	1375228	0.001	55.1
Query_1	1740262_CP041660.1	31.148	122	69	7	155	270	800566	800228	0.001	55.1
Query_1	756272_CP002546.1	27.189	217	127	7	58	271	2459343	2458777	0.001	55.1
Query_1	2052166_PLZS01000048.1	31.667	120	66	5	108	225	116408	116091	0.001	54.7
Query_1	1122927_KB895418.1	33.607	122	66	6	154	270	113209	113544	0.001	54.7
Query_1	48_QFQP01000031.1	38.298	94	50	4	34	124	33554	33288	0.001	54.7
Query_1	38290_REGD01000006.1	29.016	193	90	9	47	224	21647	22129	0.001	54.7
Query_1	1203627_KI515709.1	28.643	199	91	9	45	224	27792	28292	0.001	54.7
Query_1	1203632_KI515703.1	28.643	199	91	9	45	224	807254	806754	0.001	54.7
Query_1	1203625_KI515713.1	28.643	199	91	9	45	224	29867	30367	0.001	54.7
Query_1	1203561_KI515750.1	28.643	199	91	9	45	224	48044	48544	0.001	54.7
Query_1	1203619_KI515719.1	28.643	199	91	9	45	224	523877	524377	0.001	54.7
Query_1	1203559_KI515759.1	28.643	199	91	9	45	224	782644	782144	0.001	54.7
Query_1	1705_DPYW01000030.1	28.877	187	96	9	43	224	18494	18030	0.001	54.3
Query_1	2527975_CP036279.1	26.606	218	127	9	58	271	873181	873747	0.001	54.3
Query_1	2609282_WHJH01000055.1	25.926	162	103	6	63	224	17254	16820	0.001	54.3
Query_1	1349780_BIMF01000048.1	29.341	167	91	8	108	270	1607	2038	0.001	54.3
Query_1	1705_CP009251.1	28.877	187	96	9	43	224	1336747	1337211	0.001	54.3
Query_1	1705_CP016326.1	28.877	187	96	9	43	224	1375154	1375618	0.001	54.3
Query_1	1705_CP014279.1	28.877	187	96	9	43	224	1375155	1375619	0.001	54.3
Query_1	1705_CP019963.1	28.877	187	96	9	43	224	1197832	1198296	0.001	54.3
Query_1	2099401_PUGE01000003.1	28.877	187	96	9	43	224	352209	352673	0.001	54.3
Query_1	406547_LWSK01000047.1	30.822	146	87	6	131	271	766	356	0.002	54.3
Query_1	991_JPRM01000040.1	32.911	79	39	1	205	269	13979	13743	0.002	54.3
Query_1	991_MUGY01000019.1	32.911	79	39	1	205	269	71339	71575	0.002	54.3
Query_1	406547_VRLW01000001.1	30.822	146	87	6	131	271	4722224	4721814	0.002	54.3
Query_1	38290_REGE01000008.1	29.016	193	90	9	47	224	20933	21415	0.002	54.3
Query_1	38290_REGC01000007.1	29.016	193	90	9	47	224	79210	78728	0.002	54.3
Query_1	1357508_MRBZ01000247.1	27.528	178	100	8	98	271	1728	1270	0.002	53.9
Query_1	2052164_DSRK01000103.1	26.087	207	121	9	68	271	10552	11085	0.002	53.9
Query_1	338969_CP000267.1	22.302	278	178	9	1	271	1184641	1185381	0.002	53.9
Query_1	1434700_FWXS01000008.1	27.891	147	73	5	108	247	91354	91716	0.002	53.9
Query_1	2662066_WIAD01000052.1	26.267	217	124	10	65	271	11056	10484	0.002	53.9
Query_1	1131935_AHKH01000114.1	27.811	169	97	7	105	270	34362	34802	0.002	53.9
Query_1	1891926_CP017641.1	27.094	203	116	7	58	257	3938661	3939182	0.002	53.9
Query_1	1473112_CP045293.1	27.108	166	96	7	108	270	1571057	1571488	0.002	53.9
Query_1	1473112_CP045293.1	31.148	122	69	6	154	270	1088469	1088804	0.010	52.0
Query_1	1705_LSTQ01000022.1	28.877	187	96	9	43	224	171625	171161	0.002	53.9
Query_1	2026780_DSXL01000101.1	26.506	249	140	9	38	271	9862	9200	0.002	53.5
Query_1	1401_MRTF01000005.1	29.341	167	91	8	108	270	549094	548663	0.002	53.9
Query_1	49283_JAALJM010000001.1	27.219	169	98	6	105	270	1928178	1927738	0.002	53.5
Query_1	1603353_PDOB01000015.1	29.651	172	91	6	105	271	61578	61138	0.003	53.5
Query_1	666685_CP003470.1	27.386	241	121	11	58	271	527588	526947	0.003	53.5
Query_1	2682849_WSTC01000022.1	27.869	183	103	7	96	271	18586	18104	0.003	53.5
Query_1	2026779_PWJS01000954.1	30.894	123	72	5	153	271	3072	2731	0.003	53.5
Query_1	2026779_PWZI01000786.1	30.894	123	72	5	153	271	3072	2731	0.003	53.5
Query_1	2026779_SLET01000752.1	30.894	123	72	5	153	271	3163	3504	0.003	53.5
Query_1	2026779_PWSM01000182.1	30.894	123	72	5	153	271	7326	7667	0.003	53.5
Query_1	862512_GL397138.1	28.866	194	97	8	45	224	1300557	1301057	0.003	53.5
Query_1	2053591_QIEC01000437.1	33.058	121	69	5	153	270	1135	1470	0.003	53.1
Query_1	2495579_RXLQ01000009.1	26.543	162	102	6	63	224	147363	147797	0.003	53.5
Query_1	2044275_PDHM01000016.1	28.743	167	92	8	108	270	754772	754341	0.004	53.1
Query_1	666685_AJXV01000032.1	27.386	241	121	11	58	271	2378	3019	0.004	53.1
Query_1	945713_CP003418.1	23.605	233	150	8	41	270	1350542	1351165	0.004	53.1
Query_1	525260_GG666994.1	28.141	199	92	9	45	224	753879	753379	0.004	53.1
Query_1	2052166_PLXC01000021.1	30.000	120	68	5	108	225	173370	173053	0.004	53.1
Query_1	1349794_BIMI01000044.1	27.219	169	98	7	105	270	641	201	0.004	53.1
Query_1	49283_CABMNB010000033.1	27.219	169	98	7	105	270	59726	60166	0.004	53.1
Query_1	49283_NDGK01000033.1	27.219	169	98	7	105	270	59726	60166	0.004	53.1
Query_1	49283_UGRZ01000006.1	27.219	169	98	7	105	270	220999	221439	0.004	53.1
Query_1	49283_CP041405.1	27.219	169	98	7	105	270	2939495	2939055	0.004	53.1
Query_1	908341_AEXS01000139.1	28.571	168	93	8	108	271	31547	31113	0.004	53.1
Query_1	2003592_CABKPW010000047.1	28.571	168	93	8	108	271	31547	31113	0.004	53.1
Query_1	1401_CP032412.1	28.144	167	93	8	108	270	3105685	3106116	0.004	53.1
Query_1	2026779_DNYK01000439.1	24.312	218	132	8	57	270	51190	51756	0.004	53.1
Query_1	2026779_DMGE01000081.1	24.312	218	132	8	57	270	90384	90950	0.004	53.1
Query_1	2527993_CP036341.1	22.619	252	155	7	8	257	4439298	4438657	0.004	53.1
Query_1	1882752_FSRB01000001.1	39.706	68	39	1	205	270	500718	500515	0.005	52.8
Query_1	344747_ABCE01000007.1	22.619	252	155	7	8	257	170316	170957	0.005	52.8
Query_1	2527988_CP036353.1	22.619	252	155	7	8	257	4428517	4427876	0.005	52.8
Query_1	122_CP042910.1	22.619	252	155	7	8	257	4591647	4591006	0.005	52.8
Query_1	122_CP043931.1	22.619	252	155	7	8	257	3107575	3108216	0.005	52.8
Query_1	2026779_DNPC01000345.1	31.613	155	93	4	113	262	1863	1423	0.005	52.8
Query_1	2026714_DRMD01000256.1	24.706	255	155	12	24	271	1860	1186	0.005	52.4
Query_1	2527990_CP036292.1	26.368	201	120	6	58	257	2324405	2324926	0.005	52.8
Query_1	2026799_QOAX01000008.1	26.222	225	130	11	52	271	7292	7873	0.005	52.8
Query_1	2067553_PPDJ01000004.1	25.217	230	145	13	57	271	79147	78494	0.005	52.8
Query_1	266892_FOTY01000001.1	30.769	143	68	7	99	225	101302	101685	0.005	52.8
Query_1	1469647_MBTG01000032.1	29.341	167	91	8	108	270	52512	52081	0.005	52.8
Query_1	1227351_ASPW01000008.1	28.743	167	92	8	108	270	29370	28939	0.005	52.8
Query_1	1401_NXFP01000002.1	28.743	167	92	8	108	270	375173	374742	0.005	52.8
Query_1	481743_VEAV01000001.1	28.743	167	92	8	108	270	1796891	1796460	0.005	52.8
Query_1	481743_CP001793.1	28.743	167	92	8	108	270	3684912	3684481	0.005	52.8
Query_1	2005464_AP018268.1	26.966	178	102	7	98	271	1856262	1856723	0.005	52.8
Query_1	2026779_VFJP01000094.1	28.037	214	113	7	69	253	39476	38871	0.005	52.8
Query_1	1196024_MQWD01000001.1	26.432	227	128	11	51	270	559314	558730	0.005	52.8
Query_1	2026780_QEVJ01000053.1	38.028	71	37	2	207	270	32430	32642	0.005	52.8
Query_1	2282130_QPLR01000610.1	31.343	134	68	7	133	261	28	372	0.006	50.1
Query_1	130049_QKVW01000088.1	27.811	169	97	7	105	270	1084	644	0.006	52.8
Query_1	2527992_CP036318.1	26.368	201	120	6	58	257	2760510	2759989	0.006	52.8
Query_1	2026714_QMXL01000056.1	24.803	254	156	12	24	271	2699	3373	0.006	52.4
Query_1	124_PZKM01000018.1	25.000	216	133	7	58	271	12955	13521	0.006	52.4
Query_1	124_PUIB01000018.1	25.000	216	133	7	58	271	12955	13521	0.006	52.4
Query_1	2575443_SZNH01000001.1	25.962	208	119	10	69	271	392678	393211	0.006	52.4
Query_1	1904961_MKJY01000094.1	28.409	176	108	6	74	244	9204	8716	0.006	52.4
Query_1	2026779_QJWL01000231.1	25.000	216	131	7	58	270	1829	1266	0.007	52.0
Query_1	2528017_CP036348.1	26.961	204	115	8	58	257	2946600	2947121	0.007	52.4
Query_1	2609000_VVIW01000016.1	28.800	125	77	5	63	187	95791	96129	0.007	52.4
Query_1	1882682_CP016616.1	25.346	217	125	8	61	271	4644550	4645107	0.007	52.4
Query_1	2527997_CP036342.1	23.105	277	168	11	1	271	4371912	4371199	0.007	52.4
Query_1	2527999_SJPI01000004.1	31.132	106	64	3	153	257	235736	236029	0.007	52.4
Query_1	2653855_WEZF01000016.1	37.681	69	41	1	204	270	156011	156217	0.008	52.4
Query_1	2506421_SBKN01000002.1	27.586	174	103	5	101	271	251020	251481	0.008	52.4
Query_1	408657_FNXY01000014.1	25.943	212	127	9	65	271	22081	21521	0.008	52.0
Query_1	2026799_QHOP01000415.1	28.877	187	95	11	98	271	9306	9791	0.008	52.0
Query_1	1945858_MUNT01000007.1	24.409	254	154	9	37	271	58761	58057	0.008	52.0
Query_1	1031537_QPEW01000037.1	24.537	216	134	7	58	271	109843	110409	0.008	52.0
Query_1	124_PUIA01000037.1	24.537	216	134	7	58	271	109843	110409	0.008	52.0
Query_1	2024611_NPKN01000008.1	25.991	227	122	6	40	244	199172	199780	0.009	52.0
Query_1	43990_LR134408.1	28.141	199	92	9	45	224	1191079	1191579	0.009	52.0
Query_1	2023130_NPDI01000061.1	32.787	122	70	5	153	271	50566	50904	0.009	52.0
Query_1	265606_PPHI01000046.1	32.787	122	70	5	153	271	32613	32275	0.009	52.0
Query_1	130049_SMZW01000001.1	27.811	169	97	7	105	270	1545443	1545003	0.009	52.0
Query_1	1495650_PDJQ01000001.1	29.240	171	81	9	107	265	648327	648755	0.009	52.0
Query_1	1972511_NBMY01000150.1	27.586	174	100	7	58	225	20262	20723	0.010	52.0
Query_1	2116516_PXYE01000111.1	27.586	174	100	7	58	225	20262	20723	0.010	52.0
Query_1	134959_FZNP01000001.1	29.609	179	102	7	74	244	909161	908673	0.010	52.0
Query_1	124_PUHZ01000010.1	25.688	218	129	6	58	271	180118	180684	0.011	51.6
Query_1	2052166_RXJR01000016.1	28.682	129	75	4	100	225	58542	58886	0.011	51.6
Query_1	1851148_CP019646.1	30.000	120	72	5	154	270	236641	236973	0.011	51.6
Query_1	2026799_QHOE01000288.1	28.877	187	95	11	98	271	8444	7959	0.012	51.6
Query_1	1479485_JHEG03000068.1	25.926	216	131	6	58	271	123983	123417	0.012	51.6
Query_1	1972511_NBMY01000072.1	24.645	211	142	4	14	224	3019	2438	0.013	51.6
Query_1	2116516_PXYE01000022.1	24.645	211	142	4	14	224	3019	2438	0.013	51.6
Query_1	48074_CP047491.1	33.333	90	46	2	142	227	2851571	2851810	0.013	51.6
Query_1	886293_JH621483.1	38.235	68	40	1	205	270	307130	306927	0.014	51.2
Query_1	1636152_CP011273.1	33.824	68	43	1	205	270	2900716	2900513	0.015	51.2
Query_1	1636152_CP011273.1	33.824	68	43	1	205	270	1726432	1726229	0.37	47.0
Query_1	886293_CP003364.1	38.235	68	40	1	205	270	5729826	5729623	0.015	51.2
Query_1	886293_CP003364.1	28.926	121	76	4	153	271	6652658	6652996	0.18	48.1
Query_1	886293_CP003364.1	32.353	68	44	1	205	270	4348359	4348156	2.5	44.3
Query_1	2026799_QHNT01000273.1	28.342	187	96	10	98	271	1747	2232	0.015	51.2
Query_1	1324314_MSZX01000025.1	33.333	123	68	6	153	271	18271	17933	0.015	51.2
Query_1	645134_KQ257464.1	29.508	122	74	5	153	271	258940	258602	0.015	51.2
Query_1	2026714_DTFX01000013.1	30.075	133	68	5	105	225	19916	20275	0.016	51.2
Query_1	2026760_PAPB01000039.1	31.405	121	73	5	153	271	86108	86446	0.016	51.2
Query_1	69368_VFOX01000001.1	23.697	211	132	8	64	271	1783433	1782879	0.016	51.2
Query_1	288992_FQUQ01000005.1	24.545	220	133	8	57	271	450213	450788	0.016	51.2
Query_1	2681548_WRPS01000006.1	29.379	177	98	7	98	271	181293	181751	0.017	51.2
Query_1	2605694_VSZO01000007.1	29.379	177	98	7	98	271	235787	235329	0.017	51.2
Query_1	1979527_NGUZ01000020.1	28.824	170	94	6	57	224	22349	22783	0.017	51.2
Query_1	1121355_KB903375.1	27.673	159	96	6	50	207	19273	19695	0.018	51.2
Query_1	666685_LVJP01003535.1	25.652	230	119	8	40	244	12963	13571	0.018	51.2
Query_1	1076524_ATYF01000013.1	25.652	230	119	8	40	244	108020	108628	0.018	51.2
Query_1	1871037_PAUJ01000006.1	24.268	239	147	11	1	233	87960	87328	0.018	51.2
Query_1	1930277_CP036261.1	26.108	203	118	7	58	257	2682226	2681705	0.018	51.2
Query_1	649349_CP002305.1	30.709	127	69	5	153	271	3800292	3800639	0.018	51.2
Query_1	1227551_QWLB01000018.1	26.178	191	119	5	58	248	42614	42108	0.019	50.8
Query_1	1210097_BDCB01000056.1	30.000	130	66	3	154	258	56868	57257	0.019	50.8
Query_1	1227551_BJXM01000008.1	26.178	191	119	5	58	248	59116	58610	0.019	50.8
Query_1	101383_JAAGVY010000029.1	24.828	290	162	10	1	271	11664	10906	0.019	50.8
Query_1	1419482_FRBL01000013.1	31.148	122	75	4	152	271	20824	21168	0.019	50.8
Query_1	2704462_CP048209.1	27.684	177	101	8	98	270	3414735	3414274	0.020	50.8
Query_1	2026779_DRMR01001040.1	26.754	228	131	9	48	270	1605	1015	0.022	50.4
Query_1	1852522_FXAZ01000001.1	28.144	167	93	8	108	270	1352575	1353006	0.023	50.8
Query_1	1076523_AXBJ01000017.1	26.923	208	108	7	58	244	75618	76172	0.023	50.8
Query_1	2528030_CP036347.1	22.744	277	169	11	1	271	4499322	4498609	0.024	50.8
Query_1	2608982_CP043930.1	22.744	277	169	11	1	271	7491124	7491837	0.025	50.8
Query_1	111802_CAACUY010000150.1	28.977	176	107	6	74	244	5474	4986	0.025	50.4
Query_1	1031537_QPEW01000051.1	29.167	120	75	4	154	271	131381	131716	0.025	50.4
Query_1	124_PUIA01000051.1	29.167	120	75	4	154	271	131381	131716	0.025	50.4
Query_1	2026779_DNDE01000312.1	23.077	260	160	7	1	257	13514	12846	0.025	50.4
Query_1	1945856_MUNR01000005.1	25.339	221	137	7	37	244	110479	109862	0.026	50.4
Query_1	122_DDOA01000013.1	23.077	260	160	7	1	257	64498	65166	0.026	50.4
Query_1	2712865_JAALJI010000036.1	32.468	77	49	2	196	270	26371	26598	0.026	50.4
Query_1	49283_QYZD01000007.1	27.219	169	98	7	105	270	162728	162288	0.026	50.4
Query_1	1678841_DF968182.1	29.508	122	60	5	153	262	1883678	1884001	0.027	50.4
Query_1	269536_LFCW01000015.1	31.818	132	80	5	95	224	38157	37786	0.028	50.4
Query_1	1566022_JSYO01000027.1	31.646	79	40	1	205	269	25217	25453	0.029	50.4
Query_1	1544798_JRHC01000001.1	36.111	72	40	1	154	225	863268	863465	0.029	50.4
Query_1	1736556_LMFY01000001.1	24.286	210	130	8	64	270	2530410	2530961	0.031	50.4
Query_1	661478_CP007139.1	34.568	81	45	3	190	267	1736453	1736680	0.035	50.1
Query_1	661478_CP007139.1	25.561	223	128	9	57	271	2273666	2273088	0.054	49.7
Query_1	2530366_SMKB01000001.1	29.448	163	96	5	74	231	102218	102664	0.035	50.1
Query_1	2182787_QEQK01000011.1	26.901	171	97	6	66	224	33312	32848	0.035	50.1
Query_1	2026780_QWOO01000023.1	25.446	224	124	8	57	271	530	1099	0.035	50.1
Query_1	2597346_VOBK01000002.1	23.810	210	131	8	64	270	471593	471042	0.036	50.1
Query_1	1982041_NEOT01000025.1	24.865	185	101	6	94	247	21198	21731	0.036	50.1
Query_1	1396_NHYG01000084.1	24.865	185	101	6	94	247	23172	23705	0.036	50.1
Query_1	2321404_RCHT01000067.1	28.509	228	132	11	58	271	1155	523	0.036	50.1
Query_1	1392_LZQW01000049.1	24.865	185	101	6	94	247	66340	65807	0.036	50.1
Query_1	2014871_BIFR01000002.1	25.991	227	139	9	49	271	230480	231085	0.037	50.1
Query_1	1392_CP031643.1	24.865	185	101	6	94	247	176655	177188	0.037	50.1
Query_1	1566023_JSYP01000014.1	31.646	79	40	1	205	269	6538	6774	0.038	50.1
Query_1	1111733_ATYR01000022.1	30.216	139	73	6	133	266	42683	43042	0.039	50.1
Query_1	853_PRLE01000003.1	26.596	188	127	6	36	221	290046	289510	0.039	50.1
Query_1	853_CABJDF010000008.1	26.596	188	127	6	36	221	184225	183689	0.039	50.1
Query_1	2292234_QUFG01000008.1	26.596	188	127	6	36	221	184225	183689	0.039	50.1
Query_1	2608339_VWWO01000003.1	31.967	122	74	4	152	271	670015	670359	0.040	50.1
Query_1	2116516_PXYE01000009.1	27.273	176	107	6	51	224	87267	86797	0.040	50.1
Query_1	1932005_MTCR01000097.1	27.273	176	107	6	51	224	87267	86797	0.040	50.1
Query_1	2568878_SSSO01000014.1	24.865	185	101	6	94	247	36411	36944	0.040	50.1
Query_1	1423_CP026608.1	24.865	185	101	6	94	247	1227800	1228333	0.040	50.1
Query_1	1673720_LT962687.1	28.509	228	132	11	58	271	2620702	2620070	0.041	50.1
Query_1	1123511_KB905860.1	25.121	207	126	7	68	270	39544	40089	0.042	50.1
Query_1	1979369_NCWQ01000042.1	31.646	79	40	1	205	269	7465	7229	0.042	50.1
Query_1	2153359_QAJL01000001.1	29.323	133	82	4	142	271	271806	271435	0.043	50.1
Query_1	715_CABEFA010000163.1	27.545	167	94	8	108	270	45528	45959	0.043	50.1
Query_1	2528004_SJPT01000009.1	30.075	133	77	7	99	225	248595	248227	0.045	49.7
Query_1	82380_JYIW01000026.1	24.171	211	131	8	64	271	419803	419249	0.045	49.7
Query_1	553206_ACVP01000032.1	28.824	170	94	6	57	224	23207	23641	0.045	49.7
Query_1	1400387_CP042913.1	29.878	164	90	7	110	271	71493	71915	0.045	49.7
Query_1	1123226_KB899280.1	28.571	168	93	6	108	271	272009	271575	0.046	49.7
Query_1	2026779_QIKY01000198.1	29.371	143	88	6	133	271	14583	14984	0.047	49.7
Query_1	1650662_LN879457.1	27.556	225	120	10	58	270	943002	942421	0.049	49.7
Query_1	758825_FOTW01000053.1	32.520	123	63	7	108	224	7060	6734	0.050	49.7
Query_1	1396_SZNV01000013.1	25.405	185	100	6	94	247	11749	12282	0.052	49.7
Query_1	1428_VEBE01000021.1	25.405	185	100	6	94	247	68755	68222	0.052	49.7
Query_1	169292_JVXO01000028.1	28.571	175	98	6	52	224	202297	201848	0.052	49.7
Query_1	1745382_MOWP01000027.1	30.000	130	85	4	95	224	214491	214120	0.052	49.7
Query_1	2026780_QWPB01000163.1	38.028	71	37	2	207	270	11330	11118	0.053	49.7
Query_1	2527967_CP036266.1	22.383	277	170	11	1	271	4427197	4426484	0.054	49.7
Query_1	2530364_SMLC01000011.1	29.012	162	98	5	74	231	26757	26311	0.055	49.7
Query_1	1930276_CP036263.1	29.508	122	76	4	153	271	3562846	3562502	0.055	49.7
Query_1	927661_KK073874.1	28.365	208	106	9	101	270	4404179	4404787	0.056	49.7
Query_1	1638985_BBMH01000006.1	26.667	180	112	7	50	225	27800	27309	0.057	49.7
Query_1	1031537_QPEX01000011.1	24.658	219	130	7	58	271	84436	83870	0.057	49.7
Query_1	1715006_KV794752.1	25.275	182	109	6	43	224	8156	7692	0.058	49.7
Query_1	2583815_VCNI01000005.1	24.454	229	145	7	58	271	45233	45880	0.058	49.7
Query_1	2026779_CACOUL010000015.1	26.457	223	130	9	57	271	13963	14553	0.058	49.7
Query_1	392593_CP040709.1	28.729	181	108	8	51	225	251791	251294	0.058	49.7
Query_1	2605989_VTSR01000011.1	23.394	218	134	8	58	271	264306	263740	0.060	49.3
Query_1	2670374_POTW01000013.1	27.094	203	110	9	101	270	31121	30528	0.061	49.3
Query_1	169292_PNHI01000020.1	25.275	182	109	7	43	224	5048	4584	0.062	49.3
Query_1	1739512_KV819532.1	25.275	182	109	7	43	224	6856	6392	0.062	49.3
Query_1	1715045_KV796722.1	25.275	182	109	7	43	224	21877	22341	0.062	49.3
Query_1	1739310_KV805018.1	25.275	182	109	7	43	224	8127	7663	0.063	49.3
Query_1	1739497_KV818288.1	25.275	182	109	7	43	224	21834	22298	0.063	49.3
Query_1	1739436_KV813896.1	25.275	182	109	7	43	224	14657	14193	0.063	49.3
Query_1	38301_LAYQ01000026.1	25.275	182	109	7	43	224	22552	23016	0.063	49.3
Query_1	1739548_KV821941.1	25.275	182	109	7	43	224	21916	21452	0.063	49.3
Query_1	1715114_KV827291.1	25.275	182	109	7	43	224	107182	106718	0.063	49.3
Query_1	169292_VMTX01000002.1	25.275	182	109	7	43	224	24109	24573	0.063	49.3
Query_1	1739311_KV805142.1	25.275	182	109	6	43	224	4599	4135	0.065	49.3
Query_1	169292_VKDK01000004.1	25.275	182	109	6	43	224	152700	152236	0.066	49.3
Query_1	169292_VIOG01000001.1	25.275	182	109	6	43	224	358039	357575	0.066	49.3
Query_1	2182793_QEWW01000002.1	29.104	134	83	5	141	269	88197	87817	0.066	49.3
Query_1	2182793_QEWS01000001.1	29.104	134	83	5	141	269	412666	413046	0.066	49.3
Query_1	2182793_QEWU01000001.1	29.104	134	83	5	141	269	88486	88106	0.066	49.3
Query_1	2182793_QEWV01000001.1	29.104	134	83	5	141	269	413272	413652	0.066	49.3
Query_1	169292_JUMN01000045.1	25.275	182	109	6	43	224	23939	24403	0.067	49.3
Query_1	2219658_UWYY01000003.1	26.690	281	156	13	6	262	304053	303289	0.067	49.3
Query_1	2219658_UWYY01000003.1	25.101	247	136	11	57	270	354682	353990	1.0	45.8
Query_1	2026779_SKVE01000621.1	24.364	275	160	13	4	270	2484	1780	0.067	48.9
Query_1	273075_AL139299.1	29.231	130	69	4	152	258	697928	697539	0.067	49.3
Query_1	1121932_AUHF01000001.1	25.103	243	155	9	42	270	849036	849725	0.068	49.3
Query_1	1638985_BBMG01000011.1	26.667	180	112	7	50	225	8499	8008	0.070	49.3
Query_1	2135609_PZZX01000017.1	28.643	199	103	8	87	260	77400	77954	0.070	49.3
Query_1	1196323_ALKF01000197.1	31.967	122	69	6	153	270	48618	48953	0.071	49.3
Query_1	646637_CP028834.1	28.643	199	103	8	87	260	161455	160901	0.071	49.3
Query_1	2153486_QANQ01000002.1	28.643	199	103	8	87	260	170053	169499	0.071	49.3
Query_1	1444768_JAIZ01000479.1	27.692	130	68	2	154	257	4883	5272	0.073	49.3
Query_1	2052166_RXJR01000044.1	32.812	128	78	4	98	225	7562	7921	0.074	49.3
Query_1	2717319_JAAQOM010000002.1	28.049	164	107	6	99	260	34804	34340	0.074	49.3
Query_1	1930275_CP036526.1	29.508	122	72	6	154	271	5897186	5896851	0.074	49.3
Query_1	1930275_CP036526.1	40.816	49	29	0	205	253	735863	736009	4.5	43.5
Query_1	1144342_AKJA01000094.1	26.380	163	104	5	106	262	769	1227	0.077	48.9
Query_1	880073_CM001402.1	29.752	121	73	5	154	271	135687	135352	0.078	49.3
Query_1	880073_CP018099.1	29.752	121	73	5	154	271	3439712	3439377	0.078	49.3
Query_1	1406431_LELH02000006.1	27.232	224	138	10	48	260	51436	52065	0.078	49.3
Query_1	1229276_JJMU01000002.1	25.328	229	133	9	54	271	34841	34236	0.078	49.3
Query_1	525264_GL542877.1	27.778	180	93	7	52	224	23773	24222	0.079	49.3
Query_1	1707785_CP012640.2	27.232	224	138	10	48	260	5283463	5282834	0.079	49.3
Query_1	666685_QFWQ01000009.1	25.095	263	139	7	3	244	87714	87037	0.080	48.9
Query_1	2026780_NVWJ01000005.1	34.043	94	51	3	134	227	1080	1328	0.080	48.9
Query_1	2026779_PBGK01000073.1	32.353	136	76	7	139	270	23624	23995	0.081	48.9
Query_1	2320864_QYUP01000019.1	34.783	115	56	7	117	224	8312	8620	0.086	48.9
Query_1	1448313_KZ825072.1	41.509	53	31	0	201	253	522036	522194	0.086	48.9
Query_1	2614804_WAAT01000025.1	30.252	119	74	5	154	270	84940	85275	0.087	48.9
Query_1	2706887_CP048409.1	38.667	75	38	2	153	225	4672307	4672101	0.088	48.9
Query_1	2026760_NZHK01000041.1	25.595	168	100	8	108	271	3591	3151	0.088	48.9
Query_1	1122603_ATVI01000011.1	28.358	134	79	5	95	225	159811	159452	0.089	48.9
Query_1	1883427_PBUT01000059.1	25.652	230	139	9	45	271	4016	3414	0.091	48.9
Query_1	2026779_DPUZ01000152.1	23.158	190	119	5	58	247	1028	1516	0.092	48.9
Query_1	2026779_PWJS01000705.1	32.520	123	69	6	153	271	3969	3631	0.092	48.9
Query_1	288681_CP000001.1	24.865	185	101	6	94	247	168151	168684	0.095	48.9
Query_1	288681_CP009968.1	24.865	185	101	6	94	247	5292750	5292217	0.095	48.9
Query_1	2026799_DRVI01000195.1	26.244	221	129	10	57	271	8031	7453	0.095	48.9
Query_1	2528028_CP036277.1	23.188	276	169	10	1	271	4406819	4406106	0.096	48.9
Query_1	1197129_BAFN01000001.1	21.818	220	131	6	58	271	3565972	3566526	0.097	48.9
Query_1	2014065_NIZW01000011.1	25.352	142	86	4	134	262	167671	168075	0.098	48.9
Query_1	2527971_CP036343.1	20.974	267	168	9	8	270	4632959	4632276	0.098	48.9
Query_1	2489054_RQPJ01000014.1	28.689	122	78	3	152	271	92372	92028	0.10	48.9
Query_1	512012_NHOS01000001.1	23.016	252	136	7	3	246	171623	171018	0.10	48.9
Query_1	1638985_BBMC01000005.1	26.111	180	113	7	50	225	29579	29088	0.11	48.5
Query_1	2212467_CABJBC010000001.1	31.008	129	74	4	128	253	781437	781087	0.11	48.5
Query_1	180881_NFDL01000130.1	24.865	185	101	6	94	247	19517	20050	0.11	48.5
Query_1	2603222_VRTT01000059.1	32.456	114	68	4	158	270	43872	44189	0.11	48.5
Query_1	1117109_ATMS01000045.1	23.148	216	131	8	61	270	133430	132870	0.11	48.5
Query_1	487797_ABVW01000001.1	33.000	100	55	3	127	225	101444	101710	0.11	48.5
Query_1	265606_PPHI01000060.1	35.185	108	57	4	154	254	21531	21836	0.11	48.5
Query_1	1581050_KV823406.1	27.895	190	104	8	45	224	130950	130450	0.11	48.5
Query_1	2023130_NPDI01000042.1	35.185	108	57	4	154	254	42202	41897	0.11	48.5
Query_1	2609283_WHJI01000042.1	28.333	120	74	4	63	182	20779	21102	0.11	48.5
Query_1	521674_CP001744.1	26.064	188	116	6	68	254	5404962	5404465	0.11	48.5
Query_1	2026779_PBOU01000159.1	23.158	190	119	5	58	247	6293	6781	0.12	48.5
Query_1	662367_FOLQ01000001.1	29.240	171	93	8	58	226	1128854	1128420	0.12	48.5
Query_1	2183917_RBLD01000011.1	29.268	123	77	6	152	270	656370	656720	0.13	48.5
Query_1	964_CP013136.1	26.357	129	85	2	134	262	2894645	2895001	0.13	48.5
Query_1	1396_LWLZ01000529.1	24.865	185	101	6	94	247	1235	702	0.13	48.1
Query_1	2605989_VTSR01000017.1	27.815	151	92	5	110	254	6382	5963	0.13	48.5
Query_1	1747_JVZP01000110.1	27.778	180	93	7	52	224	201910	201461	0.13	48.5
Query_1	169292_JUOH01000065.1	27.778	180	93	7	52	224	23138	23587	0.13	48.5
Query_1	169292_JUZU01000065.1	27.778	180	93	7	52	224	23138	23587	0.13	48.5
Query_1	169292_JWAB01001442.1	27.778	180	93	7	52	224	23214	23663	0.13	48.5
Query_1	2026779_SLIR01000028.1	32.520	123	69	6	153	271	15004	14666	0.13	48.5
Query_1	1392_RXZK01000022.1	24.211	190	106	6	89	247	1385	1933	0.13	48.1
Query_1	2026779_PWSM01000817.1	32.520	123	69	6	153	271	25051	25389	0.13	48.5
Query_1	2026779_SLET01000088.1	32.520	123	69	6	153	271	1323	985	0.13	48.5
Query_1	2026779_PWZI01000624.1	32.520	123	69	6	153	271	7872	8210	0.14	48.5
Query_1	1203558_KI515764.1	28.000	175	99	6	52	224	852606	852157	0.14	48.5
Query_1	1203567_KI515721.1	28.000	175	99	6	52	224	855919	855470	0.14	48.5
Query_1	1203560_KI515751.1	28.000	175	99	6	52	224	25781	26230	0.14	48.5
Query_1	1203563_KI515735.1	28.000	175	99	6	52	224	1582377	1582826	0.14	48.5
Query_1	1203564_KI515731.1	28.000	175	99	6	52	224	1965465	1965016	0.14	48.5
Query_1	2026779_SKKK01000168.1	32.520	123	69	6	153	271	13613	13951	0.14	48.5
Query_1	964_CP011930.1	26.357	129	85	2	134	262	2916087	2916443	0.14	48.5
Query_1	757424_CP002039.1	26.357	129	85	2	134	262	2916468	2916824	0.14	48.5
Query_1	2026779_VFKV01000186.1	35.294	68	42	1	205	270	1804	2007	0.14	48.1
Query_1	2069432_CP025938.1	30.233	129	81	5	144	270	313789	314154	0.14	48.1
Query_1	1396_JYPL01000108.1	24.211	190	106	6	89	247	16905	16357	0.14	48.1
Query_1	450367_SMZY01000001.1	32.353	102	61	3	153	254	1104082	1104363	0.14	48.1
Query_1	1392_RXZL01000014.1	24.211	190	106	6	89	247	3179	3727	0.14	48.1
Query_1	1396_LOMT01000099.1	24.211	190	106	6	89	247	58027	57479	0.15	48.1
Query_1	1396_VVXM01000019.1	24.211	190	106	6	89	247	58048	57500	0.15	48.1
Query_1	2026714_SPBR01000037.1	30.894	123	72	6	153	271	6347	6006	0.15	48.1
Query_1	1396_LCYM01000061.1	24.211	190	106	6	89	247	77092	76544	0.15	48.1
Query_1	2485489_RIAR01000165.1	30.081	123	75	4	152	271	16467	16811	0.15	48.1
Query_1	1392_QAEK01000019.1	24.211	190	106	6	89	247	17448	17996	0.15	48.1
Query_1	1428_WJCD01000030.1	24.211	190	106	6	89	247	54018	53470	0.15	48.1
Query_1	1392_NVHS01000098.1	24.211	190	106	6	89	247	1404	856	0.15	48.1
Query_1	1396_MQTE01000011.1	24.211	190	106	6	89	247	73747	73199	0.15	48.1
Query_1	1392_LDPG01000024.1	24.211	190	106	6	89	247	17410	17958	0.15	48.1
Query_1	1396_VDNI01000020.1	24.211	190	106	6	89	247	73759	73211	0.15	48.1
Query_1	1392_RXZP01000012.1	24.211	190	106	6	89	247	17340	17888	0.15	48.1
Query_1	1605994_BBYF01000007.1	22.685	216	132	8	61	270	2646	3206	0.15	48.1
Query_1	1392_RXZR01000005.1	24.211	190	106	6	89	247	17341	17889	0.15	48.1
Query_1	1392_RXZM01000009.1	24.211	190	106	6	89	247	17340	17888	0.15	48.1
Query_1	1392_JSZY01000009.1	24.211	190	106	6	89	247	17219	17767	0.15	48.1
Query_1	1392_RXZV01000005.1	24.211	190	106	6	89	247	17341	17889	0.15	48.1
Query_1	1392_PPER01000032.1	24.211	190	106	6	89	247	21698	21150	0.15	48.1
Query_1	1392_RXZT01000006.1	24.211	190	106	6	89	247	17341	17889	0.15	48.1
Query_1	1392_RXZW01000005.1	24.211	190	106	6	89	247	17341	17889	0.15	48.1
Query_1	1392_RXZQ01000004.1	24.211	190	106	6	89	247	17393	17941	0.15	48.1
Query_1	1392_RXZN01000006.1	24.211	190	106	6	89	247	17340	17888	0.15	48.1
Query_1	1392_JTAS01000022.1	24.211	190	106	6	89	247	17123	17671	0.15	48.1
Query_1	1392_WUDA01000012.1	24.211	190	106	6	89	247	35448	34900	0.15	48.1
Query_1	1392_RXZO01000006.1	24.211	190	106	6	89	247	17341	17889	0.15	48.1
Query_1	1392_WUCX01000024.1	24.211	190	106	6	89	247	17231	17779	0.15	48.1
Query_1	1392_FBXP01000038.1	24.211	190	106	6	89	247	17207	17755	0.15	48.1
Query_1	1392_JTAB01000011.1	24.211	190	106	6	89	247	17219	17767	0.15	48.1
Query_1	1392_JTAA01000009.1	24.211	190	106	6	89	247	58036	57488	0.15	48.1
Query_1	1392_JTAF01000013.1	24.211	190	106	6	89	247	58036	57488	0.15	48.1
Query_1	1392_FBXS01000015.1	24.211	190	106	6	89	247	17229	17777	0.15	48.1
Query_1	1392_JTAG01000004.1	24.211	190	106	6	89	247	58078	57530	0.15	48.1
Query_1	1392_JSZS01000014.1	24.211	190	106	6	89	247	17210	17758	0.15	48.1
Query_1	1392_FBXR01000011.1	24.211	190	106	6	89	247	58054	57506	0.15	48.1
Query_1	1392_FBXN01000033.1	24.211	190	106	6	89	247	17392	17940	0.15	48.1
Query_1	1392_FBXU01000006.1	24.211	190	106	6	89	247	17393	17941	0.15	48.1
Query_1	1392_FBXQ01000008.1	24.211	190	106	6	89	247	17397	17945	0.15	48.1
Query_1	1392_FBXM01000019.1	24.211	190	106	6	89	247	58063	57515	0.15	48.1
Query_1	1392_FBXO01000033.1	24.211	190	106	6	89	247	17471	18019	0.15	48.1
Query_1	1392_MJAW01000001.1	24.211	190	106	6	89	247	58252	57704	0.15	48.1
Query_1	1392_LGID01000096.1	24.211	190	106	6	89	247	58407	57859	0.15	48.1
Query_1	1392_JSZX01000033.1	24.211	190	106	6	89	247	58036	57488	0.15	48.1
Query_1	1392_JSZZ01000041.1	24.211	190	106	6	89	247	19023	19571	0.15	48.1
Query_1	1392_JSZU01000035.1	24.211	190	106	6	89	247	58036	57488	0.15	48.1
Query_1	1392_RXZU01000007.1	24.211	190	106	6	89	247	17341	17889	0.15	48.1
Query_1	1392_WUDB01000003.1	24.211	190	106	6	89	247	17221	17769	0.15	48.1
Query_1	1392_WXWZ01000026.1	24.211	190	106	6	89	247	17221	17769	0.15	48.1
Query_1	1392_WXXH01000157.1	24.211	190	106	6	89	247	17221	17769	0.15	48.1
Query_1	1392_WXXF01000069.1	24.211	190	106	6	89	247	17223	17771	0.15	48.1
Query_1	1392_WXXE01000114.1	24.211	190	106	6	89	247	76776	76228	0.15	48.1
Query_1	1392_JTAR01000017.1	24.211	190	106	6	89	247	17219	17767	0.15	48.1
Query_1	1392_JTAD01000011.1	24.211	190	106	6	89	247	17219	17767	0.15	48.1
