Query_1	1265502_KB905938.1	99.394	495	3	0	1	495	16138	17622	0.0	897
Query_1	1349753_BCWK01000002.1	98.586	495	7	0	1	495	316056	314572	0.0	890
Query_1	1452508_PSNX01000006.1	84.040	495	79	0	1	495	168252	169736	0.0	758
Query_1	215580_SLXF01000011.1	72.727	473	129	0	23	495	36144	37562	0.0	676
Query_1	215580_QQAP01000011.1	72.727	473	129	0	23	495	36089	37507	0.0	675
Query_1	215580_PSNY01000013.1	72.727	473	129	0	23	495	62443	61025	0.0	675
Query_1	1796922_ML137196.1	68.856	472	141	2	27	495	99880	98474	0.0	660
Query_1	2570323_SWAR01000002.1	70.825	473	131	3	26	494	168521	167112	0.0	657
Query_1	431061_NIOF01000010.1	68.922	473	141	2	26	495	196561	197970	0.0	655
Query_1	2135732_SLVE01000008.1	67.083	480	146	2	26	495	302621	301188	0.0	644
Query_1	2135732_SLVE01000008.1	60.748	321	123	2	23	342	52854	53810	8.14e-121	403
Query_1	2512129_SGXQ01000001.1	66.876	477	149	2	26	495	3264946	3263522	0.0	643
Query_1	2512129_SGXQ01000001.1	62.893	318	116	1	23	340	2468678	2469625	8.01e-127	421
Query_1	2496871_QUSW01000005.1	69.979	473	136	2	26	495	224803	226212	0.0	639
Query_1	1882825_FOUG01000005.1	66.250	480	151	2	26	495	415324	413888	0.0	634
Query_1	457575_SHKP01000004.1	68.607	481	141	2	25	495	148374	149816	0.0	626
Query_1	137716_BADL01000453.1	68.354	474	141	3	27	495	9208	7799	0.0	626
Query_1	2596921_VOBQ01000016.1	67.722	474	149	2	26	495	182361	183782	0.0	625
Query_1	1500261_JUGM01000030.1	67.442	473	149	2	26	495	45605	44193	0.0	624
Query_1	94132_CP010951.1	65.199	477	156	3	26	495	327870	326449	0.0	624
Query_1	513160_VIDT01000063.1	67.432	479	145	4	25	495	3503	4930	0.0	623
Query_1	1349793_BCWR01000022.1	68.354	474	147	2	25	495	86497	85076	0.0	620
Query_1	1336246_BCYP01000001.1	65.618	477	158	2	23	495	15609	17033	0.0	620
Query_1	1945864_MUNZ01000101.1	66.878	474	154	2	25	495	68347	69768	0.0	612
Query_1	1891238_JAABRA010000121.1	66.876	477	152	2	25	495	3005	1575	0.0	610
Query_1	36863_VZPB01000057.1	66.878	474	149	3	27	495	18986	17574	0.0	607
Query_1	365046_CP000245.1	71.308	474	128	3	26	494	1636867	1638279	0.0	603
Query_1	365046_CP000245.1	42.331	326	161	9	26	341	2175497	2174571	3.17e-63	237
Query_1	285_LMXT01000021.1	65.361	485	153	4	26	495	41074	39620	0.0	602
Query_1	285_JNVD01000016.1	65.361	485	153	4	26	495	107097	105643	0.0	602
Query_1	2565558_CP039252.1	64.948	485	156	5	25	495	624124	625578	0.0	602
Query_1	285_AWOR01000089.1	65.361	485	153	4	26	495	15260	16714	0.0	601
Query_1	1121255_WJBU01000008.1	67.573	478	147	2	26	495	36439	35006	0.0	598
Query_1	1339241_JRQK01000104.1	64.948	485	155	4	26	495	41822	40368	0.0	595
Query_1	1392005_CP006704.1	65.155	485	154	4	26	495	1478547	1480001	0.0	594
Query_1	1440775_JMRS01000026.1	64.948	485	155	4	26	495	69121	67667	0.0	593
Query_1	2601247_VOQU01000001.1	64.948	485	155	4	26	495	15380	16834	0.0	592
Query_1	399795_AAUJ02000001.1	64.742	485	156	4	26	495	4109733	4108279	0.0	591
Query_1	1111078_BAEC01000048.1	64.742	485	156	4	26	495	7571	6117	0.0	591
Query_1	2035201_PEFL01000001.1	64.124	485	159	4	26	495	3105590	3104136	0.0	588
Query_1	2608341_VWWQ01000006.1	63.918	485	160	4	26	495	381732	380278	0.0	586
Query_1	1546149_CP016278.1	65.839	483	152	4	26	495	631260	632708	0.0	577
Query_1	535289_CP001392.1	65.424	483	154	3	26	495	2214712	2213264	0.0	576
Query_1	1150395_KB905040.1	60.211	475	184	3	23	495	299324	300739	2.16e-178	569
Query_1	1321610_BCUT01000002.1	59.789	475	186	3	23	495	205558	206973	5.43e-177	565
Query_1	164759_RJVL01000003.1	64.182	483	160	3	26	495	153651	155099	6.33e-177	565
Query_1	2049333_PEOG01000022.1	69.412	340	100	1	26	361	55240	54221	8.33e-160	516
Query_1	2049333_PEOG01000022.1	71.429	56	16	0	440	495	54250	54083	1.71e-08	72.4
Query_1	1658665_CP011514.1	73.418	316	84	0	26	341	4152628	4151681	4.43e-159	513
Query_1	1658665_CP011514.1	71.429	56	16	0	440	495	4151623	4151456	9.20e-09	73.2
Query_1	1881035_FOZE01000001.1	68.155	336	103	1	30	361	287878	288885	2.16e-154	500
Query_1	1881035_FOZE01000001.1	69.643	56	17	0	440	495	288856	289023	4.93e-08	70.9
Query_1	1121278_KE386746.1	55.508	472	199	5	28	495	89350	90744	6.08e-148	481
Query_1	1121279_FPKR01000003.1	55.890	399	166	4	26	419	25881	27062	5.59e-136	447
Query_1	1121279_FPKR01000003.1	49.708	171	75	4	330	494	27066	27563	4.84e-23	117
Query_1	1321611_BCUU01000185.1	60.882	340	126	2	23	357	3773	2760	2.58e-131	427
Query_1	543728_CP001635.1	52.321	474	201	9	26	494	2582733	2584094	2.83e-127	422
Query_1	1150395_KB905070.1	52.743	474	199	10	26	494	38474	37113	5.02e-127	421
Query_1	1321610_BCUT01000001.1	52.743	474	199	10	26	494	87983	86622	5.15e-127	421
Query_1	2004485_NOIG01000004.1	53.320	482	194	10	26	495	627525	628913	4.27e-126	419
Query_1	1943571_BJHU01000035.1	54.132	484	189	11	26	495	441511	440117	4.39e-126	419
Query_1	2491343_VIVL01000006.1	51.899	474	203	10	26	494	373804	375165	2.36e-125	416
Query_1	2496117_RXFQ01000003.1	51.688	474	204	10	26	494	382717	384078	2.36e-125	416
Query_1	34073_CP046622.1	51.899	474	203	10	26	494	3343511	3342150	3.19e-125	416
Query_1	1523428_LJIA01000005.1	50.208	480	208	9	25	495	388005	386632	4.73e-125	416
Query_1	1736590_LMHQ01000009.1	52.990	485	194	12	26	495	22749	21352	7.65e-125	415
Query_1	1246301_CP003911.1	51.477	474	205	10	26	494	3231420	3230059	8.69e-125	415
Query_1	1736513_LMCQ01000023.1	51.789	475	202	10	26	494	210044	211405	1.07e-124	414
Query_1	2491343_RQXU01000004.1	51.477	474	205	10	26	494	38244	36883	1.35e-124	414
Query_1	1882828_FNRO01000015.1	61.562	320	121	1	23	342	105767	104814	1.74e-124	414
Query_1	2219062_QKVP01000005.1	52.675	486	196	12	25	495	163660	165060	2.27e-124	414
Query_1	1736487_LMHZ01000064.1	60.568	317	123	1	26	342	2750	3694	2.97e-124	407
Query_1	358220_CP003872.1	52.675	486	196	12	25	495	3574057	3572657	2.98e-124	413
Query_1	2495592_RWKH01000026.1	51.688	474	204	10	26	494	50999	52360	3.05e-124	413
Query_1	2135635_REFD01000001.1	52.577	485	196	12	26	495	2673771	2675168	4.29e-124	413
Query_1	34073_JZWI01000001.1	51.266	474	206	10	26	494	38176	36815	5.69e-124	412
Query_1	1882741_RKMB01000008.1	54.717	477	191	8	25	495	98020	96647	1.32e-123	411
Query_1	512030_AGTS01000086.1	50.309	485	210	10	25	495	30438	29035	1.39e-123	411
Query_1	1736492_LMIH01000008.1	51.959	485	200	10	25	495	91546	90149	1.46e-123	411
Query_1	1500262_JUGZ01000019.1	51.579	475	205	8	26	495	109616	110980	1.73e-123	411
Query_1	1736527_LMDQ01000014.1	52.165	485	198	12	26	495	1092978	1091581	4.00e-123	410
Query_1	2035206_PJMZ01000001.1	52.165	485	198	12	26	495	2062025	2063422	4.24e-123	410
Query_1	2035204_PEET01000001.1	52.165	485	198	12	26	495	2891814	2890417	4.24e-123	410
Query_1	2056855_QAIM01000386.1	52.165	485	198	12	26	495	26229	24832	4.45e-123	410
Query_1	1736565_LMGP01000017.1	52.165	485	198	12	26	495	165557	166954	4.83e-123	410
Query_1	47920_VJWE01000014.1	52.371	485	197	12	26	495	150585	149188	6.51e-123	409
Query_1	1736479_LMHL01000039.1	51.368	475	206	8	26	495	10018	8654	8.67e-123	409
Query_1	34073_JXQQ01000041.1	51.055	474	206	11	26	494	15498	14140	9.14e-123	409
Query_1	1736511_LMCN01000016.1	51.368	475	206	8	26	495	241892	243256	9.46e-123	409
Query_1	1736435_LMDM01000034.1	51.368	475	206	8	26	495	10765	9401	9.47e-123	409
Query_1	2153365_QAJR01000043.1	53.196	485	194	11	25	495	17746	16349	9.91e-123	409
Query_1	1690268_LHUP01000194.1	51.139	483	205	11	25	495	12798	14189	1.08e-122	409
Query_1	1736237_LMLZ01000021.1	51.959	485	200	11	25	495	231372	229975	1.45e-122	408
Query_1	34073_LKTY01000079.1	51.915	470	199	11	32	494	34780	33431	2.01e-122	408
Query_1	34073_LKTZ01000067.1	51.915	470	199	11	32	494	28413	27064	2.01e-122	408
Query_1	34073_LKTV01000055.1	51.915	470	199	11	32	494	5027	6376	2.02e-122	408
Query_1	34073_LKTX01000014.1	51.915	470	199	11	32	494	5027	6376	2.05e-122	408
Query_1	34073_LKTW01000015.1	51.915	470	199	11	32	494	58190	59539	2.05e-122	408
Query_1	34073_LKTU01000029.1	51.915	470	199	11	32	494	68054	69403	2.05e-122	408
Query_1	2135632_RBIT01000001.1	51.139	483	205	11	25	495	2536521	2535130	2.13e-122	408
Query_1	1144315_AKIW01000015.1	51.266	474	206	10	26	494	67744	66383	2.26e-122	408
Query_1	413882_CP011371.1	49.057	477	214	9	24	494	5498173	5496812	2.96e-122	407
Query_1	413882_CP011371.1	37.812	320	176	8	25	340	1714917	1714015	1.25e-53	209
Query_1	413882_CP011371.1	40.000	75	39	2	350	420	586238	586456	2.7	45.8
Query_1	1813946_LUKZ01000035.1	52.905	482	196	10	25	494	67299	68687	3.22e-122	407
Query_1	1882827_FOWG01000005.1	51.489	470	201	10	32	494	49348	47999	3.58e-122	407
Query_1	2502214_SCNM01000018.1	50.844	474	208	9	26	494	51933	50572	3.59e-122	407
Query_1	2496119_RXFS01000010.1	50.844	474	208	9	26	494	181439	180078	3.61e-122	407
Query_1	2496118_RXFR01000010.1	50.844	474	208	9	26	494	123932	125293	3.61e-122	407
Query_1	595537_CP002417.1	51.702	470	201	11	30	494	3711920	3710574	4.02e-122	407
Query_1	1500265_JUHA01000013.1	52.008	473	202	9	26	493	187884	186526	4.45e-122	407
Query_1	2512152_SGWS01000003.1	50.844	474	208	10	26	494	167962	166601	6.95e-122	406
Query_1	436515_CP023284.1	51.266	474	206	10	26	494	3374234	3375595	7.30e-122	406
Query_1	1736536_LMEK01000012.1	51.055	474	207	10	26	494	390465	391826	7.88e-122	406
Query_1	512030_VFNT01000001.1	50.932	483	206	11	25	495	1258386	1259777	9.20e-122	406
Query_1	436515_MRCN01000004.1	51.055	474	207	10	26	494	323057	321696	9.91e-122	406
Query_1	1882826_FNDR01000005.1	50.947	475	206	10	26	494	492646	494007	1.73e-121	405
Query_1	1882777_FOII01000001.1	50.422	474	210	9	26	494	348965	350326	3.47e-121	404
Query_1	2135633_RBJA01000001.1	50.725	483	207	11	25	495	470044	471435	4.17e-121	404
Query_1	2153358_QAJK01000004.1	51.266	474	206	10	26	494	57988	59349	4.47e-121	404
Query_1	1566271_FOXJ01000001.1	51.702	470	201	11	30	494	2095863	2094517	5.20e-121	404
Query_1	1321609_BCUS01000047.1	51.055	474	207	10	26	494	39866	38505	5.31e-121	404
Query_1	436515_BKDI01000001.1	50.844	474	208	10	26	494	1901243	1899882	7.21e-121	404
Query_1	1500264_FRCQ01000003.1	50.947	475	208	8	26	495	295618	296982	7.25e-121	404
Query_1	1884386_FNPM01000005.1	50.211	474	211	9	26	494	173321	171960	8.23e-121	403
Query_1	1884385_FNOL01000009.1	50.211	474	211	9	26	494	41730	43091	1.06e-120	403
Query_1	1884383_OCMW01000001.1	50.422	474	210	9	26	494	3397411	3398772	1.07e-120	403
Query_1	1157708_KB907450.1	49.578	474	213	10	26	494	412469	413827	1.19e-120	403
Query_1	2512132_SLVO01000001.1	49.578	474	213	10	26	494	1398905	1397547	1.19e-120	403
Query_1	436515_BKDH01000001.1	50.844	474	208	10	26	494	2603320	2601959	1.19e-120	403
Query_1	436515_LKDZ01000028.1	50.844	474	208	10	26	494	94417	93056	1.48e-120	402
Query_1	436515_LUJJ01000011.1	50.844	474	208	10	26	494	59172	60533	1.48e-120	402
Query_1	2578111_VCCD02000001.1	50.633	474	209	10	26	494	1819611	1818250	1.96e-120	402
Query_1	1679495_RXOE01000001.1	49.578	474	213	10	26	494	144187	145545	2.04e-120	402
Query_1	2587049_VIWE01000001.1	49.789	474	212	10	26	494	333644	332286	2.64e-120	402
Query_1	1566273_FNUI01000012.1	49.367	474	214	10	26	494	137947	139305	2.81e-120	402
Query_1	1566272_FNVM01000008.1	49.367	474	214	10	26	494	213090	214448	2.82e-120	402
Query_1	1566275_FOKS01000008.1	49.367	474	214	10	26	494	179513	178155	2.82e-120	402
Query_1	1566274_FOOV01000005.1	49.367	474	214	10	26	494	213337	214695	2.82e-120	402
Query_1	1705714_RXHT01000001.1	49.578	474	213	10	26	494	721752	720394	3.36e-120	402
Query_1	1144317_AKJX01000154.1	52.371	485	198	11	25	495	12196	10799	3.63e-120	401
Query_1	2512126_SLZJ01000002.1	49.578	474	213	10	26	494	177938	176580	3.66e-120	401
Query_1	2135736_QAXU01000009.1	52.371	485	198	11	25	495	99575	100972	3.72e-120	401
Query_1	2135638_QBTZ01000001.1	52.058	486	199	12	25	495	943427	944827	3.88e-120	401
Query_1	1736505_LMJC01000031.1	52.697	482	198	11	25	495	139230	140618	4.22e-120	401
Query_1	1884384_FOBJ01000009.1	49.367	474	214	10	26	494	180997	179639	4.42e-120	401
Query_1	34073_CP045644.1	50.000	474	212	10	26	494	5671389	5670028	4.52e-120	401
Query_1	2709383_JAAIVB010000085.1	62.069	319	119	1	23	341	216519	217469	5.62e-120	401
Query_1	1884311_FNZJ01000006.1	49.789	474	213	10	26	494	266004	267365	7.16e-120	400
Query_1	1882775_FOLP01000006.1	49.789	474	213	10	26	494	266097	267458	7.16e-120	400
Query_1	1736541_LMEV01000017.1	50.526	475	209	11	26	494	1782865	1781501	1.12e-119	400
Query_1	1736508_LMJH01000001.1	52.697	482	198	11	25	495	269572	270960	1.23e-119	400
Query_1	1736508_LMJH01000001.1	38.158	76	44	1	345	417	1192102	1191875	0.82	47.8
Query_1	1736508_LMJH01000001.1	35.185	108	55	4	320	414	1191598	1191281	2.8	45.8
Query_1	2135634_QEKU01000001.1	52.066	484	198	12	26	494	467385	465991	1.63e-119	400
Query_1	2135733_SLYZ01000005.1	49.790	476	212	11	26	494	265969	267336	1.70e-119	399
Query_1	2135502_QEOH01000003.1	49.790	476	212	11	26	494	265969	267336	1.70e-119	399
Query_1	1566270_FMUJ01000003.1	50.633	474	209	9	26	494	1003005	1001644	1.93e-119	399
Query_1	1736530_LMDW01000016.1	50.000	474	212	9	26	494	763632	762271	2.09e-119	399
Query_1	999394_AFBH01000012.1	52.490	482	199	11	25	495	267341	268729	2.92e-119	399
Query_1	999386_AFBG01000018.1	52.490	482	199	11	25	495	267375	268763	2.92e-119	399
Query_1	1775474_RXFT01000010.1	48.945	474	216	10	26	494	86914	88272	3.08e-119	399
Query_1	2035212_PEFF01000001.1	50.422	474	210	10	26	494	6227923	6229284	3.75e-119	399
Query_1	2135501_QKUE01000004.1	49.684	475	213	11	26	494	556045	557409	5.72e-119	398
Query_1	2135503_QJTM01000003.1	49.684	475	213	11	26	494	556045	557409	5.72e-119	398
Query_1	2135735_SLYJ01000004.1	49.684	475	213	11	26	494	556045	557409	5.72e-119	398
Query_1	2135734_QAYA01000002.1	49.684	475	213	11	26	494	556045	557409	5.72e-119	398
Query_1	2135504_QKLT01000002.1	49.684	475	213	11	26	494	556045	557409	5.72e-119	398
Query_1	758826_VIVM01000005.1	52.165	485	199	11	25	495	52161	53558	6.74e-119	398
Query_1	1855317_FOWL01000008.1	49.367	474	215	10	26	494	270349	271710	7.13e-119	398
Query_1	34073_LVHG01000083.1	48.950	476	216	11	26	494	61649	60282	7.27e-119	398
Query_1	1675792_QXMN01000001.1	50.939	479	206	12	26	494	110048	111427	8.49e-119	397
Query_1	1736236_LMLY01000025.1	51.959	485	200	11	25	495	220909	219512	1.74e-118	397
Query_1	1736240_LMMC01000024.1	51.959	485	200	11	25	495	305944	304547	1.74e-118	397
Query_1	1736296_LMPT01000019.1	51.959	485	200	11	25	495	653347	651950	1.75e-118	397
Query_1	764842_MUHU01000031.1	54.124	388	164	6	30	408	112081	113229	3.74e-118	395
Query_1	1736493_LMIJ01000001.1	51.340	485	203	10	25	495	438249	436852	3.95e-118	395
Query_1	365044_CP000529.1	52.720	478	198	9	26	494	1329659	1331035	5.08e-118	395
Query_1	365044_CP000529.1	40.308	325	170	9	25	339	140545	139613	6.74e-59	224
Query_1	2135643_QEKM01000001.1	50.408	490	203	13	26	495	219496	220905	5.49e-118	395
Query_1	2135640_QUMV01000001.1	50.408	490	203	13	26	495	563751	565160	5.49e-118	395
Query_1	2126319_CP027773.1	49.266	477	214	12	26	494	1602271	1600901	1.33e-117	394
Query_1	2699468_JAACJE010000001.1	49.793	484	211	11	25	495	989899	991293	2.41e-117	393
Query_1	1380385_JHVQ01000012.1	50.418	478	199	12	32	494	162217	163581	1.03e-116	392
Query_1	2035202_PGEP01000001.1	50.620	484	205	11	26	494	3421280	3419886	1.10e-116	391
Query_1	1882828_FNRO01000001.1	50.520	481	206	11	26	494	615039	613657	3.74e-116	390
Query_1	2707176_JAAGOH010000053.1	51.050	476	205	10	25	494	11318	9957	5.48e-116	389
Query_1	1034889_LT607803.1	49.269	479	213	11	26	494	5545575	5546951	1.12e-115	389
Query_1	1034889_LT607803.1	39.450	327	168	10	25	338	626116	627045	3.45e-55	213
Query_1	2056863_QAIH01000228.1	50.518	483	207	11	26	495	21380	19989	3.16e-115	387
Query_1	2066034_PKMT01000006.1	50.105	475	211	11	26	494	162080	163444	5.19e-115	387
Query_1	866564_KL448323.1	50.696	503	220	9	1	494	2812957	2814408	3.81e-114	384
Query_1	1842533_CP016447.1	49.068	483	214	11	26	495	162666	161275	1.47e-112	379
Query_1	2496639_RXMA01000023.1	52.696	408	174	9	26	420	84485	83280	1.76e-111	376
Query_1	2320860_QYUL01000002.1	52.439	410	174	9	26	420	1225248	1224037	4.09e-111	375
Query_1	2491057_RQYR01000020.1	45.073	477	233	11	24	494	20278	21639	8.72e-111	374
Query_1	1735686_LMKO01000001.1	50.522	479	206	11	26	494	629930	628557	5.76e-109	369
Query_1	433924_QQAV01000006.1	48.626	473	219	8	26	494	272575	273933	3.60e-108	367
Query_1	2660641_WWCU01000056.1	46.598	485	229	9	26	495	16926	15517	6.32e-108	366
Query_1	1891238_SDZM01000215.1	50.682	440	182	11	26	450	1796	3055	8.24e-108	356
Query_1	433924_LDSL01000138.1	48.203	473	221	8	26	494	16948	15590	1.36e-107	365
Query_1	47920_LSIH01000568.1	49.462	465	201	11	45	494	9704	11041	2.62e-106	361
Query_1	1907403_FTMY01000002.1	48.414	473	220	8	26	494	72461	73819	3.51e-103	352
Query_1	2135674_SMBW01000001.1	45.417	480	237	9	26	495	88687	90081	1.28e-101	348
Query_1	2135672_QAXZ01000001.1	45.417	480	237	9	26	495	88687	90081	1.28e-101	348
Query_1	2135671_QAYI01000003.1	45.208	480	238	9	26	495	37723	36329	3.29e-101	347
Query_1	2135495_QJTN01000003.1	45.208	480	238	9	26	495	37723	36329	3.29e-101	347
Query_1	1736532_LMEC01000026.1	44.699	481	241	9	25	495	34867	33470	2.54e-99	341
Query_1	1257078_ANOY02000618.1	48.203	473	221	8	26	494	26464	25106	7.83e-99	340
Query_1	1736522_LMDJ01000012.1	45.188	478	239	8	26	495	39052	37664	1.30e-98	339
Query_1	2135673_SLYL01000006.1	45.833	480	235	9	26	495	418270	419664	6.14e-98	337
Query_1	2135494_QUNU01000005.1	46.680	482	231	10	25	495	247896	249296	1.30e-95	330
Query_1	2135493_QUND01000005.1	46.680	482	231	10	25	495	247896	249296	1.30e-95	330
Query_1	2135663_QJTL01000005.1	46.680	482	231	10	25	495	247896	249296	1.30e-95	330
Query_1	2135492_QUNP01000005.1	46.680	482	231	10	25	495	247896	249296	1.30e-95	330
Query_1	2135768_QLLJ01000005.1	46.680	482	231	10	25	495	247896	249296	1.30e-95	330
Query_1	2135491_QUNB01000004.1	46.680	482	231	10	25	495	247896	249296	1.30e-95	330
Query_1	2135767_QKMN01000005.1	46.680	482	231	10	25	495	247896	249296	1.30e-95	330
Query_1	2135490_QREC01000005.1	46.680	482	231	10	25	495	247896	249296	1.30e-95	330
Query_1	2135766_QLLZ01000005.1	46.680	482	231	10	25	495	247896	249296	1.30e-95	330
Query_1	2135664_RCWV01000005.1	46.680	482	231	10	25	495	247896	249296	1.30e-95	330
Query_1	2692171_WWCR01000011.1	46.473	482	232	10	25	495	150361	148961	2.59e-94	327
Query_1	2692170_WWCS01000009.1	46.570	481	232	10	25	495	18092	19489	6.11e-94	326
Query_1	2692169_WWCT01000012.1	45.585	487	234	10	25	495	174635	173220	1.26e-92	322
Query_1	2666085_WKJJ01000001.1	46.667	405	192	8	25	421	296441	297607	2.96e-90	315
Query_1	2666085_WKJJ01000001.1	48.322	149	74	2	347	495	297653	298090	7.27e-18	102
Query_1	1462440_WNLA01000012.1	46.782	404	191	8	26	421	181063	182226	4.14e-89	312
Query_1	1462440_WNLA01000012.1	49.664	149	72	2	347	495	182272	182709	1.41e-18	104
Query_1	1463871_JOGX01000001.1	41.545	479	243	12	25	490	104463	103099	4.14e-86	303
Query_1	1035707_FPBO01000001.1	44.963	407	197	9	25	420	330899	332071	7.58e-86	302
Query_1	1035707_FPBO01000001.1	43.034	323	162	7	25	339	337728	338654	5.46e-59	224
Query_1	1035707_FPBO01000001.1	47.429	175	88	3	321	495	332036	332548	5.77e-20	108
Query_1	1035707_FPBO01000001.1	50.943	53	26	0	443	495	338715	338873	2.4	46.2
Query_1	54571_CP029194.1	40.764	471	244	8	32	490	294223	292880	2.74e-85	301
Query_1	54571_CP029194.1	50.000	72	33	2	347	417	2470968	2470759	3.29e-04	58.5
Query_1	54571_CP029194.1	45.946	74	33	3	347	417	3141916	3142125	0.057	51.2
Query_1	54571_CP029194.1	40.506	79	40	2	342	417	8285365	8285141	0.36	48.9
Query_1	441959_EQ962658.1	46.328	354	137	6	25	329	1416002	1414953	4.55e-85	300
Query_1	441959_EQ962658.1	40.809	272	129	6	30	276	401424	402218	1.67e-43	179
Query_1	441959_EQ962658.1	45.000	60	33	0	267	326	402250	402429	0.080	50.8
Query_1	54571_LN881739.1	40.580	483	245	12	25	494	394426	393065	1.24e-83	296
Query_1	54571_LN881739.1	45.455	77	40	1	341	417	2707422	2707198	0.002	55.8
Query_1	54571_LN881739.1	47.222	72	35	2	347	417	3365678	3365887	0.009	53.9
Query_1	54571_LN881739.1	44.304	79	37	2	342	417	354449	354673	0.11	50.4
Query_1	54571_CP013129.1	40.580	483	245	12	25	494	8668488	8669849	1.24e-83	296
Query_1	54571_CP013129.1	45.455	77	40	1	341	417	6355390	6355614	0.002	55.8
Query_1	54571_CP013129.1	47.222	72	35	2	347	417	5697120	5696911	0.009	53.9
Query_1	54571_CP013129.1	44.304	79	37	2	342	417	8708469	8708245	0.11	50.4
Query_1	43759_JNWK01000053.1	38.689	473	260	8	27	490	38536	39891	5.84e-83	294
Query_1	1938_LGUP01000025.1	38.689	473	260	8	27	490	104116	105471	5.93e-83	294
Query_1	2320863_QYUO01000001.1	45.906	403	192	9	25	418	555063	556220	7.68e-83	294
Query_1	2320863_QYUO01000001.1	41.369	336	160	11	25	338	735065	736027	4.34e-64	239
Query_1	2320863_QYUO01000001.1	50.336	149	71	2	347	495	556275	556712	2.75e-15	94.0
Query_1	2320863_QYUO01000001.1	48.214	56	29	0	440	495	736061	736228	3.8	45.4
Query_1	1380566_CM008059.1	46.991	349	130	8	26	325	1568746	1567718	1.23e-81	290
Query_1	1314749_BCTC01000020.1	37.832	489	261	12	26	494	9386	10783	9.96e-80	285
Query_1	330879_CM000172.1	48.699	269	132	3	69	335	1001942	1001148	2.20e-77	261
Query_1	330879_CM000172.1	71.111	45	12	1	30	73	1002136	1002002	2.20e-77	62.8
Query_1	67294_PDCL01000001.1	43.515	478	232	10	27	490	159890	158529	3.25e-77	277
Query_1	67294_PDCL01000001.1	40.741	108	46	3	314	417	5584214	5584495	2.20e-05	62.4
Query_1	67294_PDCL01000001.1	44.928	69	33	2	349	414	5307259	5307059	2.2	46.2
Query_1	1463860_JOHZ01000024.1	40.535	486	245	12	25	494	87796	89169	2.31e-76	275
Query_1	331117_DS027693.1	48.450	258	127	3	78	333	428266	429027	2.92e-75	255
Query_1	331117_DS027693.1	71.111	45	12	1	30	73	428055	428189	2.92e-75	62.0
Query_1	67263_JNZT01000008.1	39.496	476	250	10	32	494	78651	77299	2.51e-74	269
Query_1	67263_JOEN01000004.1	39.496	476	250	10	32	494	78720	77368	2.52e-74	269
Query_1	1440059_AZSS01000061.1	40.373	483	246	12	25	494	30794	32155	4.81e-74	268
Query_1	2487424_RPSA01000002.1	40.430	465	243	10	38	491	808191	806866	1.51e-73	267
Query_1	2419777_RBZV01000006.1	39.235	497	258	15	25	494	277221	278660	1.85e-72	263
Query_1	2024610_NPKM01000002.1	36.419	497	273	13	25	494	219642	221084	4.78e-71	259
Query_1	101571_LPEJ01000043.1	42.609	345	171	9	23	350	198481	197477	7.38e-70	256
Query_1	101571_LOZD01000070.1	42.609	345	171	9	23	350	5060	6064	7.58e-70	256
Query_1	101571_LPGK01000107.1	42.609	345	171	9	23	350	5010	6014	7.65e-70	256
Query_1	101571_LPGA01000098.1	42.609	345	171	9	23	350	5011	6015	7.66e-70	256
Query_1	101571_LOZH01000020.1	42.609	345	171	9	23	350	5060	6064	7.67e-70	256
Query_1	101571_LOZC01000019.1	42.609	345	171	9	23	350	5060	6064	7.67e-70	256
Query_1	101571_LPFT01000048.1	42.319	345	172	9	23	350	5011	6015	8.04e-70	256
Query_1	101571_LPHS01000052.1	42.609	345	171	9	23	350	21087	22091	9.59e-70	256
Query_1	101571_LPAG01000038.1	42.609	345	171	9	23	350	196131	197135	9.63e-70	256
Query_1	1380566_CM008060.1	48.500	200	98	3	78	276	2872286	2872873	9.81e-70	191
Query_1	1380566_CM008060.1	56.000	50	22	0	277	326	2872953	2873102	9.81e-70	69.7
Query_1	1380566_CM008060.1	64.000	50	17	1	25	73	2872060	2872209	9.81e-70	58.5
Query_1	101571_LPDV01000007.1	42.609	345	171	9	23	350	92509	91505	1.02e-69	256
Query_1	101571_LPHZ01000132.1	42.609	345	171	9	23	350	91160	92164	1.03e-69	256
Query_1	101571_LPDW01000075.1	42.609	345	171	9	23	350	49516	50520	1.03e-69	256
Query_1	101571_LOYE01000042.1	42.609	345	171	9	23	350	143659	144663	1.04e-69	256
Query_1	101571_LPAJ01000006.1	41.096	365	188	9	23	370	55836	54772	1.62e-69	255
Query_1	101571_LPHO01000026.1	41.096	365	188	9	23	370	253582	254646	1.62e-69	255
Query_1	101571_LPBF01000011.1	41.096	365	188	9	23	370	261401	262465	1.62e-69	255
Query_1	87883_CP033854.1	42.416	356	179	10	23	364	598801	599832	1.71e-69	255
Query_1	87883_CP033854.1	41.983	343	176	9	23	352	2150345	2151343	1.97e-66	246
Query_1	87883_CP033854.1	33.735	332	184	10	32	343	1151012	1151959	5.61e-44	180
Query_1	101571_LPBR01000081.1	42.609	345	171	9	23	350	578	1582	1.75e-69	255
Query_1	101571_LOYM01000065.1	42.609	345	171	9	23	350	578	1582	1.75e-69	255
Query_1	101571_LPCB01000072.1	41.096	365	188	9	23	370	261811	262875	1.75e-69	255
Query_1	101571_LPJF01000042.1	40.526	380	195	11	23	383	681164	682267	1.83e-69	255
Query_1	101571_LPMV01000053.1	41.096	365	188	9	23	370	267681	268745	1.88e-69	255
Query_1	101571_LPAL01000053.1	41.096	365	188	9	23	370	258536	259600	1.88e-69	255
Query_1	101571_LPAY01000070.1	41.096	365	188	9	23	370	260120	261184	1.88e-69	255
Query_1	1404429_JAAOLF010000001.1	38.724	439	218	13	25	421	4811019	4809730	1.90e-69	255
Query_1	101571_LPDQ01000106.1	42.815	341	168	9	23	346	82639	83631	1.95e-69	255
Query_1	101571_LPDQ01000106.1	34.940	83	49	2	341	420	219363	219121	4.0	45.4
Query_1	101571_LPDX01000121.1	42.609	345	171	9	23	350	5017	6021	2.09e-69	254
Query_1	1404411_JAAOLE010000001.1	38.497	439	219	13	25	421	9207160	9205871	2.21e-69	254
Query_1	101571_LPHX01000302.1	42.815	341	168	9	23	346	19673	20665	2.21e-69	254
Query_1	101571_LPHW01000088.1	42.815	341	168	9	23	346	46797	45805	2.21e-69	254
Query_1	101571_LPBV01000099.1	42.609	345	171	9	23	350	91397	90393	2.23e-69	254
Query_1	101571_LPGP01000102.1	42.609	345	171	9	23	350	21059	22063	2.32e-69	254
Query_1	101571_LPAD01000104.1	42.609	345	171	9	23	350	21086	22090	2.32e-69	254
Query_1	101571_LPEN01000057.1	42.609	345	171	9	23	350	15174	14170	2.33e-69	254
Query_1	101571_LPED01000043.1	42.609	345	171	9	23	350	21046	22050	2.33e-69	254
Query_1	101571_LPHE01000046.1	42.609	345	171	9	23	350	209598	208594	2.33e-69	254
Query_1	101571_LPHF01000103.1	42.609	345	171	9	23	350	209893	208889	2.33e-69	254
Query_1	101571_LPAI01000117.1	42.609	345	171	9	23	350	120930	119926	2.33e-69	254
Query_1	101571_LPAH01000120.1	42.609	345	171	9	23	350	92760	91756	2.34e-69	254
Query_1	101571_LOTO01000019.1	41.226	359	185	10	23	367	48517	47477	2.43e-69	254
Query_1	101571_LOTK01000067.1	41.226	359	185	10	23	367	538333	537293	2.45e-69	254
Query_1	101571_LOTK01000067.1	33.735	332	184	10	32	343	41576	40629	2.69e-43	178
Query_1	101571_LOTN01000071.1	41.226	359	185	10	23	367	538320	537280	2.45e-69	254
Query_1	101571_LOTN01000071.1	33.735	332	184	10	32	343	41575	40628	2.69e-43	178
Query_1	101571_LPLV01000048.1	42.229	341	170	9	23	346	246381	245389	2.69e-69	254
Query_1	101571_LPLV01000048.1	34.940	83	49	2	341	420	109908	110150	3.5	45.4
Query_1	101571_LPLW01000010.1	42.229	341	170	9	23	346	247086	246094	2.69e-69	254
Query_1	101571_LPLW01000010.1	34.940	83	49	2	341	420	110613	110855	3.5	45.4
Query_1	101571_LOVU01000030.1	41.926	353	180	9	23	361	89696	90721	2.77e-69	254
Query_1	101571_LOUY01000079.1	41.926	353	180	9	23	361	89669	90694	2.77e-69	254
Query_1	101571_LPEB01000039.1	42.609	345	171	9	23	350	114791	115795	2.81e-69	254
Query_1	101571_LPAE01000083.1	42.609	345	171	9	23	350	208266	209270	2.82e-69	254
Query_1	101571_LPIK01000058.1	42.609	345	171	9	23	350	265199	266203	2.93e-69	254
Query_1	101571_LPNC01000089.1	42.609	345	171	9	23	350	265849	266853	2.93e-69	254
Query_1	101571_LPIJ01000038.1	42.609	345	171	9	23	350	265849	266853	2.93e-69	254
Query_1	101571_LPJB01000109.1	42.609	345	171	9	23	350	38014	37010	2.99e-69	254
Query_1	101571_LPGN01000021.1	42.609	345	171	9	23	350	38014	37010	2.99e-69	254
Query_1	1392255_MSZS01000005.1	50.000	252	118	4	78	326	3017087	3017827	3.09e-69	254
Query_1	1392255_MSZS01000005.1	27.211	147	93	5	182	325	1524286	1524693	0.13	50.1
Query_1	101571_LPGJ01000037.1	42.522	341	169	9	23	346	19747	20739	3.27e-69	254
Query_1	1128287_AJQC01000884.1	38.303	436	221	13	25	421	1379	2659	3.96e-69	252
Query_1	101571_LPCD01000043.1	42.522	341	169	9	23	346	750	1742	4.05e-69	254
Query_1	101571_LPCD01000043.1	34.940	83	49	2	341	420	136255	136013	3.9	45.4
Query_1	101571_LPDH01000019.1	42.342	333	169	8	23	342	6814	5846	4.58e-69	254
Query_1	101571_LPDG01000125.1	42.342	333	169	8	23	342	79174	80142	4.72e-69	254
Query_1	101571_LPDL01000045.1	42.342	333	169	8	23	342	79174	80142	4.74e-69	254
Query_1	101571_LPDO01000141.1	42.643	333	168	8	23	342	221927	222895	4.76e-69	254
Query_1	101571_LPLU01000098.1	42.342	333	169	8	23	342	64556	65524	4.90e-69	253
Query_1	101571_LPKW01000014.1	42.522	341	169	9	23	346	11649	12641	4.97e-69	253
Query_1	101571_LPKV01000031.1	42.522	341	169	9	23	346	11649	12641	4.97e-69	253
Query_1	101571_LPAA01000017.1	42.522	341	169	9	23	346	11649	12641	4.97e-69	253
Query_1	101571_LOTS01000042.1	41.926	353	180	9	23	361	251350	250325	5.01e-69	253
Query_1	101571_LOTW01000098.1	41.926	353	180	9	23	361	251350	250325	5.01e-69	253
Query_1	101571_LOTT01000056.1	41.926	353	180	9	23	361	251350	250325	5.01e-69	253
Query_1	101571_MEBO01000015.1	42.522	341	169	9	23	346	84116	85108	5.02e-69	253
Query_1	101571_MEBI01000010.1	42.229	341	170	9	23	346	87921	88913	5.02e-69	253
Query_1	101571_MECP01000002.1	42.522	341	169	9	23	346	11884	12876	5.04e-69	253
Query_1	101571_MECP01000002.1	34.940	83	49	2	341	420	150336	150094	4.0	45.4
Query_1	101571_MEAS01000003.1	42.229	341	170	9	23	346	185119	186111	5.04e-69	253
Query_1	101571_MEAT01000005.1	42.522	341	169	9	23	346	84110	85102	5.05e-69	253
Query_1	101571_MEAT01000005.1	34.940	83	49	2	341	420	222562	222320	4.0	45.4
Query_1	2497863_CP035311.1	36.634	404	231	9	26	419	285211	286377	5.07e-69	253
Query_1	2497863_CP035311.1	43.871	155	86	1	341	495	314247	314708	3.76e-20	108
Query_1	2497863_CP035311.1	63.158	57	20	1	440	495	2180937	2181107	1.67e-04	59.7
Query_1	2497863_CP035311.1	35.849	159	90	3	346	495	3767112	3766645	0.001	57.0
Query_1	2497863_CP035311.1	59.649	57	22	1	440	495	44960	45130	0.002	55.8
Query_1	2497863_CP035311.1	29.078	141	87	6	235	374	2178819	2179205	0.025	52.4
Query_1	2497863_CP035311.1	26.471	170	98	6	233	397	1092422	1091979	0.038	52.0
Query_1	2497863_CP035311.1	32.000	150	81	7	30	172	44267	44674	0.043	52.0
Query_1	2497863_CP035311.1	57.895	57	23	1	440	495	735872	736042	0.17	50.1
Query_1	2497863_CP035311.1	60.000	55	22	0	440	494	2297654	2297818	0.21	49.7
Query_1	2497863_CP035311.1	32.773	119	57	6	222	340	43973	44260	0.40	48.5
Query_1	101571_LOTL01000053.1	41.926	353	180	9	23	361	82918	83943	5.10e-69	253
Query_1	101571_LPEC01000065.1	42.029	345	173	9	23	350	14808	13804	5.20e-69	253
Query_1	101571_MTJZ01000012.1	41.926	353	180	9	23	361	235203	234178	5.31e-69	253
Query_1	1128288_AJQD01000789.1	38.303	436	221	13	25	421	1977	697	5.38e-69	252
Query_1	101571_LPEP01000001.1	42.643	333	168	8	23	342	187617	186649	5.51e-69	253
Query_1	101571_LPEP01000001.1	34.940	83	49	2	341	420	54140	54382	3.9	45.4
Query_1	101571_LPFY01000031.1	42.522	341	169	9	23	346	50013	49021	5.53e-69	253
Query_1	101571_LOZL01000036.1	42.522	341	169	9	23	346	2770	1778	5.54e-69	253
Query_1	101571_LPGI01000033.1	42.522	341	169	9	23	346	19606	20598	6.31e-69	253
Query_1	101571_MEAX01000008.1	42.342	333	169	8	23	342	49808	48840	6.50e-69	253
Query_1	101571_LPJL01000023.1	42.229	341	170	9	23	346	96544	95552	6.67e-69	253
Query_1	101571_LPCA01000012.1	42.522	341	169	9	23	346	92369	93361	7.54e-69	253
Query_1	101571_LPCA01000012.1	34.940	83	49	2	341	420	229451	229209	4.0	45.4
Query_1	101571_LPJJ01000003.1	42.643	333	168	8	23	342	35585	36553	8.33e-69	253
Query_1	101571_LPJH01000018.1	42.643	333	168	8	23	342	35585	36553	8.33e-69	253
Query_1	101571_LOVC01000066.1	42.029	345	173	9	23	350	42332	41328	8.48e-69	253
Query_1	101571_LOYY01000048.1	42.029	345	173	9	23	350	190822	189818	8.52e-69	253
Query_1	101571_LOYY01000048.1	34.940	83	49	2	341	420	56075	56317	3.9	45.4
Query_1	101571_LOYX01000085.1	42.029	345	173	9	23	350	190822	189818	8.52e-69	253
Query_1	101571_LOYX01000085.1	34.940	83	49	2	341	420	56075	56317	3.9	45.4
Query_1	101571_LOYW01000039.1	42.029	345	173	9	23	350	190822	189818	8.52e-69	253
Query_1	101571_LOYW01000039.1	34.940	83	49	2	341	420	56075	56317	3.9	45.4
Query_1	41047_NKHU02000355.1	49.200	250	121	3	78	325	16878	17615	8.65e-69	253
Query_1	41047_NKHU02000355.1	71.111	45	12	1	30	73	16657	16791	8.65e-69	42.4
Query_1	101571_MEBB01000176.1	42.042	333	170	8	23	342	4507	3539	8.83e-69	253
Query_1	101571_LPEA01000162.1	42.042	333	170	8	23	342	278033	277065	9.12e-69	253
Query_1	101571_QTOA01000020.1	42.943	333	167	8	23	342	47628	46660	9.44e-69	253
Query_1	101571_QTOC01000016.1	42.943	333	167	8	23	342	47628	46660	9.45e-69	253
Query_1	101571_QTNZ01000017.1	42.943	333	167	8	23	342	47628	46660	9.45e-69	253
Query_1	101571_NQMZ01000011.1	42.943	333	167	8	23	342	129223	130191	9.45e-69	253
Query_1	101571_NQMY01000009.1	42.943	333	167	8	23	342	129868	130836	9.45e-69	253
Query_1	101571_NQNB01000009.1	42.943	333	167	8	23	342	130231	131199	9.45e-69	253
Query_1	101571_NQMX01000045.1	42.943	333	167	8	23	342	220954	219986	9.47e-69	253
Query_1	101571_QTOB01000004.1	42.943	333	167	8	23	342	219358	218390	9.48e-69	253
Query_1	101571_NQNA01000056.1	42.943	333	167	8	23	342	220710	219742	9.48e-69	253
Query_1	101571_QTNY01000005.1	42.943	333	167	8	23	342	278605	277637	9.48e-69	253
Query_1	101571_LPDU01000057.1	42.643	333	168	8	23	342	91191	90223	9.50e-69	253
Query_1	101571_LPGM01000068.1	42.042	333	170	8	23	342	210511	209543	9.55e-69	253
Query_1	101571_LPGL01000056.1	42.042	333	170	8	23	342	210511	209543	9.55e-69	253
Query_1	101571_LPAT01000017.1	42.042	333	170	8	23	342	21104	22072	9.55e-69	253
Query_1	101571_LPIQ01000023.1	42.319	345	172	9	23	350	80539	81543	9.78e-69	253
Query_1	101571_LPIR01000130.1	42.319	345	172	9	23	350	80539	81543	9.78e-69	253
Query_1	101571_LPIL01000079.1	42.643	333	168	8	23	342	21071	22039	1.00e-68	253
Query_1	101571_LPAS01000035.1	42.643	333	168	8	23	342	81374	80406	1.01e-68	253
Query_1	101571_LPCE01000013.1	42.643	333	168	8	23	342	158238	159206	1.01e-68	253
Query_1	101571_LPIM01000003.1	42.643	333	168	8	23	342	158238	159206	1.01e-68	253
Query_1	101571_LPDM01000030.1	42.522	341	169	9	23	346	95729	94737	1.05e-68	253
Query_1	101571_LPAR01000016.1	42.042	333	170	8	23	342	87457	88425	1.06e-68	253
Query_1	101571_LPMJ01000119.1	42.042	333	170	8	23	342	21075	22043	1.06e-68	253
Query_1	101571_LPBD01000124.1	42.042	333	170	8	23	342	78998	79966	1.12e-68	253
Query_1	101571_LPCG01000091.1	42.042	333	170	8	23	342	79009	79977	1.12e-68	253
Query_1	101571_LPMZ01000113.1	42.042	333	170	8	23	342	401760	402728	1.13e-68	253
Query_1	101571_LPAK01000026.1	42.319	345	172	9	23	350	14370	13366	1.16e-68	253
Query_1	101571_LPAX01000105.1	42.042	333	170	8	23	342	364886	365854	1.21e-68	253
Query_1	101571_LOZJ01000048.1	42.815	341	168	9	23	346	221401	222393	1.25e-68	252
Query_1	189753_AXAS01000041.1	40.447	403	195	12	46	413	30716	31894	1.31e-68	252
Query_1	101571_LPHH01000087.1	42.042	333	170	8	23	342	66689	67657	1.34e-68	252
Query_1	101571_LPDJ01000088.1	42.042	333	170	8	23	342	216814	215846	1.35e-68	252
Query_1	101571_LPFN01000005.1	42.042	333	170	8	23	342	244805	243837	1.35e-68	252
Query_1	101571_LPHY01000157.1	42.042	333	170	8	23	342	246288	245320	1.35e-68	252
Query_1	101571_LOTJ01000013.1	43.114	334	165	9	23	342	150808	151776	1.35e-68	252
Query_1	101571_LOTH01000035.1	43.114	334	165	9	23	342	150862	151830	1.35e-68	252
Query_1	101571_LOTF01000013.1	43.114	334	165	9	23	342	409017	408049	1.35e-68	252
Query_1	101571_LOTE01000049.1	43.114	334	165	9	23	342	409017	408049	1.35e-68	252
Query_1	101571_LOTD01000011.1	43.114	334	165	9	23	342	249446	250414	1.35e-68	252
Query_1	101571_CP013371.1	43.114	334	165	9	23	342	1673456	1674424	1.35e-68	252
Query_1	101571_CP013371.1	33.735	332	184	10	32	343	2234164	2235111	6.83e-44	180
Query_1	1128204_AJPW01000570.1	38.409	440	219	13	25	421	4094	5386	1.39e-68	252
Query_1	1249668_CP009486.1	42.042	333	170	8	23	342	2288005	2288973	1.43e-68	252
Query_1	1249668_CP009486.1	34.036	332	183	10	32	343	33050	33997	2.32e-45	184
Query_1	101571_LPEH01000072.1	42.042	333	170	8	23	342	69743	68775	1.46e-68	252
Query_1	101571_LOTP01000081.1	43.114	334	165	9	23	342	83994	84962	1.52e-68	252
Query_1	101571_LOXM01000279.1	42.982	342	169	10	23	350	24987	23998	1.52e-68	252
Query_1	101571_CP013416.1	42.982	342	169	10	23	350	1606818	1607807	1.53e-68	252
Query_1	101571_CP013416.1	33.434	332	185	10	32	343	2144024	2144971	4.26e-43	177
Query_1	101571_CP013416.1	34.940	83	49	2	341	420	1761573	1761331	7.7	44.7
Query_1	101571_LOVE01000030.1	42.042	333	170	8	23	342	161627	160659	1.54e-68	252
Query_1	41047_NKHU02000194.1	49.004	251	124	2	78	328	1273	2013	1.54e-68	252
Query_1	101571_LOYV01000088.1	42.229	341	170	9	23	346	131278	130286	1.55e-68	252
Query_1	101571_LOYI01000140.1	42.229	341	170	9	23	346	131278	130286	1.55e-68	252
Query_1	101571_LOZE01000136.1	42.229	341	170	9	23	346	131950	130958	1.55e-68	252
Query_1	101571_LOZF01000132.1	42.229	341	170	9	23	346	132415	131423	1.55e-68	252
Query_1	101571_LPFP01000006.1	42.042	333	170	8	23	342	92939	93907	1.56e-68	252
Query_1	1436063_JAVQ01000045.1	42.042	333	170	8	23	342	72491	73459	1.56e-68	252
Query_1	101571_LPAN01000020.1	42.042	333	170	8	23	342	99222	100190	1.56e-68	252
Query_1	101571_LPKF01000079.1	42.042	333	170	8	23	342	273981	274949	1.57e-68	252
Query_1	101571_LPEG01000037.1	42.042	333	170	8	23	342	273981	274949	1.57e-68	252
Query_1	101571_LOVL01000021.1	42.042	333	170	8	23	342	171837	170869	1.57e-68	252
Query_1	101571_LPIC01000013.1	42.042	333	170	8	23	342	15850	14882	1.57e-68	252
Query_1	101571_LPGC01000031.1	42.042	333	170	8	23	342	162281	161313	1.60e-68	252
Query_1	101571_LPKU01000022.1	42.042	333	170	8	23	342	87596	88564	1.60e-68	252
Query_1	101571_LPFO01000062.1	42.042	333	170	8	23	342	37810	36842	1.60e-68	252
Query_1	101571_LOVQ01000189.1	42.042	333	170	8	23	342	92265	93233	1.60e-68	252
Query_1	101571_MEBE01000045.1	42.042	333	170	8	23	342	220160	221128	1.60e-68	252
Query_1	101571_LPFB01000025.1	41.867	332	172	7	23	342	161483	160515	1.61e-68	252
Query_1	101571_LPER01000112.1	41.867	332	172	7	23	342	162971	162003	1.61e-68	252
Query_1	101571_LPLP01000092.1	42.643	333	168	8	23	342	93004	93972	1.62e-68	252
Query_1	101571_LPLI01000028.1	42.643	333	168	8	23	342	93004	93972	1.62e-68	252
Query_1	101571_LOVF01000003.1	42.042	333	170	8	23	342	87753	88721	1.63e-68	252
Query_1	101571_LPJM01000025.1	42.042	333	170	8	23	342	163195	162227	1.63e-68	252
Query_1	101571_LPBB01000011.1	42.042	333	170	8	23	342	91033	90065	1.63e-68	252
Query_1	101571_LPBH01000019.1	42.042	333	170	8	23	342	161811	160843	1.63e-68	252
Query_1	101571_LPIN01000082.1	42.042	333	170	8	23	342	21149	22117	1.63e-68	252
Query_1	101571_LPND01000064.1	42.042	333	170	8	23	342	21149	22117	1.63e-68	252
Query_1	101571_LPIO01000058.1	42.042	333	170	8	23	342	21302	22270	1.63e-68	252
Query_1	101571_LPCK01000016.1	42.042	333	170	8	23	342	178433	179401	1.63e-68	252
Query_1	101571_LPFC01000027.1	42.042	333	170	8	23	342	20824	21792	1.63e-68	252
Query_1	101571_LPBN01000097.1	42.042	333	170	8	23	342	284923	285891	1.63e-68	252
Query_1	101571_LOVI01000061.1	42.042	333	170	8	23	342	79008	79976	1.63e-68	252
Query_1	101571_LPBC01000033.1	42.042	333	170	8	23	342	93041	94009	1.63e-68	252
Query_1	101571_LPBW01000092.1	42.042	333	170	8	23	342	93074	94042	1.63e-68	252
Query_1	101571_LPCC01000054.1	42.042	333	170	8	23	342	93075	94043	1.63e-68	252
Query_1	101571_LOVO01000020.1	42.042	333	170	8	23	342	237371	236403	1.63e-68	252
Query_1	101571_LPAP01000030.1	42.042	333	170	8	23	342	107578	106610	1.63e-68	252
Query_1	101571_LPLK01000047.1	42.643	333	168	8	23	342	48318	47350	1.63e-68	252
Query_1	101571_LPLO01000024.1	42.643	333	168	8	23	342	500833	501801	1.63e-68	252
Query_1	101571_LPLH01000050.1	42.643	333	168	8	23	342	48593	47625	1.63e-68	252
Query_1	101571_LPLC01000017.1	42.042	333	170	8	23	342	381619	382587	1.63e-68	252
Query_1	101571_LPCJ01000065.1	42.042	333	170	8	23	342	401912	402880	1.63e-68	252
Query_1	101571_LPIP01000054.1	42.042	333	170	8	23	342	401920	402888	1.63e-68	252
Query_1	1542965_JRFO01000007.1	42.042	333	170	8	23	342	1468127	1469095	1.64e-68	252
Query_1	1542965_JRFO01000007.1	32.961	358	200	11	32	365	2042507	2043532	1.52e-44	182
Query_1	563466_JOWA01000112.1	46.075	293	127	5	25	290	17201	18067	1.64e-68	252
Query_1	563466_JOWA01000112.1	52.000	50	24	0	277	326	18079	18228	4.44e-05	61.6
Query_1	563466_MVOQ01000014.1	46.075	293	127	5	25	290	14373	15239	1.65e-68	252
Query_1	563466_MVOQ01000014.1	52.000	50	24	0	277	326	15251	15400	4.45e-05	61.6
Query_1	101571_LPDR01000045.1	42.042	333	170	8	23	342	111434	110466	1.69e-68	252
Query_1	101571_MEAR01000011.1	42.042	333	170	8	23	342	78560	79528	1.70e-68	252
Query_1	101571_LPCF01000002.1	42.042	333	170	8	23	342	86818	85850	1.71e-68	252
Query_1	101571_LPEF01000042.1	42.042	333	170	8	23	342	165017	164049	1.71e-68	252
Query_1	101571_LPHT01000090.1	42.042	333	170	8	23	342	105057	104089	1.71e-68	252
Query_1	441166_ABBE01000667.1	42.407	349	171	10	23	351	30883	31899	1.71e-68	252
Query_1	101571_LPEI01000053.1	42.042	333	170	8	23	342	48638	47670	1.71e-68	252
Query_1	101571_MEBK01000044.1	42.042	333	170	8	23	342	180378	181346	1.71e-68	252
Query_1	101571_LOVN01000035.1	42.042	333	170	8	23	342	72362	73330	1.71e-68	252
Query_1	101571_LPGE01000149.1	42.042	333	170	8	23	342	48756	47788	1.71e-68	252
Query_1	101571_LOVK01000027.1	42.342	333	169	8	23	342	56868	55900	1.72e-68	252
Query_1	101571_LPJI01000007.1	42.342	333	169	8	23	342	105482	104514	1.73e-68	252
Query_1	101571_LOTM01000064.1	43.114	334	165	9	23	342	95619	96587	1.74e-68	252
Query_1	101571_LPAF01000006.1	42.342	333	169	8	23	342	229539	230507	1.75e-68	252
Query_1	101571_LPAF01000006.1	34.940	83	49	2	341	420	365986	365744	4.1	45.4
Query_1	1678028_CP012201.1	38.140	430	209	11	24	420	4514529	4515746	1.75e-68	252
Query_1	1678028_CP012201.1	35.174	344	193	7	26	352	4849021	4848029	2.96e-46	187
Query_1	1678028_CP012201.1	36.857	350	181	11	26	360	5362448	5361474	1.26e-45	185
Query_1	1678028_CP012201.1	57.143	56	24	0	440	495	4515525	4515692	5.85e-04	57.8
Query_1	1678028_CP012201.1	27.928	111	60	3	233	343	6053199	6053471	1.2	47.0
Query_1	101571_LPFJ01000026.1	42.042	333	170	8	23	342	52152	51184	1.75e-68	252
Query_1	101571_LPHL01000057.1	42.042	333	170	8	23	342	88105	89073	1.77e-68	252
Query_1	101571_MEBC01000008.1	42.042	333	170	8	23	342	97902	98870	1.77e-68	252
Query_1	101571_LOVG01000121.1	42.042	333	170	8	23	342	21075	22043	1.83e-68	252
Query_1	101571_LPDZ01000071.1	42.042	333	170	8	23	342	13520	12552	1.86e-68	252
Query_1	101571_LOXR01000092.1	42.042	333	170	8	23	342	89879	88911	1.87e-68	252
Query_1	101571_LPLS01000155.1	42.042	333	170	8	23	342	46523	45555	1.87e-68	252
Query_1	101571_LPIA01000078.1	42.042	333	170	8	23	342	21080	22048	1.89e-68	252
Query_1	101571_LPFI01000073.1	42.042	333	170	8	23	342	78860	79828	1.89e-68	252
Query_1	101571_LPBM01000048.1	42.042	333	170	8	23	342	166890	165922	1.90e-68	252
Query_1	101571_LPBI01000077.1	42.042	333	170	8	23	342	218305	217337	1.90e-68	252
Query_1	101571_LOZM01000062.1	42.042	333	170	8	23	342	87891	88859	1.90e-68	252
Query_1	101571_LPHN01000053.1	42.042	333	170	8	23	342	164010	163042	1.90e-68	252
Query_1	101571_LPHM01000054.1	42.042	333	170	8	23	342	164281	163313	1.90e-68	252
Query_1	101571_MEBA01000036.1	42.042	333	170	8	23	342	162025	162993	1.90e-68	252
Query_1	101571_LOZW01000036.1	42.042	333	170	8	23	342	109830	110798	1.90e-68	252
Query_1	101571_MEBN01000136.1	42.042	333	170	8	23	342	53758	54726	1.90e-68	252
Query_1	101571_MEAZ01000090.1	42.042	333	170	8	23	342	65640	66608	1.90e-68	252
Query_1	101571_LOXH01000006.1	42.042	333	170	8	23	342	36482	35514	1.91e-68	252
Query_1	101571_MEAY01000008.1	42.042	333	170	8	23	342	92257	93225	1.91e-68	252
Query_1	101571_LPAV01000087.1	42.042	333	170	8	23	342	92241	93209	1.91e-68	252
Query_1	101571_MEBM01000013.1	42.042	333	170	8	23	342	64592	65560	1.91e-68	252
Query_1	101571_LPMD01000004.1	42.342	333	169	8	23	342	52991	52023	1.91e-68	252
Query_1	101571_LPLY01000038.1	42.342	333	169	8	23	342	92021	92989	1.91e-68	252
Query_1	101571_LPLX01000100.1	42.342	333	169	8	23	342	52991	52023	1.91e-68	252
Query_1	101571_LPKZ01000070.1	42.042	333	170	8	23	342	9243	10211	1.91e-68	252
Query_1	101571_LPHD01000143.1	42.042	333	170	8	23	342	78886	79854	1.91e-68	252
Query_1	101571_LPAU01000148.1	42.042	333	170	8	23	342	160324	159356	1.91e-68	252
Query_1	101571_LPBZ01000002.1	42.042	333	170	8	23	342	160385	159417	1.91e-68	252
Query_1	101571_LPHV01000046.1	42.042	333	170	8	23	342	163563	162595	1.91e-68	252
Query_1	101571_LPBK01000001.1	42.042	333	170	8	23	342	21134	22102	1.91e-68	252
Query_1	101571_LOVH01000129.1	42.042	333	170	8	23	342	167483	166515	1.91e-68	252
Query_1	101571_LPDY01000084.1	42.042	333	170	8	23	342	52982	53950	1.91e-68	252
Query_1	101571_LPHR01000138.1	42.042	333	170	8	23	342	91616	92584	1.92e-68	252
Query_1	101571_MEBH01000008.1	42.042	333	170	8	23	342	2916	3884	1.92e-68	252
Query_1	101571_LPEK01000114.1	42.042	333	170	8	23	342	88545	89513	1.92e-68	252
Query_1	101571_LOXJ01000018.1	42.042	333	170	8	23	342	237742	236774	1.92e-68	252
Query_1	101571_MECO01000010.1	42.342	333	169	8	23	342	264964	265932	1.92e-68	252
Query_1	101571_LPLG01000027.1	42.042	333	170	8	23	342	157994	158962	1.92e-68	252
Query_1	101571_MEBF01000002.1	42.042	333	170	8	23	342	79797	80765	1.92e-68	252
Query_1	101571_LPBY01000022.1	42.042	333	170	8	23	342	78881	79849	1.92e-68	252
Query_1	101571_MEBL01000072.1	42.042	333	170	8	23	342	268728	269696	1.92e-68	252
Query_1	2561929_SPQI01000280.1	39.646	396	206	10	23	408	6169	5051	1.92e-68	251
Query_1	101571_LPHP01000100.1	42.042	333	170	8	23	342	48660	47692	1.93e-68	252
Query_1	101571_LPCI01000106.1	42.042	333	170	8	23	342	92231	93199	1.93e-68	252
Query_1	101571_LPHJ01000041.1	42.042	333	170	8	23	342	87862	88830	1.98e-68	252
Query_1	292_CP013444.1	42.342	333	169	8	23	342	1558658	1557690	2.20e-68	252
Query_1	292_CP013444.1	33.735	332	184	10	32	343	2550674	2551621	2.00e-44	182
Query_1	292_CP013444.1	30.476	105	52	4	234	338	871145	871396	7.6	44.7
Query_1	101571_CP013447.1	42.342	333	169	8	23	342	1575825	1574857	2.20e-68	252
Query_1	101571_CP013447.1	33.735	332	184	10	32	343	2569699	2570646	2.00e-44	182
Query_1	101571_MEAU01000004.1	42.342	333	169	8	23	342	92193	93161	2.22e-68	252
Query_1	101571_LPGB01000109.1	42.342	333	169	8	23	342	49907	48939	2.23e-68	252
Query_1	101571_MEBG01000022.1	42.042	333	170	8	23	342	9755	10723	2.28e-68	251
Query_1	101571_LPKX01000067.1	42.042	333	170	8	23	342	9322	10290	2.28e-68	251
Query_1	101571_LPAB01000026.1	42.319	345	172	9	23	350	150748	149744	2.30e-68	251
Query_1	101571_LPHU01000061.1	42.342	333	169	8	23	342	48541	47573	2.36e-68	251
Query_1	1436049_JAVB01000064.1	42.342	333	169	8	23	342	113939	112971	2.36e-68	251
Query_1	101571_MEBJ01000040.1	42.342	333	169	8	23	342	92516	93484	2.36e-68	251
Query_1	101571_LOVB01000066.1	42.229	341	170	9	23	346	81243	82235	2.36e-68	251
Query_1	101571_LOVJ01000040.1	42.229	341	170	9	23	346	89431	90423	2.37e-68	251
Query_1	101571_LOVJ01000040.1	34.940	83	49	2	341	420	230472	230230	3.5	45.4
Query_1	101571_LPEL01000033.1	42.342	333	169	8	23	342	57372	56404	2.42e-68	251
Query_1	101571_LPGH01000103.1	42.342	333	169	8	23	342	88167	89135	2.43e-68	251
Query_1	101571_LPJN01000087.1	42.042	333	170	8	23	342	54701	53733	2.68e-68	251
Query_1	101571_LPLF01000057.1	42.042	333	170	8	23	342	163733	162765	2.68e-68	251
Query_1	101571_LPJP01000033.1	42.229	341	170	9	23	346	19793	20785	2.99e-68	251
