Query_1	1043004_KL584721.1	67.442	215	66	3	25	238	122852	123487	8.08e-84	285
Query_1	1043004_KL584724.1	60.426	235	66	4	26	238	30525	29836	3.80e-79	272
Query_1	1043002_KL585024.1	65.403	211	69	3	26	234	2846	3472	2.09e-78	270
Query_1	5599_VEOK01000003.1	60.870	230	69	3	25	235	2857134	2857817	6.21e-78	268
Query_1	1043005_KL584749.1	59.829	234	68	4	26	238	2081378	2082064	3.57e-77	266
Query_1	280036_CM016669.1	60.930	215	77	4	25	238	1846530	1845904	2.37e-76	264
Query_1	56646_LN649230.1	58.407	226	77	2	28	237	4957521	4956847	1.31e-74	259
Query_1	1365824_KI545851.1	63.415	205	68	4	31	234	1189555	1188959	1.43e-74	259
Query_1	1028729_CM003199.1	56.897	232	80	2	25	237	4763377	4762685	1.13e-73	256
Query_1	1460663_KV441549.1	57.333	225	73	3	31	234	661661	662329	1.48e-73	256
Query_1	231269_QKXC01000149.1	58.442	231	75	3	25	237	28305	27622	1.58e-73	256
Query_1	231269_QGDX01000101.1	58.442	231	75	3	25	237	195363	196046	1.58e-73	256
Query_1	84753_DF830068.1	59.716	211	79	3	27	236	1170192	1170809	1.40e-70	247
Query_1	84753_OOIQ01000001.1	59.716	211	79	3	27	236	1176888	1177505	1.40e-70	247
Query_1	1305764_DF238795.1	57.746	213	84	3	25	236	68794	69417	1.83e-69	244
Query_1	280036_CM016686.1	62.121	198	72	2	40	236	4027	3440	1.04e-68	242
Query_1	1043002_KL584976.1	65.278	144	48	2	95	238	33827	34252	4.17e-67	194
Query_1	1043002_KL584976.1	62.821	78	26	1	26	103	33571	33795	4.17e-67	93.6
Query_1	1305764_DF238782.1	55.924	211	87	3	27	236	17027	17644	1.05e-66	236
Query_1	5599_LMXP01000003.1	67.630	173	53	2	25	196	447618	447106	1.20e-66	233
Query_1	5599_LMXP01000003.1	58.974	39	16	0	197	235	447052	446936	1.20e-66	52.4
Query_1	5599_BJEP01000003.1	67.630	173	53	2	25	196	2879914	2880426	1.20e-66	233
Query_1	5599_BJEP01000003.1	58.974	39	16	0	197	235	2880480	2880596	1.20e-66	52.4
Query_1	5599_PDXD01000011.1	67.630	173	53	2	25	196	693985	694497	1.21e-66	233
Query_1	5599_PDXD01000011.1	58.974	39	16	0	197	235	694551	694667	1.21e-66	52.4
Query_1	156630_PDUP01000008.1	67.630	173	53	2	25	196	1193106	1193618	1.30e-66	233
Query_1	156630_PDUP01000008.1	58.974	39	16	0	197	235	1193672	1193788	1.30e-66	52.4
Query_1	5599_WIRD01000003.1	67.630	173	53	2	25	196	2891007	2891519	1.34e-66	233
Query_1	5599_WIRD01000003.1	58.974	39	16	0	197	235	2891573	2891689	1.34e-66	52.4
Query_1	5599_VZUP01000003.1	67.630	173	53	2	25	196	2867176	2867688	1.34e-66	233
Query_1	5599_VZUP01000003.1	58.974	39	16	0	197	235	2867742	2867858	1.34e-66	52.4
Query_1	156630_PEJP01000018.1	67.630	173	53	2	25	196	591613	592125	1.35e-66	233
Query_1	156630_PEJP01000018.1	58.974	39	16	0	197	235	592179	592295	1.35e-66	52.4
Query_1	156630_SJDP01000031.1	67.630	173	53	2	25	196	12837	12325	1.36e-66	233
Query_1	156630_SJDP01000031.1	58.974	39	16	0	197	235	12271	12155	1.36e-66	52.4
Query_1	5599_KV441508.1	67.630	173	53	2	25	196	38388	37876	2.06e-66	233
Query_1	5599_KV441508.1	58.974	39	16	0	197	235	37822	37706	2.06e-66	52.4
Query_1	156630_PDWY01000063.1	68.452	168	50	2	30	196	35928	35431	3.23e-66	232
Query_1	156630_PDWY01000063.1	58.974	39	16	0	197	235	35377	35261	3.23e-66	52.4
Query_1	237631_CM003140.1	59.024	205	78	3	31	234	1259844	1259245	3.74e-66	234
Query_1	5599_VEOJ01000003.1	67.630	173	53	2	25	196	421469	420957	4.21e-66	233
Query_1	5599_VEOJ01000003.1	57.895	38	16	0	197	234	420903	420790	4.21e-66	50.8
Query_1	5599_SJDQ01000603.1	67.630	173	53	2	25	196	1804	1292	4.30e-66	233
Query_1	5599_SJDQ01000603.1	57.895	38	16	0	197	234	1238	1125	4.30e-66	50.8
Query_1	5599_LSHC01000468.1	67.052	173	54	2	25	196	19844	19332	1.05e-65	232
Query_1	5599_LSHC01000468.1	57.895	38	16	0	197	234	19278	19165	1.05e-65	50.8
Query_1	5599_LPVP01000015.1	67.052	173	54	2	25	196	41501	40989	2.21e-65	229
Query_1	5599_LPVP01000015.1	58.974	39	16	0	197	235	40935	40819	2.21e-65	52.4
Query_1	334819_CM000585.1	65.730	178	48	3	19	196	2710193	2710687	3.98e-65	221
Query_1	334819_CM000585.1	60.465	43	17	0	194	236	2710729	2710857	3.98e-65	60.1
Query_1	1279085_HF679030.1	68.790	157	48	1	40	196	3058794	3058327	3.27e-64	214
Query_1	1279085_HF679030.1	65.116	43	15	0	194	236	3058285	3058157	3.27e-64	63.5
Query_1	1227346_FJOF01000015.1	68.790	157	48	1	40	196	659754	659287	5.38e-64	214
Query_1	1227346_FJOF01000015.1	62.791	43	16	0	194	236	659245	659117	5.38e-64	62.4
Query_1	229533_CM000575.1	63.372	172	62	1	25	196	7287047	7287559	7.54e-63	218
Query_1	229533_CM000575.1	58.537	41	17	0	197	237	7287622	7287744	7.54e-63	54.7
Query_1	237631_CM003145.1	53.810	210	91	3	26	234	2240	1626	1.55e-62	224
Query_1	1043004_KL584702.1	52.586	232	69	5	45	238	2388310	2388996	3.40e-61	220
Query_1	1043005_KL584773.1	66.667	174	50	3	45	217	201445	201945	1.32e-59	216
Query_1	1043005_KL584773.1	69.048	42	13	0	197	238	201960	202085	2.56e-06	62.0
Query_1	426428_MALV01001630.1	54.673	214	81	3	19	232	13340	13933	1.59e-58	213
Query_1	426428_MALV01001630.1	60.784	51	20	0	186	236	13852	14004	2.18e-08	68.2
Query_1	426428_MALW01000193.1	54.673	214	81	3	19	232	79658	79065	1.61e-58	213
Query_1	426428_MALW01000193.1	60.784	51	20	0	186	236	79146	78994	2.20e-08	68.2
Query_1	426428_CM000600.1	54.673	214	81	3	19	232	1933928	1934521	1.61e-58	213
Query_1	426428_CM000600.1	60.784	51	20	0	186	236	1934440	1934592	2.21e-08	68.2
Query_1	426428_CM010344.1	54.673	214	81	3	19	232	1974430	1975023	1.61e-58	213
Query_1	426428_CM010344.1	60.784	51	20	0	186	236	1974942	1975094	2.21e-08	68.2
Query_1	660029_JH717848.1	61.798	178	55	2	19	196	2149863	2150357	3.29e-58	212
Query_1	660029_JH717848.1	56.863	51	22	0	186	236	2150375	2150527	6.33e-07	63.9
Query_1	1089451_JH658287.1	61.236	178	56	2	19	196	213967	213473	9.62e-58	210
Query_1	1089451_JH658287.1	60.784	51	20	0	186	236	213455	213303	2.21e-08	68.2
Query_1	717646_KB445556.1	67.832	143	43	2	97	238	1224539	1224117	4.55e-57	197
Query_1	717646_KB445556.1	47.222	72	19	1	45	97	1224807	1224592	4.55e-57	56.6
Query_1	280036_CM016678.1	48.826	213	104	3	23	234	644345	644971	2.03e-56	207
Query_1	1277687_KE361643.1	63.190	163	55	3	37	196	578574	579056	5.16e-55	202
Query_1	1277687_KE361643.1	61.438	153	56	2	45	196	582411	582863	1.12e-48	184
Query_1	1277687_KE361643.1	64.103	39	14	0	197	235	583072	583188	3.74e-04	55.5
Query_1	1277687_KE361643.1	61.538	39	15	0	197	235	579239	579355	0.013	50.8
Query_1	1043004_KL584727.1	65.789	152	50	2	45	195	135455	135003	9.49e-55	196
Query_1	1043004_KL584727.1	60.000	40	15	1	197	236	134929	134813	9.49e-55	50.1
Query_1	1043005_KL584790.1	63.235	136	30	4	78	196	100740	101138	4.74e-54	159
Query_1	1043005_KL584790.1	62.000	50	16	1	192	238	101171	101320	4.74e-54	61.6
Query_1	1043005_KL584790.1	43.333	60	20	2	31	76	100507	100686	4.74e-54	43.9
Query_1	1280837_KZ819607.1	50.691	217	82	3	45	238	144790	144146	1.91e-53	198
Query_1	122368_PDUI01000001.1	43.182	308	59	6	45	238	2027051	2026134	2.12e-53	198
Query_1	122368_PDUI01000001.1	43.182	308	59	6	45	238	410798	411715	2.12e-53	198
Query_1	122368_CM008502.1	43.182	308	59	6	45	238	483710	484627	2.12e-53	198
Query_1	122368_CM008502.1	29.545	220	125	6	45	235	3492508	3491852	2.48e-11	77.0
Query_1	122368_PDUH01000003.1	42.857	308	60	6	45	238	1490640	1489723	3.79e-53	197
Query_1	112498_CZLF01000151.1	51.744	172	47	3	97	234	8138	7629	1.12e-52	168
Query_1	112498_CZLF01000151.1	66.038	53	18	0	45	97	8365	8207	1.12e-52	70.9
Query_1	112498_FJUY01000001.1	51.744	172	47	3	97	234	3011227	3011736	1.21e-52	168
Query_1	112498_FJUY01000001.1	67.925	53	17	0	45	97	3011000	3011158	1.21e-52	70.9
Query_1	1569628_KZ819662.1	57.042	142	57	3	97	237	1951878	1952294	9.48e-50	152
Query_1	1569628_KZ819662.1	64.407	59	21	0	45	103	1951655	1951831	9.48e-50	77.0
Query_1	1305764_DF238802.1	45.622	217	108	5	20	234	32405	33031	3.71e-49	186
Query_1	215250_KZ819641.1	62.626	99	30	3	97	194	749329	749607	7.20e-49	120
Query_1	215250_KZ819641.1	50.000	60	30	0	38	97	749081	749260	7.20e-49	66.2
Query_1	215250_KZ819641.1	59.091	44	18	0	191	234	749669	749800	7.20e-49	60.5
Query_1	1043002_KL584975.1	51.832	191	55	6	45	201	248510	249073	1.09e-48	163
Query_1	1043002_KL584975.1	70.732	41	12	0	197	237	249112	249234	1.09e-48	62.8
Query_1	215250_KZ819640.1	49.767	215	88	5	38	236	46441	45809	5.49e-45	174
Query_1	1280837_KZ819603.1	49.738	191	90	3	44	229	86706	86137	3.86e-42	166
Query_1	1277687_KE361639.1	65.347	101	32	2	97	196	475499	475795	5.16e-39	129
Query_1	1277687_KE361639.1	71.795	39	11	0	197	235	475914	476030	5.16e-39	64.7
Query_1	1277687_KE361639.1	44.444	54	30	0	45	98	475112	475273	0.048	49.3
Query_1	1522189_KZ819467.1	43.850	187	101	3	40	223	8684	8127	2.50e-34	143
Query_1	1081104_AZHB01000005.1	39.604	202	76	5	78	235	1196848	1196249	2.39e-33	131
Query_1	1081104_AZHB01000005.1	55.556	36	16	0	45	80	1197000	1196893	2.39e-33	43.5
Query_1	1522189_KZ819355.1	41.667	204	105	5	44	237	435577	436176	1.98e-31	135
Query_1	1277687_KE361627.1	32.967	273	87	6	56	235	242643	243452	1.68e-28	126
Query_1	1460663_KV441562.1	38.571	210	117	7	35	234	278774	278151	9.85e-28	124
Query_1	1684307_KZ819339.1	46.154	169	84	5	30	194	239711	240208	1.14e-27	124
Query_1	1684307_KZ819339.1	42.012	169	91	5	30	194	237875	238372	1.45e-23	112
Query_1	1380566_CM008057.1	40.777	206	114	6	37	234	3777623	3778240	1.47e-27	124
Query_1	655819_JH725161.1	38.462	195	73	6	45	194	624569	623991	2.03e-27	111
Query_1	655819_JH725161.1	50.000	40	18	1	197	234	623919	623800	2.03e-27	43.5
Query_1	1299270_KE007229.1	36.150	213	114	5	40	234	762	136	5.00e-22	108
Query_1	692275_KB456263.1	47.115	104	49	2	97	194	2498573	2498884	5.81e-22	77.8
Query_1	692275_KB456263.1	52.830	53	25	0	45	97	2498349	2498507	5.81e-22	58.5
Query_1	692275_KB456263.1	52.500	40	19	0	197	236	2499481	2499600	0.002	53.5
Query_1	983644_JH126399.1	35.417	192	79	6	45	194	5087155	5087721	6.98e-22	100
Query_1	983644_JH126399.1	42.500	40	21	1	197	234	5087772	5087891	6.98e-22	35.4
Query_1	215250_KZ819635.1	33.188	229	123	6	35	236	3194607	3195284	7.55e-22	107
Query_1	215250_KZ819639.1	38.278	209	110	8	40	234	891499	890888	3.21e-18	97.1
Query_1	671144_JH668244.1	33.755	237	119	6	33	234	176422	177123	2.46e-17	94.4
Query_1	215250_KZ819634.1	41.667	144	72	6	98	238	34058	34462	6.46e-17	93.2
Query_1	156630_PDWY01000059.1	36.364	154	97	1	21	174	110622	111080	2.53e-15	88.6
Query_1	156630_PEJP01000046.1	36.364	154	97	1	21	174	93884	93426	2.53e-15	88.6
Query_1	156630_PDUP01000031.1	36.364	154	97	1	21	174	286245	286703	2.53e-15	88.6
Query_1	5599_VEOK01000001.1	35.714	154	98	1	21	174	6695268	6695726	1.57e-14	86.3
Query_1	1043002_KL585009.1	33.721	172	101	4	45	207	109950	109447	1.91e-14	85.9
Query_1	573_VKUR01000734.1	77.083	48	10	1	150	197	2	142	4.10e-14	77.8
Query_1	500485_AM920421.1	31.897	232	119	4	42	235	341938	341246	2.30e-13	82.8
Query_1	61420_ML737606.1	36.047	172	98	4	34	194	156061	156573	2.69e-13	82.8
Query_1	5599_LSHC01000064.1	35.294	187	107	6	18	194	515	1063	3.94e-13	82.0
Query_1	5599_VZUP01000001.1	35.714	154	98	1	21	174	6718562	6719020	4.42e-13	82.0
Query_1	5599_WIRD01000001.1	35.484	155	98	2	21	174	6988811	6989272	4.59e-13	82.0
Query_1	5599_LMXP01000005.1	35.714	154	98	1	21	174	62573	62115	4.72e-13	82.0
Query_1	5599_KV441478.1	32.432	185	111	3	21	194	53656	53111	5.49e-13	81.6
Query_1	5599_BJEP01000001.1	32.432	185	111	3	21	194	6772498	6773043	5.50e-13	81.6
Query_1	5599_VEOJ01000001.1	32.432	185	111	3	21	194	6821242	6821787	5.93e-13	81.6
Query_1	759273_CM004458.1	37.692	130	80	1	45	174	4282877	4282491	9.34e-13	80.9
Query_1	231269_QKXC01000372.1	37.107	159	90	3	45	194	8965	9438	1.26e-12	80.5
Query_1	5599_SJDQ01000052.1	31.892	185	112	3	21	194	11019	10474	1.56e-12	80.5
Query_1	5599_LPVP01000001.1	31.892	185	112	3	21	194	2730008	2730553	1.63e-12	80.5
Query_1	331117_DS027698.1	31.858	226	117	6	45	234	3153157	3152483	1.73e-12	80.1
Query_1	156630_SJDP01000056.1	31.383	188	113	4	18	194	108928	109476	1.76e-12	80.1
Query_1	1299270_KE007226.1	36.076	158	92	5	42	194	8326	7865	3.19e-12	79.3
Query_1	58919_KZ819283.1	41.250	80	43	3	119	196	243456	243689	3.53e-12	54.7
Query_1	58919_KZ819283.1	34.426	61	22	1	55	97	243101	243283	3.53e-12	33.5
Query_1	58919_KZ819283.1	56.000	25	11	0	97	121	243331	243405	3.53e-12	28.9
Query_1	58919_KZ819283.1	55.556	18	8	0	197	214	243758	243811	3.53e-12	24.6
Query_1	1392255_MSZS01000008.1	35.526	152	91	3	45	192	1542820	1543266	1.08e-11	77.8
Query_1	2058924_KZ626941.1	32.719	217	108	8	31	235	8555	7983	1.08e-11	77.8
Query_1	122368_PDUI01000017.1	29.545	220	125	6	45	235	129608	130264	2.48e-11	77.0
Query_1	122368_PDUH01000008.1	29.545	220	125	6	45	235	251335	251991	2.48e-11	77.0
Query_1	5599_PDXD01000055.1	32.298	161	95	3	45	194	78180	77707	3.92e-11	76.3
Query_1	690256_PHOC01000388.1	34.586	133	86	1	45	177	419924	419529	4.36e-11	76.3
Query_1	332648_CP009807.1	39.850	133	79	1	45	177	439182	439577	6.31e-11	75.9
Query_1	660029_JH717843.1	38.462	130	79	1	45	174	419730	419344	7.91e-11	75.5
Query_1	1490484_JMHT01000042.1	30.734	218	130	7	28	235	119205	118585	8.66e-11	75.1
Query_1	690256_SSNE01000026.1	33.835	133	87	1	45	177	660132	660527	2.15e-10	73.9
Query_1	690256_MVNS02000001.1	33.835	133	87	1	45	177	1726324	1726719	2.43e-10	73.9
Query_1	645134_KQ257462.1	31.737	167	103	4	38	201	692403	691927	2.69e-10	73.9
Query_1	1569628_KZ819669.1	33.537	164	73	7	90	230	545116	545568	3.28e-10	73.6
Query_1	1569628_KZ819669.1	41.860	86	43	3	17	100	544823	545065	0.10	48.1
Query_1	1185650_FSCO01000052.1	31.019	216	128	7	32	237	24285	23671	3.73e-10	73.6
Query_1	1761810_FNRC01000003.1	30.516	213	127	7	35	237	327664	328269	1.52e-09	71.6
Query_1	1449059_JMLM01000002.1	30.516	213	127	7	35	237	197930	197325	1.52e-09	71.6
Query_1	1089451_JH658286.1	38.462	130	79	1	45	174	872908	873294	2.05e-09	71.2
Query_1	56689_LSKA01000484.1	30.093	216	130	7	32	237	14742	15356	2.27e-09	71.2
Query_1	56689_LZLC01000143.1	30.516	213	127	7	35	237	31749	31144	2.28e-09	71.2
Query_1	56689_LSKL01000429.1	30.093	216	130	7	32	237	50126	49512	2.31e-09	71.2
Query_1	426428_MALV01000653.1	38.095	126	77	1	49	174	18066	17692	2.79e-09	70.9
Query_1	426428_MALW01000209.1	38.095	126	77	1	49	174	147924	148298	2.80e-09	70.9
Query_1	426428_CM000595.1	38.095	126	77	1	49	174	343737	343363	2.80e-09	70.9
Query_1	426428_CM010339.1	38.095	126	77	1	49	174	336227	335853	2.80e-09	70.9
Query_1	1609272_VJZD01000006.1	32.719	217	108	9	31	235	29686	30258	3.87e-09	70.5
Query_1	111802_CAACUY010000017.1	33.175	211	105	9	35	234	78209	78766	4.06e-09	70.5
Query_1	319706_POTM01000036.1	30.288	208	124	7	40	237	77931	78521	6.33e-09	69.7
Query_1	319706_AP022616.1	30.288	208	124	7	40	237	503494	502904	6.34e-09	69.7
Query_1	319706_AP022616.1	32.178	202	119	9	40	234	5764751	5764179	2.74e-04	55.8
Query_1	319706_AP022616.1	31.034	203	109	10	40	234	2775143	2774604	0.12	48.1
Query_1	319706_AP022616.1	36.957	92	55	2	35	123	5704684	5704959	1.4	44.7
Query_1	56689_LZSF01000222.1	30.288	208	124	7	40	237	6073	5483	1.02e-08	69.3
Query_1	2185272_BHVW01000034.1	30.288	208	124	7	40	237	15014	15604	1.03e-08	69.3
Query_1	1226753_ANBS01000019.1	29.577	213	129	7	35	237	17062	17667	1.15e-08	68.9
Query_1	1226753_POTL01000001.1	29.577	213	129	7	35	237	3268655	3269260	1.16e-08	68.9
Query_1	1226753_POTL01000001.1	32.178	202	119	9	40	234	4019211	4019783	0.003	52.8
Query_1	1226753_POTL01000001.1	28.723	188	94	7	40	206	4431434	4430928	4.8	43.1
Query_1	1226753_POTL01000001.1	35.870	92	56	2	35	123	4091156	4090881	7.0	42.7
Query_1	56689_CYSI01000007.1	29.577	213	129	7	35	237	5823162	5822557	1.16e-08	68.9
Query_1	56689_CYSI01000007.1	32.178	202	119	9	40	234	5071869	5071297	0.003	52.8
Query_1	56689_CYSI01000007.1	28.723	188	94	7	40	206	4657740	4658246	4.8	43.1
Query_1	56689_CYSI01000007.1	35.870	92	56	2	35	123	4999924	5000199	7.0	42.7
Query_1	35752_FONV01000008.1	31.401	207	106	8	40	235	369209	369754	1.21e-08	68.9
Query_1	2109333_KZ679041.1	31.280	211	109	8	35	234	54984	54427	2.14e-08	68.2
Query_1	512350_QGGR01000025.1	31.429	210	108	8	39	237	32955	32401	3.14e-08	67.8
Query_1	2231787_QLYX01000011.1	33.649	211	117	9	40	236	57101	57706	3.94e-08	67.4
Query_1	512565_AP012319.1	30.233	215	113	8	22	223	4217986	4218558	5.90e-08	67.0
Query_1	1079986_JH164846.1	34.314	204	87	9	35	219	77700	77173	7.03e-08	66.6
Query_1	2690293_WWIQ01000003.1	34.314	204	87	9	35	219	77700	77173	7.03e-08	66.6
Query_1	1079985_LT962942.1	34.314	204	87	9	35	219	8570117	8569590	7.04e-08	66.6
Query_1	1079985_LT963352.1	34.314	204	87	9	35	219	8570117	8569590	7.04e-08	66.6
Query_1	1210088_BDBU01000008.1	31.122	196	91	7	34	216	143153	143647	7.86e-08	66.6
Query_1	2135745_SNZN01000013.1	30.317	221	109	10	40	238	49739	50332	8.32e-08	66.6
Query_1	2135744_SOBL01000013.1	30.317	221	109	10	40	238	49739	50332	8.32e-08	66.6
Query_1	1725411_CP013743.1	30.556	216	112	8	31	234	9606555	9607124	9.96e-08	66.2
Query_1	1725411_CP013743.1	32.609	184	101	9	40	216	8806657	8806154	0.007	51.6
Query_1	764103_BABT02000061.1	32.768	177	94	8	31	197	15817	16302	1.01e-07	66.2
Query_1	764103_KL411543.1	32.768	177	94	8	31	197	326519	326034	1.01e-07	66.2
Query_1	764103_KL411543.1	37.273	110	56	5	117	223	639767	640066	0.27	47.0
Query_1	2606611_VTGY01000029.1	30.542	203	120	7	45	237	79287	79862	1.10e-07	66.2
Query_1	1463884_JOAW01000904.1	34.314	204	87	9	35	219	786	259	1.48e-07	65.1
Query_1	1938853_OCNA01000001.1	34.653	202	89	9	35	219	8098065	8097538	1.55e-07	65.9
Query_1	33898_JRHJ01000058.1	33.831	201	86	10	35	216	219125	218607	1.77e-07	65.5
Query_1	591159_GG657757.1	34.328	201	85	10	35	216	8299958	8299440	1.78e-07	65.5
Query_1	1172186_KB911464.1	29.108	213	130	7	35	237	103852	103247	1.90e-07	65.5
Query_1	376149_BHXA01000015.1	33.990	203	89	10	35	219	100994	101521	2.88e-07	64.7
Query_1	56689_SDLO01000016.1	29.808	208	125	7	40	237	82193	82783	3.77e-07	64.7
Query_1	249581_RJKY01000001.1	33.333	201	87	10	35	216	8485588	8485070	3.79e-07	64.7
Query_1	2706058_JAAGLY010000017.1	34.000	200	87	10	35	216	83087	82569	7.82e-07	63.5
Query_1	146820_LBNW01000006.1	33.333	201	87	10	35	216	9529	9011	8.31e-07	63.5
Query_1	1938833_OCNG01000001.1	33.333	201	87	10	35	216	8123764	8123246	8.37e-07	63.5
Query_1	146820_KQ257849.1	33.333	201	87	10	35	216	26325	25807	8.49e-07	63.5
Query_1	1054862_KB405056.1	33.831	201	86	10	35	216	1144715	1145233	8.77e-07	63.5
Query_1	2690302_WWIH01000021.1	33.831	201	86	10	35	216	1144715	1145233	8.77e-07	63.5
Query_1	1054862_KB911581.1	33.831	201	86	10	35	216	4015222	4014704	8.77e-07	63.5
Query_1	52697_FZNR01000026.1	30.531	226	118	10	22	236	94791	95384	8.90e-07	63.5
Query_1	103232_SPAZ01000334.1	33.690	187	79	9	35	202	9773	9291	1.19e-06	63.2
Query_1	67356_KL575620.1	33.168	202	90	9	34	216	3419	3946	1.27e-06	62.8
Query_1	1415549_LGEA01000114.1	33.171	205	90	9	34	219	82333	82863	1.59e-06	62.8
Query_1	948102_JYKC01000026.1	29.817	218	118	8	30	234	429544	428957	1.67e-06	62.8
Query_1	1283301_KE354179.1	32.877	219	97	10	35	234	11942	12505	1.71e-06	62.4
Query_1	934019_NTGE01000197.1	33.500	200	88	10	35	216	697	1215	1.76e-06	62.4
Query_1	948102_MVHQ01000008.1	29.817	218	118	8	30	234	25467	24880	1.88e-06	62.4
Query_1	948102_MAFQ01000003.1	29.817	218	118	8	30	234	144206	143619	1.88e-06	62.4
Query_1	948102_RXLR01000014.1	29.817	218	118	8	30	234	171802	171215	1.88e-06	62.4
Query_1	948102_RXLR01000014.1	26.190	210	117	7	28	220	837576	838142	0.015	50.8
Query_1	948102_PECC01000027.1	29.817	218	118	8	30	234	584297	583710	1.88e-06	62.4
Query_1	948102_PECC01000027.1	26.190	210	117	7	28	220	1250808	1251374	0.012	50.8
Query_1	948102_PECC01000027.1	26.341	205	140	7	35	234	35250	34654	0.34	46.6
Query_1	948102_PECE01000003.1	29.817	218	118	8	30	234	1895668	1895081	1.88e-06	62.4
Query_1	948102_PECE01000003.1	26.190	210	117	7	28	220	2562151	2562717	0.012	50.8
Query_1	948102_PECE01000003.1	26.341	205	140	7	35	234	1346621	1346025	0.34	46.6
Query_1	948102_PECD01000005.1	29.817	218	118	8	30	234	1895696	1895109	1.88e-06	62.4
Query_1	948102_PECD01000005.1	26.190	210	117	7	28	220	2562207	2562773	0.012	50.8
Query_1	948102_PECD01000005.1	26.341	205	140	7	35	234	1346649	1346053	0.34	46.6
Query_1	948102_PECB01000003.1	29.817	218	118	8	30	234	1895693	1895106	1.88e-06	62.4
Query_1	948102_PECB01000003.1	26.190	210	117	7	28	220	2562194	2562760	0.012	50.8
Query_1	948102_PECB01000003.1	26.341	205	140	7	35	234	1346646	1346050	0.34	46.6
Query_1	948102_PECF01000003.1	29.817	218	118	8	30	234	1895693	1895106	1.88e-06	62.4
Query_1	948102_PECF01000003.1	26.190	210	117	7	28	220	2562194	2562760	0.012	50.8
Query_1	948102_PECF01000003.1	26.341	205	140	7	35	234	1346646	1346050	0.34	46.6
Query_1	2650748_WBMS02000065.1	32.673	202	100	8	45	235	7742	7212	1.95e-06	62.4
Query_1	2306165_CP031969.1	33.663	202	87	10	34	216	8564790	8564269	2.05e-06	62.4
Query_1	948102_MAFS01000002.1	29.817	218	118	8	30	234	132796	133383	2.06e-06	62.4
Query_1	948102_MAEP01000003.1	29.817	218	118	8	30	234	450365	449778	2.06e-06	62.4
Query_1	284040_JYJH01000041.1	32.683	205	89	10	35	219	38038	38565	2.25e-06	62.4
Query_1	284031_JNXD01000032.1	32.683	205	89	10	35	219	47756	48283	2.25e-06	62.4
Query_1	1834071_LZLU01000007.1	30.093	216	123	9	35	236	1322	1927	2.59e-06	62.0
Query_1	37332_MVAC01000159.1	31.222	221	101	9	17	219	6797	7360	2.61e-06	62.0
Query_1	37332_PXZE01000144.1	31.222	221	101	9	17	219	6841	7404	2.61e-06	62.0
Query_1	2135728_QTTW01000002.1	32.642	193	103	7	37	222	485996	486514	2.68e-06	62.0
Query_1	37332_MOYO01000001.1	31.222	221	101	9	17	219	4389940	4389377	2.68e-06	62.0
Query_1	37332_CP017839.1	31.222	221	101	9	17	219	5671762	5671199	2.68e-06	62.0
Query_1	1461261_JHBW01000087.1	27.706	231	139	11	23	234	173810	174475	2.73e-06	62.0
Query_1	1834081_LZKV01000021.1	30.093	216	123	9	35	236	42434	43039	3.21e-06	61.6
Query_1	42238_LIQW01000022.1	32.653	196	85	10	40	216	975	1478	3.24e-06	61.6
Query_1	231024_MUKA01000046.1	33.831	201	86	9	35	216	38131	37613	3.26e-06	61.6
Query_1	1856860_LZLL01000481.1	30.093	216	123	9	35	236	15398	14793	3.29e-06	61.6
Query_1	68276_LIRK01000058.1	33.508	191	80	10	45	216	38568	38080	3.41e-06	61.6
Query_1	2596893_VMNW02000027.1	31.336	217	111	10	35	238	1148	1723	3.59e-06	61.6
Query_1	2548456_CP034463.1	33.831	201	86	11	35	216	862429	862947	3.89e-06	61.6
Query_1	2548456_CP034463.1	27.530	247	132	10	33	236	7757975	7757247	0.038	49.7
Query_1	134849_FRCS01000004.1	31.776	214	108	9	31	232	517472	516909	4.00e-06	61.6
Query_1	1834078_LZKU01000256.1	28.302	212	128	8	35	234	47692	48291	4.01e-06	61.6
Query_1	2512137_SLZH01000008.1	33.831	201	86	11	35	216	403471	403989	4.60e-06	61.2
Query_1	1855658_MAEX01000013.1	28.899	218	120	8	30	234	148261	148848	4.67e-06	61.2
Query_1	1855660_MAEZ01000008.1	28.899	218	120	8	30	234	167167	167754	4.67e-06	61.2
Query_1	1855656_MAEV01000004.1	28.899	218	120	8	30	234	153782	154369	4.68e-06	61.2
Query_1	1855661_MAFB01000003.1	28.899	218	120	8	30	234	169052	168465	4.68e-06	61.2
Query_1	1777322_KZ671994.1	33.333	204	89	9	35	219	25529	26056	4.98e-06	61.2
Query_1	2382123_SZVW01000031.1	33.333	204	89	9	35	219	25529	26056	4.98e-06	61.2
Query_1	2382123_SZVR01000031.1	33.333	204	89	9	35	219	25529	26056	4.98e-06	61.2
Query_1	1220567_BCQU01000157.1	30.047	213	117	7	45	238	5020	5619	5.79e-06	60.8
Query_1	1220567_BCQU01000157.1	27.551	196	84	10	45	216	2879	2394	4.5	43.1
Query_1	58112_PVNI01000028.1	30.047	213	117	7	45	238	19620	19021	6.14e-06	60.8
Query_1	58112_PVNI01000028.1	27.551	196	84	10	45	216	21761	22246	4.7	43.1
Query_1	2072505_CP026121.1	33.163	196	84	10	40	216	8428046	8427543	7.19e-06	60.8
Query_1	339268_LZKZ01000310.1	28.409	176	105	4	35	206	13547	14023	7.26e-06	60.8
Query_1	339268_LZKZ01000310.1	30.049	203	106	9	35	217	17764	18324	0.005	52.0
Query_1	339268_LZLA01000215.1	28.409	176	105	4	35	206	13604	14080	7.27e-06	60.8
Query_1	339268_LZLA01000215.1	30.049	203	106	9	35	217	17821	18381	0.005	52.0
Query_1	339268_LZMA01000137.1	28.409	176	105	4	35	206	18081	18557	7.28e-06	60.8
Query_1	339268_LZMA01000137.1	30.049	203	106	9	35	217	22297	22857	0.005	52.0
Query_1	339268_LZJS01000150.1	28.409	176	105	4	35	206	42315	42791	7.72e-06	60.5
Query_1	339268_LZJS01000150.1	29.545	220	118	10	35	234	46538	47146	0.004	52.4
Query_1	67304_KQ948740.1	32.836	201	88	10	35	216	117358	117876	7.73e-06	60.5
Query_1	67304_KQ948187.1	32.836	201	88	10	35	216	111257	110739	8.41e-06	60.5
Query_1	67304_CP032427.1	32.836	201	88	10	35	216	8990170	8989652	8.42e-06	60.5
Query_1	154654_BFCH01000012.1	31.455	213	95	9	31	217	890	327	8.67e-06	60.5
Query_1	339268_LZKX01000242.1	28.409	176	105	4	35	206	6690	7166	8.68e-06	60.5
Query_1	339268_LZKX01000242.1	30.049	203	106	9	35	217	10907	11467	0.006	52.0
Query_1	339268_LZLH01000304.1	28.409	176	105	4	35	206	6690	7166	8.69e-06	60.5
Query_1	339268_LZLH01000304.1	30.049	203	106	9	35	217	10907	11467	0.005	52.4
Query_1	339268_LZKW01000285.1	28.409	176	105	4	35	206	26848	27324	8.78e-06	60.5
Query_1	339268_LZKW01000285.1	30.049	203	106	9	35	217	31064	31624	0.005	52.0
Query_1	339268_LZLG01000026.1	28.409	176	105	4	35	206	31124	31600	8.78e-06	60.5
Query_1	339268_LZLG01000026.1	30.049	203	106	9	35	217	35340	35900	0.005	52.0
Query_1	1463836_JOGP01000025.1	33.155	187	80	9	35	202	51174	51656	9.28e-06	60.5
Query_1	1855663_MAFD01000005.1	29.358	218	119	8	30	234	69791	70378	9.92e-06	60.5
Query_1	404941_PECK01000003.1	29.358	218	119	8	30	234	613422	612835	9.94e-06	60.5
Query_1	404941_PECK01000003.1	28.019	207	134	8	35	234	37585	36989	0.11	48.1
Query_1	404941_PECK01000003.1	24.631	203	115	6	35	220	1301960	1302505	0.19	47.4
Query_1	404941_PECM01000008.1	29.358	218	119	8	30	234	613412	612825	9.94e-06	60.5
Query_1	404941_PECM01000008.1	28.019	207	134	8	35	234	37585	36989	0.11	48.1
Query_1	404941_PECM01000008.1	24.631	203	115	6	35	220	1301976	1302521	0.19	47.4
Query_1	2512164_SLYY01000018.1	32.836	201	88	10	35	216	68292	67774	1.09e-05	60.1
Query_1	339268_MBEO01000034.1	28.409	176	105	4	35	206	84385	83909	1.11e-05	60.1
Query_1	339268_MBEO01000034.1	29.524	210	111	10	45	234	80143	79565	0.59	45.8
Query_1	339268_MBEN01000031.1	28.409	176	105	4	35	206	145122	144646	1.11e-05	60.1
Query_1	339268_MBEN01000031.1	29.524	210	111	10	45	234	140877	140299	0.59	45.8
Query_1	339268_MBEN01000031.1	23.767	223	132	7	17	201	7426	8094	6.1	42.7
Query_1	339268_MBEP01000094.1	28.409	176	105	4	35	206	157102	156626	1.11e-05	60.1
Query_1	339268_MBEP01000094.1	29.524	210	111	10	45	234	152860	152282	0.55	45.8
Query_1	339268_MBEP01000094.1	23.767	223	132	7	17	201	23779	24447	6.1	42.7
Query_1	339268_MBEI01000053.1	28.409	176	105	4	35	206	180862	180386	1.11e-05	60.1
Query_1	339268_MBEI01000053.1	29.524	210	111	10	45	234	176609	176031	0.40	46.2
Query_1	339268_MBEI01000053.1	23.767	223	132	7	17	201	24549	25217	6.1	42.7
Query_1	33895_LQPB01000067.1	27.442	215	134	6	31	234	4299	3688	1.21e-05	60.1
Query_1	33895_LQPB01000067.1	29.070	172	83	5	35	201	4626	5039	0.68	45.8
Query_1	2485146_RKQH01000001.1	34.254	181	76	9	40	202	651061	651528	1.30e-05	60.1
Query_1	1415546_LGDG01000028.1	32.338	201	89	10	35	216	133930	133412	1.51e-05	59.7
Query_1	2593070_VIRS01000012.1	31.604	212	108	7	33	232	51527	50967	1.51e-05	59.7
Query_1	1736300_LMRN01000021.1	30.660	212	109	9	36	234	387090	387650	1.54e-05	59.7
Query_1	1736310_LMRQ01000014.1	30.660	212	109	9	36	234	144396	143836	1.54e-05	59.7
Query_1	228230_LQOL01000029.1	31.429	210	126	9	35	235	30863	30261	1.54e-05	59.7
Query_1	228230_BCSY01000129.1	31.429	210	126	9	35	235	274622	274020	1.55e-05	59.7
Query_1	1834075_LZKY01000168.1	29.167	216	125	9	35	236	27277	26672	1.62e-05	59.7
Query_1	68264_BEWA01000029.1	33.684	190	81	10	45	216	57862	57374	1.63e-05	59.7
Query_1	1834074_LZMG01000326.1	29.167	216	125	9	35	236	28826	28221	1.77e-05	59.7
Query_1	1545691_JRMK01000033.1	30.288	208	118	8	35	234	20915	20349	1.83e-05	59.3
Query_1	1545691_JRMK01000033.1	29.245	212	122	11	35	234	27554	28141	7.9	42.4
Query_1	1172183_KB911591.1	34.010	197	81	11	40	216	66835	66332	1.85e-05	59.3
Query_1	146819_LCTL01000484.1	32.338	201	89	10	35	216	11350	10832	2.02e-05	59.3
Query_1	146819_LRTQ01000081.1	32.338	201	89	10	35	216	675	1193	2.04e-05	59.3
Query_1	146819_PCGU01000089.1	32.338	201	89	10	35	216	19603	19085	2.05e-05	59.3
Query_1	146819_LRTR01000833.1	32.338	201	89	10	35	216	5484	6002	2.05e-05	59.3
Query_1	386911_AP022582.1	28.241	216	130	7	31	234	2497625	2498233	2.23e-05	59.3
Query_1	386911_AP022582.1	24.885	217	125	7	23	201	4093282	4092632	0.086	48.5
Query_1	386911_AP022582.1	29.843	191	97	7	38	216	5259702	5259205	0.094	48.1
Query_1	386911_AP022582.1	25.532	188	103	7	35	204	1466644	1466138	6.1	42.7
Query_1	386911_AP022582.1	25.556	180	104	6	35	205	3949409	3949885	7.5	42.4
Query_1	1463861_JNXE01000001.1	33.511	188	76	10	35	201	158598	158119	2.31e-05	59.3
Query_1	1463937_JOBZ01000530.1	34.066	182	75	9	40	202	6565	6098	2.52e-05	58.9
Query_1	2690307_WWIC01000094.1	32.500	200	86	10	40	219	815	1327	2.52e-05	58.9
Query_1	2675851_WRPP01000005.1	31.579	209	116	9	17	219	264585	264022	2.59e-05	58.9
Query_1	67350_KQ948150.1	34.066	182	75	9	40	202	76217	75750	2.68e-05	58.9
Query_1	1890285_MJAJ01000085.1	33.158	190	82	10	45	216	5145	4657	2.78e-05	58.9
Query_1	1783515_CP015098.1	33.166	199	86	9	40	219	8740854	8740342	2.84e-05	58.9
Query_1	1783515_CP015098.1	25.000	216	137	8	35	236	111645	112259	5.2	43.1
Query_1	1463908_JOCT01000020.1	32.178	202	90	10	34	216	61134	60613	2.88e-05	58.9
Query_1	1463909_KL585956.1	32.178	202	90	10	34	216	74053	73532	2.88e-05	58.9
Query_1	1463911_KL585194.1	32.178	202	90	10	34	216	90835	90314	2.88e-05	58.9
Query_1	285535_JOEY01000037.1	33.155	187	82	9	35	203	108990	108505	2.99e-05	58.9
Query_1	1463910_JOJB01000016.1	34.021	194	81	9	45	219	100764	101261	2.99e-05	58.9
Query_1	1386082_AXCZ01000016.1	30.500	200	118	7	40	235	15109	14561	3.30e-05	58.5
Query_1	1386082_AXCZ01000016.1	28.311	219	121	8	25	230	14135	13548	1.9	44.3
Query_1	83262_LQYE01000001.1	28.638	213	117	8	35	234	941529	942101	3.38e-05	58.5
Query_1	83262_LQYE01000001.1	25.123	203	114	7	35	220	336098	335553	0.40	46.6
Query_1	83262_LJFS01000025.1	28.638	213	117	8	35	234	13670	14242	3.52e-05	58.5
Query_1	83262_LJFT01000017.1	28.638	213	117	8	35	234	26890	26318	3.53e-05	58.5
Query_1	83262_LJFV01000015.1	28.638	213	117	8	35	234	102910	103482	3.54e-05	58.5
Query_1	83262_MAFP01000010.1	28.638	213	117	8	35	234	61209	61781	3.54e-05	58.5
Query_1	83262_LJFU01000006.1	28.638	213	117	8	35	234	183528	182956	3.54e-05	58.5
Query_1	83262_LJFW01000003.1	28.638	213	117	8	35	234	44472	45044	3.54e-05	58.5
Query_1	83262_LJFO01000010.1	28.638	213	117	8	35	234	61308	61880	3.54e-05	58.5
Query_1	83262_LJFX01000010.1	28.638	213	117	8	35	234	61308	61880	3.54e-05	58.5
Query_1	83262_LJFP01000011.1	28.638	213	117	8	35	234	61308	61880	3.54e-05	58.5
Query_1	83262_LJFY01000004.1	28.638	213	117	8	35	234	183528	182956	3.54e-05	58.5
Query_1	83262_JXUU01000004.1	28.638	213	117	8	35	234	61264	61836	3.54e-05	58.5
Query_1	83262_LQPA01000010.1	28.638	213	117	8	35	234	61286	61858	3.54e-05	58.5
Query_1	83262_LJFQ01000006.1	28.638	213	117	8	35	234	232896	232324	3.54e-05	58.5
Query_1	83262_LJFR01000005.1	28.638	213	117	8	35	234	61308	61880	3.54e-05	58.5
Query_1	83262_CP011530.1	28.638	213	117	8	35	234	4371801	4371229	3.54e-05	58.5
Query_1	83262_CP011530.1	27.014	211	139	8	35	238	3519892	3519284	0.051	49.3
Query_1	83262_CP011530.1	25.123	203	114	7	35	220	5026353	5026898	0.14	47.8
Query_1	83262_CP016189.1	28.638	213	117	8	35	234	4404642	4404070	3.54e-05	58.5
Query_1	83262_CP016189.1	27.014	211	139	8	35	238	3551035	3550427	0.051	49.3
Query_1	83262_CP016189.1	25.123	203	114	7	35	220	5058815	5059360	0.14	47.8
Query_1	1709476_LJBR01000136.1	34.211	190	80	10	45	216	13336	13824	3.64e-05	58.5
Query_1	1709476_MWIF01000046.1	34.211	190	80	10	45	216	42866	43354	3.65e-05	58.5
Query_1	37332_BAWD02000220.1	30.769	221	102	9	17	219	6743	7306	3.69e-05	58.5
Query_1	37332_BBYQ01000221.1	30.769	221	102	9	17	219	715	152	3.69e-05	58.5
Query_1	37332_WMKF01000219.1	30.769	221	102	9	17	219	766	203	3.70e-05	58.5
Query_1	37332_WMKD01000388.1	30.769	221	102	9	17	219	766	203	3.70e-05	58.5
Query_1	37332_WMKE01000324.1	30.769	221	102	9	17	219	766	203	3.70e-05	58.5
Query_1	37332_WMKH01000233.1	30.769	221	102	9	17	219	766	203	3.70e-05	58.5
Query_1	37332_WMKC01000227.1	30.769	221	102	9	17	219	766	203	3.70e-05	58.5
Query_1	37332_JNCT01000204.1	30.769	221	102	9	17	219	6795	7358	3.70e-05	58.5
Query_1	37332_RCNK01000205.1	30.769	221	102	9	17	219	6861	7424	3.70e-05	58.5
Query_1	1834515_MBLN01000002.1	29.358	218	110	9	35	237	64091	64657	3.71e-05	58.5
Query_1	37332_WMKG01000194.1	30.769	221	102	9	17	219	7256	7819	3.71e-05	58.5
Query_1	298655_KI912266.1	29.358	218	110	9	35	237	721582	721016	3.71e-05	58.5
Query_1	1210095_BJWY01000151.1	30.769	221	102	9	17	219	9295	8732	3.82e-05	58.5
Query_1	37332_WMKB01000154.1	30.769	221	102	9	17	219	17047	17610	3.83e-05	58.5
Query_1	1185650_FVLU01000588.1	29.557	203	109	7	30	219	1738	2283	3.86e-05	58.5
Query_1	37332_AP017900.1	30.769	221	102	9	17	219	3694901	3695464	3.93e-05	58.5
Query_1	339268_LZSX01000039.1	28.977	176	104	4	35	206	50462	50938	3.99e-05	58.5
Query_1	339268_LZSX01000039.1	24.201	219	126	8	23	201	180598	179942	9.6	42.4
Query_1	1621260_BBUZ01000024.1	34.375	192	77	12	45	216	367805	368293	4.00e-05	58.5
Query_1	319705_FVGT01000002.1	29.108	213	116	8	35	234	893781	893209	4.07e-05	58.5
Query_1	319705_FVGT01000002.1	27.053	207	136	8	35	234	62562	61966	0.068	48.9
Query_1	278137_CP002385.1	31.500	200	98	7	19	201	4545509	4546042	4.11e-05	58.5
Query_1	278137_CP002385.1	25.346	217	125	5	39	234	2580705	2580103	5.47e-04	55.1
Query_1	278137_CP002385.1	25.121	207	138	7	35	237	3005413	3004832	0.088	48.5
Query_1	278137_CP002385.1	27.723	202	127	9	40	234	3980127	3980696	0.12	48.1
Query_1	278137_CP002385.1	29.319	191	97	8	40	217	3973822	3974319	0.14	47.8
Query_1	350054_CP000656.1	31.500	200	98	7	19	201	5288388	5288921	4.11e-05	58.5
Query_1	350054_CP000656.1	27.228	202	128	8	40	234	4724226	4724795	0.030	49.7
Query_1	350054_CP000656.1	29.319	191	97	8	40	217	4716677	4717174	0.12	48.1
Query_1	350054_CP000656.1	25.248	202	134	7	40	237	3789057	3788491	0.38	46.6
Query_1	2051551_NVQD01000001.1	31.500	200	98	7	19	201	5553138	5552605	4.11e-05	58.5
Query_1	2051551_NVQD01000001.1	24.885	217	126	5	39	234	2212202	2211600	0.002	53.1
Query_1	2051551_NVQD01000001.1	27.228	202	128	8	40	234	374225	373656	0.027	50.1
Query_1	2051551_NVQD01000001.1	29.319	191	97	8	40	217	380530	380033	0.16	47.8
Query_1	2051551_NVQD01000001.1	25.248	202	134	7	40	237	1349123	1349689	0.38	46.6
Query_1	887463_SOAT01000015.1	32.984	191	81	10	45	216	242769	243257	4.22e-05	58.5
Query_1	319705_FVLO01000006.1	29.557	203	109	7	30	219	261843	261298	4.30e-05	58.5
Query_1	319705_FVOI01000007.1	29.557	203	109	7	30	219	261803	261258	4.30e-05	58.5
Query_1	319705_FSET01000007.1	29.557	203	109	7	30	219	101212	101757	4.30e-05	58.5
Query_1	319705_FSER01000002.1	29.557	203	109	7	30	219	262572	263117	4.30e-05	58.5
Query_1	319705_FVLQ01000003.1	29.557	203	109	7	30	219	261807	261262	4.30e-05	58.5
Query_1	319705_FSES01000001.1	29.557	203	109	7	30	219	261812	261267	4.30e-05	58.5
Query_1	319705_FSCN01000001.1	29.557	203	109	7	30	219	894008	893463	4.30e-05	58.5
Query_1	319705_FSCN01000001.1	27.053	207	136	8	35	234	348866	348270	0.068	48.9
Query_1	1930_MVNW01000731.1	32.653	196	85	10	40	216	3389	3892	4.34e-05	58.2
Query_1	1789652_LRTS01001836.1	32.653	196	85	10	40	216	677	1180	4.37e-05	58.2
Query_1	116188_CP023694.1	32.143	196	86	10	40	216	8713884	8713381	4.47e-05	58.5
Query_1	319705_FVVJ01000001.1	29.108	213	116	8	35	234	728645	728073	4.51e-05	58.2
Query_1	319705_FVVJ01000001.1	27.053	207	136	8	35	234	172936	172340	0.068	48.9
Query_1	319705_FVID01000002.1	29.108	213	116	8	35	234	243135	243707	4.51e-05	58.2
Query_1	319705_FVID01000002.1	27.053	207	136	8	35	234	1074159	1074755	0.068	48.9
Query_1	319705_FWCL01000002.1	29.108	213	116	8	35	234	893265	892693	4.51e-05	58.2
Query_1	319705_FWCL01000002.1	27.053	207	136	8	35	234	62169	61573	0.068	48.9
Query_1	319705_FSFA01000001.1	29.108	213	116	8	35	234	893744	893172	4.51e-05	58.2
Query_1	319705_FSFA01000001.1	27.053	207	136	8	35	234	62604	62008	0.068	48.9
Query_1	319705_FVHY01000002.1	29.108	213	116	8	35	234	243159	243731	4.51e-05	58.2
Query_1	319705_FVHY01000002.1	27.053	207	136	8	35	234	1074310	1074906	0.068	48.9
Query_1	319705_FSCR01000001.1	29.108	213	116	8	35	234	243139	243711	4.51e-05	58.2
Query_1	319705_FSCR01000001.1	27.053	207	136	8	35	234	1074253	1074849	0.068	48.9
Query_1	319705_FSCP01000001.1	29.108	213	116	8	35	234	1673249	1672677	4.51e-05	58.2
Query_1	319705_FSCP01000001.1	27.053	207	136	8	35	234	842284	841688	0.068	48.9
Query_1	319705_FVHV01000001.1	29.108	213	116	8	35	234	893246	892674	4.51e-05	58.2
Query_1	319705_FVHV01000001.1	27.053	207	136	8	35	234	62107	61511	0.068	48.9
Query_1	319705_FVHV01000001.1	25.123	203	114	7	35	220	1519738	1520283	0.32	46.6
Query_1	1578165_MVII01000002.1	27.982	218	122	8	30	234	207549	208136	4.54e-05	58.2
Query_1	2137016_PZKK01000007.1	32.500	200	86	10	40	219	395757	396269	4.68e-05	58.2
Query_1	319705_FVHG01000088.1	29.557	203	109	7	30	219	2584	3129	4.68e-05	58.2
Query_1	1867_VTPA01000014.1	28.500	200	108	6	35	223	8202	7675	4.85e-05	58.2
Query_1	1867_VIWY01000006.1	28.500	200	108	6	35	223	93633	93106	4.85e-05	58.2
Query_1	457423_CP023865.1	28.500	200	108	6	35	223	3406835	3407362	4.86e-05	58.2
Query_1	319705_FVDQ01000005.1	29.557	203	109	7	30	219	493567	494112	4.99e-05	58.2
Query_1	319705_FVVN01000001.1	29.557	203	109	7	30	219	204948	205493	4.99e-05	58.2
Query_1	319705_FVVN01000001.1	27.488	211	138	8	35	238	759430	760038	0.005	52.0
Query_1	319705_FVIR01000005.1	29.557	203	109	7	30	219	90159	89614	5.03e-05	58.2
Query_1	319705_FVTX01000003.1	29.557	203	109	7	30	219	456328	455783	5.04e-05	58.2
Query_1	319705_FVPE01000004.1	29.557	203	109	7	30	219	103642	104187	5.04e-05	58.2
Query_1	319705_FVIF01000005.1	29.557	203	109	7	30	219	103646	104191	5.04e-05	58.2
Query_1	319705_FVNM01000003.1	29.557	203	109	7	30	219	347185	346640	5.04e-05	58.2
Query_1	36809_CSUT01000004.1	29.557	203	109	7	30	219	399682	399137	5.04e-05	58.2
Query_1	36809_CSYV01000004.1	29.557	203	109	7	30	219	400058	399513	5.04e-05	58.2
Query_1	319705_FVHD01000001.1	29.557	203	109	7	30	219	610988	610443	5.04e-05	58.2
Query_1	319705_FVHD01000001.1	27.053	207	136	8	35	234	62145	61549	0.068	48.9
Query_1	319705_FWDA01000002.1	29.557	203	109	7	30	219	171085	171630	5.04e-05	58.2
Query_1	319705_FWDA01000002.1	27.053	207	136	8	35	234	721282	721878	0.068	48.9
Query_1	319705_FRZS01000001.1	29.557	203	109	7	30	219	171059	171604	5.04e-05	58.2
Query_1	319705_FRZS01000001.1	27.053	207	136	8	35	234	721336	721932	0.068	48.9
Query_1	319705_FVCI01000003.1	29.557	203	109	7	30	219	171072	171617	5.04e-05	58.2
Query_1	319705_FVCI01000003.1	27.053	207	136	8	35	234	721349	721945	0.068	48.9
Query_1	319705_FVEG01000002.1	29.557	203	109	7	30	219	171053	171598	5.04e-05	58.2
Query_1	319705_FVEG01000002.1	27.053	207	136	8	35	234	721330	721926	0.068	48.9
Query_1	319705_FVFA01000001.1	29.557	203	109	7	30	219	612372	611827	5.04e-05	58.2
Query_1	319705_FVFA01000001.1	27.053	207	136	8	35	234	62095	61499	0.068	48.9
Query_1	319705_FVBI01000001.1	29.557	203	109	7	30	219	171081	171626	5.04e-05	58.2
Query_1	319705_FVBI01000001.1	27.053	207	136	8	35	234	721358	721954	0.068	48.9
Query_1	319705_FSFK01000001.1	29.557	203	109	7	30	219	171074	171619	5.04e-05	58.2
Query_1	319705_FSFK01000001.1	27.053	207	136	8	35	234	721351	721947	0.068	48.9
Query_1	319705_FSBI01000003.1	29.557	203	109	7	30	219	171048	171593	5.04e-05	58.2
Query_1	319705_FSBI01000003.1	27.053	207	136	8	35	234	721325	721921	0.068	48.9
Query_1	319705_FSFT01000001.1	29.557	203	109	7	30	219	612430	611885	5.04e-05	58.2
Query_1	319705_FSFT01000001.1	27.053	207	136	8	35	234	62153	61557	0.068	48.9
Query_1	319705_FVFZ01000002.1	29.557	203	109	7	30	219	171086	171631	5.04e-05	58.2
Query_1	319705_FVFZ01000002.1	27.053	207	136	8	35	234	721363	721959	0.068	48.9
Query_1	319705_FVDZ01000001.1	29.557	203	109	7	30	219	612374	611829	5.04e-05	58.2
Query_1	319705_FVDZ01000001.1	27.053	207	136	8	35	234	62097	61501	0.068	48.9
Query_1	319705_FVBA01000002.1	29.557	203	109	7	30	219	612371	611826	5.04e-05	58.2
Query_1	319705_FVBA01000002.1	27.053	207	136	8	35	234	62094	61498	0.068	48.9
Query_1	319705_FVFC01000001.1	29.557	203	109	7	30	219	214001	214546	5.04e-05	58.2
Query_1	319705_FVFC01000001.1	27.053	207	136	8	35	234	764278	764874	0.068	48.9
Query_1	319705_FVCJ01000002.1	29.557	203	109	7	30	219	214001	214546	5.04e-05	58.2
Query_1	319705_FVCJ01000002.1	27.053	207	136	8	35	234	764278	764874	0.068	48.9
Query_1	319705_FVFW01000002.1	29.557	203	109	7	30	219	612439	611894	5.04e-05	58.2
Query_1	319705_FVFW01000002.1	27.053	207	136	8	35	234	62153	61557	0.068	48.9
Query_1	36809_CSZN01000001.1	29.557	203	109	7	30	219	399645	399100	5.04e-05	58.2
Query_1	36809_CSVP01000002.1	29.557	203	109	7	30	219	492495	493040	5.04e-05	58.2
Query_1	36809_CSVO01000001.1	29.557	203	109	7	30	219	492496	493041	5.04e-05	58.2
Query_1	319705_FSBP01000001.1	29.557	203	109	7	30	219	171056	171601	5.04e-05	58.2
Query_1	319705_FSBP01000001.1	27.053	207	136	8	35	234	721333	721929	0.068	48.9
Query_1	319705_FSFX01000001.1	29.557	203	109	7	30	219	612374	611829	5.04e-05	58.2
Query_1	319705_FSFX01000001.1	27.053	207	136	8	35	234	62112	61516	0.068	48.9
Query_1	36809_CSTZ01000002.1	29.557	203	109	7	30	219	543700	544245	5.04e-05	58.2
Query_1	319705_FSIB01000001.1	29.557	203	109	7	30	219	539824	540369	5.04e-05	58.2
Query_1	319705_FVMO01000002.1	29.557	203	109	7	30	219	539805	540350	5.04e-05	58.2
Query_1	319705_FVUJ01000001.1	29.557	203	109	7	30	219	533922	534467	5.04e-05	58.2
Query_1	319705_FVUJ01000001.1	27.053	207	136	8	35	234	1086499	1087095	0.068	48.9
Query_1	319705_FVOQ01000001.1	29.557	203	109	7	30	219	612935	612390	5.04e-05	58.2
Query_1	319705_FVOQ01000001.1	27.053	207	136	8	35	234	62621	62025	0.068	48.9
Query_1	319705_FVPS01000001.1	29.557	203	109	7	30	219	581860	582405	5.04e-05	58.2
Query_1	319705_FVPS01000001.1	27.053	207	136	8	35	234	1130709	1131305	0.068	48.9
Query_1	319705_FVAL01000001.1	29.557	203	109	7	30	219	612354	611809	5.04e-05	58.2
Query_1	319705_FVAL01000001.1	27.053	207	136	8	35	234	62077	61481	0.068	48.9
Query_1	319705_FVVT01000002.1	29.557	203	109	7	30	219	727497	726952	5.04e-05	58.2
Query_1	319705_FVVT01000002.1	27.536	207	135	8	35	234	172794	172198	0.005	52.0
Query_1	319705_FSNZ01000001.1	29.557	203	109	7	30	219	704280	703735	5.04e-05	58.2
Query_1	319705_FSNZ01000001.1	27.053	207	136	8	35	234	92151	91555	0.068	48.9
Query_1	319705_FVVO01000001.1	29.557	203	109	7	30	219	539775	540320	5.04e-05	58.2
Query_1	319705_FVVO01000001.1	27.053	207	136	8	35	234	1151904	1152500	0.068	48.9
Query_1	36809_CSXB01000001.1	29.557	203	109	7	30	219	862054	862599	5.04e-05	58.2
Query_1	36809_CSXB01000001.1	25.123	203	114	7	35	220	280451	279906	0.35	46.6
Query_1	36809_CSVQ01000002.1	29.557	203	109	7	30	219	866100	866645	5.04e-05	58.2
Query_1	36809_CSVQ01000002.1	25.123	203	114	7	35	220	283694	283149	0.35	46.6
Query_1	36809_CSUX01000001.1	29.557	203	109	7	30	219	399652	399107	5.04e-05	58.2
Query_1	36809_CSUX01000001.1	25.123	203	114	7	35	220	982200	982745	0.35	46.6
Query_1	36809_CSYJ01000001.1	29.557	203	109	7	30	219	400042	399497	5.04e-05	58.2
Query_1	36809_CSYJ01000001.1	25.123	203	114	7	35	220	982629	983174	0.35	46.6
Query_1	36809_CSUB01000001.1	29.557	203	109	7	30	219	889986	890531	5.04e-05	58.2
Query_1	36809_CSUB01000001.1	25.123	203	114	7	35	220	306811	306266	0.35	46.6
Query_1	36809_QANJ01000001.1	29.557	203	109	7	30	219	623570	623025	5.04e-05	58.2
Query_1	36809_QANJ01000001.1	27.488	211	138	8	35	238	63786	63178	0.005	52.0
Query_1	36809_QANJ01000001.1	25.123	203	114	7	35	220	1284968	1285513	0.32	46.6
Query_1	36809_CSYR01000001.1	29.557	203	109	7	30	219	402388	401843	5.04e-05	58.2
Query_1	36809_CSYR01000001.1	25.123	203	114	7	35	220	985091	985636	0.35	46.6
Query_1	319705_FVBO01000001.1	29.557	203	109	7	30	219	214004	214549	5.04e-05	58.2
Query_1	319705_FVBO01000001.1	27.053	207	136	8	35	234	764281	764877	0.068	48.9
Query_1	36809_CSVD01000001.1	29.557	203	109	7	30	219	1094016	1094561	5.04e-05	58.2
Query_1	36809_CSVD01000001.1	25.123	203	114	7	35	220	511465	510920	0.35	46.6
Query_1	319705_FVIJ01000001.1	29.557	203	109	7	30	219	1336879	1336334	5.04e-05	58.2
Query_1	319705_FVIJ01000001.1	27.053	207	136	8	35	234	788036	787440	0.068	48.9
Query_1	319705_FVBB01000001.1	29.557	203	109	7	30	219	171059	171604	5.04e-05	58.2
Query_1	319705_FVBB01000001.1	27.053	207	136	8	35	234	721336	721932	0.068	48.9
Query_1	319705_FVMI01000001.1	29.557	203	109	7	30	219	937913	937368	5.04e-05	58.2
Query_1	319705_FVMI01000001.1	27.053	207	136	8	35	234	165831	165235	0.068	48.9
Query_1	319705_FVJE01000001.1	29.557	203	109	7	30	219	982726	983271	5.04e-05	58.2
Query_1	319705_FVJE01000001.1	27.053	207	136	8	35	234	1533074	1533670	0.068	48.9
Query_1	319705_FVJE01000001.1	25.123	203	114	7	35	220	308976	308431	0.32	46.6
Query_1	319705_FVVW01000001.1	29.557	203	109	7	30	219	770771	770226	5.04e-05	58.2
Query_1	319705_FVVW01000001.1	27.053	207	136	8	35	234	92065	91469	0.068	48.9
Query_1	319705_FVVW01000001.1	25.123	203	114	7	35	220	1399355	1399900	0.32	46.6
Query_1	319705_FVUK01000001.1	29.557	203	109	7	30	219	1499403	1498858	5.04e-05	58.2
Query_1	319705_FSNI01000001.1	29.557	203	109	7	30	219	1178149	1178694	5.04e-05	58.2
Query_1	319705_FSNI01000001.1	27.053	207	136	8	35	234	1730726	1731322	0.068	48.9
Query_1	319705_FSNI01000001.1	25.123	203	114	7	35	220	517915	517370	0.32	46.6
Query_1	319705_FSLM01000001.1	29.557	203	109	7	30	219	1218804	1219349	5.04e-05	58.2
Query_1	319705_FSLM01000001.1	27.053	207	136	8	35	234	1769120	1769716	0.068	48.9
Query_1	319705_FSLM01000001.1	25.123	203	114	7	35	220	545144	544599	0.32	46.6
Query_1	319705_FSGJ01000001.1	29.557	203	109	7	30	219	560247	560792	5.04e-05	58.2
Query_1	319705_FSGJ01000001.1	27.053	207	136	8	35	234	1121570	1122166	0.068	48.9
Query_1	319705_FSAX01000001.1	29.557	203	109	7	30	219	1338274	1337729	5.04e-05	58.2
Query_1	319705_FSAX01000001.1	27.053	207	136	8	35	234	787997	787401	0.068	48.9
Query_1	36809_CSUC01000002.1	29.557	203	109	7	30	219	1319454	1319999	5.04e-05	58.2
Query_1	36809_CSUC01000002.1	27.053	207	136	8	35	234	1872494	1873090	0.068	48.9
Query_1	36809_CSUC01000002.1	25.123	203	114	7	35	220	685779	685234	0.35	46.6
Query_1	319705_FSGI01000001.1	29.557	203	109	7	30	219	559995	560540	5.04e-05	58.2
Query_1	319705_FSGI01000001.1	27.053	207	136	8	35	234	1121318	1121914	0.068	48.9
Query_1	319705_FSOE01000001.1	29.557	203	109	7	30	219	1338708	1338163	5.04e-05	58.2
Query_1	319705_FSOE01000001.1	27.536	207	135	8	35	234	781705	781109	0.005	52.0
Query_1	319705_FSOE01000001.1	25.123	203	114	7	35	220	1963619	1964164	0.32	46.6
Query_1	36809_CP014950.1	29.557	203	109	7	30	219	3673386	3672841	5.04e-05	58.2
Query_1	36809_CP014950.1	27.053	207	136	8	35	234	3124699	3124103	0.068	48.9
Query_1	36809_CP014950.1	25.123	203	114	7	35	220	4295605	4296150	0.32	46.6
Query_1	103733_JNYO01000025.1	30.159	189	100	8	45	222	54339	53836	5.07e-05	58.2
Query_1	1449068_JMLQ01000004.1	30.189	212	110	9	36	234	495907	496467	5.08e-05	58.2
Query_1	103733_CP034550.1	30.159	189	100	8	45	222	5722226	5722729	5.09e-05	58.2
Query_1	103232_SPBA01000172.1	32.967	182	77	9	40	202	94462	93995	5.16e-05	58.2
Query_1	36809_UASW01000021.1	29.557	203	109	7	30	219	189880	189335	5.27e-05	58.2
Query_1	36809_CSXF01000005.1	29.557	203	109	7	30	219	394425	394970	5.27e-05	58.2
Query_1	319705_FVDK01000005.1	29.557	203	109	7	30	219	316203	315658	5.27e-05	58.2
Query_1	319705_FVKL01000004.1	29.557	203	109	7	30	219	268280	268825	5.28e-05	58.2
Query_1	319705_FVCE01000001.1	29.557	203	109	7	30	219	743742	743197	5.28e-05	58.2
Query_1	319705_FVCE01000001.1	27.488	211	138	8	35	238	64087	63479	0.005	52.0
Query_1	319705_FVCF01000001.1	29.557	203	109	7	30	219	248251	248796	5.28e-05	58.2
Query_1	319705_FVCF01000001.1	27.488	211	138	8	35	238	927906	928514	0.005	52.0
Query_1	319705_FSFN01000001.1	29.557	203	109	7	30	219	401530	400985	5.28e-05	58.2
Query_1	319705_FSFN01000001.1	25.123	203	114	7	35	220	1076731	1077276	0.32	46.6
Query_1	319705_FVBZ01000001.1	29.557	203	109	7	30	219	316209	315664	5.28e-05	58.2
Query_1	319705_FVBZ01000001.1	25.123	203	114	7	35	220	956309	956854	0.32	46.6
Query_1	319705_FVKK01000001.1	29.557	203	109	7	30	219	406016	405471	5.28e-05	58.2
Query_1	319705_FVKK01000001.1	25.123	203	114	7	35	220	1082147	1082692	0.32	46.6
Query_1	319705_FVKA01000001.1	29.557	203	109	7	30	219	985545	986090	5.28e-05	58.2
Query_1	319705_FVKA01000001.1	25.123	203	114	7	35	220	309414	308869	0.32	46.6
Query_1	319705_FSOJ01000001.1	29.557	203	109	7	30	219	666537	665992	5.33e-05	58.2
Query_1	319705_FSOJ01000001.1	27.053	207	136	8	35	234	62130	61534	0.068	48.9
Query_1	319705_JRMF01000060.1	29.557	203	109	7	30	219	284393	283848	5.37e-05	58.2
Query_1	319705_MAFO01000003.1	29.557	203	109	7	30	219	266380	266925	5.37e-05	58.2
Query_1	319705_FVEX01000003.1	29.557	203	109	7	30	219	103651	104196	5.37e-05	58.2
Query_1	319705_FVEX01000003.1	27.053	207	136	8	35	234	629510	630106	0.068	48.9
Query_1	319705_FSBC01000003.1	29.557	203	109	7	30	219	588012	587467	5.37e-05	58.2
Query_1	319705_FSBC01000003.1	27.053	207	136	8	35	234	62152	61556	0.068	48.9
Query_1	319705_FRZR01000003.1	29.557	203	109	7	30	219	588072	587527	5.37e-05	58.2
Query_1	319705_FRZR01000003.1	27.053	207	136	8	35	234	62212	61616	0.068	48.9
Query_1	319705_FVCN01000003.1	29.557	203	109	7	30	219	588069	587524	5.37e-05	58.2
Query_1	319705_FVCN01000003.1	27.053	207	136	8	35	234	62209	61613	0.068	48.9
Query_1	319705_FVCC01000003.1	29.557	203	109	7	30	219	105259	105804	5.37e-05	58.2
Query_1	319705_FVCC01000003.1	27.053	207	136	8	35	234	631119	631715	0.068	48.9
Query_1	319705_FVDP01000003.1	29.557	203	109	7	30	219	588060	587515	5.37e-05	58.2
Query_1	319705_FVDP01000003.1	27.053	207	136	8	35	234	62200	61604	0.068	48.9
Query_1	319705_FVFG01000003.1	29.557	203	109	7	30	219	103659	104204	5.38e-05	58.2
Query_1	319705_FVFG01000003.1	27.053	207	136	8	35	234	629518	630114	0.068	48.9
Query_1	1091046_AHAS01000016.1	29.557	203	109	7	30	219	373484	372939	5.38e-05	58.2
Query_1	319705_LDMY01000003.1	29.557	203	109	7	30	219	448446	447901	5.38e-05	58.2
Query_1	319705_MVHK01000001.1	29.557	203	109	7	30	219	356315	355770	5.38e-05	58.2
Query_1	319705_MVHK01000001.1	25.123	203	114	7	35	220	1083780	1084325	0.32	46.6
Query_1	319705_FVFU01000001.1	29.557	203	109	7	30	219	588110	587565	5.38e-05	58.2
Query_1	319705_FVFU01000001.1	27.053	207	136	8	35	234	62251	61655	0.068	48.9
Query_1	319705_FVHK01000001.1	29.557	203	109	7	30	219	103668	104213	5.38e-05	58.2
Query_1	319705_FVHK01000001.1	27.053	207	136	8	35	234	629531	630127	0.068	48.9
Query_1	319705_FSBO01000001.1	29.557	203	109	7	30	219	267668	268213	5.38e-05	58.2
Query_1	319705_FSBO01000001.1	27.053	207	136	8	35	234	793527	794123	0.068	48.9
Query_1	1091046_AP018436.1	29.557	203	109	7	30	219	3863041	3862496	5.38e-05	58.2
Query_1	1091046_AP018436.1	27.053	207	136	8	35	234	3240052	3239456	0.068	48.9
Query_1	1091046_AP018436.1	25.123	203	114	7	35	220	4590789	4591334	0.32	46.6
Query_1	319705_FVFY01000001.1	29.557	203	109	7	30	219	585880	585335	5.48e-05	58.2
Query_1	319705_FVFY01000001.1	26.570	207	137	7	35	234	62081	61485	0.093	48.5
Query_1	319705_FVFY01000001.1	25.123	203	114	7	35	220	1228187	1228732	0.32	46.6
Query_1	103232_SPAY01000088.1	32.967	182	77	9	40	202	41181	41648	5.59e-05	58.2
Query_1	1804_UGQM01000001.1	31.000	200	99	7	19	201	1298719	1298186	5.63e-05	58.2
Query_1	1804_UGQM01000001.1	27.228	202	128	8	40	234	1806071	1805502	0.029	50.1
Query_1	1804_UGQM01000001.1	29.319	191	97	8	40	217	1813843	1813346	0.12	48.1
Query_1	1804_UGQM01000001.1	25.571	219	122	7	39	234	3393786	3394388	0.18	47.4
Query_1	1804_UGQM01000001.1	25.248	202	134	7	40	237	2855553	2856119	0.38	46.6
Query_1	1306990_BARG01000033.1	33.495	206	86	12	35	219	137468	136941	5.68e-05	58.2
Query_1	1803903_WBMR01000352.1	31.343	201	102	8	45	234	1901	2428	6.01e-05	57.8
Query_1	1265492_LACL01000038.1	32.653	196	85	10	40	216	30998	30495	6.16e-05	57.8
Query_1	146537_DF968361.1	33.163	196	84	9	40	216	30808	30305	6.27e-05	57.8
Query_1	2512168_SLZS01000018.1	32.000	200	91	10	35	216	103114	103632	6.28e-05	57.8
Query_1	39688_PDCQ01000022.1	30.601	183	98	7	31	201	76239	76736	6.38e-05	57.8
Query_1	39688_AP022563.1	30.601	183	98	7	31	201	3458323	3458820	6.41e-05	57.8
Query_1	487165_NGFN01000231.1	31.122	196	88	8	40	216	10521	10018	6.56e-05	57.8
Query_1	319705_FVPZ01000003.1	30.049	203	108	8	30	219	332288	331743	6.77e-05	57.8
Query_1	1930_NHOD01000313.1	32.461	191	82	10	45	216	8272	7784	7.06e-05	57.8
Query_1	1185650_FSAR01000003.1	29.064	203	110	7	30	219	204525	205070	7.23e-05	57.8
Query_1	1185650_FSAR01000003.1	27.536	207	135	8	35	234	848509	849105	0.005	52.0
Query_1	67263_JOJE01000019.1	32.984	191	81	10	45	216	128974	129462	7.48e-05	57.8
Query_1	244292_LASX01000036.1	28.241	216	131	7	31	234	19299	18688	7.53e-05	57.8
Query_1	244292_LDPP01000023.1	28.241	216	131	7	31	234	52284	51673	7.61e-05	57.8
Query_1	244292_LQPH01000158.1	28.241	216	131	7	31	234	49510	48899	7.62e-05	57.8
Query_1	67356_KQ949000.1	33.508	191	80	10	45	216	131488	131976	8.37e-05	57.4
Query_1	67356_LGUS01000024.1	33.508	191	80	10	45	216	131587	132075	8.37e-05	57.4
Query_1	1298864_AUEQ01000013.1	31.944	216	110	10	40	237	13045	12455	8.53e-05	57.4
Query_1	58343_KQ948670.1	36.129	155	59	7	76	216	82780	82394	9.80e-05	57.4
Query_1	590652_MVIE01000006.1	28.241	216	130	7	31	234	239571	238963	1.03e-04	57.4
Query_1	590652_AP022619.1	28.241	216	130	7	31	234	2369240	2369848	1.03e-04	57.4
Query_1	590652_AP022619.1	24.885	217	125	7	23	201	3898520	3897870	0.081	48.5
Query_1	590652_AP022619.1	27.451	204	124	8	35	234	1032571	1032020	1.5	44.7
Query_1	590652_AP022619.1	26.136	176	99	6	35	201	3787493	3787954	2.1	44.3
Query_1	590652_AP022619.1	26.633	199	100	8	35	209	5207561	5208091	3.6	43.5
Query_1	590652_AP022619.1	25.532	188	103	7	35	204	743903	743397	7.2	42.7
Query_1	459858_MVIC01000037.1	29.327	208	122	7	35	238	6056	6616	1.07e-04	57.4
Query_1	459858_MVIC01000037.1	26.882	186	112	5	35	216	5337	5834	2.1	44.3
Query_1	1185650_NQTW01000001.1	28.571	203	111	7	30	219	354422	354967	1.08e-04	57.4
Query_1	1185650_NQTW01000001.1	27.962	211	137	8	35	238	889738	890346	0.001	54.3
Query_1	459858_AP022583.1	29.327	208	122	7	35	238	1501295	1501855	1.08e-04	57.4
Query_1	459858_AP022583.1	27.830	212	136	6	31	235	4739862	4740467	0.009	51.6
Query_1	459858_AP022583.1	28.431	204	129	6	40	236	3381085	3381666	0.057	48.9
Query_1	459858_AP022583.1	26.882	186	112	5	35	216	1500576	1501073	2.1	44.3
Query_1	67304_RJKZ01000001.1	33.508	191	80	10	45	216	562820	563308	1.08e-04	57.4
Query_1	36809_QXCD01000025.1	29.064	203	110	7	30	219	44327	44872	1.12e-04	57.0
Query_1	2569858_VTHJ01000007.1	32.984	191	81	10	45	216	160739	160251	1.14e-04	57.0
Query_1	220927_AP022573.1	32.821	195	95	8	40	216	594520	595050	1.15e-04	57.0
Query_1	220927_AP022573.1	29.000	200	118	9	40	235	925308	924769	0.036	49.7
Query_1	220927_AP022573.1	29.858	211	124	8	35	235	3787487	3786897	1.2	45.1
Query_1	220927_AP022573.1	30.332	211	123	9	35	235	1321006	1321596	3.5	43.5
Query_1	1761903_FOUV01000008.1	32.653	196	85	10	40	216	245405	244902	1.16e-04	57.0
Query_1	2490848_RSAJ01000064.1	33.854	192	78	11	45	216	19034	18546	1.21e-04	57.0
Query_1	1185650_FSBZ01000955.1	29.064	203	110	7	30	219	751	206	1.32e-04	56.6
Query_1	39693_MIHF01000119.1	32.719	217	109	11	40	238	10822	10229	1.39e-04	57.0
Query_1	547163_MBEH01000035.1	32.719	217	109	11	40	238	95605	95012	1.41e-04	57.0
Query_1	547163_MBEG01000079.1	32.719	217	109	11	40	238	95609	95016	1.41e-04	57.0
Query_1	547163_MBEF01000067.1	32.719	217	109	11	40	238	45697	46290	1.42e-04	57.0
Query_1	39693_MBDY01000081.1	32.719	217	109	11	40	238	19371	18778	1.42e-04	57.0
Query_1	39693_MVIG01000004.1	32.719	217	109	11	40	238	80946	80353	1.42e-04	57.0
Query_1	39693_VNFN01000003.1	32.719	217	109	11	40	238	525122	525715	1.42e-04	57.0
Query_1	39693_OLMG01000004.1	32.719	217	109	11	40	238	175311	174718	1.42e-04	57.0
Query_1	547163_CCBG010000002.1	32.719	217	109	11	40	238	2688042	2688635	1.42e-04	57.0
Query_1	1930_MVNV01000896.1	32.418	182	78	9	40	202	2726	2259	1.43e-04	56.6
Query_1	1185650_FSCO01000713.1	29.064	203	110	7	30	219	658	113	1.45e-04	56.6
Query_1	2486417_RIBZ01000800.1	32.984	191	81	11	45	216	3632	4120	1.45e-04	56.6
Query_1	1185650_JASW01000007.1	29.064	203	110	7	30	219	360987	361532	1.46e-04	57.0
Query_1	36809_JASX01000009.1	29.064	203	110	7	30	219	360094	359549	1.46e-04	57.0
Query_1	1185650_FVNS01000002.1	28.986	207	113	7	30	223	129987	129430	1.47e-04	56.6
Query_1	36809_CSTW01000004.1	28.986	207	113	7	30	223	78262	77705	1.47e-04	56.6
Query_1	1185650_FVYF01000006.1	28.986	207	113	7	30	223	85614	85057	1.47e-04	56.6
Query_1	1185650_FSJJ01000001.1	28.986	207	113	7	30	223	425426	425983	1.47e-04	56.6
Query_1	1185650_FSFV01000003.1	28.986	207	113	7	30	223	383995	383438	1.47e-04	56.6
Query_1	1185650_FVQC01000004.1	28.986	207	113	7	30	223	91878	92435	1.47e-04	56.6
Query_1	1185650_FVQC01000004.1	27.536	207	135	8	35	234	688198	688794	0.005	52.0
Query_1	1185650_FVVV01000002.1	28.986	207	113	7	30	223	204646	205203	1.47e-04	56.6
Query_1	1185650_FVVV01000002.1	27.536	207	135	8	35	234	756640	757236	0.005	52.0
Query_1	1185650_NQRI01000002.1	28.986	207	113	7	30	223	379731	379174	1.47e-04	56.6
Query_1	36809_CSYS01000001.1	28.986	207	113	7	30	223	910786	911343	1.47e-04	56.6
Query_1	36809_CSYS01000001.1	25.123	203	114	7	35	220	283758	283213	0.32	46.6
Query_1	1185650_NQSV01000001.1	28.986	207	113	7	30	223	88950	88393	1.47e-04	56.6
Query_1	1185650_NQSV01000001.1	25.123	203	114	7	35	220	714836	715381	0.32	46.6
Query_1	36809_CSUI01000001.1	28.986	207	113	7	30	223	934745	935302	1.47e-04	56.6
Query_1	36809_CSUI01000001.1	25.123	203	114	7	35	220	306812	306267	0.32	46.6
Query_1	1185650_FVVI01000002.1	28.986	207	113	7	30	223	614566	614009	1.47e-04	56.6
Query_1	1185650_FVVI01000002.1	27.536	207	135	8	35	234	62542	61946	0.005	52.0
Query_1	36809_CSYU01000001.1	28.986	207	113	7	30	223	1050727	1051284	1.47e-04	56.6
Query_1	36809_CSYU01000001.1	25.123	203	114	7	35	220	424520	423975	0.32	46.6
Query_1	1185650_NQUP01000002.1	28.986	207	113	7	30	223	877037	877594	1.47e-04	56.6
Query_1	1185650_NQUP01000002.1	25.123	203	114	7	35	220	277008	276463	0.32	46.6
Query_1	1185650_NQTP01000001.1	28.986	207	113	7	30	223	537488	538045	1.47e-04	56.6
Query_1	1185650_NQTP01000001.1	27.536	207	135	8	35	234	1093562	1094158	0.005	52.0
Query_1	1185650_NQTR01000001.1	28.986	207	113	7	30	223	902176	902733	1.47e-04	56.6
Query_1	1185650_NQTR01000001.1	25.123	203	114	7	35	220	276661	276116	0.32	46.6
Query_1	1185650_NQTG01000001.1	28.986	207	113	7	30	223	384058	383501	1.47e-04	56.6
Query_1	1185650_NQTG01000001.1	25.123	203	114	7	35	220	1010629	1011174	0.32	46.6
Query_1	1185650_NQTK01000001.1	28.986	207	113	7	30	223	882832	883389	1.47e-04	56.6
Query_1	1185650_NQTK01000001.1	25.123	203	114	7	35	220	283435	282890	0.31	46.6
Query_1	1185650_FVVH01000001.1	28.986	207	113	7	30	223	614515	613958	1.47e-04	56.6
Query_1	1185650_FVVH01000001.1	27.536	207	135	8	35	234	62509	61913	0.005	52.0
Query_1	1185650_FVVH01000001.1	25.123	203	114	7	35	220	1251190	1251735	0.32	46.6
Query_1	1185650_FVNO01000001.1	28.986	207	113	7	30	223	1305712	1305155	1.47e-04	56.6
Query_1	1185650_FVNO01000001.1	27.536	207	135	8	35	234	709362	708766	0.005	52.0
Query_1	1185650_NQTJ01000001.1	28.986	207	113	7	30	223	636034	635477	1.47e-04	56.6
Query_1	1185650_NQTJ01000001.1	27.536	207	135	8	35	234	79960	79364	0.005	52.0
Query_1	1185650_NQTJ01000001.1	25.123	203	114	7	35	220	1262435	1262980	0.32	46.6
Query_1	1185650_FVWN01000001.1	28.986	207	113	7	30	223	614047	613490	1.47e-04	56.6
Query_1	1185650_FVWN01000001.1	27.536	207	135	8	35	234	62041	61445	0.005	52.0
Query_1	1185650_FVWN01000001.1	25.123	203	114	7	35	220	1250759	1251304	0.32	46.6
Query_1	1185650_NQTD01000001.1	28.986	207	113	7	30	223	909967	910524	1.47e-04	56.6
Query_1	1185650_NQTD01000001.1	27.536	207	135	8	35	234	1466038	1466634	0.005	52.0
Query_1	1185650_NQTD01000001.1	25.123	203	114	7	35	220	283475	282930	0.32	46.6
Query_1	1185650_FVVK01000001.1	28.986	207	113	7	30	223	1158647	1159204	1.47e-04	56.6
Query_1	1185650_FVVK01000001.1	27.536	207	135	8	35	234	1710714	1711310	0.005	52.0
Query_1	1185650_FVVK01000001.1	25.123	203	114	7	35	220	541532	540987	0.32	46.6
Query_1	1185650_FSFR01000001.1	28.986	207	113	7	30	223	914346	914903	1.47e-04	56.6
Query_1	1185650_FSFR01000001.1	27.536	207	135	8	35	234	1494759	1495355	0.005	52.0
Query_1	1185650_FSFR01000001.1	25.123	203	114	7	35	220	287826	287281	0.32	46.6
Query_1	36809_QDFC01000001.1	28.986	207	113	7	30	223	909869	910426	1.47e-04	56.6
Query_1	36809_QDFC01000001.1	27.536	207	135	8	35	234	1465816	1466412	0.005	52.0
Query_1	36809_QDFC01000001.1	25.123	203	114	7	35	220	283475	282930	0.32	46.6
