Query_1	535289_CP001392.1	100.000	506	0	0	1	506	2214781	2213264	0.0	858
Query_1	1546149_CP016278.1	98.221	506	9	0	1	506	631191	632708	0.0	846
Query_1	164759_RJVL01000003.1	98.024	506	10	0	1	506	153582	155099	0.0	832
Query_1	285_LMXT01000021.1	78.512	484	102	1	25	506	41071	39620	0.0	692
Query_1	285_JNVD01000016.1	78.512	484	102	1	25	506	107094	105643	0.0	692
Query_1	285_AWOR01000089.1	78.306	484	103	1	25	506	15263	16714	0.0	689
Query_1	2035201_PEFL01000001.1	78.306	484	103	1	25	506	3105587	3104136	0.0	676
Query_1	399795_AAUJ02000001.1	77.893	484	105	1	25	506	4109730	4108279	0.0	674
Query_1	1111078_BAEC01000048.1	77.893	484	105	1	25	506	7568	6117	0.0	674
Query_1	2608341_VWWQ01000006.1	77.893	484	105	1	25	506	381729	380278	0.0	674
Query_1	1392005_CP006704.1	77.893	484	105	1	25	506	1478550	1480001	0.0	673
Query_1	1440775_JMRS01000026.1	77.686	484	106	1	25	506	69118	67667	0.0	672
Query_1	2601247_VOQU01000001.1	77.479	484	107	1	25	506	15383	16834	0.0	672
Query_1	1339241_JRQK01000104.1	77.479	484	107	1	25	506	41819	40368	0.0	669
Query_1	2565558_CP039252.1	77.433	483	106	3	26	506	624133	625578	0.0	653
Query_1	1349793_BCWR01000022.1	69.583	480	136	2	27	506	86485	85076	0.0	616
Query_1	457575_SHKP01000004.1	71.933	481	132	2	26	506	148383	149816	0.0	605
Query_1	2596921_VOBQ01000016.1	70.124	482	135	2	25	506	182364	183782	0.0	605
Query_1	1945864_MUNZ01000101.1	67.500	480	146	2	27	506	68359	69768	0.0	602
Query_1	94132_CP010951.1	69.729	479	136	3	28	506	327858	326449	0.0	596
Query_1	1500261_JUGM01000030.1	69.729	479	133	4	28	506	45593	44193	0.0	587
Query_1	1452508_PSNX01000006.1	69.023	481	136	3	26	506	168333	169736	0.0	586
Query_1	137716_BADL01000453.1	67.983	481	142	3	26	506	9205	7799	0.0	578
Query_1	1796922_ML137196.1	66.388	479	148	4	28	506	99871	98474	1.16e-179	573
Query_1	1265502_KB905938.1	65.696	481	152	3	26	506	16219	17622	9.52e-179	570
Query_1	1349753_BCWK01000002.1	65.489	481	153	3	26	506	315975	314572	1.26e-178	570
Query_1	431061_NIOF01000010.1	64.927	479	155	4	28	506	196573	197970	1.16e-177	567
Query_1	1121255_WJBU01000008.1	68.894	479	144	2	28	506	36427	35006	1.23e-177	567
Query_1	1891238_JAABRA010000121.1	67.427	482	148	4	26	506	2996	1575	3.44e-176	563
Query_1	2570323_SWAR01000002.1	64.792	480	157	3	26	505	168515	167112	2.74e-175	560
Query_1	1336246_BCYP01000001.1	64.927	479	157	4	28	506	15630	17033	5.17e-175	560
Query_1	2135732_SLVE01000008.1	65.625	480	158	5	28	506	302609	301188	1.47e-174	558
Query_1	2135732_SLVE01000008.1	59.164	311	124	2	28	338	52875	53798	5.18e-97	335
Query_1	365046_CP000245.1	68.333	480	141	3	26	505	1636873	1638279	4.23e-172	551
Query_1	365046_CP000245.1	42.679	321	159	8	26	338	2175491	2174580	1.84e-59	226
Query_1	365046_CP000245.1	41.096	73	36	3	437	506	2174579	2174373	3.4	45.8
Query_1	36863_VZPB01000057.1	65.073	481	157	3	26	506	18983	17574	6.62e-171	548
Query_1	513160_VIDT01000063.1	66.528	481	149	5	28	506	3518	4930	1.58e-170	547
Query_1	2512129_SGXQ01000001.1	65.762	479	156	4	28	506	3264934	3263522	2.33e-170	546
Query_1	2512129_SGXQ01000001.1	59.164	311	123	3	28	338	2468699	2469619	2.35e-93	325
Query_1	2512129_SGXQ01000001.1	28.319	113	61	3	226	338	3814009	3813731	0.11	50.4
Query_1	1882825_FOUG01000005.1	64.375	480	165	5	28	506	415312	413888	3.63e-170	546
Query_1	215580_SLXF01000011.1	62.786	481	166	3	26	506	36159	37562	5.34e-170	545
Query_1	215580_PSNY01000013.1	62.786	481	166	3	26	506	62428	61025	8.56e-170	545
Query_1	215580_QQAP01000011.1	62.786	481	166	3	26	506	36104	37507	8.56e-170	545
Query_1	2496871_QUSW01000005.1	65.904	481	151	4	26	506	224809	226212	1.15e-164	530
Query_1	1150395_KB905040.1	58.542	480	185	3	27	506	299342	300739	1.35e-156	507
Query_1	1321610_BCUT01000002.1	58.958	480	183	3	27	506	205576	206973	2.09e-155	503
Query_1	1121278_KE386746.1	52.686	484	209	5	25	506	89347	90744	8.47e-133	438
Query_1	2004485_NOIG01000004.1	54.227	485	188	10	29	506	627540	628913	2.93e-128	425
Query_1	2153365_QAJR01000043.1	55.350	486	183	11	29	506	17728	16349	5.23e-128	424
Query_1	1736565_LMGP01000017.1	54.825	487	185	12	29	506	165572	166954	7.15e-128	424
Query_1	1943571_BJHU01000035.1	53.799	487	189	12	29	506	441496	440117	1.47e-127	423
Query_1	1736590_LMHQ01000009.1	54.825	487	185	12	29	506	22734	21352	1.57e-127	423
Query_1	1736527_LMDQ01000014.1	54.620	487	186	12	29	506	1092963	1091581	1.74e-127	423
Query_1	2135635_REFD01000001.1	55.031	487	184	12	29	506	2673786	2675168	1.75e-127	423
Query_1	2219062_QKVP01000005.1	54.825	487	185	12	29	506	163678	165060	2.18e-127	423
Query_1	358220_CP003872.1	54.825	487	185	12	29	506	3574039	3572657	2.36e-127	422
Query_1	2056855_QAIM01000386.1	54.620	487	186	12	29	506	26214	24832	2.46e-127	422
Query_1	1813946_LUKZ01000035.1	54.339	484	187	10	29	505	67317	68687	1.13e-126	421
Query_1	47920_VJWE01000014.1	54.620	487	186	12	29	506	150570	149188	1.45e-126	420
Query_1	2035206_PJMZ01000001.1	54.209	487	188	12	29	506	2062040	2063422	1.70e-126	420
Query_1	2035204_PEET01000001.1	54.209	487	188	12	29	506	2891799	2890417	1.70e-126	420
Query_1	2135643_QEKM01000001.1	52.352	489	200	13	28	506	219508	220905	4.04e-126	419
Query_1	2135640_QUMV01000001.1	52.352	489	200	13	28	506	563763	565160	4.04e-126	419
Query_1	1736237_LMLZ01000021.1	51.959	485	201	10	29	506	231354	229975	5.26e-125	416
Query_1	1736492_LMIH01000008.1	52.254	488	201	10	26	506	91537	90149	8.93e-125	415
Query_1	2699468_JAACJE010000001.1	51.235	486	204	11	28	506	989914	991293	9.38e-125	415
Query_1	2135632_RBIT01000001.1	53.799	487	187	12	29	506	2536503	2535130	7.86e-124	412
Query_1	512030_VFNT01000001.1	53.799	487	187	12	29	506	1258404	1259777	9.25e-124	412
Query_1	1690268_LHUP01000194.1	53.799	487	187	12	29	506	12816	14189	9.33e-124	412
Query_1	2135633_RBJA01000001.1	53.593	487	188	12	29	506	470062	471435	1.39e-123	412
Query_1	1881035_FOZE01000001.1	68.489	311	96	2	28	338	287878	288804	3.69e-123	410
Query_1	1881035_FOZE01000001.1	71.429	56	16	0	451	506	288856	289023	7.45e-13	86.3
Query_1	2049333_PEOG01000022.1	67.846	311	98	2	28	338	55228	54302	2.35e-122	408
Query_1	2049333_PEOG01000022.1	69.841	63	15	1	448	506	54271	54083	1.10e-13	89.0
Query_1	2135634_QEKU01000001.1	53.704	486	190	12	29	505	467370	465991	3.44e-122	408
Query_1	2135638_QBTZ01000001.1	54.825	487	185	12	29	506	943445	944827	8.38e-121	404
Query_1	1658665_CP011514.1	68.810	311	95	2	28	338	4152616	4151690	9.22e-121	404
Query_1	1658665_CP011514.1	76.667	60	14	0	447	506	4151635	4151456	3.69e-16	96.7
Query_1	1658665_CP011514.1	41.837	98	47	3	361	454	2894383	2894658	2.0	46.6
Query_1	1658665_CP011514.1	28.750	80	41	2	234	313	4549418	4549609	5.3	45.1
Query_1	1736505_LMJC01000031.1	53.704	486	188	11	29	506	139248	140618	1.39e-120	403
Query_1	1736508_LMJH01000001.1	53.909	486	187	11	29	506	269590	270960	1.52e-120	403
Query_1	1736508_LMJH01000001.1	37.079	89	53	1	359	444	1192093	1191827	0.21	49.7
Query_1	1736508_LMJH01000001.1	44.118	68	33	2	361	425	1191478	1191281	1.2	47.0
Query_1	1034889_LT607803.1	52.490	482	194	11	30	505	5545593	5546951	2.44e-120	402
Query_1	1034889_LT607803.1	36.392	316	175	8	33	338	626146	627045	2.00e-43	179
Query_1	1500262_JUGZ01000019.1	49.177	486	209	10	26	506	109622	110980	3.07e-120	402
Query_1	1736513_LMCQ01000023.1	49.895	477	203	9	33	505	210071	211405	7.77e-120	401
Query_1	1150395_KB905070.1	50.734	477	199	9	33	505	38447	37113	1.17e-119	400
Query_1	1321610_BCUT01000001.1	50.734	477	199	9	33	505	87956	86622	1.20e-119	400
Query_1	2496117_RXFQ01000003.1	50.524	477	200	9	33	505	382744	384078	1.22e-119	400
Query_1	1246301_CP003911.1	50.314	477	201	9	33	505	3231393	3230059	2.54e-119	399
Query_1	34073_CP046622.1	49.686	477	204	9	33	505	3343484	3342150	2.64e-119	399
Query_1	999394_AFBH01000012.1	53.292	486	190	11	29	506	267359	268729	3.76e-119	399
Query_1	999386_AFBG01000018.1	53.292	486	190	11	29	506	267393	268763	3.77e-119	399
Query_1	1121279_FPKR01000003.1	55.450	422	165	5	25	441	25884	27095	5.37e-119	399
Query_1	1121279_FPKR01000003.1	55.414	157	58	4	356	505	27108	27563	1.07e-30	141
Query_1	2491343_RQXU01000004.1	50.314	477	201	9	33	505	38217	36883	8.20e-119	398
Query_1	34073_JZWI01000001.1	50.000	480	204	9	30	505	38158	36815	8.49e-119	398
Query_1	1523428_LJIA01000005.1	52.371	485	197	9	26	506	387996	386632	1.05e-118	398
Query_1	2491343_VIVL01000006.1	50.524	477	200	9	33	505	373831	375165	1.59e-118	397
Query_1	543728_CP001635.1	50.314	477	201	9	33	505	2582760	2584094	1.60e-118	397
Query_1	1882826_FNDR01000005.1	50.105	477	202	9	33	505	492673	494007	6.23e-118	395
Query_1	2495592_RWKH01000026.1	49.266	477	206	9	33	505	51026	52360	1.65e-117	394
Query_1	1736493_LMIJ01000001.1	52.664	488	199	10	26	506	438240	436852	3.07e-117	394
Query_1	47920_LSIH01000568.1	53.178	472	186	12	43	505	9704	11041	7.66e-117	392
Query_1	1736479_LMHL01000039.1	49.278	485	210	9	26	506	10012	8654	7.84e-117	392
Query_1	1736511_LMCN01000016.1	49.278	485	210	9	26	506	241898	243256	8.58e-117	392
Query_1	1736435_LMDM01000034.1	49.278	485	210	9	26	506	10759	9401	8.58e-117	392
Query_1	512030_AGTS01000086.1	52.254	488	199	11	28	506	30423	29035	1.44e-116	392
Query_1	1882828_FNRO01000001.1	52.490	482	196	10	30	505	615021	613657	8.24e-116	389
Query_1	2056863_QAIH01000228.1	53.183	487	191	12	29	506	21365	19989	1.92e-115	388
Query_1	2660641_WWCU01000056.1	51.235	486	212	8	27	506	16917	15517	2.40e-115	388
Query_1	1736236_LMLY01000025.1	52.058	486	201	10	28	506	220894	219512	2.48e-115	388
Query_1	1736240_LMMC01000024.1	52.058	486	201	10	28	506	305929	304547	2.48e-115	388
Query_1	1736296_LMPT01000019.1	52.058	486	201	10	28	506	653332	651950	2.49e-115	388
Query_1	1144317_AKJX01000154.1	52.990	485	196	10	29	506	12178	10799	3.80e-115	387
Query_1	2135736_QAXU01000009.1	52.990	485	196	10	29	506	99593	100972	3.90e-115	387
Query_1	1705714_RXHT01000001.1	49.895	477	202	10	33	505	721725	720394	6.57e-115	387
Query_1	758826_VIVM01000005.1	53.196	485	195	10	29	506	52179	53558	8.50e-115	386
Query_1	2512126_SLZJ01000002.1	49.895	477	202	10	33	505	177911	176580	8.67e-115	386
Query_1	1157708_KB907450.1	49.895	477	202	10	33	505	412496	413827	9.93e-115	386
Query_1	2512132_SLVO01000001.1	49.895	477	202	10	33	505	1398878	1397547	9.93e-115	386
Query_1	1500264_FRCQ01000003.1	48.247	485	215	9	26	506	295624	296982	1.01e-114	386
Query_1	2587049_VIWE01000001.1	49.686	477	203	10	33	505	333617	332286	2.04e-114	385
Query_1	1380385_JHVQ01000012.1	49.896	483	207	10	30	505	162217	163581	4.87e-114	384
Query_1	1679495_RXOE01000001.1	50.524	477	199	10	33	505	144214	145545	9.41e-114	384
Query_1	34073_LKTY01000079.1	50.939	479	197	10	33	505	34771	33431	1.38e-113	383
Query_1	34073_LKTZ01000067.1	50.939	479	197	10	33	505	28404	27064	1.38e-113	383
Query_1	34073_LKTV01000055.1	50.939	479	197	10	33	505	5036	6376	1.39e-113	383
Query_1	34073_LKTX01000014.1	50.939	479	197	10	33	505	5036	6376	1.40e-113	383
Query_1	34073_LKTW01000015.1	50.939	479	197	10	33	505	58199	59539	1.41e-113	383
Query_1	34073_LKTU01000029.1	50.939	479	197	10	33	505	68063	69403	1.41e-113	383
Query_1	1566273_FNUI01000012.1	50.314	477	200	10	33	505	137974	139305	1.84e-113	382
Query_1	1566272_FNVM01000008.1	50.314	477	200	10	33	505	213117	214448	1.84e-113	382
Query_1	1566275_FOKS01000008.1	50.314	477	200	10	33	505	179486	178155	1.84e-113	382
Query_1	1566274_FOOV01000005.1	50.314	477	200	10	33	505	213364	214695	1.84e-113	382
Query_1	2135733_SLYZ01000005.1	48.852	479	207	10	33	505	265996	267336	2.81e-113	382
Query_1	2135502_QEOH01000003.1	48.852	479	207	10	33	505	265996	267336	2.81e-113	382
Query_1	1884384_FOBJ01000009.1	50.314	477	200	10	33	505	180970	179639	3.24e-113	382
Query_1	34073_JXQQ01000041.1	48.963	482	209	10	28	505	15486	14140	3.65e-113	382
Query_1	595537_CP002417.1	48.755	482	210	10	28	505	3711920	3710574	5.68e-113	381
Query_1	1675792_QXMN01000001.1	50.625	480	201	10	33	505	110075	111427	6.18e-113	381
Query_1	2502214_SCNM01000018.1	49.476	477	205	9	33	505	51906	50572	8.11e-113	381
Query_1	2496119_RXFS01000010.1	49.476	477	205	9	33	505	181412	180078	8.15e-113	381
Query_1	2496118_RXFR01000010.1	49.476	477	205	9	33	505	123959	125293	8.15e-113	381
Query_1	1775474_RXFT01000010.1	48.847	477	207	10	33	505	86941	88272	8.30e-113	381
Query_1	1882827_FOWG01000005.1	50.522	479	199	10	33	505	49339	47999	9.61e-113	380
Query_1	365044_CP000529.1	48.454	485	217	9	26	505	1329665	1331035	9.91e-113	380
Query_1	365044_CP000529.1	39.252	321	171	7	27	338	140533	139616	2.60e-53	208
Query_1	1736536_LMEK01000012.1	49.266	477	206	9	33	505	390492	391826	2.24e-112	379
Query_1	1882741_RKMB01000008.1	52.263	486	192	10	28	506	98005	96647	2.58e-112	379
Query_1	1882777_FOII01000001.1	49.476	477	205	9	33	505	348992	350326	2.72e-112	379
Query_1	1842533_CP016447.1	51.335	487	202	11	28	506	162654	161275	3.05e-112	379
Query_1	436515_MRCN01000004.1	49.895	477	203	9	33	505	323030	321696	3.22e-112	379
Query_1	2153358_QAJK01000004.1	49.266	477	206	9	33	505	58015	59349	3.81e-112	379
Query_1	1884383_OCMW01000001.1	49.476	477	205	9	33	505	3397438	3398772	3.84e-112	379
Query_1	2512152_SGWS01000003.1	49.057	477	207	9	33	505	167935	166601	4.38e-112	379
Query_1	1884386_FNPM01000005.1	48.847	477	208	9	33	505	173294	171960	5.52e-112	378
Query_1	866564_KL448323.1	48.041	485	219	9	26	505	2813038	2814408	6.21e-112	378
Query_1	1884385_FNOL01000009.1	49.266	477	206	9	33	505	41757	43091	7.70e-112	378
Query_1	34073_CP045644.1	49.686	477	204	9	33	505	5671362	5670028	8.77e-112	378
Query_1	1500265_JUHA01000013.1	48.447	483	213	9	26	504	187878	186526	1.37e-111	377
Query_1	1884311_FNZJ01000006.1	48.847	477	208	9	33	505	266031	267365	2.29e-111	377
Query_1	1882775_FOLP01000006.1	48.847	477	208	9	33	505	266124	267458	2.29e-111	377
Query_1	1144315_AKIW01000015.1	48.847	477	208	9	33	505	67717	66383	2.84e-111	376
Query_1	1736530_LMDW01000016.1	48.637	477	209	9	33	505	763605	762271	3.21e-111	376
Query_1	436515_CP023284.1	49.895	477	203	9	33	505	3374261	3375595	3.82e-111	376
Query_1	436515_LKDZ01000028.1	49.895	477	203	9	33	505	94390	93056	3.91e-111	376
Query_1	436515_LUJJ01000011.1	49.895	477	203	9	33	505	59199	60533	3.92e-111	376
Query_1	2578111_VCCD02000001.1	49.686	477	204	9	33	505	1819584	1818250	4.24e-111	376
Query_1	436515_BKDI01000001.1	49.895	477	203	9	33	505	1901216	1899882	4.45e-111	376
Query_1	2035202_PGEP01000001.1	51.440	486	203	11	28	505	3421268	3419886	5.66e-111	375
Query_1	2035212_PEFF01000001.1	49.895	477	203	9	33	505	6227950	6229284	6.60e-111	375
Query_1	2126319_CP027773.1	49.061	479	207	10	33	505	1602244	1600901	8.80e-111	375
Query_1	1566270_FMUJ01000003.1	49.266	477	206	9	33	505	1002978	1001644	9.05e-111	375
Query_1	1855317_FOWL01000008.1	48.847	477	208	9	33	505	270376	271710	9.39e-111	375
Query_1	436515_BKDH01000001.1	49.686	477	204	9	33	505	2603293	2601959	1.13e-110	375
Query_1	1566271_FOXJ01000001.1	48.548	482	211	10	28	505	2095863	2094517	1.76e-110	374
Query_1	34073_LVHG01000083.1	48.643	479	208	10	33	505	61622	60282	2.86e-110	373
Query_1	1321609_BCUS01000047.1	49.266	477	206	9	33	505	39839	38505	9.81e-110	372
Query_1	1736541_LMEV01000017.1	49.163	478	206	10	33	505	1782838	1781501	2.96e-109	370
Query_1	2135501_QKUE01000004.1	47.908	478	212	10	33	505	556072	557409	8.50e-109	369
Query_1	2135503_QJTM01000003.1	47.908	478	212	10	33	505	556072	557409	8.50e-109	369
Query_1	2135735_SLYJ01000004.1	47.908	478	212	10	33	505	556072	557409	8.50e-109	369
Query_1	2135734_QAYA01000002.1	47.908	478	212	10	33	505	556072	557409	8.50e-109	369
Query_1	2135504_QKLT01000002.1	47.908	478	212	10	33	505	556072	557409	8.50e-109	369
Query_1	2066034_PKMT01000006.1	48.954	478	207	10	33	505	162107	163444	2.54e-107	365
Query_1	2135674_SMBW01000001.1	47.942	486	223	8	27	506	88696	90081	3.12e-107	365
Query_1	2135674_SMBW01000001.1	39.362	94	44	4	376	460	974555	974286	0.62	48.1
Query_1	2135672_QAXZ01000001.1	47.942	486	223	8	27	506	88696	90081	3.12e-107	365
Query_1	2135672_QAXZ01000001.1	39.362	94	44	4	376	460	974555	974286	0.62	48.1
Query_1	2135671_QAYI01000003.1	47.737	486	224	8	27	506	37714	36329	9.76e-107	363
Query_1	2135495_QJTN01000003.1	47.737	486	224	8	27	506	37714	36329	9.76e-107	363
Query_1	413882_CP011371.1	44.421	484	231	9	26	505	5498161	5496812	1.14e-106	363
Query_1	413882_CP011371.1	36.334	311	179	6	29	338	1714899	1714021	1.58e-47	191
Query_1	413882_CP011371.1	41.667	72	36	2	361	428	586238	586447	1.6	46.6
Query_1	764842_MUHU01000031.1	55.435	368	153	4	27	392	112078	113154	6.19e-105	358
Query_1	1736532_LMEC01000026.1	46.311	488	228	9	27	506	34855	33470	1.60e-102	351
Query_1	2135673_SLYL01000006.1	47.119	486	227	8	27	506	418279	419664	2.68e-102	350
Query_1	2496639_RXMA01000023.1	52.643	454	195	11	27	473	84476	83154	7.26e-102	349
Query_1	2320860_QYUL01000002.1	53.187	455	193	11	27	473	1225239	1223911	7.80e-102	349
Query_1	1735686_LMKO01000001.1	48.148	486	216	10	26	505	629924	628557	1.55e-101	348
Query_1	2707176_JAAGOH010000053.1	49.275	483	206	10	28	505	11303	9957	4.20e-101	347
Query_1	2135494_QUNU01000005.1	49.489	489	212	10	27	506	247908	249296	1.36e-100	345
Query_1	2135493_QUND01000005.1	49.489	489	212	10	27	506	247908	249296	1.36e-100	345
Query_1	2135663_QJTL01000005.1	49.489	489	212	10	27	506	247908	249296	1.36e-100	345
Query_1	2135492_QUNP01000005.1	49.489	489	212	10	27	506	247908	249296	1.36e-100	345
Query_1	2135768_QLLJ01000005.1	49.489	489	212	10	27	506	247908	249296	1.36e-100	345
Query_1	2135491_QUNB01000004.1	49.489	489	212	10	27	506	247908	249296	1.36e-100	345
Query_1	2135767_QKMN01000005.1	49.489	489	212	10	27	506	247908	249296	1.36e-100	345
Query_1	2135490_QREC01000005.1	49.489	489	212	10	27	506	247908	249296	1.36e-100	345
Query_1	2135766_QLLZ01000005.1	49.489	489	212	10	27	506	247908	249296	1.36e-100	345
Query_1	2135664_RCWV01000005.1	49.489	489	212	10	27	506	247908	249296	1.36e-100	345
Query_1	1736522_LMDJ01000012.1	45.902	488	228	9	27	506	39043	37664	2.32e-100	345
Query_1	2692171_WWCR01000011.1	49.180	488	215	9	27	506	150349	148961	4.23e-100	344
Query_1	2692170_WWCS01000009.1	49.385	488	213	10	27	506	18104	19489	4.58e-100	344
Query_1	433924_QQAV01000006.1	45.963	483	226	9	26	505	272581	273933	6.05e-99	341
Query_1	1891238_SDZM01000215.1	48.552	449	199	10	26	467	1802	3073	9.32e-98	329
Query_1	2491057_RQYR01000020.1	43.093	485	232	13	28	505	20296	21639	1.77e-97	337
Query_1	2692169_WWCT01000012.1	49.588	486	221	8	27	506	174623	173220	1.43e-96	334
Query_1	1321611_BCUU01000185.1	59.807	311	121	3	28	338	3752	2832	3.41e-95	328
Query_1	433924_LDSL01000138.1	44.928	483	231	10	26	505	16942	15590	8.35e-95	328
Query_1	1907403_FTMY01000002.1	44.742	485	229	10	26	505	72467	73819	3.69e-94	327
Query_1	1736487_LMHZ01000064.1	59.486	311	122	3	28	338	2762	3682	1.60e-92	320
Query_1	1882828_FNRO01000015.1	58.521	311	125	3	28	338	105746	104826	7.92e-92	320
Query_1	2709383_JAAIVB010000085.1	59.486	311	122	3	28	338	216540	217460	1.74e-91	319
Query_1	43759_JNWK01000053.1	41.615	483	241	11	26	501	38545	39891	8.69e-91	317
Query_1	1938_LGUP01000025.1	41.615	483	241	11	26	501	104125	105471	8.82e-91	317
Query_1	1463871_JOGX01000001.1	41.336	479	245	10	30	501	104448	103099	1.37e-89	313
Query_1	54571_LN881739.1	41.889	487	240	12	26	505	394417	393065	4.61e-89	312
Query_1	54571_LN881739.1	43.810	105	54	4	357	460	3365675	3365977	2.09e-04	59.3
Query_1	54571_LN881739.1	44.706	85	44	1	360	441	354458	354712	0.001	57.0
Query_1	54571_LN881739.1	46.914	81	39	3	358	437	2707407	2707174	0.017	53.1
Query_1	54571_CP013129.1	41.889	487	240	12	26	505	8668497	8669849	4.61e-89	312
Query_1	54571_CP013129.1	43.810	105	54	4	357	460	5697123	5696821	2.09e-04	59.3
Query_1	54571_CP013129.1	44.706	85	44	1	360	441	8708460	8708206	0.001	57.0
Query_1	54571_CP013129.1	46.914	81	39	3	358	437	6355405	6355638	0.017	53.1
Query_1	1257078_ANOY02000618.1	44.720	483	232	9	26	505	26458	25106	1.87e-85	301
Query_1	54571_CP029194.1	39.752	483	251	10	26	501	294229	292880	9.97e-85	300
Query_1	54571_CP029194.1	42.857	105	55	4	357	460	3141913	3142215	1.85e-04	59.7
Query_1	54571_CP029194.1	44.706	85	44	1	360	441	8285356	8285102	3.21e-04	58.9
Query_1	54571_CP029194.1	48.235	85	40	3	358	441	2470968	2470723	0.001	57.0
Query_1	2666085_WKJJ01000001.1	45.131	421	198	7	27	441	296453	297634	3.14e-83	295
Query_1	2666085_WKJJ01000001.1	55.195	154	60	3	356	506	297647	298090	2.20e-30	140
Query_1	1463860_JOHZ01000024.1	41.408	483	246	11	30	505	87811	89169	1.30e-82	293
Query_1	1462440_WNLA01000012.1	45.606	421	196	7	27	441	181072	182253	3.02e-82	292
Query_1	1462440_WNLA01000012.1	56.494	154	58	3	356	506	182266	182709	1.98e-31	143
Query_1	2487424_RPSA01000002.1	42.769	484	236	12	26	502	808215	806866	1.86e-81	290
Query_1	1035707_FPBO01000001.1	44.395	446	211	9	27	465	330911	332158	5.86e-81	288
Query_1	1035707_FPBO01000001.1	44.340	318	157	6	27	338	337740	338651	8.26e-54	209
Query_1	1035707_FPBO01000001.1	50.980	153	68	3	356	506	332105	332548	8.79e-26	126
Query_1	1035707_FPBO01000001.1	54.386	57	26	0	450	506	338703	338873	1.56e-05	63.2
Query_1	1440059_AZSS01000061.1	41.478	487	242	11	26	505	30803	32155	1.53e-78	281
Query_1	2320863_QYUO01000001.1	43.943	421	203	7	27	441	555075	556256	2.34e-76	275
Query_1	2320863_QYUO01000001.1	35.252	417	209	13	28	420	735080	736219	2.86e-51	202
Query_1	2320863_QYUO01000001.1	55.556	153	61	3	356	506	556269	556712	1.52e-26	129
Query_1	2320863_QYUO01000001.1	47.368	57	30	0	450	506	736058	736228	0.002	55.8
Query_1	67294_PDCL01000001.1	42.797	479	237	10	30	501	159875	158529	4.15e-76	275
Query_1	67294_PDCL01000001.1	48.780	82	39	2	360	441	5584295	5584531	1.34e-04	60.1
Query_1	67294_PDCL01000001.1	48.276	87	41	3	356	441	4939754	4939503	0.36	48.9
Query_1	67263_JNZT01000008.1	41.201	483	245	11	30	505	78651	77299	6.35e-74	268
Query_1	67263_JOEN01000004.1	41.201	483	245	11	30	505	78720	77368	6.36e-74	268
Query_1	2024610_NPKM01000002.1	38.200	500	269	12	25	505	219648	221084	3.56e-72	263
Query_1	2419777_RBZV01000006.1	39.442	502	259	15	25	505	277227	278660	7.45e-71	259
Query_1	1314749_BCTC01000020.1	35.845	491	248	13	28	494	9398	10741	6.41e-65	242
Query_1	2497863_CP035311.1	37.441	422	232	8	27	441	285220	286410	7.95e-65	242
Query_1	2497863_CP035311.1	46.358	151	78	3	357	506	314262	314708	2.77e-20	109
Query_1	2497863_CP035311.1	38.994	159	83	3	357	506	3767106	3766645	9.41e-15	92.4
Query_1	2497863_CP035311.1	64.407	59	20	1	449	506	44954	45130	6.55e-09	73.9
Query_1	2497863_CP035311.1	64.912	57	19	1	451	506	2180937	2181107	3.35e-08	71.6
Query_1	2497863_CP035311.1	63.158	57	20	1	451	506	735872	736042	5.53e-08	70.9
Query_1	2497863_CP035311.1	50.847	59	28	1	449	506	2604620	2604444	1.66e-04	59.7
Query_1	2497863_CP035311.1	56.364	55	24	0	451	505	2297654	2297818	4.11e-04	58.5
Query_1	2497863_CP035311.1	33.333	102	56	5	235	336	2178819	2179088	0.005	55.1
Query_1	2497863_CP035311.1	32.000	125	62	4	26	142	44261	44590	0.36	48.9
Query_1	2497863_CP035311.1	24.167	120	70	4	219	338	3391686	3391390	4.4	45.4
Query_1	441959_EQ962658.1	45.170	352	138	8	27	329	1415990	1414953	3.31e-64	240
Query_1	441959_EQ962658.1	41.071	280	125	7	25	276	401415	402218	8.50e-39	146
Query_1	441959_EQ962658.1	51.064	47	23	0	273	319	402268	402408	8.50e-39	48.5
Query_1	1404429_JAAOLF010000001.1	38.242	455	239	13	27	451	4811007	4809679	5.69e-64	239
Query_1	2561929_SPQI01000280.1	45.794	321	149	7	26	338	6154	5243	6.69e-64	239
Query_1	2561929_SPQI01000280.1	43.548	62	33	1	447	506	5224	5039	0.046	51.6
Query_1	1404411_JAAOLE010000001.1	38.022	455	240	13	27	451	9207148	9205820	1.59e-63	238
Query_1	330879_CM000172.1	47.232	271	135	5	67	335	1001942	1001148	8.16e-63	211
Query_1	330879_CM000172.1	71.739	46	12	1	27	71	1002139	1002002	8.16e-63	63.5
Query_1	2709383_JAAIVB010000014.1	43.925	321	155	7	26	338	82475	81564	1.51e-62	235
Query_1	2709383_JAAIVB010000014.1	43.548	62	33	1	447	506	81545	81360	0.12	50.4
Query_1	1128204_AJPW01000570.1	37.802	455	242	12	27	451	4106	5437	2.30e-62	234
Query_1	1128287_AJQC01000884.1	37.061	456	240	12	27	451	1391	2710	1.78e-61	231
Query_1	1128288_AJQD01000789.1	37.061	456	240	12	27	451	1965	646	2.15e-61	231
Query_1	2591461_VIDV02000045.1	37.582	455	243	12	27	451	17181	15850	2.42e-61	231
Query_1	758825_FOTW01000007.1	43.598	328	153	9	29	338	262097	263038	1.34e-60	229
Query_1	758825_FOTW01000007.1	60.345	58	23	0	449	506	263072	263245	1.12e-09	76.3
Query_1	331117_DS027693.1	47.692	260	128	5	76	333	428266	429027	1.95e-60	205
Query_1	331117_DS027693.1	71.739	46	12	1	27	71	428052	428189	1.95e-60	62.0
Query_1	2588497_VFAH01000009.1	42.679	321	159	8	26	338	49410	50321	8.99e-60	227
Query_1	2588497_VFAH01000009.1	40.278	72	37	2	437	506	50322	50525	1.7	46.6
Query_1	101571_LPLP01000092.1	43.034	323	163	8	27	338	93022	93960	1.86e-59	226
Query_1	101571_LPLI01000028.1	43.034	323	163	8	27	338	93022	93960	1.86e-59	226
Query_1	101571_LPLK01000047.1	43.034	323	163	8	27	338	48300	47362	1.87e-59	226
Query_1	101571_LPLO01000024.1	43.034	323	163	8	27	338	500851	501789	1.87e-59	226
Query_1	101571_LPLH01000050.1	43.034	323	163	8	27	338	48575	47637	1.87e-59	226
Query_1	101571_LPIB01000052.1	43.344	323	162	8	27	338	46306	45368	1.89e-59	226
Query_1	101571_MEBB01000176.1	42.724	323	164	8	27	338	4489	3551	3.02e-59	225
Query_1	101571_LPDO01000141.1	42.724	323	164	8	27	338	221945	222883	3.66e-59	225
Query_1	101571_LPHH01000087.1	42.724	323	164	8	27	338	66707	67645	3.68e-59	225
Query_1	101571_LPDJ01000088.1	42.724	323	164	8	27	338	216796	215858	3.69e-59	225
Query_1	101571_LPFN01000005.1	42.724	323	164	8	27	338	244787	243849	3.70e-59	225
Query_1	101571_LPHY01000157.1	42.724	323	164	8	27	338	246270	245332	3.70e-59	225
Query_1	101571_LPBD01000124.1	42.724	323	164	8	27	338	79016	79954	3.87e-59	225
Query_1	101571_LPCG01000091.1	42.724	323	164	8	27	338	79027	79965	3.88e-59	225
Query_1	101571_LPEP01000001.1	42.724	323	164	8	27	338	187599	186661	3.88e-59	225
Query_1	101571_LPEP01000001.1	38.202	89	50	2	360	445	54164	54424	0.050	51.6
Query_1	101571_LPEP01000001.1	28.704	108	69	2	361	460	55269	55592	1.3	47.0
Query_1	101571_LPMZ01000113.1	42.724	323	164	8	27	338	401778	402716	3.88e-59	225
Query_1	101571_LPGM01000068.1	42.724	323	164	8	27	338	210493	209555	3.91e-59	225
Query_1	101571_LPGL01000056.1	42.724	323	164	8	27	338	210493	209555	3.91e-59	225
Query_1	101571_LPAT01000017.1	42.724	323	164	8	27	338	21122	22060	3.91e-59	225
Query_1	101571_LPAR01000016.1	42.724	323	164	8	27	338	87475	88413	4.20e-59	225
Query_1	101571_LPMJ01000119.1	42.724	323	164	8	27	338	21093	22031	4.26e-59	225
Query_1	101571_LPHQ01000118.1	43.034	323	163	8	27	338	84033	84971	4.44e-59	225
Query_1	1380566_CM008059.1	44.253	348	137	10	27	325	1568737	1567718	5.27e-59	225
Query_1	101571_LOZD01000070.1	42.724	323	164	8	27	338	5078	6016	5.94e-59	224
Query_1	101571_LPGI01000033.1	43.034	323	163	9	27	338	19624	20562	5.96e-59	224
Query_1	101571_LPHS01000052.1	42.724	323	164	8	27	338	21105	22043	5.97e-59	224
Query_1	101571_LPGK01000107.1	42.724	323	164	8	27	338	5028	5966	5.99e-59	224
Query_1	101571_LPGA01000098.1	42.724	323	164	8	27	338	5029	5967	6.00e-59	224
Query_1	101571_LOZH01000020.1	42.724	323	164	8	27	338	5078	6016	6.01e-59	224
Query_1	101571_LOZC01000019.1	42.724	323	164	8	27	338	5078	6016	6.01e-59	224
Query_1	101571_LPCB01000072.1	42.724	323	164	8	27	338	261829	262767	6.05e-59	224
Query_1	101571_MEBI01000010.1	42.724	323	164	8	27	338	87939	88877	6.44e-59	224
Query_1	101571_MEAS01000003.1	42.724	323	164	8	27	338	185137	186075	6.46e-59	224
Query_1	101571_LPEA01000162.1	43.034	323	163	8	27	338	278015	277077	6.53e-59	224
Query_1	101571_LOTS01000042.1	43.385	325	159	10	27	338	251332	250394	7.19e-59	224
Query_1	101571_LOTS01000042.1	36.559	93	53	3	360	449	104449	104718	0.49	48.5
Query_1	101571_LOTS01000042.1	27.778	108	70	2	361	460	105552	105875	1.2	47.0
Query_1	101571_LOTW01000098.1	43.385	325	159	10	27	338	251332	250394	7.19e-59	224
Query_1	101571_LOTW01000098.1	36.559	93	53	3	360	449	104449	104718	0.49	48.5
Query_1	101571_LOTW01000098.1	27.778	108	70	2	361	460	105552	105875	1.2	47.0
Query_1	101571_LOTT01000056.1	43.385	325	159	10	27	338	251332	250394	7.19e-59	224
Query_1	101571_LOTT01000056.1	36.559	93	53	3	360	449	104449	104718	0.49	48.5
Query_1	101571_LOTT01000056.1	27.778	108	70	2	361	460	105552	105875	1.2	47.0
Query_1	101571_MEAX01000008.1	43.034	323	163	8	27	338	49790	48852	7.49e-59	224
Query_1	101571_MEAW01000068.1	42.724	323	164	8	27	338	68095	69033	7.51e-59	224
Query_1	1619232_JYMT01000006.1	35.982	453	247	12	27	451	263164	264477	7.67e-59	224
Query_1	101571_LPHU01000061.1	42.724	323	164	8	27	338	48523	47585	7.73e-59	224
Query_1	1436049_JAVB01000064.1	42.724	323	164	8	27	338	113921	112983	7.73e-59	224
Query_1	101571_MEBJ01000040.1	42.724	323	164	8	27	338	92534	93472	7.74e-59	224
Query_1	101571_LPEI01000053.1	42.724	323	164	8	27	338	48620	47682	8.19e-59	224
Query_1	101571_LPDH01000019.1	43.034	323	163	8	27	338	6796	5858	8.32e-59	224
Query_1	101571_LPEN01000057.1	42.724	323	164	8	27	338	15156	14218	8.33e-59	224
Query_1	101571_MEAR01000011.1	42.724	323	164	8	27	338	78578	79516	8.47e-59	224
Query_1	101571_LPCF01000002.1	42.724	323	164	8	27	338	86800	85862	8.49e-59	224
Query_1	101571_LPEF01000042.1	42.724	323	164	8	27	338	164999	164061	8.49e-59	224
Query_1	101571_LPHT01000090.1	42.724	323	164	8	27	338	105039	104101	8.50e-59	224
Query_1	101571_MEBK01000044.1	42.724	323	164	8	27	338	180396	181334	8.50e-59	224
Query_1	101571_LPGE01000149.1	42.724	323	164	8	27	338	48738	47800	8.52e-59	224
Query_1	101571_LPEL01000033.1	42.724	323	164	8	27	338	57354	56416	8.56e-59	224
Query_1	101571_LPJB01000109.1	42.724	323	164	8	27	338	37996	37058	8.59e-59	224
Query_1	101571_LPGN01000021.1	42.724	323	164	8	27	338	37996	37058	8.59e-59	224
Query_1	101571_LPDG01000125.1	43.034	323	163	8	27	338	79192	80130	8.59e-59	224
Query_1	101571_LPGH01000103.1	42.724	323	164	8	27	338	88185	89123	8.59e-59	224
Query_1	101571_LPFO01000062.1	42.724	323	164	8	27	338	37792	36854	8.59e-59	224
Query_1	101571_LPFP01000006.1	42.724	323	164	8	27	338	92957	93895	8.61e-59	224
Query_1	1436063_JAVQ01000045.1	42.724	323	164	8	27	338	72509	73447	8.62e-59	224
Query_1	101571_LPDL01000045.1	43.034	323	163	8	27	338	79192	80130	8.63e-59	224
Query_1	101571_LPHX01000302.1	42.724	323	164	8	27	338	19691	20629	8.63e-59	224
Query_1	101571_LPHW01000088.1	42.724	323	164	8	27	338	46779	45841	8.63e-59	224
Query_1	101571_LPBR01000081.1	42.724	323	164	8	27	338	596	1534	8.64e-59	224
Query_1	101571_LOYM01000065.1	42.724	323	164	8	27	338	596	1534	8.64e-59	224
Query_1	101571_LPAN01000020.1	42.724	323	164	8	27	338	99240	100178	8.64e-59	224
Query_1	101571_LPDW01000075.1	42.724	323	164	8	27	338	49534	50472	8.68e-59	224
Query_1	101571_LPIL01000079.1	42.724	323	164	8	27	338	21089	22027	8.69e-59	224
Query_1	101571_LPDV01000007.1	42.724	323	164	8	27	338	92491	91553	8.70e-59	224
Query_1	101571_LPFY01000031.1	42.724	323	164	8	27	338	49995	49057	8.72e-59	224
Query_1	101571_LPEB01000039.1	42.724	323	164	8	27	338	114809	115747	8.73e-59	224
Query_1	101571_LPAS01000035.1	42.724	323	164	8	27	338	81356	80418	8.74e-59	224
Query_1	101571_LOZL01000036.1	42.724	323	164	8	27	338	2752	1814	8.74e-59	224
Query_1	101571_LOYE01000042.1	42.724	323	164	8	27	338	143677	144615	8.74e-59	224
Query_1	101571_LPED01000043.1	42.724	323	164	8	27	338	21064	22002	8.75e-59	224
Query_1	101571_LPHE01000046.1	42.724	323	164	8	27	338	209580	208642	8.75e-59	224
Query_1	101571_LPHF01000103.1	42.724	323	164	8	27	338	209875	208937	8.75e-59	224
Query_1	101571_LOVN01000035.1	42.724	323	164	8	27	338	72380	73318	8.75e-59	224
Query_1	101571_LPCE01000013.1	42.724	323	164	8	27	338	158256	159194	8.75e-59	224
Query_1	101571_LPIM01000003.1	42.724	323	164	8	27	338	158256	159194	8.75e-59	224
Query_1	101571_LPAE01000083.1	42.724	323	164	8	27	338	208284	209222	8.75e-59	224
Query_1	101571_LPAI01000117.1	42.724	323	164	8	27	338	120912	119974	8.76e-59	224
Query_1	101571_LPHZ01000132.1	42.724	323	164	8	27	338	91178	92116	8.76e-59	224
Query_1	101571_LPIK01000058.1	42.724	323	164	8	27	338	265217	266155	8.76e-59	224
Query_1	101571_LPNC01000089.1	42.724	323	164	8	27	338	265867	266805	8.76e-59	224
Query_1	101571_LPIJ01000038.1	42.724	323	164	8	27	338	265867	266805	8.76e-59	224
Query_1	101571_LPBV01000099.1	42.724	323	164	8	27	338	91379	90441	8.77e-59	224
Query_1	101571_LPAH01000120.1	42.724	323	164	8	27	338	92742	91804	8.77e-59	224
Query_1	101571_LPMV01000053.1	42.724	323	164	8	27	338	267699	268637	8.77e-59	224
Query_1	101571_LPAL01000053.1	42.724	323	164	8	27	338	258554	259492	8.77e-59	224
Query_1	101571_LPAY01000070.1	42.724	323	164	8	27	338	260138	261076	8.77e-59	224
Query_1	101571_MEAU01000004.1	42.724	323	164	8	27	338	92211	93149	8.80e-59	224
Query_1	101571_LPHP01000100.1	42.724	323	164	8	27	338	48642	47704	8.80e-59	224
Query_1	101571_LPCI01000106.1	42.724	323	164	8	27	338	92249	93187	8.80e-59	224
Query_1	101571_LPGB01000109.1	42.724	323	164	8	27	338	49889	48951	8.82e-59	224
Query_1	101571_LPDQ01000106.1	42.724	323	164	8	27	338	82657	83595	8.85e-59	224
Query_1	101571_LPDQ01000106.1	38.202	89	50	2	360	445	219339	219079	0.050	51.6
Query_1	101571_LPDQ01000106.1	27.778	108	70	2	361	460	218234	217911	4.6	45.4
Query_1	101571_LPAK01000026.1	42.724	323	164	8	27	338	14352	13414	9.02e-59	224
Query_1	101571_LOVK01000027.1	42.724	323	164	8	27	338	56850	55912	9.08e-59	224
Query_1	101571_LPDM01000030.1	42.724	323	164	8	27	338	95711	94773	9.08e-59	224
Query_1	101571_LPGP01000102.1	42.724	323	164	8	27	338	21077	22015	9.11e-59	224
Query_1	101571_LPAD01000104.1	42.724	323	164	8	27	338	21104	22042	9.11e-59	224
Query_1	101571_LPDU01000057.1	42.724	323	164	8	27	338	91173	90235	9.12e-59	224
Query_1	101571_LPIQ01000023.1	42.724	323	164	8	27	338	80557	81495	9.13e-59	224
Query_1	101571_LPIR01000130.1	42.724	323	164	8	27	338	80557	81495	9.13e-59	224
Query_1	101571_LPDX01000121.1	42.724	323	164	8	27	338	5035	5973	9.16e-59	224
Query_1	101571_LPAJ01000006.1	42.724	323	164	8	27	338	55818	54880	9.16e-59	224
Query_1	101571_LPHO01000026.1	42.724	323	164	8	27	338	253600	254538	9.19e-59	224
Query_1	101571_LPBF01000011.1	42.724	323	164	8	27	338	261419	262357	9.19e-59	224
Query_1	101571_LPAG01000038.1	42.724	323	164	8	27	338	196149	197087	9.20e-59	224
Query_1	101571_LPAF01000006.1	42.724	323	164	8	27	338	229557	230495	9.20e-59	224
Query_1	101571_LPAF01000006.1	38.202	89	50	2	360	445	365962	365702	0.047	51.6
Query_1	101571_LPAF01000006.1	28.704	108	69	2	361	460	364857	364534	1.3	47.0
Query_1	101571_LPEJ01000043.1	42.724	323	164	8	27	338	198463	197525	9.20e-59	224
Query_1	101571_LPBJ01000043.1	42.724	323	164	8	27	338	68943	69881	9.29e-59	224
Query_1	101571_LPGQ01000005.1	42.724	323	164	8	27	338	98541	97603	9.33e-59	224
Query_1	101571_LPKF01000079.1	42.724	323	164	8	27	338	273999	274937	9.36e-59	224
Query_1	101571_LPEG01000037.1	42.724	323	164	8	27	338	273999	274937	9.38e-59	224
Query_1	101571_LOVL01000021.1	42.724	323	164	8	27	338	171819	170881	9.38e-59	224
Query_1	101571_LOVE01000030.1	42.724	323	164	8	27	338	161609	160671	9.52e-59	224
Query_1	101571_LPFT01000048.1	42.724	323	164	8	27	338	5029	5967	9.55e-59	224
Query_1	101571_LPHC01000024.1	42.724	323	164	8	27	338	80629	79691	9.65e-59	224
Query_1	101571_LOXR01000092.1	42.724	323	164	8	27	338	89861	88923	9.65e-59	224
Query_1	101571_LPLS01000155.1	42.724	323	164	8	27	338	46505	45567	9.68e-59	224
Query_1	101571_LPFI01000073.1	42.724	323	164	8	27	338	78878	79816	9.69e-59	224
Query_1	101571_LPBM01000048.1	42.724	323	164	8	27	338	166872	165934	9.71e-59	224
Query_1	101571_LPBI01000077.1	42.724	323	164	8	27	338	218287	217349	9.71e-59	224
Query_1	101571_LOZM01000062.1	42.724	323	164	8	27	338	87909	88847	9.72e-59	224
Query_1	101571_LPHN01000053.1	42.724	323	164	8	27	338	163992	163054	9.72e-59	224
Query_1	101571_LPHM01000054.1	42.724	323	164	8	27	338	164263	163325	9.72e-59	224
Query_1	101571_MEBA01000036.1	42.724	323	164	8	27	338	162043	162981	9.73e-59	224
Query_1	101571_LOZW01000036.1	42.724	323	164	8	27	338	109848	110786	9.73e-59	224
Query_1	101571_LPFS01000006.1	42.724	323	164	8	27	338	242335	243273	9.74e-59	224
Query_1	101571_LPMX01000006.1	42.724	323	164	8	27	338	242342	243280	9.74e-59	224
Query_1	101571_LPJL01000023.1	42.724	323	164	8	27	338	96526	95588	9.74e-59	224
Query_1	101571_LPNE01000019.1	42.724	323	164	8	27	338	463686	464624	9.75e-59	224
Query_1	101571_LPJF01000042.1	42.724	323	164	8	27	338	681182	682120	9.75e-59	224
Query_1	101571_LPBL01000093.1	42.724	323	164	8	27	338	49314	48376	9.96e-59	224
Query_1	101571_LPGC01000031.1	42.724	323	164	8	27	338	162263	161325	9.98e-59	224
Query_1	101571_LPKU01000022.1	42.724	323	164	8	27	338	87614	88552	1.00e-58	224
Query_1	101571_LOVQ01000189.1	42.724	323	164	8	27	338	92283	93221	1.00e-58	224
Query_1	101571_MEBE01000045.1	42.724	323	164	8	27	338	220178	221116	1.00e-58	224
Query_1	101571_LOVA01000077.1	43.385	325	159	10	27	338	65840	66778	1.00e-58	224
Query_1	101571_LOVA01000077.1	37.634	93	52	3	360	449	213146	212877	0.20	49.7
Query_1	101571_LOVA01000077.1	27.778	108	70	2	361	460	212043	211720	1.2	47.0
Query_1	101571_LPHL01000057.1	42.724	323	164	8	27	338	88123	89061	1.02e-58	224
Query_1	101571_MEBC01000008.1	42.724	323	164	8	27	338	97920	98858	1.02e-58	224
Query_1	101571_LOVI01000061.1	42.724	323	164	8	27	338	79026	79964	1.03e-58	224
Query_1	101571_LPFB01000025.1	42.724	323	164	8	27	338	161465	160527	1.04e-58	224
Query_1	101571_LPER01000112.1	42.724	323	164	8	27	338	162953	162015	1.04e-58	224
Query_1	101571_LPJN01000087.1	42.724	323	164	8	27	338	54683	53745	1.05e-58	224
Query_1	101571_LPLF01000057.1	42.724	323	164	8	27	338	163715	162777	1.05e-58	224
Query_1	101571_LPEH01000072.1	42.724	323	164	8	27	338	69725	68787	1.06e-58	224
Query_1	101571_LOXM01000279.1	43.385	325	159	10	27	338	24969	24031	1.06e-58	224
Query_1	101571_CP013416.1	43.385	325	159	10	27	338	1606836	1607774	1.07e-58	224
Query_1	101571_CP013416.1	33.129	326	186	8	30	338	2144024	2144956	8.18e-37	159
Query_1	101571_CP013416.1	38.202	89	50	2	360	445	1761549	1761289	0.082	50.8
Query_1	101571_CP013416.1	28.704	108	69	2	361	460	1760444	1760121	1.3	47.0
Query_1	101571_LOVF01000003.1	42.724	323	164	8	27	338	87771	88709	1.08e-58	224
Query_1	101571_LPJM01000025.1	42.724	323	164	8	27	338	163177	162239	1.08e-58	224
Query_1	101571_LPBB01000011.1	42.724	323	164	8	27	338	91015	90077	1.08e-58	224
Query_1	101571_LPBH01000019.1	42.724	323	164	8	27	338	161793	160855	1.08e-58	224
Query_1	101571_LPIN01000082.1	42.724	323	164	8	27	338	21167	22105	1.08e-58	224
Query_1	101571_LPND01000064.1	42.724	323	164	8	27	338	21167	22105	1.08e-58	224
Query_1	101571_LPIO01000058.1	42.724	323	164	8	27	338	21320	22258	1.08e-58	224
Query_1	101571_LPCK01000016.1	42.724	323	164	8	27	338	178451	179389	1.08e-58	224
Query_1	101571_LPFC01000027.1	42.724	323	164	8	27	338	20842	21780	1.08e-58	224
Query_1	101571_LPBN01000097.1	42.724	323	164	8	27	338	284941	285879	1.08e-58	224
Query_1	101571_LPBC01000033.1	42.724	323	164	8	27	338	93059	93997	1.08e-58	224
Query_1	101571_LPBW01000092.1	42.724	323	164	8	27	338	93092	94030	1.08e-58	224
Query_1	101571_LPCC01000054.1	42.724	323	164	8	27	338	93093	94031	1.08e-58	224
Query_1	101571_LOVO01000020.1	42.724	323	164	8	27	338	237353	236415	1.08e-58	224
Query_1	101571_LPAP01000030.1	42.724	323	164	8	27	338	107560	106622	1.08e-58	224
Query_1	101571_LOVR01000015.1	42.724	323	164	8	27	338	338854	339792	1.08e-58	224
Query_1	101571_LPLC01000017.1	42.724	323	164	8	27	338	381637	382575	1.08e-58	224
Query_1	101571_LPCJ01000065.1	42.724	323	164	8	27	338	401930	402868	1.08e-58	224
Query_1	101571_LPIP01000054.1	42.724	323	164	8	27	338	401938	402876	1.08e-58	224
Query_1	1542965_JRFO01000007.1	42.724	323	164	8	27	338	1468145	1469083	1.08e-58	224
Query_1	1542965_JRFO01000007.1	33.436	326	185	8	30	338	2042507	2043439	2.57e-36	158
Query_1	101571_LOTP01000081.1	43.385	325	159	10	27	338	84012	84950	1.08e-58	224
Query_1	101571_LOTM01000064.1	43.385	325	159	10	27	338	95637	96575	1.09e-58	224
Query_1	101571_LOTM01000064.1	36.559	93	53	3	360	449	253351	253082	0.47	48.5
Query_1	101571_LOTM01000064.1	27.778	108	70	2	361	460	252248	251925	1.2	47.0
Query_1	101571_LOVG01000121.1	42.724	323	164	8	27	338	21093	22031	1.10e-58	224
Query_1	101571_LPLU01000098.1	42.724	323	164	8	27	338	64574	65512	1.11e-58	224
Query_1	101571_LPAX01000105.1	42.724	323	164	8	27	338	364904	365842	1.11e-58	224
Query_1	101571_LPJI01000007.1	42.724	323	164	8	27	338	105464	104526	1.11e-58	224
Query_1	101571_LPDZ01000071.1	42.724	323	164	8	27	338	13502	12564	1.12e-58	224
Query_1	292_CP013444.1	42.724	323	164	8	27	338	1558640	1557702	1.13e-58	224
Query_1	292_CP013444.1	33.436	326	185	8	30	338	2550674	2551606	1.42e-36	159
Query_1	292_CP013444.1	34.177	79	35	3	234	312	871145	871330	6.8	44.7
Query_1	101571_CP013447.1	42.724	323	164	8	27	338	1575807	1574869	1.13e-58	224
Query_1	101571_CP013447.1	33.436	326	185	8	30	338	2569699	2570631	1.42e-36	159
Query_1	101571_LPFJ01000026.1	42.724	323	164	8	27	338	52134	51196	1.13e-58	224
Query_1	101571_LPIA01000078.1	42.724	323	164	8	27	338	21098	22036	1.14e-58	224
Query_1	101571_MEBN01000136.1	42.724	323	164	8	27	338	53776	54714	1.14e-58	224
Query_1	101571_MEAZ01000090.1	42.724	323	164	8	27	338	65658	66596	1.15e-58	224
Query_1	101571_LOXH01000006.1	42.724	323	164	8	27	338	36464	35526	1.15e-58	224
Query_1	101571_MEAY01000008.1	42.724	323	164	8	27	338	92275	93213	1.15e-58	224
Query_1	101571_LPAV01000087.1	42.724	323	164	8	27	338	92259	93197	1.15e-58	224
Query_1	101571_MEBM01000013.1	42.724	323	164	8	27	338	64610	65548	1.15e-58	224
Query_1	101571_LPHK01000054.1	42.724	323	164	8	27	338	92956	93894	1.15e-58	224
Query_1	101571_LPKZ01000070.1	42.724	323	164	8	27	338	9261	10199	1.15e-58	224
Query_1	101571_LPHD01000143.1	42.724	323	164	8	27	338	78904	79842	1.15e-58	224
Query_1	101571_LPBA01000033.1	42.724	323	164	8	27	338	159764	158826	1.15e-58	224
Query_1	101571_LPAU01000148.1	42.724	323	164	8	27	338	160306	159368	1.15e-58	224
Query_1	101571_LPBZ01000002.1	42.724	323	164	8	27	338	160367	159429	1.15e-58	224
Query_1	101571_LPHV01000046.1	42.724	323	164	8	27	338	163545	162607	1.15e-58	224
Query_1	101571_LPBK01000001.1	42.724	323	164	8	27	338	21152	22090	1.15e-58	224
Query_1	101571_LOVH01000129.1	42.724	323	164	8	27	338	167465	166527	1.15e-58	224
Query_1	101571_LPDY01000084.1	42.724	323	164	8	27	338	53000	53938	1.15e-58	224
Query_1	101571_LPHR01000138.1	42.724	323	164	8	27	338	91634	92572	1.15e-58	224
Query_1	101571_MEBH01000008.1	42.724	323	164	8	27	338	2934	3872	1.15e-58	224
Query_1	101571_LPEK01000114.1	42.724	323	164	8	27	338	88563	89501	1.15e-58	224
Query_1	101571_LOXJ01000018.1	42.724	323	164	8	27	338	237724	236786	1.15e-58	224
Query_1	101571_LPLG01000027.1	42.724	323	164	8	27	338	158012	158950	1.15e-58	224
Query_1	101571_MEBF01000002.1	42.724	323	164	8	27	338	79815	80753	1.15e-58	224
Query_1	101571_LPBY01000022.1	42.724	323	164	8	27	338	78899	79837	1.15e-58	224
Query_1	101571_MEBL01000072.1	42.724	323	164	8	27	338	268746	269684	1.15e-58	224
Query_1	101571_LOTO01000019.1	43.385	325	159	10	27	338	48499	47561	1.16e-58	224
Query_1	101571_LOVU01000030.1	43.385	325	159	10	27	338	89714	90652	1.16e-58	224
Query_1	101571_LOVU01000030.1	36.559	93	53	3	360	449	234873	234604	0.49	48.5
Query_1	101571_LOVU01000030.1	27.778	108	70	2	361	460	233770	233447	1.2	47.0
Query_1	101571_LOUY01000079.1	43.385	325	159	10	27	338	89687	90625	1.16e-58	224
Query_1	101571_LOUY01000079.1	36.559	93	53	3	360	449	234907	234638	0.49	48.5
Query_1	101571_LOUY01000079.1	27.778	108	70	2	361	460	233804	233481	1.2	47.0
Query_1	101571_LOTL01000053.1	43.385	325	159	10	27	338	82936	83874	1.16e-58	224
Query_1	101571_LOTL01000053.1	37.634	93	52	3	360	449	226361	226092	0.20	49.7
Query_1	101571_LOTL01000053.1	27.778	108	70	2	361	460	225258	224935	1.2	47.0
Query_1	101571_LOTK01000067.1	43.385	325	159	10	27	338	538315	537377	1.17e-58	224
Query_1	101571_LOTK01000067.1	33.129	326	186	8	30	338	41576	40644	3.39e-36	157
Query_1	101571_LOTK01000067.1	36.559	93	53	3	360	449	398460	398729	0.47	48.5
Query_1	101571_LOTK01000067.1	27.778	108	70	2	361	460	399563	399886	1.2	47.0
Query_1	101571_LOTN01000071.1	43.385	325	159	10	27	338	538302	537364	1.17e-58	224
Query_1	101571_LOTN01000071.1	33.129	326	186	8	30	338	41575	40643	3.39e-36	157
Query_1	101571_LOTN01000071.1	36.559	93	53	3	360	449	398459	398728	0.47	48.5
Query_1	101571_LOTN01000071.1	27.778	108	70	2	361	460	399562	399885	1.2	47.0
Query_1	101571_LPHJ01000041.1	42.724	323	164	8	27	338	87880	88818	1.17e-58	224
Query_1	101571_LPMD01000004.1	42.724	323	164	8	27	338	52973	52035	1.17e-58	224
Query_1	101571_LPLY01000038.1	42.724	323	164	8	27	338	92039	92977	1.17e-58	224
Query_1	101571_LPLX01000100.1	42.724	323	164	8	27	338	52973	52035	1.17e-58	224
Query_1	101571_MECO01000010.1	42.724	323	164	8	27	338	264982	265920	1.18e-58	224
Query_1	101571_LPDR01000045.1	42.724	323	164	8	27	338	111416	110478	1.20e-58	224
Query_1	1249668_CP009486.1	42.724	323	164	8	27	338	2288023	2288961	1.20e-58	224
Query_1	1249668_CP009486.1	33.742	326	184	8	30	338	33050	33982	2.07e-37	161
Query_1	101571_LPDP01000101.1	42.105	323	166	8	27	338	19586	20524	1.22e-58	224
Query_1	101571_MTJZ01000012.1	43.385	325	159	10	27	338	235185	234247	1.22e-58	224
Query_1	101571_MTJZ01000012.1	37.634	93	52	3	360	449	76957	77226	0.14	50.1
Query_1	101571_MTJZ01000012.1	27.778	108	70	2	361	460	78060	78383	1.3	47.0
Query_1	101571_LOZM01000089.1	42.415	323	165	8	27	338	19524	20462	1.36e-58	223
Query_1	101571_LOTJ01000013.1	43.385	325	159	10	27	338	150826	151764	1.42e-58	223
Query_1	101571_LOTJ01000013.1	37.634	93	52	3	360	449	304901	304632	0.20	49.7
Query_1	101571_LOTJ01000013.1	27.778	108	70	2	361	460	303798	303475	1.2	47.0
Query_1	101571_LOTH01000035.1	43.385	325	159	10	27	338	150880	151818	1.42e-58	223
Query_1	101571_LOTH01000035.1	37.634	93	52	3	360	449	304955	304686	0.20	49.7
Query_1	101571_LOTH01000035.1	27.778	108	70	2	361	460	303852	303529	1.2	47.0
Query_1	101571_LOTF01000013.1	43.385	325	159	10	27	338	408999	408061	1.42e-58	223
Query_1	101571_LOTF01000013.1	37.634	93	52	3	360	449	254924	255193	0.20	49.7
Query_1	101571_LOTF01000013.1	27.778	108	70	2	361	460	256027	256350	1.2	47.0
Query_1	101571_LOTE01000049.1	43.385	325	159	10	27	338	408999	408061	1.42e-58	223
Query_1	101571_LOTE01000049.1	37.634	93	52	3	360	449	254924	255193	0.20	49.7
Query_1	101571_LOTE01000049.1	27.778	108	70	2	361	460	256027	256350	1.2	47.0
Query_1	101571_LOTD01000011.1	43.385	325	159	10	27	338	249464	250402	1.42e-58	223
Query_1	101571_LOTD01000011.1	37.634	93	52	3	360	449	403539	403270	0.20	49.7
Query_1	101571_LOTD01000011.1	27.778	108	70	2	361	460	402436	402113	1.2	47.0
Query_1	101571_CP013371.1	43.385	325	159	10	27	338	1673474	1674412	1.43e-58	223
Query_1	101571_CP013371.1	32.822	326	187	8	30	338	2234164	2235096	9.76e-37	159
Query_1	101571_CP013371.1	37.634	93	52	3	360	449	1827549	1827280	0.20	49.7
Query_1	101571_CP013371.1	27.778	108	70	2	361	460	1826446	1826123	1.2	47.0
Query_1	101571_LOVB01000066.1	42.105	323	166	8	27	338	81261	82199	1.46e-58	223
Query_1	101571_LOVP01000054.1	42.724	323	164	8	27	338	398	1336	1.58e-58	223
Query_1	101571_LPKW01000014.1	42.415	323	165	8	27	338	11667	12605	1.61e-58	223
Query_1	101571_LPKV01000031.1	42.415	323	165	8	27	338	11667	12605	1.61e-58	223
Query_1	101571_LPAA01000017.1	42.415	323	165	8	27	338	11667	12605	1.61e-58	223
Query_1	101571_LPGJ01000037.1	42.415	323	165	8	27	338	19765	20703	1.63e-58	223
Query_1	101571_MEBO01000015.1	42.415	323	165	8	27	338	84134	85072	1.63e-58	223
Query_1	101571_MECP01000002.1	42.415	323	165	8	27	338	11902	12840	1.64e-58	223
Query_1	101571_MECP01000002.1	38.202	89	50	2	360	445	150312	150052	0.050	51.6
Query_1	101571_MECP01000002.1	27.778	108	70	2	361	460	149207	148884	4.6	45.4
Query_1	101571_MEAT01000005.1	42.415	323	165	8	27	338	84128	85066	1.64e-58	223
Query_1	101571_MEAT01000005.1	38.202	89	50	2	360	445	222538	222278	0.050	51.6
Query_1	101571_MEAT01000005.1	27.778	108	70	2	361	460	221433	221110	4.6	45.4
Query_1	101571_LPFE01000006.1	42.724	323	164	8	27	338	157496	156558	1.68e-58	223
Query_1	101571_LPFE01000006.1	38.202	89	50	2	360	445	25009	25269	0.050	51.6
Query_1	101571_LPFE01000006.1	28.704	108	69	2	361	460	26114	26437	1.3	47.0
Query_1	101571_LPCA01000012.1	42.415	323	165	8	27	338	92387	93325	1.73e-58	223
Query_1	101571_LPCA01000012.1	38.202	89	50	2	360	445	229427	229167	0.050	51.6
Query_1	101571_LPCA01000012.1	27.778	108	70	2	361	460	228322	227999	4.6	45.4
Query_1	101571_LPMQ01000036.1	42.724	323	164	9	27	338	188955	188017	1.78e-58	223
Query_1	101571_MECN01000044.1	42.724	323	164	9	27	338	188794	187856	1.78e-58	223
Query_1	101571_LPMA01000034.1	42.724	323	164	9	27	338	109027	109965	1.78e-58	223
Query_1	101571_LPIW01000025.1	42.724	323	164	9	27	338	220476	219538	1.78e-58	223
Query_1	101571_LPIV01000068.1	42.724	323	164	9	27	338	220476	219538	1.78e-58	223
Query_1	101571_LPIU01000068.1	42.724	323	164	9	27	338	221454	220516	1.78e-58	223
Query_1	101571_LPDK01000043.1	42.724	323	164	9	27	338	188713	187775	1.78e-58	223
Query_1	101571_LPCX01000070.1	42.724	323	164	9	27	338	188713	187775	1.78e-58	223
Query_1	101571_LPDD01000064.1	42.724	323	164	9	27	338	188713	187775	1.78e-58	223
Query_1	101571_LPDF01000035.1	42.724	323	164	9	27	338	188717	187779	1.78e-58	223
Query_1	101571_LPCY01000061.1	42.724	323	164	9	27	338	188717	187779	1.78e-58	223
Query_1	101571_LPDE01000038.1	42.724	323	164	9	27	338	188969	188031	1.78e-58	223
Query_1	101571_LPIX01000105.1	42.724	323	164	9	27	338	222750	221812	1.78e-58	223
Query_1	101571_LPDC01000069.1	42.724	323	164	9	27	338	189824	188886	1.78e-58	223
Query_1	101571_CP013464.1	42.724	323	164	9	27	338	1731408	1732346	1.79e-58	223
Query_1	101571_CP013464.1	33.436	326	185	8	30	338	2293672	2294604	1.25e-36	159
Query_1	101571_LPCD01000043.1	42.415	323	165	8	27	338	768	1706	1.83e-58	223
Query_1	101571_LPCD01000043.1	38.202	89	50	2	360	445	136231	135971	0.051	51.6
Query_1	101571_LPCD01000043.1	27.778	108	70	2	361	460	135126	134803	4.6	45.4
Query_1	101571_LPLV01000048.1	42.415	323	165	8	27	338	246363	245425	2.22e-58	223
Query_1	101571_LPLV01000048.1	38.202	89	50	2	360	445	109932	110192	0.047	51.6
Query_1	101571_LPLV01000048.1	27.778	108	70	2	361	460	111037	111360	4.6	45.4
Query_1	101571_LPLW01000010.1	42.415	323	165	8	27	338	247068	246130	2.22e-58	223
Query_1	101571_LPLW01000010.1	38.202	89	50	2	360	445	110637	110897	0.047	51.6
Query_1	101571_LPLW01000010.1	27.778	108	70	2	361	460	111742	112065	4.6	45.4
