Query_1	566550_GG668036.1	100.000	414	0	0	1	414	1242	1	0.0	857
Query_1	154046_QSGX01000009.1	100.000	414	0	0	1	414	19047	20288	0.0	856
Query_1	2559709_SPHP01000003.1	99.758	414	1	0	1	414	20280	21521	0.0	855
Query_1	2559709_SPHP01000003.1	37.555	229	124	8	12	227	483738	484406	3.51e-26	125
Query_1	154046_CABJBJ010000001.1	99.517	414	2	0	1	414	250396	249155	0.0	853
Query_1	154046_QSDQ01000002.1	99.517	414	2	0	1	414	165714	164473	0.0	853
Query_1	154046_WNME01000002.1	99.517	414	2	0	1	414	165672	164431	0.0	852
Query_1	154046_CZAZ01000011.1	99.517	414	2	0	1	414	163986	162745	0.0	852
Query_1	154046_CABIXC010000015.1	90.821	414	38	0	1	414	68765	70006	0.0	788
Query_1	154046_QRQF01000057.1	90.821	414	38	0	1	414	1703	462	0.0	788
Query_1	154046_QSSQ01000062.1	90.821	414	38	0	1	414	1691	450	0.0	788
Query_1	154046_CYZE01000015.1	90.821	414	38	0	1	414	68765	70006	0.0	788
Query_1	999412_KB850951.1	90.580	414	39	0	1	414	1171428	1172669	0.0	788
Query_1	999412_KB850951.1	38.077	260	141	10	12	258	1756325	1757083	4.50e-27	128
Query_1	154046_DCJG01000065.1	90.821	414	38	0	1	414	23812	22571	0.0	788
Query_1	154046_QTJW01000003.1	90.580	414	39	0	1	414	189055	190296	0.0	787
Query_1	1232451_BAHY01000006.1	90.580	414	39	0	1	414	83308	84549	0.0	787
Query_1	154046_QSHY01000012.1	90.338	414	40	0	1	414	40869	39628	0.0	786
Query_1	154046_QSON01000015.1	90.338	414	40	0	1	414	35330	34089	0.0	786
Query_1	154046_QSRE01000011.1	90.338	414	40	0	1	414	35337	34096	0.0	786
Query_1	1096246_QJKD01000003.1	90.338	414	40	0	1	414	203643	202402	0.0	784
Query_1	2509240_SDKC01000001.1	66.184	414	140	0	1	414	3306412	3305171	0.0	579
Query_1	2509240_SDKC01000001.1	54.926	406	181	2	11	414	1639936	1638719	1.06e-141	460
Query_1	2509240_SDKC01000001.1	36.842	228	132	5	9	227	749637	748963	3.48e-32	143
Query_1	2509240_SDKC01000001.1	34.177	79	52	0	336	414	75577	75813	0.003	55.1
Query_1	592026_KI535369.1	65.459	414	143	0	1	414	76001	77242	0.0	573
Query_1	1122927_KB895418.1	61.298	416	159	2	1	414	362284	363531	1.08e-172	549
Query_1	1898203_DPWW01000064.1	60.817	416	161	2	1	414	2170	923	1.52e-170	542
Query_1	1898203_DNVK01000364.1	60.817	416	161	2	1	414	8969	10216	1.64e-170	542
Query_1	1898203_DOWG01000223.1	60.817	416	161	2	1	414	9554	8307	1.70e-170	542
Query_1	1898203_DNEK01000016.1	60.817	416	161	2	1	414	8800	10047	1.72e-170	542
Query_1	2302969_QVHI01000024.1	63.309	417	149	3	1	414	43350	42103	2.64e-170	542
Query_1	1432052_MEHA01000029.1	63.309	417	149	3	1	414	100050	98803	2.67e-170	542
Query_1	1432052_MEHD01000008.1	63.309	417	149	3	1	414	5870	7117	2.67e-170	542
Query_1	1432052_MEHE01000009.1	63.309	417	149	3	1	414	5947	7194	2.67e-170	542
Query_1	1806509_CZBC01000009.1	63.309	417	149	3	1	414	244508	243261	2.68e-170	542
Query_1	1432052_MEHC01000040.1	63.309	417	149	3	1	414	71616	72863	2.68e-170	542
Query_1	1432052_MPDJ01000006.1	63.309	417	149	3	1	414	353387	354634	3.35e-170	541
Query_1	1432052_MCGI01000001.1	63.309	417	149	3	1	414	80760	82007	3.36e-170	541
Query_1	1432052_MCGI01000001.1	30.404	421	230	18	13	400	1614470	1613298	1.38e-29	135
Query_1	2302968_QVHM01000074.1	63.070	417	150	3	1	414	8983	7736	1.77e-169	540
Query_1	2302967_QVHN01000052.1	63.070	417	150	3	1	414	21774	20527	1.81e-169	540
Query_1	1855376_FOPX01000013.1	63.070	417	150	3	1	414	200344	199097	1.87e-169	540
Query_1	1898203_CABMEL010000011.1	61.871	417	155	3	1	414	2803	1556	2.01e-169	539
Query_1	2292348_QUES01000011.1	61.871	417	155	3	1	414	2803	1556	2.01e-169	539
Query_1	1432052_MCGH01000005.1	63.070	417	150	3	1	414	71589	72836	2.04e-169	539
Query_1	1432052_MEHB01000011.1	62.830	417	151	3	1	414	206288	205041	3.08e-169	539
Query_1	1232455_BAHZ01000157.1	62.830	417	151	3	1	414	4764	3517	6.60e-169	538
Query_1	1432052_CABMHK010000050.1	62.830	417	151	3	1	414	86737	87984	6.91e-169	538
Query_1	1232458_BAIL02000050.1	62.830	417	151	3	1	414	86737	87984	6.91e-169	538
Query_1	1232456_BAIG01000004.1	62.830	417	151	3	1	414	86707	87954	6.91e-169	538
Query_1	658086_KE150408.1	62.830	417	151	3	1	414	737021	735774	6.95e-169	538
Query_1	1329795_CCYG01000300.1	62.830	417	151	3	1	414	24513	25760	6.99e-169	538
Query_1	1499688_CVRB01000003.1	59.135	416	168	2	1	414	743054	741807	4.03e-168	536
Query_1	238834_JAAMNH010000021.1	59.472	417	165	3	1	414	23142	21895	3.51e-167	533
Query_1	66219_DPVV01000613.1	59.233	417	166	3	1	414	6548	7795	6.63e-167	532
Query_1	1396_NUMG01000002.1	59.375	416	167	2	1	414	104704	105951	1.55e-165	528
Query_1	1396_NUMG01000002.1	31.193	109	57	4	97	203	128889	129167	0.002	55.5
Query_1	1396_NTYD01000009.1	59.375	416	167	2	1	414	74242	72995	1.55e-165	528
Query_1	1396_NTYD01000009.1	31.193	109	57	4	97	203	52528	52250	0.002	55.5
Query_1	1428_VEFL01000002.1	59.375	416	167	2	1	414	482648	481401	1.56e-165	528
Query_1	1428_VEFL01000002.1	31.193	109	57	4	97	203	460934	460656	0.002	55.5
Query_1	2033495_NUPZ01000026.1	59.135	416	168	2	1	414	77537	76290	6.96e-165	526
Query_1	2033495_NUPZ01000026.1	31.193	109	57	4	97	203	51767	51489	0.002	55.5
Query_1	1405_RXPJ01000001.1	58.654	416	170	2	1	414	909798	908551	1.40e-163	523
Query_1	1405_RXPJ01000001.1	28.440	109	60	4	97	203	151039	151317	0.068	50.8
Query_1	1423_VTQV01000007.1	58.513	417	170	3	1	414	58816	57566	9.58e-161	514
Query_1	1776382_CABKVV010000014.1	58.173	416	172	2	1	414	710883	709636	4.89e-160	512
Query_1	1776382_LT160640.1	58.173	416	172	2	1	414	710883	709636	4.89e-160	512
Query_1	1468_LVJF01000010.1	57.177	418	174	3	1	414	373308	374558	1.10e-159	511
Query_1	948756_FTNK01000002.1	57.177	418	174	3	1	414	444996	446246	1.10e-159	511
Query_1	1280671_AUJH01000008.1	57.212	416	176	2	1	414	3535	4782	2.82e-159	510
Query_1	1898203_VSOA01000275.1	57.074	417	174	4	1	414	3384	2140	3.86e-159	501
Query_1	1280664_KE384105.1	59.903	414	164	2	3	414	152969	151728	4.40e-159	509
Query_1	1280665_AUIY01000004.1	56.971	416	177	2	1	414	4274	5521	9.25e-159	509
Query_1	1776382_CABKVV010000010.1	60.337	416	163	2	1	414	124678	123431	2.62e-158	508
Query_1	1776382_LT160636.1	60.337	416	163	2	1	414	124678	123431	2.62e-158	508
Query_1	1898203_CABJAM010000001.1	57.554	417	172	4	1	414	245087	246331	8.63e-158	506
Query_1	1898203_CABJAM010000001.1	50.240	416	205	2	1	414	621659	622906	9.47e-131	428
Query_1	1898203_CABJAM010000001.1	42.718	412	221	8	5	407	256049	257266	1.18e-82	290
Query_1	1898203_CABJAM010000001.1	32.571	350	210	7	11	345	257558	258574	4.11e-36	155
Query_1	1898203_CABJAM010000001.1	31.492	362	223	11	30	378	393775	394824	4.85e-31	140
Query_1	1898203_CABJAM010000001.1	40.000	230	124	6	15	233	1220256	1220936	2.25e-30	138
Query_1	1410611_JNKH01000043.1	58.173	416	172	2	1	414	9903	11150	3.20e-157	504
Query_1	1898203_CABJAM010000007.1	58.072	415	173	1	1	414	419170	417926	1.19e-156	503
Query_1	1280676_AUJO01000013.1	57.692	416	174	2	1	414	113387	112140	1.28e-156	503
Query_1	1280676_AUJO01000013.1	30.702	342	186	13	30	345	91734	92684	2.19e-26	126
Query_1	1280678_AUJP01000008.1	57.692	416	174	2	1	414	15583	16830	1.28e-156	503
Query_1	1280678_AUJP01000008.1	32.249	338	186	14	30	345	37207	36257	5.93e-27	127
Query_1	1536775_CP009279.1	58.554	415	170	2	2	414	693104	691860	3.95e-156	501
Query_1	1536775_CP009279.1	34.492	374	213	14	11	370	4767807	4766740	1.55e-43	176
Query_1	1536775_CP009279.1	28.070	114	73	4	90	203	2169916	2170230	0.005	54.3
Query_1	1536775_CP009279.1	28.571	112	66	3	92	203	3378013	3378306	5.7	44.7
Query_1	1720294_LT969517.1	57.108	415	176	2	1	414	853682	854923	5.48e-156	501
Query_1	1720294_LT969517.1	32.331	266	158	7	8	269	2667926	2668669	4.45e-29	134
Query_1	1720294_LT969517.1	36.607	224	127	6	13	228	964869	965519	4.49e-29	134
Query_1	2607754_VTZR01000003.1	59.506	405	163	1	11	414	151697	150483	6.48e-156	501
Query_1	1232457_BAIJ02000028.1	57.108	415	176	2	1	414	79317	80558	6.80e-156	501
Query_1	1280680_AUJU01000007.1	57.692	416	174	2	1	414	9905	11152	6.81e-156	501
Query_1	1720294_QVLU01000004.1	57.108	415	176	2	1	414	200319	199078	6.82e-156	501
Query_1	1720294_QVLU01000004.1	36.607	224	127	7	13	228	67623	66973	1.31e-27	129
Query_1	1898203_CABOGJ010000001.1	57.108	415	176	2	1	414	465872	467113	6.83e-156	501
Query_1	1898203_CABOGJ010000001.1	36.607	224	127	6	13	228	591230	591880	4.40e-29	134
Query_1	1720294_QVLV01000001.1	57.108	415	176	2	1	414	465872	467113	6.83e-156	501
Query_1	1720294_QVLV01000001.1	36.607	224	127	6	13	228	591230	591880	4.40e-29	134
Query_1	1280673_AUJJ01000008.1	57.729	414	173	2	3	414	15755	16996	1.15e-155	500
Query_1	1280673_AUJJ01000008.1	32.249	338	186	14	30	345	37372	36422	5.92e-27	127
Query_1	2320887_QZDS01000026.1	57.933	416	172	3	1	414	56527	55283	2.46e-155	499
Query_1	2320884_QZFS01000046.1	57.933	416	172	3	1	414	56527	55283	2.46e-155	499
Query_1	1226325_KE992695.1	56.867	415	177	2	1	414	28714	29955	4.90e-155	498
Query_1	1280672_KE384142.1	57.005	414	176	2	3	414	13783	15024	9.00e-155	497
Query_1	2698834_JAABNN010000014.1	57.212	416	176	2	1	414	42972	41725	1.43e-154	497
Query_1	154046_CABLBO010000096.1	57.933	416	173	2	1	414	28784	30031	2.40e-154	496
Query_1	742737_JH379028.1	57.933	416	173	2	1	414	304368	305615	2.43e-154	496
Query_1	742737_CP040506.1	57.933	416	173	2	1	414	1508931	1507684	2.43e-154	496
Query_1	742737_CP040506.1	33.091	275	169	6	10	271	378918	379736	4.46e-27	128
Query_1	1520809_FOER01000031.1	57.108	415	175	3	3	414	19887	21131	4.26e-154	495
Query_1	1642570_LAZU01000026.1	59.360	406	163	2	11	414	75241	74024	5.36e-154	495
Query_1	831_CM009897.1	56.627	415	177	3	3	414	250333	251577	7.57e-154	494
Query_1	189426_MPTD01000034.1	58.072	415	172	2	2	414	21761	20517	7.84e-154	494
Query_1	831_FOGJ01000021.1	57.108	415	175	3	3	414	19292	20536	8.71e-154	494
Query_1	189426_MPTW01000014.1	57.831	415	173	2	2	414	14168	15412	9.26e-154	494
Query_1	2292287_QSCM01000005.1	57.590	415	175	1	1	414	172835	174079	1.69e-153	494
Query_1	1898204_CABMER010000005.1	57.590	415	175	1	1	414	172835	174079	1.69e-153	494
Query_1	2048667_FXYJ02000005.1	58.173	416	172	2	1	414	129518	128271	7.25e-153	492
Query_1	301302_RQDJ01000273.1	55.556	405	177	2	11	414	162	1370	1.27e-152	467
Query_1	1898203_VSNO01000015.1	57.314	417	173	4	1	414	14111	12867	1.46e-152	491
Query_1	1898203_DLZQ01000055.1	55.037	407	182	1	9	414	76871	75651	1.60e-152	491
Query_1	1879010_CABIXE010000015.1	54.791	407	183	1	9	414	77448	78668	2.38e-152	490
Query_1	1986222_NFUX01000027.1	57.108	415	176	2	2	414	12884	14128	2.59e-152	490
Query_1	2292899_QUKX01000018.1	54.791	407	183	1	9	414	60042	61262	2.62e-152	490
Query_1	2044939_RPVV01000011.1	54.791	407	183	1	9	414	315	1535	3.92e-152	489
Query_1	2292887_QUFW01000012.1	54.791	407	183	1	9	414	23493	24713	4.21e-152	489
Query_1	2293011_QUEC01000003.1	54.791	407	183	1	9	414	136715	135495	4.24e-152	489
Query_1	2109691_AP018536.1	54.791	407	183	1	9	414	939069	940289	4.25e-152	489
Query_1	2292897_QUEU01000029.1	54.791	407	183	1	9	414	29056	30276	4.34e-152	489
Query_1	1986223_NFVA01000038.1	56.867	415	177	2	2	414	10880	12124	1.01e-151	488
Query_1	2320100_RAYQ01000009.1	55.396	417	181	4	1	414	85995	84751	3.67e-151	487
Query_1	1879010_NAJW01000011.1	56.386	415	169	5	1	408	44847	46076	4.60e-151	487
Query_1	2320081_RAZF01000017.1	58.273	417	171	3	1	414	49328	48078	7.64e-151	486
Query_1	1898203_VSNX01000435.1	52.163	416	196	3	1	414	1552	308	7.66e-151	466
Query_1	40518_SFJY01000015.1	56.311	412	174	4	1	408	7477	8706	1.08e-150	486
Query_1	1898203_VSNQ01000002.1	55.448	413	181	3	4	414	360	1595	1.90e-150	485
Query_1	1898205_DQDJ01000107.1	56.068	412	175	4	1	408	9269	8040	1.92e-150	485
Query_1	1898203_CABKSG010000005.1	55.450	422	178	5	1	414	28463	27204	3.31e-150	484
Query_1	1078090_KE150439.1	55.450	422	178	5	1	414	28463	27204	3.31e-150	484
Query_1	658088_GL890576.1	55.450	422	178	5	1	414	30436	29177	3.32e-150	484
Query_1	40518_SFHL01000043.1	57.073	410	172	3	1	408	12474	13697	4.50e-150	484
Query_1	1898205_DNFF01000037.1	56.068	412	175	4	1	408	23127	21898	9.80e-150	483
Query_1	2320879_QZDT01000008.1	55.981	418	177	5	1	414	68198	66954	6.23e-149	481
Query_1	154046_CZAZ01000013.1	53.075	439	179	3	1	414	129730	128420	1.89e-148	479
Query_1	154046_WNME01000005.1	53.075	439	179	3	1	414	208144	206834	1.90e-148	479
Query_1	100884_QSVJ01000019.1	55.769	416	182	2	1	414	20736	21983	3.34e-148	478
Query_1	100884_QSVJ01000019.1	30.476	105	59	3	99	203	25064	25336	0.98	47.0
Query_1	100884_QSVG01000020.1	55.769	416	182	2	1	414	20901	22148	3.34e-148	478
Query_1	100884_QSVG01000020.1	30.476	105	59	3	99	203	25229	25501	0.98	47.0
Query_1	100884_QSCY01000018.1	55.769	416	182	2	1	414	40317	39070	3.35e-148	478
Query_1	100884_QSCY01000018.1	30.476	105	59	3	99	203	35989	35717	0.98	47.0
Query_1	100884_CABKQT010000002.1	55.769	416	182	2	1	414	335357	336604	3.39e-148	478
Query_1	100884_CABKQT010000002.1	30.476	105	59	3	99	203	339685	339957	0.99	47.0
Query_1	100884_AKCB01000002.1	55.769	416	182	2	1	414	335357	336604	3.39e-148	478
Query_1	100884_AKCB01000002.1	30.476	105	59	3	99	203	339685	339957	0.99	47.0
Query_1	100884_GL636578.1	55.769	416	182	2	1	414	355886	357133	3.39e-148	478
Query_1	100884_GL636578.1	30.476	105	59	3	99	203	360215	360487	0.99	47.0
Query_1	100884_WSNW01000001.1	55.769	416	182	2	1	414	486262	485015	3.39e-148	478
Query_1	100884_WSNW01000001.1	30.476	105	59	3	99	203	481934	481662	0.99	47.0
Query_1	1150298_RQBE01000154.1	55.419	406	179	2	11	414	2492	3709	1.38e-147	463
Query_1	1469950_JMLZ01000002.1	55.690	413	180	3	4	414	966027	967262	1.44e-147	476
Query_1	1469950_JMLZ01000002.1	28.696	115	65	3	90	203	968966	969262	0.21	49.3
Query_1	1879010_CABJAN010000008.1	54.831	414	182	4	1	411	73219	71984	1.90e-146	473
Query_1	1150298_RPYU01000014.1	55.556	405	178	2	12	414	357	1571	1.05e-145	462
Query_1	2364793_LR130577.1	55.147	408	179	3	9	414	119629	118412	1.17e-145	471
Query_1	2292960_QUGQ01000036.1	55.556	405	177	2	11	414	7321	6113	1.47e-144	468
Query_1	2292962_QUGO01000009.1	55.556	405	177	2	11	414	175963	177171	1.57e-144	468
Query_1	2292962_QUGO01000009.1	54.567	416	184	4	1	414	93276	94514	1.97e-136	444
Query_1	1150298_CYYV01000008.1	55.556	405	177	2	11	414	3116	1908	1.57e-144	468
Query_1	1150298_CYYV01000008.1	54.567	416	184	4	1	414	97674	96436	1.97e-136	444
Query_1	2292967_QTVL01000005.1	55.556	405	177	2	11	414	90237	89029	1.57e-144	468
Query_1	2292967_QTVL01000005.1	54.567	416	184	4	1	414	181686	180448	5.43e-136	443
Query_1	418240_RPTV01000161.1	55.556	405	177	2	11	414	4339	5547	1.70e-144	467
Query_1	418240_RPZG01000246.1	55.556	405	177	2	11	414	2628	1420	2.33e-144	467
Query_1	1898203_DQBW01000034.1	55.288	416	181	4	1	414	6349	5111	2.56e-144	467
Query_1	2292980_QTVR01000003.1	55.288	416	181	4	1	414	90533	91771	2.67e-144	467
Query_1	2292989_QUKF01000042.1	55.556	405	177	2	11	414	2712	1504	2.70e-144	467
Query_1	2292959_QUGU01000031.1	55.556	405	177	2	11	414	5307	6515	2.91e-144	467
Query_1	2292988_QUKG01000034.1	55.556	405	177	2	11	414	2709	1501	2.94e-144	467
Query_1	2292984_QULD01000020.1	55.556	405	177	2	11	414	6104	4896	2.95e-144	467
Query_1	2292983_QULI01000034.1	55.556	405	177	2	11	414	9977	11185	3.00e-144	467
Query_1	2292975_QUJD01000032.1	55.556	405	177	2	11	414	4488	3280	3.01e-144	467
Query_1	1898203_DQBW01000072.1	55.556	405	177	2	11	414	19299	20507	3.09e-144	467
Query_1	1150298_RPUA01000089.1	55.556	405	177	2	11	414	2693	1485	3.11e-144	467
Query_1	1150298_RPZT01000052.1	55.556	405	177	2	11	414	2787	1579	3.17e-144	467
Query_1	2292981_QUMG01000016.1	55.556	405	177	2	11	414	98195	99403	3.19e-144	467
Query_1	2292981_QUMG01000016.1	54.567	416	184	4	1	414	9077	10315	5.40e-136	443
Query_1	2292973_QUJK01000006.1	55.556	405	177	2	11	414	7921	6713	3.20e-144	467
Query_1	2292973_QUJK01000006.1	54.567	416	184	4	1	414	97095	95857	5.42e-136	443
Query_1	2292974_QTYM01000005.1	55.556	405	177	2	11	414	7927	6719	3.20e-144	467
Query_1	2292974_QTYM01000005.1	54.567	416	184	4	1	414	97101	95863	5.42e-136	443
Query_1	1150298_CABJFB010000005.1	55.556	405	177	2	11	414	7927	6719	3.20e-144	467
Query_1	1150298_CABJFB010000005.1	54.567	416	184	4	1	414	97101	95863	5.42e-136	443
Query_1	2292972_QUJP01000005.1	55.556	405	177	2	11	414	7927	6719	3.20e-144	467
Query_1	2292972_QUJP01000005.1	54.567	416	184	4	1	414	97101	95863	5.42e-136	443
Query_1	2292986_QUKM01000002.1	55.556	405	177	2	11	414	322230	321022	3.21e-144	467
Query_1	2292979_QUHY01000001.1	55.556	405	177	2	11	414	171403	172611	3.50e-144	467
Query_1	2292979_QUHY01000001.1	54.567	416	184	4	1	414	89016	90254	5.43e-136	443
Query_1	2292976_QUIM01000003.1	55.288	416	181	4	1	414	83293	84531	4.37e-144	466
Query_1	2292971_QTUL01000023.1	55.556	405	177	2	11	414	9550	10758	4.54e-144	466
Query_1	1150298_CZAL01000010.1	55.288	416	181	4	1	414	73814	75052	4.66e-144	466
Query_1	2292966_QTWD01000002.1	55.556	405	177	2	11	414	194424	195632	5.41e-144	466
Query_1	2292966_QTWD01000002.1	54.567	416	184	4	1	414	101611	102849	5.44e-136	443
Query_1	1150298_CZAL01000036.1	55.556	405	177	2	11	414	7000	8208	5.71e-144	466
Query_1	1150298_RPXV01000059.1	55.419	406	179	2	11	414	3313	2096	6.80e-144	462
Query_1	2292968_QUED01000046.1	55.556	405	177	2	11	414	5196	6404	6.99e-144	466
Query_1	1150298_RPXM01000126.1	55.419	406	179	2	11	414	3354	2137	1.19e-143	462
Query_1	1150298_RPXM01000200.1	55.309	405	178	2	11	414	2696	1488	1.22e-143	465
Query_1	1150298_RPXA01000041.1	55.309	405	178	2	11	414	3002	1794	1.22e-143	465
Query_1	515622_CP001810.1	54.126	412	187	2	5	414	1040239	1041474	1.30e-143	465
Query_1	515622_CP001810.1	32.047	337	187	14	15	326	403619	402660	1.39e-27	129
Query_1	515622_CP001810.1	31.894	301	163	12	8	277	2150714	2149845	1.28e-21	112
Query_1	2292968_QUED01000024.1	55.665	406	178	2	11	414	24309	23092	3.03e-143	464
Query_1	1150298_CZBB01000010.1	55.309	405	178	2	11	414	4552	3344	3.11e-143	464
Query_1	1150298_CZBB01000010.1	54.567	416	184	4	1	414	94025	92787	9.38e-142	460
Query_1	1150298_RQBB01000177.1	55.665	406	178	2	11	414	8183	6966	3.19e-143	464
Query_1	1150298_RPYL01000031.1	55.419	406	179	2	11	414	4821	3604	3.23e-143	460
Query_1	1150298_RQAO01000043.1	55.665	406	178	2	11	414	16143	14926	3.26e-143	464
Query_1	1150298_RPZZ01000083.1	55.665	406	178	2	11	414	11446	12663	3.30e-143	464
Query_1	2292986_QUKM01000020.1	55.665	406	178	2	11	414	1804	3021	3.32e-143	464
Query_1	2292988_QUKG01000023.1	55.665	406	178	2	11	414	1936	3153	3.32e-143	464
Query_1	2292989_QUKF01000023.1	55.665	406	178	2	11	414	1936	3153	3.32e-143	464
Query_1	2292967_QTVL01000017.1	55.665	406	178	2	11	414	37565	36348	3.34e-143	464
Query_1	2292990_QUJZ01000021.1	55.665	406	178	2	11	414	32896	34113	3.35e-143	464
Query_1	2292980_QTVR01000006.1	55.665	406	178	2	11	414	156612	155395	3.37e-143	464
Query_1	2292958_QUHK01000004.1	55.665	406	178	2	11	414	135299	136516	3.37e-143	464
Query_1	2292983_QULI01000006.1	55.665	406	178	2	11	414	82721	81504	3.37e-143	464
Query_1	2292984_QULD01000004.1	55.665	406	178	2	11	414	145756	144539	3.38e-143	464
Query_1	2292971_QTUL01000014.1	55.048	416	182	4	1	414	13193	14431	4.06e-143	464
Query_1	1658109_LN852694.1	51.442	416	200	2	1	414	157007	158254	4.31e-143	464
Query_1	2292979_QUHY01000011.1	55.665	406	178	2	11	414	35985	37202	5.66e-143	463
Query_1	1150298_RPZC01000007.1	55.048	416	182	4	1	414	80879	82117	6.34e-143	463
Query_1	1150298_RPZL01000020.1	55.048	416	182	4	1	414	80879	82117	6.34e-143	463
Query_1	1150298_RPZT01000038.1	55.048	416	182	4	1	414	80879	82117	6.34e-143	463
Query_1	1150298_RPYC01000062.1	55.665	406	178	2	11	414	4364	5581	6.95e-143	463
Query_1	1150298_CYYV01000001.1	55.419	406	179	2	11	414	81044	79827	7.24e-143	463
Query_1	2292966_QTWD01000003.1	55.419	406	179	2	11	414	240155	238938	8.86e-143	463
Query_1	2292966_QTWD01000003.1	42.995	207	103	7	30	226	23175	22570	5.17e-33	145
Query_1	1150298_RPSS01000022.1	55.419	406	179	2	11	414	4514	5731	9.18e-143	462
Query_1	1150298_RPTM01000031.1	55.419	406	179	2	11	414	11402	12619	9.35e-143	462
Query_1	1408431_KK211284.1	54.126	412	187	2	5	414	29317	30552	9.40e-143	463
Query_1	1150298_RPTB01000080.1	55.419	406	179	2	11	414	32498	33715	9.59e-143	462
Query_1	1898203_DQBW01000089.1	55.419	406	179	2	11	414	10173	11390	9.75e-143	462
Query_1	2292971_QTUL01000020.1	55.419	406	179	2	11	414	32517	33734	9.90e-143	462
Query_1	2292960_QUGQ01000028.1	55.419	406	179	2	11	414	32822	34039	9.91e-143	462
Query_1	2292962_QUGO01000014.1	55.419	406	179	2	11	414	33105	34322	1.01e-142	462
Query_1	2292959_QUGU01000013.1	55.419	406	179	2	11	414	32081	33298	1.01e-142	462
Query_1	2292974_QTYM01000004.1	55.419	406	179	2	11	414	110796	109579	1.01e-142	462
Query_1	2292973_QUJK01000004.1	55.419	406	179	2	11	414	110951	109734	1.01e-142	462
Query_1	1150298_CABJFB010000004.1	55.419	406	179	2	11	414	111222	110005	1.01e-142	462
Query_1	2292972_QUJP01000004.1	55.419	406	179	2	11	414	111222	110005	1.01e-142	462
Query_1	1150298_RPXA01000090.1	55.419	406	179	2	11	414	3443	2226	1.02e-142	462
Query_1	2292982_QUMA01000017.1	55.419	406	179	2	11	414	32297	33514	1.10e-142	462
Query_1	1150298_CZAL01000014.1	55.419	406	179	2	11	414	86012	84795	1.25e-142	462
Query_1	1150298_CZBB01000011.1	55.419	406	179	2	11	414	67091	65874	1.25e-142	462
Query_1	1150298_RPUN01000108.1	55.419	406	179	2	11	414	15772	16989	1.29e-142	462
Query_1	1150298_RPUA01000112.1	55.419	406	179	2	11	414	28654	29871	1.30e-142	462
Query_1	1150298_RPTS01000039.1	55.419	406	179	2	11	414	33636	34853	1.31e-142	462
Query_1	2292975_QUJD01000019.1	55.419	406	179	2	11	414	1815	3032	1.32e-142	462
Query_1	2292981_QUMG01000002.1	55.419	406	179	2	11	414	161480	162697	1.33e-142	462
Query_1	2292976_QUIM01000008.1	55.419	406	179	2	11	414	68174	66957	2.03e-142	462
Query_1	2109334_PXXN02000009.1	54.926	406	181	2	11	414	50705	49488	2.14e-142	462
Query_1	1499684_LM994670.1	51.559	417	199	3	1	414	2028215	2026965	5.05e-142	461
Query_1	1150298_RPZC01000067.1	55.172	406	180	2	11	414	16623	15406	5.17e-142	461
Query_1	1150298_RPZL01000047.1	55.172	406	180	2	11	414	1893	3110	5.23e-142	461
Query_1	1150298_RPZT01000011.1	55.172	406	180	2	11	414	23385	22168	5.25e-142	461
Query_1	2606633_VUMS01000042.1	54.680	406	182	2	11	414	13203	11986	6.46e-142	460
Query_1	2292963_QUGJ01000019.1	54.680	406	182	2	11	414	26684	25467	6.93e-142	460
Query_1	84024_CABIXQ010000017.1	51.559	417	199	3	1	414	35032	36282	9.89e-142	460
Query_1	84024_CYZX01000017.1	51.559	417	199	3	1	414	35032	36282	9.89e-142	460
Query_1	2292978_QUHZ01000058.1	54.680	406	182	2	11	414	314	1531	1.05e-141	460
Query_1	2292977_QUIA01000050.1	54.680	406	182	2	11	414	350	1567	1.05e-141	460
Query_1	2292965_QUFQ01000029.1	54.680	406	182	2	11	414	41839	40622	1.07e-141	460
Query_1	2292969_QTUS01000023.1	54.680	406	182	2	11	414	56728	55511	1.08e-141	460
Query_1	1898203_CABOGS010000008.1	54.680	406	182	2	11	414	84435	85652	1.09e-141	460
Query_1	2292987_QUKH01000008.1	54.680	406	182	2	11	414	84435	85652	1.09e-141	460
Query_1	2292970_QUCK01000016.1	54.433	406	183	2	11	414	75333	74116	1.91e-141	459
Query_1	1898207_QAKT01000003.1	56.835	417	175	5	1	414	7655	8899	3.02e-141	458
Query_1	2292964_QUFX01000002.1	54.187	406	184	2	11	414	17272	16055	1.25e-140	457
Query_1	2292046_QUEE01000007.1	54.524	420	181	5	1	414	159531	160778	4.38e-140	455
Query_1	1898203_CABJDB010000007.1	54.524	420	181	5	1	414	159531	160778	4.38e-140	455
Query_1	1150298_RQAO01000249.1	54.567	416	184	4	1	414	2852	4090	8.73e-139	443
Query_1	2292888_QUDT01000014.1	52.998	417	190	5	4	414	89533	88283	2.53e-137	447
Query_1	2292885_QTXI01000003.1	52.998	417	190	5	4	414	182777	184027	2.55e-137	447
Query_1	1879010_NAJX01000018.1	52.644	416	191	5	5	414	271256	272503	1.07e-136	445
Query_1	1898203_RYWE01000159.1	54.567	416	183	5	1	413	8704	7466	1.22e-136	445
Query_1	1898203_RYWE01000159.1	58.997	339	134	4	1	337	6264	7271	2.90e-120	398
Query_1	1898203_DOUN01000018.1	52.143	420	189	5	4	414	5944	4694	1.23e-136	444
Query_1	1150298_RQBE01000323.1	54.567	416	184	4	1	414	4404	5642	1.83e-136	442
Query_1	2292990_QUJZ01000010.1	54.567	416	184	4	1	414	84120	82882	1.97e-136	444
Query_1	1898203_DPDJ01000044.1	52.758	417	191	5	4	414	14838	13588	3.57e-136	444
Query_1	2292898_QUKC01000010.1	52.998	417	190	5	4	414	123148	121898	3.97e-136	444
Query_1	1898204_CABOHD010000010.1	52.998	417	190	5	4	414	123148	121898	3.97e-136	444
Query_1	1898203_DOJY01000222.1	54.567	416	184	4	1	414	4391	5629	4.98e-136	443
Query_1	1150298_RQBB01000081.1	54.567	416	184	4	1	414	2096	3334	5.01e-136	443
Query_1	1150298_RPXM01000121.1	54.567	416	184	4	1	414	16407	17645	5.25e-136	443
Query_1	1150298_RPSS01000101.1	54.567	416	184	4	1	414	12065	13303	5.34e-136	443
Query_1	1150298_RPTM01000079.1	54.567	416	184	4	1	414	35341	34103	5.38e-136	443
Query_1	1150298_RPXA01000109.1	54.567	416	184	4	1	414	81046	82284	5.39e-136	443
Query_1	1150298_RPXV01000110.1	54.567	416	184	4	1	414	81046	82284	5.39e-136	443
Query_1	2292959_QUGU01000016.1	54.567	416	184	4	1	414	83892	82654	5.39e-136	443
Query_1	2292975_QUJD01000017.1	54.567	416	184	4	1	414	9299	10537	5.39e-136	443
Query_1	2292960_QUGQ01000007.1	54.567	416	184	4	1	414	73207	71969	5.42e-136	443
Query_1	2292989_QUKF01000004.1	54.567	416	184	4	1	414	93033	94271	5.42e-136	443
Query_1	2292988_QUKG01000006.1	54.567	416	184	4	1	414	93031	94269	5.42e-136	443
Query_1	2292986_QUKM01000007.1	54.567	416	184	4	1	414	92726	93964	5.42e-136	443
Query_1	2292982_QUMA01000007.1	54.567	416	184	4	1	414	73340	72102	5.42e-136	443
Query_1	2292958_QUHK01000006.1	54.567	416	184	4	1	414	150862	149624	5.42e-136	443
Query_1	2292968_QUED01000005.1	54.567	416	184	4	1	414	100499	101737	5.42e-136	443
Query_1	2292984_QULD01000002.1	54.567	416	184	4	1	414	299880	301118	5.44e-136	443
Query_1	2292983_QULI01000001.1	54.567	416	184	4	1	414	339352	340590	5.44e-136	443
Query_1	1898203_CABJAW010000008.1	54.567	416	186	3	1	414	115574	114330	8.95e-136	442
Query_1	1150298_RPYU01000033.1	54.478	402	178	4	1	400	1202	6	9.65e-136	442
Query_1	1150298_RPZZ01000301.1	54.327	416	185	4	1	414	8255	9493	1.12e-135	442
Query_1	1898203_DPBT01000050.1	51.905	420	190	5	4	414	5643	4393	6.49e-135	440
Query_1	2583452_AP019711.1	50.121	413	197	6	1	408	42934	44160	7.96e-135	440
Query_1	1879010_NANN01000001.1	49.642	419	202	6	1	414	18070	16826	1.10e-134	439
Query_1	1671597_AP019695.1	49.642	419	202	6	1	414	2759679	2760923	1.10e-134	439
Query_1	2292044_QUCT01000027.1	49.642	419	202	6	1	414	14135	12891	1.29e-134	439
Query_1	2292045_QUCR01000026.1	49.642	419	202	6	1	414	18955	20199	1.29e-134	439
Query_1	2049045_CABJES010000026.1	49.642	419	202	6	1	414	18955	20199	1.29e-134	439
Query_1	2291992_QUCU01000007.1	49.642	419	202	6	1	414	18819	20063	1.30e-134	439
Query_1	2058290_LS990884.1	49.403	419	203	6	1	414	1415403	1414159	9.77e-134	437
Query_1	2058290_LS990884.1	47.273	55	28	1	12	65	1331635	1331471	0.037	51.6
Query_1	1898205_CADBKF010000008.1	52.475	404	187	4	12	413	31139	32341	9.25e-133	434
Query_1	1898205_CADBKF010000008.1	33.634	333	200	11	8	328	24531	23560	8.13e-33	145
Query_1	2320100_RAYQ01000023.1	51.790	419	196	5	1	414	43067	41814	4.39e-132	432
Query_1	2320100_RAYQ01000023.1	49.633	409	202	4	1	406	56258	55035	6.13e-116	385
Query_1	1898205_CACYHB010000025.1	52.475	404	187	4	12	413	1064	2266	1.44e-131	431
Query_1	1898205_CADACA010000049.1	52.475	404	187	4	12	413	7706	6504	1.93e-131	430
Query_1	1898203_SFGF01000031.1	52.451	408	187	5	9	413	37201	35990	2.38e-130	427
Query_1	1898205_CACZGT010000062.1	52.475	404	187	4	12	413	11595	10393	1.19e-129	425
Query_1	1898205_CACYFA010000002.1	51.733	404	190	4	12	413	166410	167612	1.73e-129	425
Query_1	1898205_CACYFA010000002.1	40.851	235	122	7	8	228	160045	159350	2.96e-33	146
Query_1	1879010_WQTQ01000156.1	64.516	310	106	3	1	309	10211	11131	3.69e-129	424
Query_1	2044939_RZZF01000243.1	50.602	415	192	6	7	409	826	2067	8.33e-128	407
Query_1	2320112_RAZA01000006.1	53.301	409	178	7	12	413	38468	39676	5.54e-127	417
Query_1	1965569_NFKT01000002.1	51.654	393	187	2	12	404	103020	104189	4.90e-126	415
Query_1	1150298_RPYC01000314.1	57.265	351	145	4	1	349	4797	5840	1.04e-125	412
Query_1	1898203_DQDF01000163.1	49.268	410	202	5	1	407	1123	2343	1.73e-125	413
Query_1	1715004_KV441282.1	49.268	410	202	5	1	407	27949	26729	1.79e-125	413
Query_1	2320100_RAYQ01000003.1	49.024	410	204	5	1	407	46110	44887	2.17e-125	413
Query_1	1898205_CACZON010000113.1	49.161	417	209	3	1	414	1913	663	2.77e-125	412
Query_1	1898203_CABJDG010000001.1	49.268	410	202	5	1	407	81828	83048	2.80e-125	412
Query_1	2292181_QUFP01000001.1	49.268	410	202	5	1	407	81828	83048	2.80e-125	412
Query_1	1898203_VSOD01000101.1	48.926	419	203	7	1	413	1245	2486	4.47e-125	412
Query_1	1898207_VSNC01000200.1	50.483	414	190	5	3	414	3981	2779	5.26e-124	402
Query_1	1150298_RPUA01000062.1	55.733	375	161	4	1	373	6715	7830	5.30e-124	409
Query_1	1150298_RPYL01000258.1	57.514	346	142	4	1	344	5500	6528	9.52e-124	408
Query_1	2086273_PSQF01000100.1	52.812	409	184	8	1	406	4294	5502	1.60e-123	407
Query_1	1898203_DNJV01000035.1	49.279	416	206	4	1	414	15367	14129	1.91e-123	407
Query_1	1898205_DPDU01000111.1	53.266	398	178	7	11	406	7847	6672	5.45e-123	406
Query_1	853_QVEQ01000002.1	52.029	419	181	6	1	413	32215	33429	8.22e-123	405
Query_1	853_QVEQ01000002.1	32.915	319	193	11	15	318	357602	356664	2.06e-29	135
Query_1	853_QVFA01000001.1	51.659	422	178	6	1	413	17328	18542	1.44e-122	405
Query_1	1898205_CADBKO010000007.1	51.100	409	194	4	8	414	91826	93040	1.50e-122	405
Query_1	1898203_QXWO01000072.1	48.744	398	200	4	12	407	10875	12062	1.65e-122	404
Query_1	853_CABVEO010000001.1	51.896	422	177	6	1	413	1370343	1371557	2.18e-122	404
Query_1	853_CABVEO010000001.1	33.542	319	191	11	15	318	1733830	1732892	3.13e-30	137
Query_1	853_QVFC01000002.1	51.659	422	178	6	1	413	435482	434268	2.49e-122	404
Query_1	853_QVFC01000002.1	33.229	319	192	11	15	318	113886	114824	1.25e-27	129
Query_1	853_QVEZ01000016.1	51.422	422	179	6	1	413	6737	7951	2.51e-122	404
Query_1	853_CABVEJ010000001.1	51.422	422	179	6	1	413	490989	492203	2.83e-122	404
Query_1	853_CABVEJ010000001.1	33.648	318	192	11	15	318	827522	826584	4.20e-29	134
Query_1	853_LR700027.1	51.659	422	178	6	1	413	33699	32485	3.93e-122	404
Query_1	1898203_DPNS01000141.1	52.088	407	181	6	13	412	2947	1748	4.44e-122	403
Query_1	411483_GG697150.2	51.422	422	179	6	1	413	414094	412880	4.45e-122	403
Query_1	411483_GG697150.2	32.602	319	194	11	15	318	547380	548318	4.29e-28	131
Query_1	853_CABIWR010000001.1	51.422	422	179	6	1	413	318350	319564	4.45e-122	403
Query_1	411483_CP048437.1	51.422	422	179	6	1	413	2421664	2420450	4.45e-122	403
Query_1	411483_CP048437.1	32.602	319	194	11	15	318	2002484	2003422	4.30e-28	131
Query_1	853_CP022479.1	51.422	422	179	6	1	413	2487275	2488489	4.45e-122	403
Query_1	853_CP022479.1	32.602	319	194	11	15	318	2906448	2905510	4.30e-28	131
Query_1	853_RPVT01000041.1	51.659	422	178	6	1	413	4524	5738	4.45e-122	403
Query_1	853_RPUZ01000069.1	51.659	422	178	6	1	413	2859	4073	4.67e-122	403
Query_1	853_LR700109.1	51.422	422	179	6	1	413	34912	33698	4.70e-122	403
Query_1	853_CABVEU010000001.1	51.659	422	178	6	1	413	385522	384308	5.29e-122	403
Query_1	853_CABVEU010000001.1	32.288	319	195	11	15	318	74556	75494	1.45e-28	132
Query_1	2292982_QUMA01000040.1	54.237	354	159	2	62	414	8552	9607	5.98e-122	390
Query_1	2292982_QUMA01000040.1	61.111	54	21	0	11	64	8400	8561	5.98e-122	81.6
Query_1	853_CABVEM010000001.1	51.422	422	179	6	1	413	558687	559901	7.71e-122	403
Query_1	1898205_DQEU01000096.1	52.078	409	187	8	1	406	2130	3338	1.55e-121	402
Query_1	853_NMTX01000026.1	51.185	422	180	6	1	413	42965	44179	2.59e-121	401
Query_1	853_NMTT01000015.1	51.185	422	180	6	1	413	73922	75136	2.59e-121	401
Query_1	853_LR699963.1	51.185	422	180	6	1	413	467740	466526	4.12e-121	400
Query_1	853_LR699963.1	33.229	319	192	11	15	318	76988	77926	2.03e-29	135
Query_1	853_LR700153.1	51.185	422	180	6	1	413	467963	466749	4.12e-121	400
Query_1	853_LR700153.1	33.229	319	192	11	15	318	77211	78149	2.03e-29	135
Query_1	853_WKQN01000003.1	50.948	422	181	6	1	413	418868	417654	5.83e-121	400
Query_1	853_CP023819.1	51.185	422	180	6	1	413	2360353	2361567	1.34e-120	399
Query_1	853_CP023819.1	32.602	319	194	11	15	318	2789235	2788297	1.75e-28	132
Query_1	853_CABVEL010000001.1	51.313	419	184	6	1	413	22282	23496	2.10e-120	399
Query_1	853_CABVEL010000001.1	32.288	319	195	11	15	318	355317	354379	2.36e-27	129
Query_1	853_LR699926.1	51.313	419	184	6	1	413	22282	23496	2.10e-120	399
Query_1	853_LR699926.1	32.288	319	195	11	15	318	355316	354378	2.36e-27	129
Query_1	853_CABVEN010000002.1	51.313	419	184	6	1	413	22282	23496	2.10e-120	399
Query_1	853_CABVEN010000002.1	32.288	319	195	11	15	318	355318	354380	2.36e-27	129
Query_1	853_LR700079.1	50.948	422	181	6	1	413	384864	383650	2.31e-120	398
Query_1	853_LR700079.1	32.602	319	194	11	15	318	1569	2507	8.01e-28	130
Query_1	853_NOUW01000015.1	50.711	422	182	6	1	413	18823	17609	5.11e-120	397
Query_1	1898205_CACXMX010000001.1	50.244	410	197	4	1	406	43624	44844	8.71e-119	394
Query_1	1280686_AUKE01000007.1	48.341	422	205	7	1	413	42928	41675	8.91e-118	391
Query_1	1834198_CP015400.2	48.786	412	206	4	1	408	2509898	2511130	2.71e-117	390
Query_1	1834198_CP015400.2	48.894	407	203	3	11	414	2063230	2062016	1.16e-110	370
Query_1	1834198_CP015400.2	44.105	229	109	8	12	227	1665364	1666032	4.11e-41	169
Query_1	1834198_CP015400.2	35.968	253	146	7	12	257	1098576	1099307	1.80e-29	135
Query_1	1796620_CP021422.1	48.786	412	206	4	1	408	3093020	3091788	2.71e-117	390
Query_1	1796620_CP021422.1	48.894	407	203	3	11	414	3539688	3540902	1.16e-110	370
Query_1	1796620_CP021422.1	44.105	229	109	8	12	227	134731	134063	4.11e-41	169
Query_1	1796620_CP021422.1	35.968	253	146	7	12	257	701512	700781	1.80e-29	135
Query_1	1150298_RPUN01000095.1	57.225	346	143	4	1	344	6715	7743	3.08e-117	389
Query_1	1806509_CZBC01000005.1	50.000	402	194	5	11	409	328079	326886	2.17e-116	387
Query_1	1432052_MEHE01000026.1	50.000	402	194	5	11	409	11469	12662	2.78e-116	387
Query_1	1432052_MEHD01000051.1	50.000	402	194	5	11	409	11469	12662	2.78e-116	387
Query_1	1432052_MEHA01000002.1	50.000	402	194	5	11	409	278015	276822	2.79e-116	387
Query_1	1432052_MEHA01000002.1	44.712	416	224	5	1	413	431375	430137	7.31e-110	368
Query_1	1432052_MEHA01000002.1	46.973	413	207	5	1	407	444040	442820	4.97e-109	366
Query_1	1432052_MEHA01000002.1	44.390	410	209	5	13	409	445639	444428	6.77e-94	322
Query_1	1432052_MEHA01000002.1	32.231	363	200	17	8	343	468185	467154	4.58e-28	131
Query_1	1432052_MEHA01000002.1	34.746	236	135	8	10	231	296017	295325	3.35e-25	122
Query_1	1432052_MEHA01000002.1	33.891	239	132	9	10	229	463012	462317	5.59e-20	107
Query_1	1432052_MEHC01000020.1	50.000	402	194	5	11	409	872705	873898	2.79e-116	387
Query_1	1432052_MEHC01000020.1	44.712	416	224	5	1	413	714127	715365	7.32e-110	368
Query_1	1432052_MEHC01000020.1	46.973	413	207	5	1	407	701462	702682	4.98e-109	366
Query_1	1432052_MEHC01000020.1	44.390	410	209	5	13	409	699863	701074	6.78e-94	322
Query_1	1432052_MEHC01000020.1	33.696	368	190	11	8	341	83819	84862	5.83e-41	169
Query_1	1432052_MEHC01000020.1	32.231	363	200	17	8	343	677317	678348	4.59e-28	131
Query_1	1432052_MEHC01000020.1	34.746	236	135	8	10	231	854703	855395	3.36e-25	122
Query_1	1432052_MEHC01000020.1	33.891	239	132	9	10	229	682490	683185	3.03e-20	107
Query_1	1432052_MCGI01000007.1	48.537	410	201	6	1	406	124426	123215	4.13e-116	386
Query_1	1432052_MCGI01000007.1	48.434	415	201	6	1	410	126021	124801	5.36e-116	386
Query_1	2304573_QWKJ01000048.1	48.649	407	204	4	11	414	2937	1723	4.29e-116	386
Query_1	2305472_QWLE01000009.1	48.649	407	204	4	11	414	2937	1723	4.55e-116	386
Query_1	2304574_QWEO01000010.1	48.649	407	204	4	11	414	27272	26058	4.56e-116	386
Query_1	1432052_MEHB01000007.1	49.502	402	196	5	11	409	47877	46684	5.15e-116	386
Query_1	1432052_MEHB01000007.1	35.169	236	134	8	10	231	65876	65184	9.72e-26	124
Query_1	1432052_MPDJ01000008.1	49.254	402	197	5	11	409	125098	126291	7.51e-116	385
Query_1	1432052_MPDJ01000008.1	35.169	236	134	8	10	231	107099	107791	9.29e-26	124
Query_1	1432052_MCGI01000002.1	49.254	402	197	5	11	409	614008	615201	7.53e-116	385
Query_1	1432052_MCGI01000002.1	35.169	236	134	8	10	231	596009	596701	9.32e-26	124
Query_1	1796620_QWLF01000039.1	48.529	408	203	4	11	414	12048	13262	2.82e-115	384
Query_1	1898205_DMVA01000006.1	55.621	338	144	5	11	347	2462	3460	1.19e-114	374
Query_1	1121345_FRFD01000003.1	46.192	407	209	4	8	407	1107948	1109159	2.42e-114	381
Query_1	1121345_FRFD01000003.1	37.198	414	214	11	12	405	1083195	1084358	1.37e-68	249
Query_1	1121345_FRFD01000003.1	32.488	434	239	15	12	408	1087747	1088997	1.29e-48	191
Query_1	2044939_RZZK01000219.1	49.000	400	200	4	11	408	1847	654	3.83e-114	380
Query_1	1965628_NFIR01000007.1	46.569	408	214	3	8	414	92571	93785	5.39e-114	380
Query_1	2044939_SAAH01000010.1	49.000	400	200	4	11	408	31897	33090	6.24e-114	380
Query_1	1898205_WRLR01000055.1	47.529	425	211	5	1	414	6845	5574	9.24e-114	379
Query_1	1780380_FCNR01000063.1	46.324	408	215	3	8	414	362747	363961	1.00e-113	379
Query_1	1712665_PDYG01000010.1	45.626	423	214	5	1	414	6568	7815	2.66e-113	378
Query_1	1965542_NFLV01000003.1	47.304	408	211	3	8	414	101647	100433	4.69e-113	377
Query_1	1898203_CABMEL010000029.1	45.564	417	219	5	1	413	73272	74510	4.74e-112	374
Query_1	1898203_CABMEL010000029.1	47.277	404	198	6	11	407	60579	61766	9.11e-108	362
Query_1	1898203_CABMEL010000029.1	44.307	404	218	5	13	409	58947	60158	4.30e-94	323
Query_1	1898203_CABMEL010000029.1	32.368	380	209	16	8	361	42795	43868	5.45e-29	134
Query_1	1898203_CABMEL010000029.1	34.728	239	130	9	10	229	48020	48715	1.72e-21	111
Query_1	2292348_QUES01000029.1	45.564	417	219	5	1	413	73272	74510	4.74e-112	374
Query_1	2292348_QUES01000029.1	47.277	404	198	6	11	407	60579	61766	9.11e-108	362
Query_1	2292348_QUES01000029.1	44.307	404	218	5	13	409	58947	60158	4.30e-94	323
Query_1	2292348_QUES01000029.1	32.368	380	209	16	8	361	42795	43868	5.45e-29	134
Query_1	2292348_QUES01000029.1	34.728	239	130	9	10	229	48020	48715	1.72e-21	111
Query_1	2320852_QZDU01000009.1	48.775	408	202	4	11	414	92810	91596	1.31e-111	373
Query_1	1898207_VSOJ01000051.1	49.140	407	202	3	11	414	13368	12154	3.24e-111	372
Query_1	1408436_JHXY01000039.1	47.922	409	200	6	3	406	9129	7927	1.33e-110	370
Query_1	1898203_CABJAM010000003.1	44.878	410	224	2	1	409	580666	581892	6.04e-110	369
Query_1	1898203_CABJAM010000003.1	39.655	232	116	5	14	227	582355	583032	9.23e-36	154
Query_1	2304572_QWEP01000055.1	47.561	410	206	5	11	414	2973	1753	7.12e-110	368
Query_1	1432052_MEHE01000049.1	44.712	416	224	5	1	413	136243	135005	7.31e-110	368
Query_1	1432052_MEHE01000049.1	46.973	413	207	5	1	407	148908	147688	4.97e-109	366
Query_1	1432052_MEHE01000049.1	44.390	410	209	5	13	409	150507	149296	6.77e-94	322
Query_1	1432052_MEHE01000049.1	32.231	363	200	17	8	343	173053	172022	4.58e-28	131
Query_1	1432052_MEHE01000049.1	34.746	236	135	8	10	231	6788	6096	3.35e-25	122
Query_1	1432052_MEHE01000049.1	33.891	239	132	9	10	229	167880	167185	5.60e-20	107
Query_1	1432052_MEHD01000036.1	44.712	416	224	5	1	413	447685	448923	7.31e-110	368
Query_1	1432052_MEHD01000036.1	46.973	413	207	5	1	407	435020	436240	4.97e-109	366
Query_1	1432052_MEHD01000036.1	44.390	410	209	5	13	409	433421	434632	6.77e-94	322
Query_1	1432052_MEHD01000036.1	32.231	363	200	17	8	343	410875	411906	4.58e-28	131
Query_1	1432052_MEHD01000036.1	34.746	236	135	8	10	231	577140	577832	3.35e-25	122
Query_1	1432052_MEHD01000036.1	33.891	239	132	9	10	229	416048	416743	5.60e-20	107
Query_1	1806509_CZBC01000001.1	44.712	416	224	5	1	413	136186	134948	7.32e-110	368
Query_1	1806509_CZBC01000001.1	46.973	413	207	5	1	407	148851	147631	4.98e-109	366
Query_1	1806509_CZBC01000001.1	44.390	410	209	5	13	409	150450	149239	6.77e-94	322
Query_1	1806509_CZBC01000001.1	32.231	363	200	17	8	343	172996	171965	4.58e-28	131
Query_1	1806509_CZBC01000001.1	34.746	236	135	8	10	231	6731	6039	3.36e-25	122
Query_1	1806509_CZBC01000001.1	33.891	239	132	9	10	229	167823	167128	5.60e-20	107
Query_1	1432052_MEHB01000003.1	44.712	416	224	5	1	413	119800	121038	8.26e-110	368
Query_1	1432052_MEHB01000003.1	46.024	415	208	7	1	407	107136	108356	5.60e-106	357
Query_1	1432052_MEHB01000003.1	44.390	410	209	5	13	409	105537	106748	9.53e-94	322
Query_1	1432052_MEHB01000003.1	32.231	363	200	17	8	343	82994	84025	2.61e-28	132
Query_1	1432052_MEHB01000003.1	34.310	239	131	9	10	229	88167	88862	4.80e-21	110
Query_1	1432052_MPDJ01000002.1	44.712	416	224	5	1	413	34123	32885	8.45e-110	368
Query_1	1432052_MPDJ01000002.1	46.860	414	206	6	1	407	46787	45567	5.80e-108	363
Query_1	1432052_MPDJ01000002.1	44.390	410	209	5	13	409	48386	47175	2.71e-94	323
Query_1	1432052_MPDJ01000002.1	33.043	345	181	17	8	323	70927	69956	3.18e-28	131
Query_1	1432052_MPDJ01000002.1	34.310	239	131	9	10	229	65754	65059	4.52e-21	110
Query_1	2320886_QZEE01000025.1	47.317	410	207	5	11	414	18884	17664	1.21e-109	367
Query_1	1432052_CABMHK010000079.1	44.231	416	226	5	1	413	50409	51647	3.60e-109	366
Query_1	1432052_CABMHK010000079.1	46.377	414	208	6	1	407	37746	38966	1.61e-106	358
Query_1	1432052_CABMHK010000079.1	43.164	373	193	5	50	409	36258	37358	1.95e-79	280
Query_1	1432052_CABMHK010000079.1	28.767	438	256	12	10	409	7770	9029	1.03e-32	145
Query_1	1432052_CABMHK010000079.1	38.174	241	119	12	8	228	20760	21452	2.14e-27	129
Query_1	1432052_CABMHK010000079.1	34.310	239	131	9	10	229	25933	26628	6.20e-21	109
Query_1	1432052_CABMHK010000079.1	55.263	38	17	0	13	50	36148	36261	0.65	47.4
Query_1	1232458_BAIL02000079.1	44.231	416	226	5	1	413	50409	51647	3.60e-109	366
Query_1	1232458_BAIL02000079.1	46.377	414	208	6	1	407	37746	38966	1.61e-106	358
Query_1	1232458_BAIL02000079.1	43.164	373	193	5	50	409	36258	37358	1.95e-79	280
Query_1	1232458_BAIL02000079.1	28.767	438	256	12	10	409	7770	9029	1.03e-32	145
Query_1	1232458_BAIL02000079.1	38.174	241	119	12	8	228	20760	21452	2.14e-27	129
Query_1	1232458_BAIL02000079.1	34.310	239	131	9	10	229	25933	26628	6.20e-21	109
Query_1	1232458_BAIL02000079.1	55.263	38	17	0	13	50	36148	36261	0.65	47.4
Query_1	658086_KE150407.1	44.231	416	226	5	1	413	256267	257505	3.66e-109	366
Query_1	658086_KE150407.1	46.377	414	208	6	1	407	243604	244824	1.64e-106	358
Query_1	658086_KE150407.1	44.146	410	210	5	13	409	242005	243216	4.09e-93	320
Query_1	658086_KE150407.1	28.767	438	256	12	10	409	213627	214886	1.05e-32	145
Query_1	658086_KE150407.1	31.439	264	154	8	12	268	152161	152892	1.05e-28	133
Query_1	658086_KE150407.1	38.174	241	119	12	8	228	226617	227309	2.17e-27	129
Query_1	658086_KE150407.1	35.169	236	134	8	10	231	418883	419575	1.15e-25	124
Query_1	658086_KE150407.1	34.310	239	131	9	10	229	231790	232485	6.30e-21	109
Query_1	1898205_DNFF01000058.1	45.985	411	214	6	1	407	9825	11045	4.05e-109	366
Query_1	1898203_QXWX01000011.1	51.724	348	164	4	62	407	1716	679	5.76e-109	365
Query_1	1898205_CADAAP010000022.1	48.010	402	201	6	11	407	9157	10353	9.49e-109	365
Query_1	1232457_BAIJ02000056.1	45.324	417	220	5	1	413	86176	87414	1.17e-108	365
Query_1	1232457_BAIJ02000056.1	48.387	403	195	5	11	407	72382	73569	2.13e-107	361
Query_1	1232457_BAIJ02000056.1	45.792	404	212	5	13	409	70793	72004	2.71e-100	341
Query_1	1232457_BAIJ02000056.1	40.214	373	211	4	8	375	61974	60877	1.27e-77	275
Query_1	1232457_BAIJ02000056.1	38.174	241	119	11	8	228	37679	38371	3.73e-28	131
Query_1	1232457_BAIJ02000056.1	29.577	426	255	16	10	407	44335	45561	1.55e-27	129
Query_1	1232457_BAIJ02000056.1	35.146	239	129	10	10	229	42772	43467	9.44e-21	109
Query_1	1720294_QVLU01000001.1	45.324	417	220	5	1	413	362559	361321	1.18e-108	365
Query_1	1720294_QVLU01000001.1	48.387	403	195	5	11	407	376353	375166	2.15e-107	361
Query_1	1720294_QVLU01000001.1	45.792	404	212	5	13	409	377942	376731	2.73e-100	341
Query_1	1720294_QVLU01000001.1	39.364	409	234	6	8	409	386761	387966	3.91e-80	283
Query_1	1720294_QVLU01000001.1	38.174	241	119	11	8	228	411057	410365	3.76e-28	131
Query_1	1720294_QVLU01000001.1	29.604	429	253	15	10	414	39402	38191	1.43e-27	129
Query_1	1720294_QVLU01000001.1	29.577	426	255	16	10	407	404401	403175	1.57e-27	129
Query_1	1720294_QVLU01000001.1	35.146	239	129	10	10	229	405964	405269	9.51e-21	109
Query_1	877406_FNQX01000009.1	46.024	415	211	7	1	407	83523	82294	1.53e-108	364
Query_1	1720294_LT969518.1	45.084	417	221	5	1	413	1568446	1567208	1.74e-108	364
Query_1	1720294_LT969518.1	48.387	403	195	5	11	407	1576139	1574952	2.15e-107	361
Query_1	1720294_LT969518.1	45.792	404	212	5	13	409	1577728	1576517	2.74e-100	341
Query_1	1720294_LT969518.1	39.609	409	233	6	8	409	1620420	1621625	3.43e-79	280
Query_1	1720294_LT969518.1	37.903	248	135	7	27	262	1613460	1612738	2.57e-30	137
Query_1	1720294_LT969518.1	37.759	241	120	11	8	228	1644724	1644032	8.73e-28	130
Query_1	1720294_LT969518.1	29.647	425	258	15	10	414	1277266	1276055	1.39e-27	129
Query_1	1720294_LT969518.1	29.343	426	256	15	10	407	1638068	1636842	9.56e-27	127
Query_1	1720294_LT969518.1	35.146	239	129	10	10	229	1639631	1638936	1.12e-20	108
Query_1	1232456_BAIG01000019.1	44.938	405	217	5	1	402	15868	14663	1.87e-108	364
Query_1	1232456_BAIG01000019.1	44.146	410	210	5	13	409	30126	28915	4.04e-93	320
Query_1	1232456_BAIG01000019.1	45.480	354	180	5	60	407	28348	27308	3.74e-87	303
Query_1	1232456_BAIG01000019.1	28.767	438	256	12	10	409	58493	57234	1.03e-32	145
Query_1	1232456_BAIG01000019.1	38.174	241	119	12	8	228	45510	44818	2.14e-27	129
Query_1	1232456_BAIG01000019.1	34.310	239	131	9	10	229	40339	39644	6.21e-21	109
Query_1	1232456_BAIG01000019.1	44.872	78	41	2	1	77	28527	28297	7.64e-07	66.6
Query_1	1226325_KE992736.1	44.869	419	219	6	1	413	169691	170929	6.25e-108	363
Query_1	1226325_KE992736.1	48.139	403	196	5	11	407	155905	157092	4.76e-106	357
Query_1	1226325_KE992736.1	45.545	404	213	5	13	409	154316	155527	1.04e-99	339
Query_1	1226325_KE992736.1	39.609	409	233	6	8	409	113103	111898	1.07e-78	278
Query_1	1226325_KE992736.1	37.402	254	140	7	21	262	120045	120785	2.16e-30	138
Query_1	1226325_KE992736.1	38.174	241	119	11	8	228	101254	101946	2.74e-28	132
Query_1	1226325_KE992736.1	29.977	427	252	16	10	407	107911	109137	9.46e-28	130
Query_1	1226325_KE992736.1	35.146	239	129	10	10	229	106348	107043	8.04e-21	109
Query_1	1776382_CABKVV010000013.1	44.878	410	220	5	1	407	621988	623208	1.17e-107	362
Query_1	1776382_CABKVV010000013.1	43.276	409	210	9	11	409	430436	429246	3.30e-86	300
Query_1	1776382_CABKVV010000013.1	38.078	281	143	14	12	272	312736	313545	3.52e-35	152
Query_1	1776382_CABKVV010000013.1	36.709	237	134	7	12	239	522375	521686	7.05e-31	139
Query_1	1776382_LT160639.1	44.878	410	220	5	1	407	621988	623208	1.17e-107	362
Query_1	1776382_LT160639.1	43.276	409	210	9	11	409	430436	429246	3.30e-86	300
Query_1	1776382_LT160639.1	38.078	281	143	14	12	272	312736	313545	3.52e-35	152
Query_1	1776382_LT160639.1	36.709	237	134	7	12	239	522375	521686	7.05e-31	139
Query_1	1898203_CABOGJ010000024.1	48.387	403	195	5	11	407	39249	38062	2.13e-107	361
Query_1	1898203_CABOGJ010000024.1	45.792	404	212	5	13	409	40838	39627	3.41e-100	340
Query_1	1898203_CABOGJ010000024.1	39.609	409	233	6	8	409	83567	84772	4.36e-79	280
Query_1	1898203_CABOGJ010000024.1	37.903	248	135	7	27	262	76607	75885	2.64e-30	137
Query_1	1720294_QVLV01000024.1	48.387	403	195	5	11	407	39249	38062	2.13e-107	361
Query_1	1720294_QVLV01000024.1	45.792	404	212	5	13	409	40838	39627	3.41e-100	340
Query_1	1720294_QVLV01000024.1	39.609	409	233	6	8	409	83567	84772	4.36e-79	280
Query_1	1720294_QVLV01000024.1	37.903	248	135	7	27	262	76607	75885	2.64e-30	137
Query_1	1898205_CACYHB010000004.1	47.115	416	205	6	9	414	135715	134483	2.63e-107	361
Query_1	1898205_CACYHB010000004.1	46.117	412	206	5	11	409	134092	132866	3.60e-105	355
Query_1	1898205_CACYDX010000334.1	44.019	418	229	5	1	414	1698	448	9.12e-106	356
Query_1	2049044_DPVX01000344.1	46.778	419	210	9	1	414	12720	11488	4.19e-105	354
Query_1	2049044_DPVX01000344.1	52.766	235	110	1	1	234	11166	10462	2.84e-77	274
Query_1	1280670_ATVV01000012.1	45.763	413	215	4	9	414	41163	39931	4.56e-105	354
Query_1	1280670_ATVV01000012.1	45.455	418	207	6	7	409	39480	38245	3.13e-104	352
Query_1	1280681_AUJZ01000004.1	45.763	413	215	4	9	414	172231	170999	6.94e-105	354
Query_1	1280681_AUJZ01000004.1	45.215	418	208	6	7	409	170548	169313	1.89e-103	350
Query_1	1280681_AUJZ01000004.1	33.992	253	127	10	30	252	353967	353239	2.25e-20	108
Query_1	1898205_CADBKF010000041.1	46.154	416	207	6	7	409	6374	7609	4.12e-104	352
Query_1	1898205_CADBKF010000041.1	45.521	413	216	5	9	414	4759	5991	1.94e-103	350
Query_1	2302964_QVGJ01000004.1	43.972	423	222	4	1	408	272802	274070	1.04e-103	350
Query_1	2302964_QVGJ01000004.1	34.615	234	142	5	1	227	35451	34762	3.09e-28	131
Query_1	1232455_BAHZ01000110.1	43.909	394	216	4	22	413	1	1173	1.01e-102	348
Query_1	1468449_CABKSC010000002.1	45.060	415	222	5	4	414	818725	817487	1.53e-102	347
Query_1	1211819_HE998568.1	45.060	415	222	5	4	414	818725	817487	1.53e-102	347
Query_1	1898203_CABKQD010000003.1	43.262	423	225	4	1	408	276849	275581	2.66e-102	347
Query_1	658655_GL945165.1	43.262	423	225	4	1	408	276849	275581	2.66e-102	347
Query_1	2302965_QVHA01000001.1	43.262	423	225	4	1	408	369626	370894	2.66e-102	347
Query_1	2302965_QVHA01000001.1	34.615	234	142	5	1	227	134466	133777	3.10e-28	131
Query_1	2044939_CABJFW010000020.1	41.647	425	233	4	1	410	24430	25704	6.27e-102	345
Query_1	2044939_CABJFW010000020.1	32.945	343	197	12	9	328	40395	41393	6.32e-29	133
Query_1	2292894_QTXW01000020.1	41.647	425	233	4	1	410	24430	25704	6.27e-102	345
Query_1	2292894_QTXW01000020.1	32.945	343	197	12	9	328	40395	41393	6.32e-29	133
Query_1	1291051_BBAB01000006.1	43.026	423	226	4	1	408	61092	62360	1.01e-101	345
Query_1	2292892_QUJA01000050.1	41.412	425	234	4	1	410	14545	15819	1.89e-101	344
Query_1	1432052_VUMI01000008.1	55.375	307	134	2	110	414	24421	23504	2.10e-101	344
Query_1	33039_CZBJ01000102.1	44.776	402	208	6	12	407	16351	15170	7.31e-101	342
Query_1	33039_CZBJ01000102.1	42.559	383	194	9	37	407	18078	16972	8.33e-87	302
Query_1	33039_CZBJ01000102.1	45.075	335	171	5	78	407	20028	19048	5.31e-80	282
Query_1	545696_GG657554.1	44.337	415	225	5	4	414	65856	64618	1.23e-100	342
Query_1	1898205_CABJCY010000004.1	43.284	402	214	6	12	407	189040	190221	7.35e-100	339
Query_1	1898205_CABJCY010000004.1	43.137	408	206	9	12	407	190842	192023	2.08e-95	327
Query_1	1898205_CABJCY010000004.1	30.514	331	197	10	12	323	183945	182995	1.15e-24	121
Query_1	2293174_QTVN01000004.1	43.284	402	214	6	12	407	189040	190221	7.35e-100	339
Query_1	2293174_QTVN01000004.1	43.137	408	206	9	12	407	190842	192023	2.08e-95	327
Query_1	2293174_QTVN01000004.1	30.514	331	197	10	12	323	183945	182995	1.15e-24	121
Query_1	1898203_CABJAM010000002.1	42.410	415	231	3	1	414	62467	61244	4.74e-97	331
Query_1	1898203_CABJAM010000002.1	30.970	268	139	6	12	238	208910	208122	5.88e-24	119
Query_1	154046_QSSQ01000043.1	41.727	417	231	5	9	414	24334	25581	7.20e-97	331
Query_1	154046_QRQF01000040.1	41.727	417	231	5	9	414	24346	25593	7.20e-97	331
Query_1	1898205_CABJNI010000039.1	43.095	420	207	9	2	407	7940	9145	7.84e-97	331
Query_1	2292069_QUDO01000039.1	43.095	420	207	9	2	407	7940	9145	7.84e-97	331
Query_1	1337051_CABJAT010000003.1	41.270	441	226	5	1	408	241934	243256	2.68e-96	329
Query_1	1337051_CABJAT010000003.1	32.571	350	212	8	11	345	10014	11036	8.84e-35	150
Query_1	1898203_CABIXO010000011.1	43.627	408	204	9	12	407	55908	54727	4.13e-95	326
Query_1	2292245_QRZZ01000050.1	43.262	423	214	9	1	407	11238	12476	8.28e-95	325
Query_1	2292246_QRZX01000050.1	43.262	423	214	9	1	407	4750	3512	8.28e-95	325
Query_1	2292252_QUFS01000033.1	43.262	423	214	9	1	407	31286	30048	8.62e-95	325
Query_1	2292370_QUJE01000015.1	43.262	423	214	9	1	407	88631	87393	8.73e-95	325
Query_1	2292371_QSJR01000012.1	43.262	423	214	9	1	407	90789	89551	8.74e-95	325
Query_1	2292369_QUJJ01000008.1	43.262	423	214	9	1	407	11245	12483	8.75e-95	325
Query_1	2320110_RAZH01000003.1	44.878	410	207	9	12	409	131161	129953	1.51e-94	324
Query_1	1898205_CABJNI010000082.1	43.262	423	214	9	1	407	5000	6238	1.75e-94	324
Query_1	2292069_QUDO01000082.1	43.262	423	214	9	1	407	5000	6238	1.75e-94	324
Query_1	2320110_RAZH01000001.1	42.584	418	216	7	1	407	115896	114682	5.12e-94	323
Query_1	2320110_RAZH01000001.1	41.707	410	222	6	11	414	105675	104479	8.04e-84	293
Query_1	2320110_RAZH01000001.1	37.890	417	234	10	11	414	309927	308713	1.01e-74	267
Query_1	2320110_RAZH01000001.1	36.866	217	122	8	10	214	107423	106782	3.69e-21	110
Query_1	1909294_UCEU01000001.1	44.472	407	214	6	12	407	222914	221697	1.00e-93	322
Query_1	1909294_UCEU01000001.1	39.914	233	124	5	12	230	219830	219138	1.13e-33	147
Query_1	528178_VIWP01000001.1	45.588	408	208	7	12	407	1005197	1006414	1.77e-93	321
Query_1	528178_VIWP01000001.1	35.628	247	142	6	2	234	1006908	1007639	1.06e-26	127
Query_1	1150298_RPTS01000008.1	63.636	231	83	1	1	231	8291	8980	2.28e-93	320
Query_1	1500259_JQLD01000002.1	44.226	407	215	6	12	407	250438	249221	2.32e-93	321
Query_1	1500259_JQLD01000002.1	39.056	233	126	6	12	230	247334	246642	1.02e-32	145
Query_1	290055_LDAQ01000039.1	42.054	409	225	6	9	407	28760	27540	2.57e-93	320
Query_1	290055_LDAQ01000039.1	40.241	415	234	5	5	405	27145	25901	1.13e-86	301
Query_1	1909294_UBVW01000012.1	44.472	407	214	6	12	407	107369	106152	7.52e-93	319
Query_1	1909294_UBVW01000012.1	39.485	233	125	6	12	230	104281	103589	2.36e-33	146
Query_1	1909294_UBWP01000035.1	44.472	407	214	6	12	407	14007	15224	7.52e-93	319
Query_1	1909294_UBWP01000035.1	39.485	233	125	6	12	230	17095	17787	2.36e-33	146
Query_1	992418_CABHNZ010000025.1	44.608	408	212	7	12	407	31298	30081	1.56e-92	318
Query_1	992418_CABHNZ010000025.1	36.032	247	141	6	2	234	29587	28856	1.34e-26	126
Query_1	1820614_VSZV01000342.1	45.238	420	215	8	1	407	6177	4924	2.59e-92	318
Query_1	1909294_UBWZ01000019.1	44.743	409	210	8	12	407	74568	73351	3.39e-92	317
Query_1	1909294_UBWZ01000019.1	38.589	241	123	8	12	234	71245	70544	2.96e-32	143
Query_1	1909294_UBWZ01000019.1	33.913	230	112	9	12	227	72880	72269	5.65e-16	94.7
Query_1	387_CP022566.1	45.238	420	215	8	1	407	25178	26431	3.92e-92	317
Query_1	1076926_SMBI01000018.1	44.963	407	212	6	12	407	136988	138205	4.38e-92	317
Query_1	1076926_SJNO01000004.1	44.963	407	212	6	12	407	6255	5038	4.40e-92	317
Query_1	154046_CABJBJ010000020.1	42.195	410	225	5	9	407	104421	103195	6.61e-92	317
Query_1	1076926_SJNP01000027.1	44.963	407	212	6	12	407	12259	11042	6.80e-92	317
Query_1	357276_VVZA01000014.1	40.758	422	229	6	8	409	91555	90293	9.62e-92	316
Query_1	357276_VVYY01000015.1	40.758	422	229	6	8	409	29570	30832	9.62e-92	316
Query_1	357276_VVYZ01000014.1	40.758	422	229	6	8	409	29570	30832	9.62e-92	316
Query_1	357276_RCXK01000015.1	40.758	422	229	6	8	409	29570	30832	9.62e-92	316
Query_1	2559709_SPHP01000008.1	42.195	410	225	5	9	407	204218	205444	1.05e-91	316
Query_1	154046_QSGX01000028.1	42.195	410	225	5	9	407	57980	59206	1.14e-91	316
Query_1	566550_GG667612.1	42.195	410	225	5	9	407	59269	60495	1.14e-91	316
Query_1	1076926_MRDM01000029.1	44.963	407	212	6	12	407	397505	398722	1.95e-91	315
Query_1	358_CP042276.1	44.472	407	214	6	12	407	285999	287216	5.11e-91	314
Query_1	358_CP042276.1	39.485	233	125	5	12	230	289101	289793	2.76e-33	146
Query_1	1509405_JOKJ01000048.1	44.499	409	211	8	12	407	4266	3049	6.88e-91	313
Query_1	1509405_JOKJ01000048.1	35.122	205	115	6	30	227	2552	1971	1.43e-17	99.8
Query_1	1509405_JOKI01000041.1	44.499	409	211	8	12	407	20512	21729	6.88e-91	313
Query_1	1509405_JOKI01000041.1	35.122	205	115	6	30	227	22226	22807	1.43e-17	99.8
Query_1	39496_CABJDQ010000006.1	39.855	414	234	7	6	405	25288	26526	1.02e-90	313
Query_1	39496_CABJDQ010000006.1	40.732	410	229	8	9	407	23662	24882	6.43e-89	308
Query_1	39496_QROT01000006.1	39.855	414	234	7	6	405	25288	26526	1.02e-90	313
Query_1	39496_QROT01000006.1	40.732	410	229	8	9	407	23662	24882	6.43e-89	308
Query_1	935553_AQUC01000003.1	45.588	408	208	7	12	407	348511	347294	1.27e-90	313
Query_1	47735_SMAM01000012.1	40.143	421	226	8	10	407	24156	22903	1.57e-90	312
Query_1	47735_SMAM01000012.1	30.802	237	138	8	196	410	21078	20380	1.69e-13	87.4
Query_1	384_WUFZ01000003.1	44.963	407	212	6	12	407	215440	214223	1.65e-90	312
Query_1	384_WUFV01000036.1	44.963	407	212	6	12	407	37380	38597	1.80e-90	312
Query_1	411463_DS264269.1	40.528	417	227	9	6	405	25375	26613	1.99e-90	312
Query_1	411463_DS264269.1	40.488	410	230	8	9	407	23749	24969	2.53e-88	306
Query_1	384_WUEO01000010.1	44.963	407	212	6	12	407	138781	137564	2.10e-90	312
Query_1	384_MZMU01000010.1	44.717	407	213	6	12	407	470962	469745	2.43e-90	312
Query_1	47735_RRUC01000005.1	40.143	421	226	8	10	407	22998	21745	2.90e-90	311
Query_1	871327_FNVS01000010.1	40.521	422	230	6	8	409	130109	128847	4.10e-90	311
Query_1	1171377_CP003745.1	39.905	421	227	8	10	407	236447	237700	6.42e-90	311
Query_1	1263831_CP006955.1	39.905	421	227	8	10	407	2219592	2218339	6.42e-90	311
Query_1	1263829_CP006954.1	39.905	421	227	8	10	407	2136359	2135106	7.27e-90	311
Query_1	2364882_RBCI01000005.1	42.961	412	212	9	12	407	262204	263418	8.06e-90	310
Query_1	410764_FMAG01000004.1	43.689	412	216	7	12	410	164171	162945	1.05e-89	310
Query_1	410764_FMAG01000004.1	30.570	386	220	12	12	365	162372	161263	1.10e-32	144
Query_1	410764_FMAG01000004.1	36.323	223	112	7	18	227	160614	159997	7.63e-24	118
Query_1	1825976_CP030828.1	45.060	415	200	11	12	407	197190	198407	1.19e-89	310
Query_1	1825976_CP030828.1	38.397	237	129	6	12	234	198914	199615	5.08e-28	131
Query_1	1232455_BAHZ01000021.1	50.799	313	145	4	1	311	37737	38654	1.19e-89	310
Query_1	1232455_BAHZ01000021.1	43.164	373	193	5	50	409	36250	37350	1.15e-79	281
Query_1	1232455_BAHZ01000021.1	30.636	346	205	9	84	409	8038	9030	1.85e-29	135
Query_1	1232455_BAHZ01000021.1	38.136	236	117	11	13	228	20768	21448	3.77e-27	128
Query_1	1232455_BAHZ01000021.1	37.584	149	82	4	87	229	26189	26620	4.49e-18	90.5
Query_1	1232455_BAHZ01000021.1	33.803	71	39	4	13	77	25935	26141	4.49e-18	34.7
Query_1	1232455_BAHZ01000021.1	30.841	107	69	2	306	407	38638	38958	0.007	53.9
Query_1	1232455_BAHZ01000021.1	55.263	38	17	0	13	50	36140	36253	0.65	47.4
Query_1	1432056_CP006942.1	40.143	421	226	8	10	407	540898	539645	1.44e-89	310
Query_1	2035452_NWSQ01000001.1	45.455	407	210	6	12	407	90062	91279	1.61e-89	310
Query_1	2035452_NWSQ01000001.1	37.083	240	120	10	12	243	336232	336882	1.94e-26	126
Query_1	387_SJMK01000005.1	44.226	407	215	6	12	407	280237	279020	1.74e-89	310
Query_1	387_SJME01000005.1	44.226	407	215	6	12	407	191555	192772	1.74e-89	310
Query_1	387_SJMI01000002.1	44.226	407	215	6	12	407	34663	33446	1.74e-89	310
Query_1	1909294_UBWQ01000026.1	44.472	407	214	6	12	407	23454	24671	2.40e-89	309
Query_1	1909294_UBWQ01000026.1	39.485	233	125	5	12	230	25168	25860	1.23e-32	144
Query_1	1909294_UBWQ01000026.1	37.826	230	116	7	13	230	1798	1154	1.57e-22	114
Query_1	1500304_JQKY01000026.1	44.226	407	215	6	12	407	27388	26171	3.57e-89	308
Query_1	1500304_JQKY01000026.1	39.485	233	125	5	12	230	24299	23607	1.34e-32	144
Query_1	1184720_NWSJ01000005.1	45.455	407	210	6	12	407	95125	96342	3.72e-89	308
Query_1	2512124_SLZM01000003.1	45.455	407	210	6	12	407	246709	247926	3.72e-89	308
Query_1	1184720_NWSN01000011.1	45.455	407	210	6	12	407	193465	192248	4.50e-89	308
Query_1	1468449_WKPI01000011.1	52.549	255	121	0	4	258	85855	86619	5.26e-89	287
Query_1	1468449_WKPI01000011.1	32.716	162	103	5	257	414	86613	87092	5.26e-89	75.5
Query_1	1468449_WKPM01000011.1	52.549	255	121	0	4	258	85855	86619	5.26e-89	287
Query_1	1468449_WKPM01000011.1	32.716	162	103	5	257	414	86613	87092	5.26e-89	75.5
Query_1	1468449_WKPL01000011.1	52.549	255	121	0	4	258	85855	86619	5.26e-89	287
Query_1	1468449_WKPL01000011.1	32.716	162	103	5	257	414	86613	87092	5.26e-89	75.5
Query_1	1468449_WKPJ01000010.1	52.549	255	121	0	4	258	85855	86619	5.26e-89	287
Query_1	1468449_WKPJ01000010.1	32.716	162	103	5	257	414	86613	87092	5.26e-89	75.5
Query_1	1468449_WKPK01000013.1	52.549	255	121	0	4	258	4424	3660	5.26e-89	287
Query_1	1468449_WKPK01000013.1	32.716	162	103	5	257	414	3666	3187	5.26e-89	75.5
Query_1	384_LVYU01000144.1	45.700	407	209	6	12	407	29993	31210	6.55e-89	308
Query_1	1909294_UBRD01000019.1	43.689	412	216	7	12	410	25924	27150	8.22e-89	308
Query_1	1909294_UBRD01000019.1	37.447	235	131	5	10	230	27728	28426	8.67e-32	142
Query_1	1909294_UBRD01000019.1	35.426	223	114	7	18	227	29492	30109	7.67e-22	112
Query_1	1909294_UBNC01000032.1	43.689	412	216	7	12	410	31565	30339	8.22e-89	308
Query_1	1909294_UBNC01000032.1	37.447	235	131	5	10	230	29761	29063	8.67e-32	142
Query_1	1909294_UBNC01000032.1	35.426	223	114	7	18	227	27997	27380	7.67e-22	112
Query_1	1909294_UBOB01000014.1	43.689	412	216	7	12	410	33340	32114	8.22e-89	308
Query_1	1909294_UBOB01000014.1	37.447	235	131	5	10	230	31536	30838	8.67e-32	142
Query_1	1909294_UBOB01000014.1	35.426	223	114	7	18	227	29772	29155	7.68e-22	112
Query_1	1909294_UCMK01000018.1	43.689	412	216	7	12	410	63852	62626	8.27e-89	308
Query_1	1909294_UCMK01000018.1	37.447	235	131	5	10	230	62048	61350	8.72e-32	142
Query_1	1909294_UCMK01000018.1	35.426	223	114	7	18	227	60284	59667	7.72e-22	112
Query_1	1550024_WMZP01000005.1	41.979	374	216	1	11	383	9215	8094	8.51e-89	308
Query_1	1550024_WMZP01000005.1	37.634	372	218	6	11	377	37991	39079	2.75e-66	243
Query_1	1550024_WMZP01000005.1	31.707	369	200	14	7	344	17267	16224	2.41e-32	144
Query_1	1550024_WMZP01000005.1	32.986	288	168	9	13	281	34044	34889	6.42e-31	139
Query_1	1550024_WMZQ01000004.1	41.979	374	216	1	11	383	26947	25826	8.62e-89	308
Query_1	1550024_WMZQ01000004.1	37.634	372	218	6	11	377	55691	56779	2.79e-66	243
Query_1	1550024_WMZQ01000004.1	31.707	369	200	14	7	344	34999	33956	2.44e-32	144
Query_1	1550024_WMZQ01000004.1	32.986	288	168	9	13	281	51776	52621	6.26e-31	139
Query_1	1550024_WMZW01000004.1	41.979	374	216	1	11	383	26947	25826	8.62e-89	308
Query_1	1550024_WMZW01000004.1	37.634	372	218	6	11	377	55691	56779	2.79e-66	243
Query_1	1550024_WMZW01000004.1	31.707	369	200	14	7	344	34999	33956	2.44e-32	144
Query_1	1550024_WMZW01000004.1	32.986	288	168	9	13	281	51776	52621	6.26e-31	139
Query_1	1550024_WMZX01000006.1	41.979	374	216	1	11	383	26947	25826	8.62e-89	308
Query_1	1550024_WMZX01000006.1	37.634	372	218	6	11	377	55691	56779	2.79e-66	243
Query_1	1550024_WMZX01000006.1	31.707	369	200	14	7	344	34999	33956	2.44e-32	144
Query_1	1550024_WMZX01000006.1	32.986	288	168	9	13	281	51776	52621	6.26e-31	139
Query_1	1550024_WMZV01000002.1	41.979	374	216	1	11	383	26947	25826	8.62e-89	308
Query_1	1550024_WMZV01000002.1	37.634	372	218	6	11	377	55691	56779	2.79e-66	243
Query_1	1550024_WMZV01000002.1	31.707	369	200	14	7	344	34999	33956	2.44e-32	144
Query_1	1550024_WMZV01000002.1	32.986	288	168	9	13	281	51776	52621	6.26e-31	139
