Query_1	1547922_BBYR01000104.1	100.000	603	0	0	1	603	3215	1407	0.0	1116
Query_1	363952_AWTP01000151.1	81.426	603	100	2	1	602	3384	1609	0.0	950
Query_1	363952_AWTM01000129.1	81.426	603	100	2	1	602	3383	1608	0.0	950
Query_1	363952_AWTO01000005.1	81.426	603	100	2	1	602	3363	1588	0.0	950
Query_1	1899350_MIYM01000023.1	76.122	557	133	0	46	602	9216	10886	0.0	862
Query_1	1899350_MIYM01000023.1	67.742	31	10	0	572	602	11151	11059	0.010	54.3
Query_1	316_WVZJ01000046.1	76.122	557	133	0	46	602	9151	10821	0.0	862
Query_1	316_WVZJ01000046.1	67.742	31	10	0	572	602	11086	10994	0.010	54.3
Query_1	316_JAABYQ010000871.1	78.756	386	82	0	217	602	4205	5362	0.0	624
Query_1	316_JAABYQ010000871.1	68.362	177	56	0	46	222	3688	4218	0.0	244
Query_1	1121030_KE387204.1	51.250	560	244	9	49	602	456589	458199	7.18e-154	503
Query_1	1211383_SNVI01000005.1	49.710	517	237	8	89	599	248355	249854	4.30e-151	495
Query_1	1211383_SNVI01000005.1	28.240	517	257	19	88	587	766691	767950	3.31e-27	132
Query_1	1822225_LWEQ01000183.1	47.206	519	262	5	88	601	1315	2850	1.05e-144	472
Query_1	1822268_LWGH01000513.1	47.206	519	262	5	88	601	4726	3191	4.11e-144	472
Query_1	1411902_CP021406.1	46.821	519	264	5	88	601	123238	124773	3.17e-141	467
Query_1	282217_LR594668.1	47.893	522	245	7	89	599	516731	515214	1.64e-137	456
Query_1	282217_LR594668.1	30.074	542	290	23	90	601	21962	20514	1.51e-40	173
Query_1	640512_CP002218.1	49.497	497	228	8	109	599	2898357	2896918	1.16e-136	454
Query_1	640512_CP002218.1	43.295	522	244	14	88	592	2245375	2246835	2.62e-113	386
Query_1	640512_CP002218.1	32.839	539	283	19	88	599	1753430	1751970	1.12e-56	221
Query_1	640512_CP002218.1	31.731	520	304	19	90	602	907078	905651	1.15e-42	179
Query_1	1747220_LMUW01000159.1	48.767	527	247	11	88	602	13291	14838	4.14e-136	452
Query_1	1768753_LSIC01000050.1	45.857	519	245	10	88	599	53135	54604	1.31e-130	436
Query_1	1768753_LSIC01000050.1	31.520	533	286	21	89	600	19733	21157	1.47e-45	188
Query_1	990078_VLLA01000018.1	45.936	529	236	12	88	602	139398	137920	3.36e-130	435
Query_1	990078_VLLA01000018.1	31.298	524	299	18	89	600	177157	175733	6.86e-44	183
Query_1	1761772_FMAI01000003.1	46.374	524	240	11	88	602	123208	124683	3.61e-130	435
Query_1	1761772_FMAI01000003.1	30.943	530	293	22	89	600	91108	92532	2.33e-43	181
Query_1	2035447_NWTI01000014.1	45.977	522	240	11	91	602	55638	57107	1.24e-129	433
Query_1	2035447_NWTI01000014.1	31.132	530	292	22	89	600	24979	26403	3.01e-43	181
Query_1	764842_MUHU01000011.1	46.833	521	246	12	88	599	311207	312703	2.34e-129	432
Query_1	2055894_PTFE01000038.1	45.714	525	243	11	88	602	23087	21609	2.92e-129	432
Query_1	2055894_PTFE01000038.1	30.263	532	293	22	89	600	55182	53761	6.41e-41	174
Query_1	391953_JZUE01000004.1	45.817	526	219	14	88	599	197527	198948	1.39e-128	430
Query_1	391953_JZUE01000004.1	34.317	542	275	19	88	600	63168	64637	2.74e-53	211
Query_1	391953_JZUE01000004.1	31.579	532	270	18	88	599	271952	273325	1.12e-48	197
Query_1	391953_JZUE01000004.1	31.810	525	275	18	89	602	84034	85392	3.98e-43	181
Query_1	391953_JZUE01000004.1	28.302	477	270	17	157	599	204513	205829	9.65e-27	130
Query_1	2315841_KZ983957.1	45.298	521	257	10	88	602	8536	10032	1.62e-128	430
Query_1	1855322_FOUS01000004.1	45.857	519	245	10	88	599	9632	11101	1.08e-127	428
Query_1	2590212_VIDQ01000027.1	46.168	535	220	15	88	603	36083	37540	1.35e-127	427
Query_1	2590212_VIDQ01000027.1	40.789	532	268	11	90	599	25993	24473	2.53e-101	351
Query_1	1038866_KB902802.1	45.857	519	245	10	88	599	84355	85824	9.04e-127	425
Query_1	1038866_KB902802.1	30.943	530	293	22	89	600	50724	52148	1.40e-43	182
Query_1	1855321_FNCU01000073.1	45.611	524	244	12	88	602	29579	31054	2.67e-126	424
Query_1	1121388_AXWS01000008.1	45.962	520	252	11	88	599	824844	823348	1.83e-125	421
Query_1	1121030_AUMO01000049.1	46.226	530	213	16	88	599	6408	7835	1.18e-124	419
Query_1	1121030_AUMO01000049.1	30.385	520	303	16	90	600	15344	16753	1.82e-43	182
Query_1	1943571_BJHU01000005.1	44.742	523	233	13	88	601	173458	172031	3.17e-124	418
Query_1	2035205_PEEV01000001.1	44.466	524	236	13	88	602	873756	875189	3.82e-124	417
Query_1	2035205_PEEV01000001.1	40.152	528	266	12	88	599	3629869	3628388	6.82e-104	359
Query_1	2035205_PEEV01000001.1	39.773	528	268	12	88	599	3627760	3626279	1.92e-101	352
Query_1	2035205_PEEV01000001.1	27.087	539	288	20	88	601	2065019	2063643	1.17e-35	158
Query_1	2035203_PEFJ01000001.1	44.466	524	236	13	88	602	1652998	1654431	7.54e-123	414
Query_1	2035203_PEFJ01000001.1	40.755	530	260	13	88	599	4252675	4251194	4.65e-105	362
Query_1	2035203_PEFJ01000001.1	38.447	528	275	12	88	599	4250625	4249144	1.19e-99	347
Query_1	2035203_PEFJ01000001.1	39.238	525	269	12	91	602	4254730	4253267	1.05e-93	329
Query_1	2035203_PEFJ01000001.1	27.458	539	286	20	88	601	2721312	2719936	1.51e-35	158
Query_1	1736493_LMIJ01000014.1	44.423	520	237	13	88	600	197049	195625	1.15e-122	413
Query_1	1736492_LMIH01000016.1	44.359	523	233	14	88	600	99743	98319	1.51e-122	413
Query_1	1813946_LUKZ01000009.1	44.551	523	234	13	88	601	425095	426522	1.91e-122	412
Query_1	2135637_RCCC01000001.1	43.893	524	239	13	88	602	4301152	4302585	7.18e-122	411
Query_1	2135637_RCCC01000001.1	40.530	528	264	12	88	599	1984219	1982738	9.24e-106	364
Query_1	2135637_RCCC01000001.1	39.583	528	269	12	88	599	1982120	1980639	3.30e-103	357
Query_1	2135637_RCCC01000001.1	27.087	539	288	20	88	601	536827	535451	6.02e-36	159
Query_1	363844_RCZJ01000005.1	43.009	565	291	13	50	599	265017	266663	1.20e-121	410
Query_1	1775474_RCZI01000005.1	43.009	565	291	13	50	599	265017	266663	1.20e-121	410
Query_1	1736508_LMJH01000001.1	44.423	520	240	12	88	601	1180056	1181486	2.59e-121	409
Query_1	1736508_LMJH01000001.1	31.670	521	282	17	89	600	448715	447348	1.67e-49	199
Query_1	999386_AFBG01000006.1	44.423	520	240	12	88	601	88040	86610	3.34e-121	409
Query_1	999394_AFBH01000021.1	44.423	520	240	12	88	601	177457	178887	3.35e-121	409
Query_1	1736505_LMJC01000022.1	44.423	520	240	12	88	601	204088	202658	3.35e-121	409
Query_1	1736237_LMLZ01000020.1	44.551	523	234	13	88	601	1002113	1003540	3.49e-121	409
Query_1	1736236_LMLY01000030.1	44.742	523	233	13	88	601	14093	12666	3.71e-121	409
Query_1	1736240_LMMC01000028.1	44.742	523	233	13	88	601	188046	189473	3.72e-121	409
Query_1	1736296_LMPT01000022.1	44.742	523	233	13	88	601	189321	190748	3.72e-121	409
Query_1	2004485_NOIG01000003.1	43.977	523	237	13	88	601	79287	77860	5.38e-121	408
Query_1	2153365_QAJR01000004.1	44.444	522	234	13	88	600	40568	41992	5.85e-121	408
Query_1	2135638_QBTZ01000001.1	43.977	523	238	13	88	601	1778108	1779538	7.16e-121	408
Query_1	2135638_QBTZ01000001.1	40.377	530	260	13	89	599	3450925	3449447	1.06e-104	361
Query_1	2135638_QBTZ01000001.1	27.985	536	287	19	88	601	3701280	3702656	2.60e-36	160
Query_1	758826_VIVM01000006.1	44.084	524	235	14	88	601	229593	231020	1.28e-120	407
Query_1	1736590_LMHQ01000028.1	43.977	523	238	13	88	601	135513	136943	1.42e-120	407
Query_1	2008675_NINW01000028.1	46.654	523	241	12	91	602	51256	49769	2.42e-120	406
Query_1	2219062_QKVP01000001.1	43.786	523	239	13	88	601	343637	345067	7.42e-120	405
Query_1	47920_LSIH01000120.1	43.977	523	238	13	88	601	6072	7502	8.17e-120	405
Query_1	1144317_AKJX01000120.1	44.084	524	235	14	88	601	22339	20912	1.23e-119	404
Query_1	2135736_QAXU01000004.1	44.084	524	235	14	88	601	116901	115474	1.28e-119	404
Query_1	2135635_REFD01000001.1	43.570	521	239	13	88	599	3362488	3363912	5.29e-119	402
Query_1	2135635_REFD01000001.1	40.755	530	258	13	89	599	1115082	1113604	1.79e-105	363
Query_1	2135635_REFD01000001.1	27.154	534	294	18	88	601	1376829	1378205	2.66e-35	157
Query_1	2035202_PGEP01000001.1	43.403	523	241	13	88	601	2624923	2623493	8.31e-119	402
Query_1	2035202_PGEP01000001.1	39.962	533	265	12	89	602	4821847	4823337	1.66e-104	360
Query_1	87883_NGKK01000994.1	43.396	530	247	14	88	599	2375	891	1.85e-118	383
Query_1	2035206_PJMZ01000001.1	43.570	521	239	13	88	599	2787568	2788992	2.21e-118	401
Query_1	2035206_PJMZ01000001.1	40.189	530	262	12	89	599	621151	619670	5.42e-105	362
Query_1	2035206_PJMZ01000001.1	27.528	534	292	18	88	601	857215	858591	6.83e-38	165
Query_1	2035204_PEET01000001.1	43.570	521	239	13	88	599	2166269	2164845	2.21e-118	401
Query_1	2035204_PEET01000001.1	40.189	530	262	12	89	599	4332700	4334181	5.42e-105	362
Query_1	2035204_PEET01000001.1	27.528	534	292	18	88	601	4096635	4095259	6.83e-38	165
Query_1	2135634_QEKU01000001.1	43.570	521	239	13	88	599	4635222	4633798	2.38e-118	401
Query_1	2135634_QEKU01000001.1	40.943	530	257	13	89	599	2296419	2294941	2.96e-106	366
Query_1	2135634_QEKU01000001.1	27.425	536	290	19	88	601	2548208	2549584	4.23e-35	156
Query_1	87883_NGKL01001180.1	43.396	530	247	14	88	599	2373	889	2.74e-118	382
Query_1	47920_VJWE01000012.1	43.570	521	239	13	88	599	180144	181568	7.95e-118	399
Query_1	1736565_LMGP01000010.1	43.186	521	241	13	88	599	424321	425745	8.43e-118	399
Query_1	1736527_LMDQ01000014.1	43.378	521	240	13	88	599	326819	325395	9.37e-118	399
Query_1	1282360_AWGD01000033.1	42.176	524	265	10	88	599	2748	4241	9.71e-118	399
Query_1	358220_CP003872.1	43.103	522	244	12	88	601	2517977	2519407	1.80e-117	398
Query_1	358220_CP003872.1	40.943	530	258	12	89	599	269484	268003	1.43e-107	370
Query_1	1472718_MYFL01000001.1	42.642	530	242	14	88	602	2509605	2511053	2.10e-117	398
Query_1	1472718_MYFL01000001.1	37.571	527	280	9	88	602	1449384	1447915	7.58e-93	327
Query_1	469553_LFJT01000102.1	42.642	530	242	14	88	602	5217	3769	2.34e-117	398
Query_1	1219053_BCZE01000017.1	45.087	519	266	7	92	602	34743	36266	2.82e-117	397
Query_1	1100725_NERW01000003.1	44.854	515	234	14	88	599	216417	215014	2.93e-117	397
Query_1	1100725_NERW01000003.1	38.128	577	290	16	46	599	218239	216641	3.62e-92	325
Query_1	2135698_QAOP01000004.1	43.396	530	248	14	88	600	226151	224667	4.05e-117	397
Query_1	2135698_QAOP01000004.1	29.567	531	299	19	90	600	365535	364108	2.30e-36	160
Query_1	2135697_QBUB01000004.1	43.396	530	248	14	88	600	226171	224687	4.05e-117	397
Query_1	2135697_QBUB01000004.1	29.567	531	299	19	90	600	365555	364128	2.30e-36	160
Query_1	2135699_SLYO01000004.1	43.396	530	248	14	88	600	226171	224687	4.05e-117	397
Query_1	2135699_SLYO01000004.1	29.567	531	299	19	90	600	365555	364128	2.30e-36	160
Query_1	2135695_QKMC01000004.1	43.396	530	248	14	88	600	226171	224687	4.05e-117	397
Query_1	2135695_QKMC01000004.1	29.567	531	299	19	90	600	365555	364128	2.30e-36	160
Query_1	2135696_SLVA01000004.1	43.396	530	248	14	88	600	226171	224687	4.05e-117	397
Query_1	2135696_SLVA01000004.1	29.567	531	299	19	90	600	365555	364128	2.30e-36	160
Query_1	2315841_QXMG01000002.1	44.423	520	235	13	88	602	134170	132758	4.24e-117	397
Query_1	2315841_QXMG01000002.1	31.471	537	283	21	88	602	215823	214402	1.97e-49	199
Query_1	80866_DOSO01000015.1	42.453	530	243	14	88	602	6686	8134	4.27e-117	397
Query_1	80866_DLJK01000153.1	42.453	530	243	14	88	602	46678	48126	4.81e-117	397
Query_1	80866_CP019171.1	42.453	530	243	14	88	602	3716629	3715181	4.92e-117	397
Query_1	80866_CP019171.1	39.252	535	260	11	88	602	4684887	4686356	1.05e-96	338
Query_1	398578_CP000884.1	42.453	530	243	14	88	602	3883813	3882365	4.92e-117	397
Query_1	398578_CP000884.1	39.252	535	260	11	88	602	4990494	4991963	1.05e-96	338
Query_1	1218107_BCZP01000016.1	42.642	530	242	14	88	602	114220	112772	5.85e-117	397
Query_1	80866_KN046795.1	42.642	530	242	14	88	602	2972576	2971128	5.90e-117	397
Query_1	80866_KN046795.1	37.570	535	269	10	88	602	4371311	4369842	8.51e-93	327
Query_1	321985_CP035913.1	43.396	530	258	15	88	599	6956342	6954825	6.13e-117	397
Query_1	1920191_CP018101.1	42.642	530	242	14	88	602	3599229	3597781	8.10e-117	396
Query_1	1920191_CP018101.1	37.500	536	268	11	88	602	4652667	4654136	2.88e-92	325
Query_1	80866_PEKB02000176.1	42.830	530	241	14	88	602	5228	3780	1.19e-116	396
Query_1	2008676_NINX01000024.1	45.489	521	256	11	88	602	292879	294375	1.22e-116	396
Query_1	2008676_NINX01000024.1	32.519	532	262	17	88	599	243437	244801	6.03e-57	222
Query_1	2008676_NINX01000024.1	30.361	527	297	20	90	600	345647	344229	4.89e-40	171
Query_1	2021368_CABMKW010000024.1	45.489	521	256	11	88	602	292879	294375	1.22e-116	396
Query_1	2021368_CABMKW010000024.1	32.519	532	262	17	88	599	243437	244801	6.03e-57	222
Query_1	2021368_CABMKW010000024.1	30.361	527	297	20	90	600	345647	344229	4.89e-40	171
Query_1	1002116_SJZA01000007.1	45.489	521	256	11	88	602	63271	61775	1.22e-116	396
Query_1	1002116_SJZA01000007.1	32.707	532	261	17	88	599	109076	107712	3.42e-58	225
Query_1	1002116_SJZA01000007.1	30.361	527	297	20	90	600	10503	11921	2.52e-40	172
Query_1	1468410_JFYT01000035.1	42.642	530	242	14	88	602	179944	178496	1.38e-116	395
Query_1	742013_CP002735.1	42.453	530	243	14	88	602	3704172	3705620	1.63e-116	395
Query_1	742013_CP002735.1	37.879	528	277	10	88	602	2612230	2610761	1.17e-92	326
Query_1	80866_RJUY01000002.1	42.453	530	243	14	88	602	11659	13107	3.34e-116	394
Query_1	1920191_VFOT01000016.1	42.453	530	243	14	88	602	262812	261364	3.84e-116	394
Query_1	1827145_LWCN01000004.1	42.453	530	243	14	88	602	573175	574623	4.21e-116	394
Query_1	80866_DLHU01000030.1	42.453	530	243	14	88	602	31362	29914	4.27e-116	394
Query_1	1035707_FPBO01000024.1	43.126	531	260	15	88	599	88731	90254	5.04e-116	394
Query_1	321983_CP036401.1	43.478	529	259	14	88	599	3328097	3326580	5.19e-116	394
Query_1	80866_OCRO01000001.1	42.453	530	243	14	88	602	2678534	2679982	6.00e-116	394
Query_1	80866_OCRO01000001.1	37.873	536	266	12	88	602	1654026	1652557	1.63e-91	323
Query_1	864828_CP040017.1	44.423	529	254	14	88	599	1453631	1452114	7.84e-116	394
Query_1	151784_SGXC01000003.1	45.402	522	255	10	88	602	69000	67504	1.10e-115	393
Query_1	151784_SGXC01000003.1	32.143	532	264	17	88	599	139577	138213	6.98e-56	219
Query_1	151784_SGXC01000003.1	30.134	521	300	19	90	599	1015254	1016657	6.83e-47	192
Query_1	151784_SGXC01000003.1	28.872	523	316	18	88	599	1034188	1032755	4.79e-37	162
Query_1	80866_CP022656.1	42.264	530	244	14	88	602	5362218	5360770	1.33e-115	393
Query_1	80866_CP022656.1	39.658	527	269	10	88	602	6515683	6517152	1.10e-97	341
Query_1	80866_CP022656.1	39.658	527	269	10	88	602	6548	8017	4.06e-97	339
Query_1	1736470_LMFX01000024.1	45.279	519	252	11	89	599	38607	37123	1.38e-115	393
Query_1	2010972_CP048815.1	44.677	526	245	11	89	599	4009099	4007615	2.00e-115	392
Query_1	60548_CP024935.1	42.830	530	251	14	88	600	777888	779372	3.30e-115	392
Query_1	60548_CP024935.1	32.276	536	290	18	88	599	1416566	1415106	1.49e-53	212
Query_1	60548_CP024935.1	31.418	522	299	20	90	602	259782	261197	2.40e-40	172
Query_1	60548_CP024935.1	30.841	535	289	21	90	601	640344	641774	1.32e-35	158
Query_1	1938798_RBIW01000002.1	41.887	530	255	14	88	600	1152809	1154290	7.23e-115	390
Query_1	1938798_RBIW01000002.1	31.538	520	301	18	90	602	2269911	2271326	2.54e-43	181
Query_1	1938805_QREJ01000001.1	41.887	530	255	14	88	600	6593987	6595468	7.52e-115	390
Query_1	1938805_QREJ01000001.1	31.346	520	302	18	90	602	7779778	7781193	1.06e-42	179
Query_1	1104773_JAANOZ010000004.1	45.068	517	257	11	88	599	232601	231117	7.55e-115	390
Query_1	1257078_ANOY02001087.1	44.275	524	249	12	88	599	1339	2817	8.74e-115	383
Query_1	908627_AEJF01000141.1	43.371	528	250	14	90	602	5999	7480	9.19e-115	390
Query_1	196367_MTHB01000278.1	41.053	570	278	16	51	603	187892	186306	1.15e-114	390
Query_1	396598_ABLD01000001.1	42.642	530	252	14	88	600	100639	102123	1.41e-114	390
Query_1	179879_LOVW01000070.1	42.776	526	251	12	90	599	101404	99929	2.99e-114	389
Query_1	488446_VZOJ01000016.1	43.371	528	249	13	88	599	40669	39188	3.48e-114	389
Query_1	2563918_SRVG01000001.1	43.186	521	245	13	88	592	884148	885605	3.54e-114	389
Query_1	2563918_SRVG01000001.1	32.778	540	284	19	88	600	396397	394934	8.31e-57	221
Query_1	2563911_SRUD01000001.1	43.186	521	245	13	88	592	884148	885605	3.54e-114	389
Query_1	2563911_SRUD01000001.1	32.778	540	284	19	88	600	396397	394934	8.31e-57	221
Query_1	2563901_SRSY01000001.1	43.186	521	245	13	88	592	884148	885605	3.54e-114	389
Query_1	2563901_SRSY01000001.1	32.778	540	284	19	88	600	396397	394934	8.31e-57	221
Query_1	1100724_NERV01000003.1	44.294	517	234	15	88	599	735936	737339	4.01e-114	389
Query_1	1100724_NERV01000003.1	37.241	580	291	17	46	599	734108	735706	3.65e-90	319
Query_1	1218115_BAYE01000002.1	42.830	530	251	14	88	600	146709	145225	5.94e-114	388
Query_1	2601730_VOSS01000084.1	39.719	569	286	13	49	599	37320	35731	5.97e-114	388
Query_1	985078_ALIX01000353.1	43.478	529	247	13	88	599	10141	11622	6.24e-114	388
Query_1	1245417_MWMK01000017.1	43.208	530	249	14	88	600	108812	107328	7.62e-114	388
Query_1	1938807_QUNA01000002.1	41.321	530	258	14	88	600	3694287	3692806	7.78e-114	388
Query_1	1938807_QUNA01000002.1	31.499	527	292	18	90	602	2355672	2354257	6.98e-44	183
Query_1	134536_NGUT01000138.1	43.208	530	249	14	88	600	67235	65751	8.05e-114	388
Query_1	134536_KB911035.1	43.208	530	249	14	88	600	109305	107821	9.49e-114	387
Query_1	134536_CP024906.1	42.830	530	251	14	88	600	1297200	1295716	9.78e-114	387
Query_1	134536_CP024906.1	32.137	585	307	23	49	600	851626	850043	2.41e-52	208
Query_1	134536_CP024906.1	31.923	520	299	19	90	602	2805638	2807053	8.14e-39	167
Query_1	1348852_JTDJ01000311.1	40.070	569	284	13	49	599	2378	789	9.83e-114	387
Query_1	329_MCGA01000030.1	41.321	530	259	11	88	599	21627	20140	1.01e-113	387
Query_1	105219_PKPA01000001.1	39.895	569	285	13	49	599	849228	850817	1.17e-113	387
Query_1	944436_AWZV01000013.1	44.061	522	240	15	88	592	61659	63119	1.18e-113	387
Query_1	433924_LDSL01000030.1	44.444	522	251	12	88	599	106416	107894	1.23e-113	387
Query_1	1502763_FMTI01000001.1	40.070	569	284	13	49	599	210421	212010	1.52e-113	387
Query_1	1218114_BCPW01000002.1	40.070	569	284	13	49	599	210105	211694	1.52e-113	387
Query_1	658080_JH815237.1	40.070	569	284	13	49	599	442817	441228	1.52e-113	387
Query_1	329_CABKQE010000002.1	40.070	569	284	13	49	599	442817	441228	1.52e-113	387
Query_1	329_GL520217.1	40.070	569	284	13	49	599	765407	766996	1.52e-113	387
Query_1	329_UGVF01000002.1	40.070	569	284	13	49	599	677749	676160	1.52e-113	387
Query_1	329_KN050646.1	40.070	569	284	13	49	599	4102024	4103613	1.52e-113	387
Query_1	196367_RSET01000002.1	43.182	528	251	14	90	602	2184827	2183346	1.58e-113	387
Query_1	196367_RSET01000002.1	27.808	543	301	20	111	600	1626033	1624519	3.33e-24	123
Query_1	1232866_RDRT01000002.1	43.182	528	251	14	90	602	1504335	1505816	1.58e-113	387
Query_1	1232866_RDRT01000002.1	27.808	543	301	20	111	600	2063125	2064639	3.33e-24	123
Query_1	1232866_SOSF01000002.1	43.182	528	251	14	90	602	3863513	3862032	1.58e-113	387
Query_1	1232866_SOSF01000002.1	27.808	543	301	20	111	600	3304719	3303205	3.33e-24	123
Query_1	1855285_FNJA01000002.1	44.231	520	236	15	88	599	658202	656781	1.84e-113	387
Query_1	2488560_CP033966.1	45.315	523	254	12	88	602	4598136	4599632	1.99e-113	387
Query_1	2488560_CP033966.1	31.767	532	266	17	88	599	4522967	4524331	2.92e-56	220
Query_1	2488560_CP033966.1	30.710	521	297	19	90	599	3606009	3604606	1.08e-46	191
Query_1	2488560_CP033966.1	29.143	525	312	17	88	599	3590849	3592282	9.07e-38	164
Query_1	2488560_CP033966.1	27.324	527	312	14	111	599	3391278	3392759	8.49e-23	118
Query_1	329_CP023538.1	40.943	530	261	11	88	599	1059729	1058242	2.01e-113	387
Query_1	1293052_NESN01000004.1	44.380	516	235	15	88	599	116861	118264	2.02e-113	387
Query_1	1293052_NESN01000004.1	36.742	577	298	16	46	599	115056	116654	9.56e-88	312
Query_1	673548_BCNT01000019.1	44.123	519	242	10	88	601	54159	52732	3.00e-113	386
Query_1	329_NREQ02000002.1	41.132	530	260	11	88	599	167706	169193	3.21e-113	386
Query_1	2184564_QTPY01000005.1	42.642	530	251	14	88	599	176027	174543	3.51e-113	386
Query_1	2184565_QTPX01000005.1	42.642	530	251	14	88	599	176027	174543	3.51e-113	386
Query_1	329_WJYN01000001.1	41.132	530	260	11	88	599	205570	204083	3.92e-113	385
Query_1	1500263_FNTG01000002.1	42.344	529	253	13	88	599	1222872	1221391	3.92e-113	385
Query_1	1500263_FNTG01000002.1	32.500	520	296	18	90	602	826273	824858	4.98e-46	189
Query_1	1500263_FNTG01000002.1	28.439	538	282	21	88	599	3537691	3536309	4.40e-38	166
Query_1	1500263_FNTG01000002.1	27.619	525	275	16	89	601	46226	47521	1.89e-36	160
Query_1	41899_CP007213.1	42.155	529	253	15	88	599	2115187	2116665	3.92e-113	385
Query_1	545864_QPJK01000003.1	43.570	521	236	14	91	601	49699	51117	4.56e-113	385
Query_1	87883_LPCH01000048.1	43.585	530	246	14	88	599	216045	214561	4.68e-113	385
Query_1	1423893_AYSW01000171.1	41.321	530	258	14	88	600	14107	15588	4.92e-113	385
Query_1	95486_QTSR01000022.1	42.505	527	252	13	90	599	79838	81316	5.16e-113	385
Query_1	95486_QTSM01000022.1	42.505	527	252	13	90	599	38559	37081	5.16e-113	385
Query_1	95486_QTSL01000012.1	42.505	527	252	13	90	599	38062	36584	5.19e-113	385
Query_1	95486_QTSH01000006.1	42.505	527	252	13	90	599	79823	81301	5.21e-113	385
Query_1	28092_LAQU01000027.1	41.132	530	259	14	88	600	20688	19207	6.43e-113	385
Query_1	95486_CP013396.1	42.694	527	251	13	90	599	2800150	2798672	6.70e-113	385
Query_1	95486_CP013396.1	30.038	526	300	21	90	599	980669	979248	3.20e-45	187
Query_1	2495593_RWKI01000010.1	43.810	525	249	11	88	599	148186	146711	6.84e-113	385
Query_1	95486_FNKW01000002.1	42.694	527	251	13	90	599	1914109	1915587	7.03e-113	385
Query_1	95486_FNKW01000002.1	29.848	526	301	21	90	599	859280	860701	2.06e-44	184
Query_1	95486_QTSK01000004.1	42.315	527	253	13	90	599	322838	321360	7.15e-113	385
Query_1	95486_CP017239.1	42.315	527	253	13	90	599	3007076	3005598	7.17e-113	385
Query_1	2135496_QICR01000002.1	42.642	530	252	14	88	600	501511	500027	7.23e-113	385
Query_1	2135496_QICR01000002.1	32.137	585	307	22	49	600	43683	42100	6.50e-53	210
Query_1	1167689_AXZX01000114.1	42.315	527	253	13	90	599	44357	42879	7.70e-113	385
Query_1	1165868_AXZY01000285.1	42.315	527	253	13	90	599	19685	21163	7.78e-113	385
Query_1	1938441_NHOM01000003.1	43.019	530	250	15	88	600	478904	477420	7.80e-113	385
Query_1	1736513_LMCQ01000001.1	43.074	527	254	11	89	602	557063	558544	9.81e-113	384
Query_1	95486_QTSO01000006.1	42.505	527	252	13	90	599	240730	239252	9.98e-113	384
Query_1	95486_CP034547.1	42.505	527	252	13	90	599	1487959	1489437	1.13e-112	384
Query_1	95486_CP034547.1	30.857	525	299	20	90	600	390610	392034	1.19e-46	191
Query_1	1561199_BBSK01000114.1	42.505	527	252	13	90	599	105675	107153	1.20e-112	384
Query_1	2015350_NKFC02000007.1	42.884	527	250	13	90	599	322063	320585	1.21e-112	384
Query_1	2015350_NKFC02000007.1	29.848	526	301	20	90	599	123146	124567	5.62e-45	186
Query_1	95486_JTAZ02000003.1	42.505	527	252	13	90	599	308881	310359	1.21e-112	384
Query_1	331271_CP000379.1	42.505	527	252	13	90	599	2523479	2524957	1.21e-112	384
Query_1	331272_CP000459.1	42.505	527	252	13	90	599	2743511	2742033	1.21e-112	384
Query_1	179879_QTSS01000008.1	42.884	527	250	13	90	599	23517	24995	1.24e-112	384
Query_1	95486_PVFD01000069.1	42.505	527	252	13	90	599	105193	103715	1.25e-112	384
Query_1	95486_CP021067.1	42.505	527	252	13	90	599	2174490	2173012	1.26e-112	384
Query_1	95486_CP021067.1	30.682	528	298	21	90	601	524953	523526	5.57e-47	192
Query_1	2015347_NKEZ01000009.1	42.505	527	252	13	90	599	274367	272889	1.41e-112	384
Query_1	95486_LDWC01000030.1	42.505	527	252	13	90	599	13132	11654	1.43e-112	384
Query_1	1229205_CP003864.1	43.295	522	244	14	88	592	375701	374241	1.56e-112	384
Query_1	1229205_CP003864.1	32.500	520	296	19	90	602	1818716	1820131	3.18e-44	184
Query_1	1229205_CP003864.1	29.468	526	305	19	90	600	2455949	2457373	7.42e-43	180
Query_1	985079_ALIW01000522.1	43.478	529	248	13	88	599	10120	11604	1.57e-112	384
Query_1	1571773_JTAN02000001.1	42.722	529	252	13	88	599	333904	332420	1.65e-112	384
Query_1	1165869_AXZZ01000110.1	42.315	527	253	13	90	599	24214	22736	1.74e-112	384
Query_1	87883_UAQY01000006.1	43.478	529	248	13	88	599	37839	36355	1.76e-112	384
Query_1	87883_FKJX01000002.1	43.478	529	248	13	88	599	95912	97396	1.76e-112	384
Query_1	87883_CP020398.1	43.478	529	248	13	88	599	398541	400025	1.76e-112	384
Query_1	985079_CP009831.1	43.478	529	248	13	88	599	145096	143612	1.76e-112	384
Query_1	87883_FKJY01000002.1	43.478	529	248	13	88	599	95848	97332	1.76e-112	384
Query_1	436515_VEDO01000003.1	42.248	516	246	13	91	599	124400	125812	1.77e-112	384
Query_1	87883_PVHH01000083.1	43.289	529	249	13	88	599	142547	141063	1.79e-112	384
Query_1	179879_LPKM01000067.1	42.694	527	251	13	90	599	145902	147380	1.87e-112	384
Query_1	87883_PVGD01000073.1	43.289	529	249	13	88	599	80855	82339	1.93e-112	384
Query_1	87883_PVHB01000014.1	43.289	529	249	13	88	599	101807	103291	1.93e-112	384
Query_1	2116686_ML058622.1	42.533	529	253	13	88	599	155006	153522	1.98e-112	384
Query_1	87883_PVGF01000029.1	43.478	529	248	13	88	599	88387	89871	1.99e-112	384
Query_1	1449334_JPZC01000104.1	43.478	529	248	13	88	599	89416	90900	2.03e-112	384
Query_1	1938806_SORC01000001.1	41.954	522	250	14	88	592	866515	865058	2.04e-112	384
Query_1	1938806_SORC01000001.1	31.418	522	299	19	90	602	3385385	3383970	2.46e-42	178
Query_1	1938806_SORC01000001.1	30.508	531	292	17	90	599	4163219	4161795	3.04e-37	163
Query_1	87883_CP044055.1	43.478	529	248	13	88	599	749524	751008	2.05e-112	384
Query_1	87883_CP044056.1	43.478	529	248	13	88	599	1504196	1502712	2.05e-112	384
Query_1	87883_PVGW01000027.1	43.478	529	248	13	88	599	170256	168772	2.06e-112	384
Query_1	87883_PVHF01000046.1	43.478	529	248	13	88	599	246447	244963	2.15e-112	384
Query_1	1503055_VZOL01000497.1	41.588	529	258	13	88	599	672	2156	2.31e-112	377
Query_1	1736318_LMNA01000028.1	42.664	518	245	13	91	601	120678	122096	2.53e-112	383
Query_1	87883_PVFM01000078.1	43.289	529	249	13	88	599	54231	52747	2.56e-112	383
Query_1	488446_CP013438.1	42.911	529	251	13	88	599	2275714	2274230	2.56e-112	383
Query_1	28094_QLKX01000012.1	43.609	532	247	16	88	602	77728	76241	2.83e-112	383
Query_1	28094_FXAH01000011.1	43.609	532	247	16	88	602	127578	129065	2.83e-112	383
Query_1	28094_PNXZ01000010.1	43.609	532	247	16	88	602	77796	76309	2.83e-112	383
Query_1	1581083_KV786597.1	43.289	529	249	13	88	599	10177	11661	2.83e-112	383
Query_1	28094_VJZF01000003.1	43.609	532	247	16	88	602	563437	564924	2.84e-112	383
Query_1	87883_PVHG01000076.1	43.289	529	249	13	88	599	89008	87524	2.90e-112	383
Query_1	87883_RKIM01000002.1	43.289	529	249	13	88	599	111897	113381	2.93e-112	383
Query_1	2153378_QBJZ01000067.1	42.533	529	253	13	88	599	64406	65890	2.94e-112	383
Query_1	2171707_PVFP01000015.1	42.533	529	253	13	88	599	86330	87814	2.94e-112	383
Query_1	1385930_CM002278.1	42.533	529	253	13	88	599	1769499	1768015	2.96e-112	383
Query_1	152500_CP033838.1	42.533	529	253	13	88	599	1327569	1329053	2.96e-112	383
Query_1	350701_CP009793.1	42.533	529	253	13	88	599	2136213	2137697	2.96e-112	383
Query_1	350701_CH482381.1	42.533	529	253	13	88	599	1743340	1741856	2.96e-112	383
Query_1	292_CP011301.1	42.533	529	253	13	88	599	4478397	4476913	2.96e-112	383
Query_1	179879_QTST01000004.1	42.694	527	251	13	90	599	87571	89049	2.97e-112	383
Query_1	2015355_NKFH01000008.1	41.966	529	256	13	88	599	377721	376237	2.98e-112	383
Query_1	87883_PVGN01000106.1	43.289	529	249	13	88	599	88462	89946	2.99e-112	383
Query_1	87883_FKJP01000006.1	43.289	529	249	13	88	599	90677	92161	3.12e-112	383
Query_1	513052_ACFC01000018.1	43.289	529	249	13	88	599	10692	12176	3.12e-112	383
Query_1	87883_FKJU01000002.1	43.289	529	249	13	88	599	422101	423585	3.13e-112	383
Query_1	513053_ACFD01000007.1	43.289	529	249	13	88	599	10173	11657	3.15e-112	383
Query_1	1245436_JRZC01000507.1	42.642	530	252	14	88	600	2751	1267	3.22e-112	383
Query_1	1735689_LMKR01000003.1	44.762	525	255	11	88	601	10995	9493	3.31e-112	383
Query_1	95486_MUUE01000036.1	42.315	527	253	13	90	599	99399	97921	3.50e-112	383
Query_1	95486_CP019670.1	42.315	527	253	13	90	599	5334168	5335646	3.51e-112	383
Query_1	95486_CP019670.1	30.361	527	299	21	90	600	4252794	4254218	2.22e-46	190
Query_1	433924_QQAV01000015.1	44.275	524	249	12	88	599	87874	86396	3.61e-112	383
Query_1	41899_CP002581.1	41.777	529	255	15	88	599	2016904	2018382	3.61e-112	383
Query_1	1207504_LPJR01000019.1	42.424	528	254	12	88	599	91450	92931	3.67e-112	383
Query_1	1282360_AWGD01000023.1	43.295	522	264	13	88	601	54469	52976	4.00e-112	383
Query_1	28095_KN151024.1	42.911	529	251	13	88	599	80843	82327	4.06e-112	383
Query_1	28095_LOZK01000069.1	42.911	529	251	13	88	599	96992	98476	4.09e-112	383
Query_1	28095_UWYW01000003.1	42.911	529	251	13	88	599	3721371	3722855	4.13e-112	383
Query_1	28095_UWYW01000003.1	28.598	535	285	18	92	603	2243268	2241886	3.67e-33	150
Query_1	87883_PVHJ01000048.1	43.396	530	247	14	88	599	103461	101977	4.18e-112	383
Query_1	87883_PVGC01000026.1	43.585	530	246	14	88	599	64568	63084	4.21e-112	383
Query_1	87883_PVGX01000098.1	43.585	530	246	14	88	599	256200	254716	4.24e-112	383
Query_1	87883_CP033747.1	43.585	530	246	14	88	599	423834	422350	4.25e-112	383
Query_1	87883_PVFK01000087.1	43.289	529	249	13	88	599	20070	21554	4.46e-112	382
Query_1	95486_CP007780.1	42.911	529	251	13	88	599	403877	402393	4.46e-112	382
Query_1	1938804_PVZB01000003.1	42.146	522	249	14	88	592	210352	211809	4.49e-112	382
Query_1	41899_MKGK01000001.1	41.777	529	255	15	88	599	306390	304912	4.50e-112	382
Query_1	28095_PVFX01000185.1	42.911	529	251	13	88	599	97066	98550	4.50e-112	382
Query_1	87883_PVGR01000048.1	43.289	529	249	13	88	599	70068	71552	4.53e-112	382
Query_1	87883_PVGL01000119.1	43.396	530	247	14	88	599	78362	79846	4.56e-112	382
Query_1	95486_QTRX01000024.1	42.505	527	252	13	90	599	79224	80702	4.94e-112	382
Query_1	28095_CP033431.1	42.911	529	251	13	88	599	355351	353867	4.96e-112	382
Query_1	28095_CP033431.1	29.291	536	277	15	88	602	221219	219855	1.20e-48	197
Query_1	28095_CP033431.1	28.411	535	286	18	92	603	1844092	1845474	1.34e-32	149
Query_1	28095_CP033431.1	38.095	63	33	1	537	599	2203958	2204128	5.1	45.4
Query_1	95486_QTRZ01000016.1	42.505	527	252	13	90	599	148002	149480	4.97e-112	382
Query_1	1682204_LGIO01000007.1	41.509	530	257	15	88	600	80464	81945	4.97e-112	382
Query_1	1907403_FTMY01000009.1	44.084	524	250	12	88	599	158326	156848	4.98e-112	382
Query_1	95486_QTRQ01000001.1	42.505	527	252	13	90	599	365850	367328	4.99e-112	382
Query_1	34073_JZWI01000038.1	42.939	524	253	11	89	599	67112	68584	5.29e-112	382
Query_1	2500161_SAIP01000005.1	42.911	529	251	13	88	599	252720	251236	5.34e-112	382
Query_1	87883_PVFY01000009.1	43.289	529	249	13	88	599	92108	93592	5.53e-112	382
Query_1	1503055_CM004192.1	41.966	529	256	13	88	599	2433342	2431858	5.83e-112	382
Query_1	87883_LPEO01000020.1	43.289	529	249	13	88	599	81858	83342	6.27e-112	382
Query_1	87883_FKJS01000002.1	43.478	529	248	13	88	599	79943	81427	6.30e-112	382
Query_1	87883_FKJT01000002.1	43.478	529	248	13	88	599	79866	81350	6.30e-112	382
Query_1	87883_JAAKGD010000002.1	43.396	530	247	14	88	599	1159517	1158033	6.48e-112	382
Query_1	28095_UWYV01000002.1	42.911	529	251	13	88	599	3359137	3357653	6.67e-112	382
Query_1	28095_UWYV01000002.1	28.598	535	285	18	92	603	1046526	1047908	1.33e-32	149
Query_1	1324617_FPBH01000014.1	41.509	530	257	15	88	600	157639	159120	7.58e-112	382
Query_1	2666085_WKJJ01000018.1	42.561	531	264	16	88	599	10464	11990	7.58e-112	382
Query_1	87883_PVGM01000043.1	43.289	529	249	13	88	599	139437	137953	7.80e-112	382
Query_1	395019_CP000869.1	43.289	529	249	13	88	599	91421	92905	7.85e-112	382
Query_1	395019_AP009386.1	43.289	529	249	13	88	599	2383883	2382399	7.85e-112	382
Query_1	87883_PVGJ01000027.1	43.289	529	249	13	88	599	23756	25240	7.88e-112	382
Query_1	1211383_SNVI01000002.1	41.132	530	259	14	88	600	721833	723314	8.31e-112	382
Query_1	1211383_SNVI01000002.1	30.784	523	279	17	92	602	126529	127884	2.36e-54	214
Query_1	1211383_SNVI01000002.1	31.081	518	306	17	90	602	2167698	2169113	2.70e-42	178
Query_1	87883_LJJG01000145.1	43.396	530	247	14	88	599	37198	38682	8.38e-112	382
Query_1	28095_PVGZ01000162.1	42.911	529	251	13	88	599	97392	98876	8.97e-112	382
Query_1	1503055_LPKD01000014.1	41.966	529	256	13	88	599	73419	74903	9.29e-112	382
Query_1	87883_PVFV01000057.1	43.396	530	247	14	88	599	229437	227953	9.37e-112	382
Query_1	87883_PVFS01000049.1	43.396	530	247	14	88	599	81840	83324	9.37e-112	382
Query_1	87883_LPGG01000033.1	43.396	530	247	14	88	599	102238	103722	9.45e-112	382
Query_1	87883_PVGU01000020.1	43.396	530	247	14	88	599	81051	82535	9.63e-112	382
Query_1	87883_PVFH01000010.1	43.019	530	249	14	88	599	78706	80190	9.67e-112	382
Query_1	87883_LPAZ01000004.1	43.396	530	247	14	88	599	450965	452449	9.95e-112	382
Query_1	87883_PZZC01000061.1	43.396	530	247	14	88	599	79125	80609	1.05e-111	382
Query_1	87883_PVHD01000020.1	43.019	530	249	14	88	599	102223	103707	1.05e-111	382
Query_1	1503055_VOWZ01000232.1	41.777	529	257	13	88	599	41973	40489	1.09e-111	381
Query_1	87883_PVGA01000038.1	43.019	530	249	14	88	599	188644	187160	1.13e-111	381
Query_1	488446_LOTQ01000050.1	42.722	529	252	13	88	599	231925	230441	1.15e-111	381
Query_1	1178627_PQMX01000012.1	42.911	529	251	13	88	599	22369	23853	1.15e-111	381
Query_1	60552_RQJA01000002.1	42.911	529	251	13	88	599	186817	188301	1.16e-111	381
Query_1	60552_CP013440.1	42.911	529	251	13	88	599	2149576	2148092	1.16e-111	381
Query_1	87883_PVFQ01000030.1	43.289	529	249	13	88	599	270470	268986	1.27e-111	381
Query_1	87883_PVFR01000030.1	43.289	529	249	13	88	599	270470	268986	1.27e-111	381
Query_1	87883_CP033748.1	43.396	530	247	14	88	599	248194	246710	1.29e-111	381
Query_1	28095_UZVS01000001.1	42.911	529	251	13	88	599	325523	327007	1.39e-111	381
Query_1	28095_UZVS01000001.1	28.492	537	283	18	92	603	2769881	2768499	1.26e-33	152
Query_1	28095_UZVS01000001.1	27.547	530	308	15	111	599	2461717	2460233	5.32e-26	128
Query_1	60552_LPCM01000051.1	42.911	529	251	13	88	599	23200	24684	1.42e-111	381
Query_1	87883_LPKG01000049.1	43.208	530	248	14	88	599	102670	104154	1.56e-111	381
Query_1	416344_CP003515.1	42.722	529	252	13	88	599	639968	641452	1.61e-111	381
Query_1	1503055_LOYQ01000035.1	41.966	529	256	13	88	599	73615	75099	1.66e-111	381
Query_1	1470591_JFYV01000007.1	43.619	525	264	10	88	600	24655	26169	1.68e-111	381
Query_1	87883_PVGY01000059.1	42.911	529	251	13	88	599	80288	81772	1.73e-111	381
Query_1	87883_PVGO01000051.1	42.911	529	251	13	88	599	80292	81776	1.73e-111	381
Query_1	87883_PVFW01000037.1	42.911	529	251	13	88	599	80302	81786	1.73e-111	381
Query_1	87883_PVGE01000076.1	42.911	529	251	13	88	599	204113	202629	1.73e-111	381
Query_1	1637844_LOSU01000009.1	42.533	529	253	13	88	599	252712	251228	1.83e-111	381
Query_1	28095_PVFC01000049.1	42.722	529	252	13	88	599	25588	27072	1.86e-111	381
Query_1	28095_UWYX01000001.1	42.722	529	252	13	88	599	1658772	1660256	1.89e-111	381
Query_1	28095_UWYX01000001.1	28.598	535	285	18	92	603	150165	148783	6.05e-33	150
Query_1	28095_UWYX01000001.1	37.162	148	66	4	473	599	3770319	3769894	2.68e-14	91.7
Query_1	2184572_QTPQ01000018.1	42.857	532	253	13	88	602	60625	59132	1.91e-111	381
Query_1	1938801_PVEN01000010.1	41.509	530	257	14	88	600	242628	241147	1.92e-111	381
Query_1	60552_LOWN01000054.1	42.722	529	252	13	88	599	98391	99875	2.05e-111	380
Query_1	87883_PVFO01000006.1	43.100	529	250	13	88	599	81921	83405	2.15e-111	380
Query_1	1938747_PDBZ01000003.1	41.777	529	257	13	88	599	305888	304404	2.16e-111	380
Query_1	87883_FKJV01000003.1	43.019	530	249	14	88	599	87950	89434	2.19e-111	380
Query_1	87883_FKJW01000005.1	43.019	530	249	14	88	599	88106	89590	2.19e-111	380
Query_1	60552_LOVV01000060.1	42.722	529	252	13	88	599	83263	84747	2.19e-111	380
Query_1	87883_PVGB01000120.1	43.396	530	247	14	88	599	142887	141403	2.19e-111	380
Query_1	87883_PVGH01000093.1	43.396	530	247	14	88	599	64475	65959	2.19e-111	380
Query_1	2572919_VIUM01000003.1	42.722	529	252	13	88	599	324965	326449	2.22e-111	380
Query_1	2572920_VIUT01000003.1	42.722	529	252	13	88	599	324965	326449	2.22e-111	380
Query_1	2572882_VIUS01000003.1	42.722	529	252	13	88	599	324965	326449	2.22e-111	380
Query_1	236253_LZXX01000149.1	42.830	523	248	13	90	595	279759	278293	2.24e-111	380
Query_1	551988_WNKY01000003.1	42.939	524	260	10	88	599	136036	137526	2.35e-111	380
Query_1	1985881_QQWV01000024.1	44.061	522	259	11	88	599	37354	38850	2.48e-111	380
Query_1	87883_PVHL01000018.1	43.019	530	249	14	88	599	165387	163903	2.48e-111	380
Query_1	563996_LQQO01000007.1	44.061	522	259	11	88	599	11961	10465	2.52e-111	380
Query_1	87883_PVGS01000004.1	43.100	529	250	13	88	599	211769	210285	2.53e-111	380
Query_1	87883_PVFU01000087.1	43.100	529	250	13	88	599	22439	23923	2.53e-111	380
Query_1	87883_PVFN01000058.1	43.100	529	250	13	88	599	22439	23923	2.53e-111	380
Query_1	87883_LPGO01000058.1	43.100	529	250	13	88	599	81235	82719	2.54e-111	380
Query_1	87883_CP013466.1	43.100	529	250	13	88	599	2407940	2406456	2.55e-111	380
Query_1	87883_CP008729.1	43.100	529	250	13	88	599	1434792	1436276	2.55e-111	380
Query_1	1637847_LOSZ01000034.1	42.533	529	253	13	88	599	260432	258948	2.56e-111	380
Query_1	1637848_LOTA01000031.1	42.533	529	253	13	88	599	260432	258948	2.56e-111	380
Query_1	321982_WNWM01000002.1	43.609	532	254	15	88	599	6672932	6671415	2.60e-111	380
Query_1	1882826_FNDR01000002.1	42.992	528	255	11	88	602	467533	466049	2.96e-111	380
Query_1	1882826_FNDR01000002.1	30.912	537	295	20	88	599	260318	261775	2.73e-39	169
Query_1	1503055_LOXN01000004.1	41.777	529	257	13	88	599	73639	75123	2.99e-111	380
Query_1	60552_LOWG01000099.1	42.722	529	252	13	88	599	83247	84731	3.21e-111	380
Query_1	374177_WTYQ01000004.1	43.019	530	257	12	88	601	213199	211697	3.79e-111	380
Query_1	1503055_LPGY01000037.1	41.777	529	257	13	88	599	73497	74981	3.81e-111	380
Query_1	1503055_LPGU01000048.1	41.777	529	257	13	88	599	266756	265272	3.83e-111	380
Query_1	60552_LPCN01000090.1	42.722	529	252	13	88	599	196526	198010	4.02e-111	380
Query_1	60552_LPCV01000113.1	42.722	529	252	13	88	599	109933	108449	4.02e-111	380
Query_1	87883_LPDN01000016.1	43.019	530	249	14	88	599	82385	83869	4.12e-111	380
Query_1	1503055_LOYS01000067.1	41.777	529	257	13	88	599	286805	285321	4.14e-111	380
Query_1	60552_LOWS01000023.1	42.722	529	252	13	88	599	83204	84688	4.16e-111	380
Query_1	95486_QTRS01000008.1	42.830	523	248	13	90	595	14286	15752	4.33e-111	380
Query_1	95486_QTRR01000004.1	42.830	523	248	13	90	595	14286	15752	4.34e-111	380
Query_1	2184553_QTQJ01000010.1	42.155	529	255	13	88	599	90477	91961	4.50e-111	380
Query_1	2184560_QTQC01000005.1	42.155	529	255	13	88	599	83454	84938	4.50e-111	380
Query_1	2184548_QTQO01000004.1	42.155	529	255	13	88	599	214926	213442	4.50e-111	380
Query_1	2184561_QTQB01000005.1	42.155	529	255	13	88	599	214920	213436	4.50e-111	380
Query_1	488732_LOXI01000027.1	41.777	529	257	13	88	599	29116	27632	4.71e-111	380
Query_1	60552_PVHK01000159.1	42.722	529	252	13	88	599	23293	24777	4.81e-111	380
Query_1	60552_LOXD01000032.1	42.722	529	252	13	88	599	23232	24716	4.92e-111	380
Query_1	60552_LPCS01000102.1	42.722	529	252	13	88	599	23312	24796	4.92e-111	380
Query_1	60552_LOZI01000039.1	42.722	529	252	13	88	599	83247	84731	4.93e-111	380
Query_1	60552_LPCR01000083.1	42.722	529	252	13	88	599	83197	84681	4.94e-111	380
Query_1	60552_LOXB01000059.1	42.722	529	252	13	88	599	98400	99884	4.94e-111	380
Query_1	60552_LOXA01000047.1	42.722	529	252	13	88	599	98400	99884	4.94e-111	380
Query_1	60552_LOWZ01000040.1	42.722	529	252	13	88	599	98400	99884	4.94e-111	380
Query_1	60552_CP020396.1	42.722	529	252	13	88	599	1706657	1708141	4.98e-111	380
Query_1	1449978_CP009630.1	42.722	529	252	13	88	599	2119529	2118045	4.98e-111	380
Query_1	1503055_LOYT01000035.1	41.777	529	257	13	88	599	73762	75246	5.01e-111	380
Query_1	179879_LFZP01000065.1	43.021	523	247	13	90	595	91031	92497	5.05e-111	379
Query_1	179879_LPFR01000009.1	43.021	523	247	13	90	595	91001	92467	5.06e-111	379
Query_1	179879_LOZY01000045.1	43.021	523	247	13	90	595	91140	92606	5.06e-111	379
Query_1	179879_LOZO01000007.1	43.021	523	247	13	90	595	91001	92467	5.06e-111	379
Query_1	179879_LOXV01000047.1	43.021	523	247	13	90	595	182977	184443	5.06e-111	379
Query_1	179879_LOXU01000042.1	43.021	523	247	13	90	595	182977	184443	5.06e-111	379
Query_1	2015346_NKEY01000007.1	43.021	523	247	13	90	595	272239	270773	5.06e-111	379
Query_1	1263856_AQOL01000424.1	42.722	529	252	13	88	599	7101	5617	5.08e-111	379
Query_1	2184552_QTQK01000009.1	42.155	529	255	13	88	599	23401	24885	5.09e-111	379
Query_1	2184567_QTPV01000005.1	42.155	529	255	13	88	599	203648	202164	5.10e-111	379
Query_1	2184555_QTQH01000003.1	42.155	529	255	13	88	599	83413	84897	5.10e-111	379
Query_1	2184551_QTQL01000004.1	42.155	529	255	13	88	599	83438	84922	5.10e-111	379
Query_1	2184556_QTQG01000003.1	42.155	529	255	13	88	599	206256	204772	5.10e-111	379
Query_1	2184549_QTQN01000004.1	42.155	529	255	13	88	599	206275	204791	5.10e-111	379
Query_1	1776288_BDDJ01000002.1	43.478	529	246	14	88	598	1156805	1158286	5.12e-111	379
Query_1	406425_CP000959.1	42.315	527	253	13	90	599	1592358	1593836	5.17e-111	379
Query_1	406425_CP000959.1	30.418	526	298	21	90	599	410745	412166	1.62e-46	191
Query_1	87883_PVHC01000066.1	43.182	528	249	13	88	598	226703	225222	5.19e-111	379
Query_1	87883_PVFE01000032.1	43.182	528	249	13	88	598	24222	25703	5.20e-111	379
Query_1	1637862_CP013383.1	41.588	529	258	13	88	599	67752	69236	5.32e-111	379
Query_1	1503055_LPJK01000067.1	41.777	529	257	13	88	599	24779	23295	5.61e-111	379
Query_1	60552_UZVT01000002.1	42.722	529	252	13	88	599	617891	619375	5.69e-111	379
Query_1	101571_PPPQ01000192.1	42.722	529	252	13	88	599	14001	15485	5.78e-111	379
Query_1	87883_CP046344.1	42.830	530	250	14	88	599	1064236	1062752	5.86e-111	379
Query_1	87883_LPBX01000017.1	43.100	529	250	13	88	599	161226	162710	6.00e-111	379
Query_1	488732_VZOI01000082.1	41.777	529	257	13	88	599	1658	3142	6.11e-111	379
Query_1	28095_QODE01000006.1	42.722	529	252	13	88	599	268336	266852	6.13e-111	379
Query_1	2184568_QTPU01000013.1	42.155	529	255	13	88	599	218280	216796	6.17e-111	379
Query_1	488732_LPJT01000049.1	41.588	529	258	13	88	599	79343	80827	6.47e-111	379
Query_1	488732_LPJV01000039.1	41.588	529	258	13	88	599	79343	80827	6.47e-111	379
Query_1	488732_LPJU01000057.1	41.588	529	258	13	88	599	79343	80827	6.47e-111	379
Query_1	488732_LPJS01000058.1	41.588	529	258	13	88	599	79343	80827	6.48e-111	379
Query_1	87883_CP046341.1	42.722	529	252	13	88	599	310713	309229	6.89e-111	379
Query_1	488732_LOZQ01000020.1	41.777	529	257	13	88	599	79310	80794	6.93e-111	379
Query_1	1735686_LMKO01000012.1	43.077	520	248	11	88	602	364911	366341	6.94e-111	379
Query_1	95485_QWEX01000002.1	42.533	529	253	13	88	599	1688983	1687499	7.03e-111	379
Query_1	101571_LOVA01000069.1	41.856	528	260	12	90	602	213251	211764	7.20e-111	379
Query_1	1503055_CP013365.1	41.777	529	257	13	88	599	2411309	2409825	7.23e-111	379
Query_1	87883_QLBH01000004.1	43.208	530	248	14	88	599	142590	141106	7.30e-111	379
Query_1	87883_PVHA01000130.1	43.371	528	248	13	88	598	33683	35164	7.60e-111	379
Query_1	87883_PVGP01000070.1	43.371	528	248	13	88	598	33683	35164	7.60e-111	379
Query_1	87883_CP013431.1	43.371	528	248	13	88	598	83278	84759	7.66e-111	379
Query_1	87883_PVFL01000097.1	43.208	530	248	14	88	599	57769	59253	7.82e-111	379
Query_1	60552_LOWH01000079.1	42.533	529	253	13	88	599	23543	25027	7.85e-111	379
Query_1	1637869_CP013428.1	42.344	529	254	13	88	599	2411672	2410188	8.27e-111	379
Query_1	488732_CP013363.1	41.966	529	256	13	88	599	2541642	2540158	8.27e-111	379
Query_1	999541_CP002600.1	42.722	529	252	13	88	599	321577	323061	8.51e-111	379
Query_1	999541_CP002600.1	28.598	535	285	18	92	603	2615982	2614600	7.45e-33	149
Query_1	488732_LOUX01000014.1	41.777	529	257	13	88	599	95193	96677	8.56e-111	379
Query_1	1609977_CP010836.1	46.578	526	247	11	91	603	3221123	3222637	8.68e-111	379
Query_1	1609977_CP010836.1	38.462	520	247	13	88	602	2942960	2941605	1.99e-76	279
Query_1	1609977_CP010836.1	31.369	526	270	15	90	602	3008821	3007478	3.46e-54	214
Query_1	1609977_CP010836.1	33.603	494	260	17	110	598	4738372	4737080	1.70e-44	185
Query_1	1609977_CP010836.1	28.625	531	286	17	89	602	4245480	4244116	1.57e-42	179
Query_1	1609977_CP010836.1	30.970	536	273	18	92	601	1120311	1118917	6.97e-39	168
Query_1	948106_AWZT01000001.1	42.264	530	254	14	88	600	181754	183238	9.17e-111	379
Query_1	948106_AWZT01000001.1	31.238	541	291	23	88	600	90109	91572	1.28e-51	206
Query_1	488732_LOYB01000006.1	41.966	529	256	13	88	599	79271	80755	9.25e-111	379
Query_1	60552_LOXE01000054.1	42.533	529	253	13	88	599	108527	107043	9.39e-111	379
Query_1	87883_QLDI01000037.1	43.208	530	248	14	88	599	60126	58642	9.53e-111	379
Query_1	87883_QLCY01000057.1	43.208	530	248	14	88	599	22527	24011	9.55e-111	379
Query_1	87883_QLCZ01000030.1	43.208	530	248	14	88	599	37785	36301	9.61e-111	379
Query_1	87883_QLBV01000002.1	43.208	530	248	14	88	599	60303	58819	9.63e-111	379
Query_1	87883_QLAL01000001.1	43.208	530	248	14	88	599	142451	140967	9.64e-111	379
Query_1	87883_QLAX01000028.1	43.208	530	248	14	88	599	22527	24011	9.64e-111	379
Query_1	87883_QLDJ01000003.1	43.208	530	248	14	88	599	142733	141249	9.64e-111	379
Query_1	87883_QLAK01000008.1	43.208	530	248	14	88	599	77302	78786	9.65e-111	379
Query_1	87883_QLEB01000014.1	43.208	530	248	14	88	599	81996	83480	9.65e-111	379
Query_1	87883_QLDU01000040.1	43.208	530	248	14	88	599	82279	83763	9.65e-111	379
Query_1	87883_QLAR01000033.1	43.208	530	248	14	88	599	81966	83450	9.65e-111	379
Query_1	87883_QLDL01000029.1	43.208	530	248	14	88	599	91902	90418	9.65e-111	379
Query_1	87883_QLAO01000009.1	43.208	530	248	14	88	599	81998	83482	9.65e-111	379
Query_1	87883_QLCN01000027.1	43.208	530	248	14	88	599	82218	83702	9.65e-111	379
Query_1	87883_QLEK01000025.1	43.208	530	248	14	88	599	91901	90417	9.65e-111	379
Query_1	87883_QLEO01000007.1	43.208	530	248	14	88	599	82218	83702	9.65e-111	379
Query_1	87883_QLDG01000019.1	43.208	530	248	14	88	599	91903	90419	9.65e-111	379
Query_1	87883_QLEJ01000025.1	43.208	530	248	14	88	599	91750	90266	9.65e-111	379
Query_1	87883_QLCJ01000025.1	43.208	530	248	14	88	599	82810	84294	9.65e-111	379
Query_1	87883_QLDX01000008.1	43.208	530	248	14	88	599	91902	90418	9.65e-111	379
Query_1	87883_QLBR01000016.1	43.208	530	248	14	88	599	82830	84314	9.65e-111	379
Query_1	87883_QLDT01000009.1	43.208	530	248	14	88	599	114294	112810	9.65e-111	379
Query_1	87883_QLDB01000007.1	43.208	530	248	14	88	599	44612	46096	9.65e-111	379
Query_1	87883_QLBO01000008.1	43.208	530	248	14	88	599	73736	75220	9.65e-111	379
Query_1	87883_QLEG01000024.1	43.208	530	248	14	88	599	114284	112800	9.66e-111	379
Query_1	87883_QLEF01000017.1	43.208	530	248	14	88	599	82217	83701	9.66e-111	379
Query_1	87883_QLBL01000015.1	43.208	530	248	14	88	599	114076	112592	9.66e-111	379
Query_1	87883_QLCI01000030.1	43.208	530	248	14	88	599	81995	83479	9.66e-111	379
Query_1	87883_QLCU01000011.1	43.208	530	248	14	88	599	114946	113462	9.66e-111	379
Query_1	87883_QLDP01000022.1	43.208	530	248	14	88	599	114946	113462	9.66e-111	379
Query_1	87883_QLDN01000014.1	43.208	530	248	14	88	599	81996	83480	9.66e-111	379
Query_1	87883_QLAV01000030.1	43.208	530	248	14	88	599	114946	113462	9.66e-111	379
Query_1	87883_QLCH01000007.1	43.208	530	248	14	88	599	114946	113462	9.66e-111	379
Query_1	87883_QLCT01000018.1	43.208	530	248	14	88	599	82202	83686	9.66e-111	379
Query_1	87883_QLCR01000011.1	43.208	530	248	14	88	599	115189	113705	9.66e-111	379
Query_1	87883_QLDW01000044.1	43.208	530	248	14	88	599	82202	83686	9.66e-111	379
Query_1	87883_QLCG01000005.1	43.208	530	248	14	88	599	115320	113836	9.66e-111	379
Query_1	87883_QLDD01000003.1	43.208	530	248	14	88	599	82214	83698	9.66e-111	379
Query_1	87883_QLEM01000015.1	43.208	530	248	14	88	599	82719	84203	9.66e-111	379
Query_1	87883_QLEI01000010.1	43.208	530	248	14	88	599	82817	84301	9.66e-111	379
Query_1	87883_QLDV01000042.1	43.208	530	248	14	88	599	116042	114558	9.66e-111	379
Query_1	87883_QLDH01000005.1	43.208	530	248	14	88	599	118023	116539	9.66e-111	379
Query_1	87883_QLBA01000018.1	43.208	530	248	14	88	599	142044	140560	9.66e-111	379
Query_1	87883_QLBU01000016.1	43.208	530	248	14	88	599	72456	73940	9.66e-111	379
Query_1	87883_QLCE01000015.1	43.208	530	248	14	88	599	103796	105280	9.67e-111	379
Query_1	87883_QLBQ01000004.1	43.208	530	248	14	88	599	81995	83479	9.67e-111	379
Query_1	87883_QLDR01000014.1	43.208	530	248	14	88	599	142099	140615	9.67e-111	379
Query_1	87883_QLDE01000017.1	43.208	530	248	14	88	599	142098	140614	9.67e-111	379
Query_1	87883_QLAN01000008.1	43.208	530	248	14	88	599	82000	83484	9.67e-111	379
Query_1	87883_QLBT01000017.1	43.208	530	248	14	88	599	142199	140715	9.67e-111	379
Query_1	87883_QLDK01000023.1	43.208	530	248	14	88	599	141751	140267	9.67e-111	379
Query_1	87883_QLDO01000002.1	43.208	530	248	14	88	599	81960	83444	9.67e-111	379
Query_1	87883_QLCB01000017.1	43.208	530	248	14	88	599	81996	83480	9.67e-111	379
Query_1	87883_QLEE01000009.1	43.208	530	248	14	88	599	142453	140969	9.67e-111	379
Query_1	87883_QLBP01000020.1	43.208	530	248	14	88	599	81996	83480	9.67e-111	379
Query_1	87883_QLDY01000009.1	43.208	530	248	14	88	599	81996	83480	9.67e-111	379
Query_1	87883_QLBC01000003.1	43.208	530	248	14	88	599	142576	141092	9.67e-111	379
Query_1	87883_QLBW01000010.1	43.208	530	248	14	88	599	142581	141097	9.67e-111	379
Query_1	87883_QLBS01000010.1	43.208	530	248	14	88	599	142591	141107	9.67e-111	379
Query_1	87883_QLEH01000014.1	43.208	530	248	14	88	599	142600	141116	9.67e-111	379
Query_1	87883_QLCA01000009.1	43.208	530	248	14	88	599	142675	141191	9.67e-111	379
Query_1	87883_QLBJ01000001.1	43.208	530	248	14	88	599	81996	83480	9.67e-111	379
Query_1	87883_QLAU01000011.1	43.208	530	248	14	88	599	81996	83480	9.67e-111	379
Query_1	87883_QLAM01000004.1	43.208	530	248	14	88	599	81998	83482	9.67e-111	379
Query_1	87883_QLCM01000022.1	43.208	530	248	14	88	599	142779	141295	9.67e-111	379
Query_1	87883_QLBY01000034.1	43.208	530	248	14	88	599	142786	141302	9.67e-111	379
Query_1	87883_QLAY01000008.1	43.208	530	248	14	88	599	81996	83480	9.67e-111	379
Query_1	87883_QLDM01000008.1	43.208	530	248	14	88	599	82218	83702	9.67e-111	379
Query_1	87883_QLBE01000013.1	43.208	530	248	14	88	599	142816	141332	9.67e-111	379
Query_1	87883_QLAT01000003.1	43.208	530	248	14	88	599	142597	141113	9.67e-111	379
Query_1	87883_QLDF01000007.1	43.208	530	248	14	88	599	81995	83479	9.67e-111	379
Query_1	87883_QLBF01000006.1	43.208	530	248	14	88	599	142841	141357	9.67e-111	379
Query_1	87883_QLAP01000053.1	43.208	530	248	14	88	599	82000	83484	9.67e-111	379
Query_1	87883_QLCW01000008.1	43.208	530	248	14	88	599	142881	141397	9.67e-111	379
Query_1	87883_QLDQ01000026.1	43.208	530	248	14	88	599	82206	83690	9.67e-111	379
Query_1	87883_QLDC01000004.1	43.208	530	248	14	88	599	82816	84300	9.67e-111	379
Query_1	87883_QLCK01000021.1	43.208	530	248	14	88	599	82218	83702	9.67e-111	379
Query_1	87883_QLAI01000018.1	43.208	530	248	14	88	599	82832	84316	9.67e-111	379
Query_1	87883_QLCD01000012.1	43.208	530	248	14	88	599	142754	141270	9.67e-111	379
Query_1	87883_QLDA01000026.1	43.208	530	248	14	88	599	142713	141229	9.67e-111	379
Query_1	87883_QLAZ01000016.1	43.208	530	248	14	88	599	142758	141274	9.67e-111	379
Query_1	87883_QLBX01000033.1	43.208	530	248	14	88	599	142753	141269	9.67e-111	379
Query_1	87883_QLCQ01000020.1	43.208	530	248	14	88	599	142176	140692	9.67e-111	379
Query_1	87883_QLEA01000021.1	43.208	530	248	14	88	599	142572	141088	9.67e-111	379
Query_1	87883_QLBK01000021.1	43.208	530	248	14	88	599	82215	83699	9.67e-111	379
Query_1	87883_QLEN01000018.1	43.208	530	248	14	88	599	142881	141397	9.67e-111	379
Query_1	87883_QLED01000011.1	43.208	530	248	14	88	599	142530	141046	9.67e-111	379
