Query_1	266_BJUR01000032.1	100.000	275	0	0	1	275	40943	40119	2.16e-173	544
Query_1	266_FOYK01000031.1	100.000	275	0	0	1	275	9677	10501	2.16e-173	544
Query_1	266_FNEA01000031.1	100.000	275	0	0	1	275	41640	40816	2.16e-173	544
Query_1	318586_CP000489.1	100.000	275	0	0	1	275	1633350	1634174	2.18e-173	544
Query_1	318586_CP000489.1	41.593	113	64	2	8	119	1020778	1020443	9.27e-09	70.1
Query_1	318586_CP000489.1	30.303	132	86	3	3	129	942652	943044	8.5	42.7
Query_1	266_CP035090.1	100.000	275	0	0	1	275	374640	375464	2.18e-173	544
Query_1	266_CP035090.1	41.593	113	64	2	8	119	2615176	2614841	9.27e-09	70.1
Query_1	266_CP035090.1	30.303	132	86	3	3	129	2537051	2537443	8.5	42.7
Query_1	266_PPGA01000004.1	98.909	275	3	0	1	275	316198	315374	1.46e-171	538
Query_1	34007_QPML01000219.1	88.000	275	33	0	1	275	9348	10172	2.45e-153	486
Query_1	1745182_LLWQ01000211.1	87.273	275	35	0	1	275	17953	18777	2.36e-152	483
Query_1	34007_JRKO01000028.1	88.000	275	33	0	1	275	7817	8641	3.32e-152	483
Query_1	34007_QUMX01000011.1	88.000	275	33	0	1	275	9665	10489	3.33e-152	483
Query_1	82367_FPKI01000011.1	88.000	275	33	0	1	275	13240	14064	3.33e-152	483
Query_1	82367_CP044423.1	87.636	275	34	0	1	275	91854	91030	3.98e-152	483
Query_1	82367_CP044423.1	38.400	125	71	4	1	123	1077198	1076836	0.27	47.4
Query_1	82367_RBLI01000002.1	87.636	275	34	0	1	275	249720	250544	3.98e-152	483
Query_1	82367_RBLI01000002.1	38.400	125	71	4	1	123	790201	790563	0.27	47.4
Query_1	82367_QOZU01000114.1	87.273	275	35	0	1	275	2846	3670	5.64e-152	482
Query_1	935565_JAEM01000047.1	87.273	275	35	0	1	275	21822	22646	5.87e-152	482
Query_1	82367_FOWA01000041.1	87.273	275	35	0	1	275	6761	5937	5.87e-152	482
Query_1	936051_JAGK01000043.1	87.273	275	35	0	1	275	21822	22646	5.87e-152	482
Query_1	82367_RIAQ01000034.1	87.273	275	35	0	1	275	21822	22646	6.70e-152	482
Query_1	1335059_VCBQ01000010.1	87.636	275	34	0	1	275	66662	65838	1.10e-151	481
Query_1	34007_QTUJ01000001.1	87.636	275	34	0	1	275	83322	84146	1.11e-151	481
Query_1	34007_QTUJ01000001.1	39.823	113	66	2	8	119	1728673	1729008	2.92e-08	68.6
Query_1	935850_FXAQ01000008.1	84.000	275	44	0	1	275	65545	64721	3.55e-148	471
Query_1	412597_AEPN01000014.1	83.273	275	46	0	1	275	40107	39283	4.01e-147	469
Query_1	135740_CP045073.1	83.273	275	46	0	1	275	343597	344421	4.03e-147	469
Query_1	34006_QFCQ01000064.1	81.752	274	50	0	1	274	16997	17818	4.33e-142	454
Query_1	34006_FTMK01000027.1	83.271	269	45	0	6	274	10254	11060	8.39e-142	453
Query_1	935849_AZVA01000016.1	80.292	274	54	0	1	274	76196	75375	6.90e-141	451
Query_1	935848_JAEN01000019.1	80.292	274	54	0	1	274	77159	76338	6.90e-141	451
Query_1	1490030_QPJL01000010.1	80.072	276	54	1	1	275	60964	61791	1.28e-140	450
Query_1	34004_FOPU01000017.1	81.481	270	50	0	6	275	41831	41022	1.23e-138	444
Query_1	34004_LN832559.1	81.481	270	50	0	6	275	1945600	1946409	1.24e-138	444
Query_1	376733_JRKN01000003.1	78.755	273	58	0	3	275	215653	216471	1.46e-136	438
Query_1	376733_JRKN01000003.1	32.576	132	83	3	16	143	208096	208485	0.42	47.0
Query_1	376733_FOJO01000004.1	78.755	273	58	0	3	275	16612	15794	1.46e-136	438
Query_1	376733_FOJO01000004.1	32.576	132	83	3	16	143	24169	23780	0.42	47.0
Query_1	2654281_WIAB01000027.1	77.091	275	63	0	1	275	27635	28459	1.88e-132	426
Query_1	2654280_WIAC01000006.1	77.091	275	63	0	1	275	37613	36789	1.89e-132	426
Query_1	384678_VLKU01000013.1	73.801	271	71	0	1	271	26893	26081	1.73e-128	415
Query_1	1820333_WMIE01000001.1	72.727	275	75	0	1	275	278614	279438	5.44e-128	414
Query_1	1820333_WMIE01000001.1	29.412	272	166	11	1	267	1119838	1119086	7.00e-04	55.5
Query_1	147645_CP020442.2	75.185	270	67	0	3	272	2558052	2557243	1.52e-127	412
Query_1	404881_PVEP01000005.1	72.364	275	76	0	1	275	36420	35596	1.60e-126	409
Query_1	147645_CP024422.1	74.815	270	68	0	3	272	2029075	2028266	2.27e-126	409
Query_1	147645_CP024422.1	33.091	275	172	8	6	272	246195	247007	1.81e-24	116
Query_1	147645_CP031078.1	74.815	270	68	0	3	272	672053	671244	2.50e-126	409
Query_1	147645_CP031078.1	33.455	275	171	8	6	272	533106	532294	8.79e-25	117
Query_1	1101189_AQUO01000001.1	78.182	275	60	0	1	275	403490	404314	3.21e-126	409
Query_1	147645_NIPZ01000029.1	75.185	270	67	0	3	272	3785	4594	3.32e-126	409
Query_1	1446473_JHWH01000002.1	75.185	270	67	0	3	272	319270	320079	3.34e-126	409
Query_1	147645_CP044081.1	75.185	270	67	0	3	272	1103102	1102293	3.68e-126	409
Query_1	147645_CP044081.1	63.704	270	98	0	6	275	2629353	2630162	3.82e-94	317
Query_1	147645_CP044081.1	33.818	275	170	8	6	272	962956	962144	3.20e-25	118
Query_1	2710650_JAAIVJ010000006.1	73.063	271	73	0	3	273	29779	30591	3.74e-126	408
Query_1	2710650_JAAIVJ010000006.1	26.549	226	142	9	46	267	31706	32323	6.9	43.1
Query_1	1185920_PZKF01000006.1	72.993	274	74	0	1	274	84556	83735	4.61e-125	405
Query_1	1185920_SNYP01000009.1	72.993	274	74	0	1	274	33490	34311	4.61e-125	405
Query_1	34004_KQ955208.1	77.091	275	63	0	1	275	819951	820775	8.44e-125	404
Query_1	2665644_WMBT01000001.1	75.093	269	67	0	3	271	373505	374311	4.85e-124	402
Query_1	1276757_QZEW01000192.1	74.182	275	71	0	1	275	37	861	1.29e-123	397
Query_1	1330255_NWMQ01000002.1	74.908	271	68	0	1	271	213400	212588	1.79e-123	401
Query_1	2447760_SDEB01000002.1	73.063	271	73	0	1	271	214166	214978	1.91e-123	400
Query_1	933059_FOCE01000003.1	72.491	269	74	0	3	271	233288	234094	5.54e-123	399
Query_1	933059_FOCE01000003.1	37.273	110	67	2	13	121	235112	235438	0.063	49.3
Query_1	2528244_SISK01000004.1	75.746	268	65	0	4	271	138967	138164	3.01e-122	397
Query_1	402884_SWAU01000032.1	76.277	274	65	0	1	274	22191	23012	4.29e-122	397
Query_1	402884_SWAU01000032.1	30.597	268	145	9	13	266	24095	24817	1.57e-06	63.5
Query_1	1276757_QNRC01000012.1	74.182	275	71	0	1	275	71178	72002	4.50e-122	397
Query_1	1948890_QKEQ01000404.1	66.296	270	90	1	3	271	877	68	4.79e-122	376
Query_1	1850250_CP017781.1	71.168	274	78	1	3	275	1070310	1071131	1.46e-121	395
Query_1	1662865_BDDO01000016.1	70.803	274	79	1	3	275	19632	18811	2.09e-121	395
Query_1	2656921_WHUT01000010.1	71.168	274	79	0	1	274	106053	106874	3.74e-121	394
Query_1	1214787_FZNM01000010.1	75.655	267	65	0	5	271	20573	19773	3.77e-121	394
Query_1	1214787_SIRL01000010.1	75.655	267	65	0	5	271	20599	19799	3.77e-121	394
Query_1	2589076_CP041041.1	73.507	268	71	0	4	271	1845153	1845956	7.90e-121	393
Query_1	34002_FODE01000036.1	71.062	273	79	0	2	274	32733	33551	8.42e-121	393
Query_1	445629_QMCC01000001.1	71.375	269	77	0	3	271	177384	176578	8.95e-121	393
Query_1	1197861_FXTK01000001.1	70.956	272	79	0	1	272	186785	187600	1.28e-120	392
Query_1	445629_MABH01000048.1	71.375	269	77	0	3	271	17827	17021	1.34e-120	392
Query_1	445629_PZZW01000001.1	71.375	269	77	0	3	271	580465	579659	1.37e-120	392
Query_1	445629_PZZW01000001.1	26.224	286	134	10	14	267	578326	577604	2.5	44.7
Query_1	1063_CP036419.1	71.375	269	77	0	3	271	2100943	2101749	1.37e-120	392
Query_1	1063_CP036419.1	25.874	286	135	10	14	267	2103082	2103804	4.8	43.5
Query_1	2528693_SJDN01000002.1	71.852	270	76	0	5	274	158459	159268	1.83e-120	392
Query_1	2528693_SJDN01000002.1	26.493	268	148	11	24	274	160297	161004	0.12	48.5
Query_1	992186_CM001161.1	71.375	269	77	0	3	271	314646	313840	1.83e-120	392
Query_1	1063_CP033442.1	71.375	269	77	0	3	271	2368107	2368913	2.14e-120	392
Query_1	1063_CP033442.1	26.829	287	133	10	13	267	2370157	2370882	0.23	47.8
Query_1	1063_CP033434.1	71.375	269	77	0	3	271	879291	878485	2.14e-120	392
Query_1	1063_CP033434.1	26.829	287	133	10	13	267	877241	876516	0.23	47.8
Query_1	557760_CP001150.1	71.375	269	77	0	3	271	566836	566030	3.09e-120	391
Query_1	557760_CP001150.1	26.829	287	133	10	13	267	564786	564061	0.19	48.1
Query_1	1063_CP033446.1	71.004	269	78	0	3	271	2337694	2338500	3.34e-120	391
Query_1	1063_CP033446.1	28.996	269	150	12	13	267	2339744	2340469	0.98	45.8
Query_1	1063_CP033450.1	71.004	269	78	0	3	271	2353698	2354504	3.34e-120	391
Query_1	1063_CP033450.1	28.996	269	150	12	13	267	2355748	2356473	0.98	45.8
Query_1	266_VAFL01000001.1	71.004	269	78	0	3	271	271709	270903	3.43e-120	391
Query_1	1063_BJXO01000028.1	71.375	269	77	0	3	271	34604	35410	3.81e-120	391
Query_1	1063_BJXO01000028.1	26.829	287	133	10	13	267	36654	37379	0.18	48.1
Query_1	1063_CP047037.1	71.375	269	77	0	3	271	869834	869028	3.86e-120	391
Query_1	1063_CP047037.1	26.829	287	133	10	13	267	867785	867060	0.37	47.0
Query_1	1063_CP012960.1	71.375	269	77	0	3	271	869894	869088	3.86e-120	391
Query_1	1063_CP012960.1	26.829	287	133	10	13	267	867844	867119	0.19	48.1
Query_1	1063_CP015287.1	71.375	269	77	0	3	271	869882	869076	3.86e-120	391
Query_1	1063_CP015287.1	26.829	287	133	10	13	267	867832	867107	0.19	48.1
Query_1	272943_AKVW01000001.1	71.375	269	77	0	3	271	869891	869085	3.86e-120	391
Query_1	272943_AKVW01000001.1	26.829	287	133	10	13	267	867841	867116	0.19	48.1
Query_1	272943_CP000143.2	71.375	269	77	0	3	271	869887	869081	3.86e-120	391
Query_1	272943_CP000143.2	26.829	287	133	10	13	267	867837	867112	0.19	48.1
Query_1	272943_CP030271.1	71.375	269	77	0	3	271	869892	869086	3.86e-120	391
Query_1	272943_CP030271.1	26.829	287	133	10	13	267	867842	867117	0.19	48.1
Query_1	1063_CP015210.1	71.375	269	77	0	3	271	869894	869088	3.86e-120	391
Query_1	1063_CP015210.1	26.829	287	133	10	13	267	867844	867119	0.19	48.1
Query_1	272943_AKBU01000001.1	71.375	269	77	0	3	271	1891755	1890949	3.86e-120	391
Query_1	272943_AKBU01000001.1	26.829	287	133	10	13	267	1889705	1888980	0.19	48.1
Query_1	1063_WSNV01000001.1	71.375	269	77	0	3	271	2182882	2183688	3.86e-120	391
Query_1	1063_WSNV01000001.1	26.829	287	133	10	13	267	2184932	2185657	0.19	48.1
Query_1	2491866_UZWE01000039.1	73.507	268	71	0	4	271	14813	14010	4.25e-120	391
Query_1	2116655_QOKZ01000002.1	69.455	275	84	0	1	275	63385	64209	4.37e-120	391
Query_1	1367847_CP006650.1	70.000	280	78	2	1	274	2983386	2984225	4.50e-120	391
Query_1	1367847_CP006650.1	27.706	231	145	8	20	248	3069802	3070434	6.81e-07	64.7
Query_1	2006130_WMIG01000001.1	70.073	274	82	0	1	274	735534	736355	4.59e-120	391
Query_1	2305252_QWEY01000019.1	72.426	272	75	0	3	274	31217	30402	5.24e-120	391
Query_1	1185766_JHEH01000004.1	68.750	272	85	0	3	274	230853	230038	5.77e-120	390
Query_1	1185766_FOVB01000002.1	68.750	272	85	0	3	274	608792	607977	5.78e-120	390
Query_1	1185766_FOVB01000002.1	33.333	123	78	3	1	121	286445	286083	0.42	47.0
Query_1	349101_CP000577.1	71.375	269	77	0	3	271	953602	952796	5.84e-120	390
Query_1	349101_CP000577.1	26.829	287	133	10	13	267	951552	950827	0.21	47.8
Query_1	1063_PHOB01000095.1	71.375	269	77	0	3	271	20632	19826	6.06e-120	390
Query_1	1063_PHOB01000095.1	26.224	286	134	10	14	267	18493	17771	1.6	45.1
Query_1	1247725_ANFS01000045.1	71.747	269	76	0	3	271	12726	13532	6.28e-120	390
Query_1	1247725_ANFS01000045.1	26.829	287	133	10	13	267	14776	15501	0.18	48.1
Query_1	1063_QWGP01000006.1	71.375	269	77	0	3	271	136511	137317	9.09e-120	390
Query_1	1063_QWGP01000006.1	28.623	276	142	13	13	267	138568	139293	0.28	47.4
Query_1	1063_QXDK01000003.1	71.004	269	78	0	3	271	187795	186989	9.74e-120	390
Query_1	1063_QXDK01000003.1	26.481	287	134	10	13	267	185745	185020	0.58	46.6
Query_1	913252_WMIF01000033.1	72.993	274	69	1	3	271	14324	15145	1.53e-119	389
Query_1	1915077_MPZS01000001.1	68.382	272	86	0	3	274	984317	985132	1.64e-119	389
Query_1	1915077_MPZS01000001.1	36.522	115	69	3	11	122	771024	771365	0.72	46.2
Query_1	418630_FZOV01000001.1	71.004	269	78	0	3	271	923259	924065	2.40e-119	389
Query_1	418630_FZOV01000001.1	26.829	287	133	10	13	267	925309	926034	0.18	48.1
Query_1	2486418_RPEM01000007.1	72.222	270	75	0	5	274	159534	160343	2.99e-119	389
Query_1	2486418_RPEM01000007.1	26.493	268	148	11	24	274	161372	162079	0.12	48.5
Query_1	1188249_PZKG01000020.1	75.182	274	68	0	1	274	45112	45933	4.40e-119	388
Query_1	1188249_PZKG01000020.1	30.597	268	145	9	13	266	47016	47738	2.18e-06	63.2
Query_1	402884_QKZS01000004.1	75.182	274	68	0	1	274	233650	232829	4.44e-119	388
Query_1	402884_QKZS01000004.1	30.597	268	145	9	13	266	231746	231024	2.20e-06	63.2
Query_1	2584941_VDEK01000002.1	71.218	271	78	0	4	274	126018	126830	4.75e-119	388
Query_1	1904441_WOZM01000294.1	70.438	274	81	0	1	274	29174	29995	5.84e-119	388
Query_1	1904441_SBGW01000082.1	68.015	272	87	0	3	274	6623	5808	6.57e-119	387
Query_1	1915318_MPZW01000001.1	68.015	272	87	0	3	274	120552	121367	6.94e-119	387
Query_1	2033869_CP023548.1	73.063	271	72	1	4	273	1000911	1000099	9.27e-119	387
Query_1	1063_WTFI01000036.1	71.004	269	78	0	3	271	4258	5064	9.91e-119	387
Query_1	1063_WTFI01000036.1	26.829	287	133	10	13	267	6309	7034	0.37	47.0
Query_1	2065379_CP025583.1	70.182	275	82	0	1	275	528090	527266	1.05e-118	387
Query_1	2065379_CP025583.1	36.752	117	70	3	7	120	2431738	2431391	0.008	52.4
Query_1	2530049_SMYN01000009.1	70.438	274	81	0	2	275	87097	87918	1.08e-118	387
Query_1	1904441_SBGF01000206.1	67.647	272	88	0	3	274	4434	3619	2.82e-118	386
Query_1	1948890_QKHU01000269.1	70.330	273	79	2	1	271	8532	9350	3.61e-118	385
Query_1	1675788_QZCG01000006.1	67.399	273	89	0	3	275	204082	204900	4.39e-118	385
Query_1	1353537_AUND01000001.1	68.015	272	87	0	3	274	76035	75220	4.52e-118	385
Query_1	1353537_AUND01000001.1	39.837	123	68	4	5	122	300661	300296	8.67e-05	58.2
Query_1	2665648_WKKA01000001.1	70.956	272	78	1	3	273	389325	388510	5.65e-118	385
Query_1	2675751_WMII01000010.1	70.221	272	81	0	1	272	87711	86896	2.45e-117	383
Query_1	2675752_WMIH01000010.1	70.221	272	81	0	1	272	76515	77330	2.45e-117	383
Query_1	1077935_CP025430.1	69.091	275	85	0	1	275	522550	521726	2.55e-117	383
Query_1	2306023_QXXQ01000005.1	69.485	272	83	0	3	274	213053	212238	2.60e-117	383
Query_1	2306023_QXXQ01000005.1	34.532	139	86	3	13	150	211227	210823	0.006	52.8
Query_1	72022_PXNQ02000011.1	69.091	275	85	0	1	275	33335	34159	2.65e-117	383
Query_1	1678131_LGIC01000033.1	69.963	273	81	1	3	275	18515	17700	4.51e-117	382
Query_1	1904441_WRPH01000019.1	72.894	273	74	0	3	275	34443	33625	4.91e-117	382
Query_1	1904441_WRPH01000019.1	26.378	254	159	10	21	267	33568	32870	0.13	48.5
Query_1	2067452_PKRQ01000005.1	73.978	269	70	0	6	274	237383	238189	9.31e-117	382
Query_1	2500533_CP039965.1	66.914	269	89	0	3	271	946725	947531	1.14e-116	381
Query_1	2500533_CP039965.1	28.846	260	152	12	14	266	949421	950122	0.031	50.4
Query_1	1973007_NBNX01000009.1	65.934	273	93	0	3	275	82167	81349	1.20e-116	381
Query_1	2709381_JAAIKE010000001.1	72.325	271	75	0	4	274	1153028	1153840	1.32e-116	381
Query_1	2714901_JAAOHY010000001.1	68.248	274	87	0	1	274	252481	251660	1.96e-116	380
Query_1	2030009_PJOM01000002.1	71.481	270	77	0	5	274	313744	312935	3.90e-116	380
Query_1	687412_LGHS01000048.1	66.543	269	90	0	3	271	21890	21084	4.04e-116	380
Query_1	687412_LGHS01000048.1	28.409	264	150	11	14	267	19195	18491	3.81e-04	56.2
Query_1	591205_FNAH01000004.1	69.630	270	82	0	3	272	98810	99619	4.24e-116	380
Query_1	405559_FTOU01000003.1	67.518	274	89	0	1	274	337999	337178	4.86e-116	379
Query_1	2710882_JAAKGP010000003.1	69.343	274	84	0	1	274	112862	112041	6.25e-116	379
Query_1	2710882_JAAKGP010000003.1	27.572	243	138	8	38	269	110915	110268	0.072	49.3
Query_1	2698669_JAAATX010000004.1	72.426	272	75	0	3	274	12784	13599	6.95e-116	379
Query_1	2698669_JAAATX010000004.1	30.841	107	72	2	22	127	14702	15019	2.5	44.7
Query_1	77008_LGHV01000033.1	67.658	269	87	0	3	271	2390	1584	1.38e-115	378
Query_1	1123027_ATVN01000020.1	67.658	269	87	0	3	271	7830	8636	1.44e-115	378
Query_1	1123027_ATVN01000020.1	29.167	144	96	5	13	151	10352	10780	1.6	45.1
Query_1	2599412_VOPL01000004.1	69.963	273	82	0	3	275	212404	211586	1.64e-115	378
Query_1	1973005_NBNZ01000002.1	65.568	273	94	0	3	275	648728	647910	1.83e-115	378
Query_1	1973005_NBNZ01000002.1	38.983	118	68	3	10	123	36406	36759	1.59e-05	60.5
Query_1	2595004_VKKX01000022.1	70.330	273	77	1	3	271	208784	209602	2.18e-115	377
Query_1	1973006_NBNY01000004.1	65.934	273	93	0	3	275	93497	92679	2.28e-115	377
Query_1	1973004_NBOB01000003.1	65.934	273	93	0	3	275	96627	95809	2.67e-115	377
Query_1	1973003_NBOA01000006.1	65.934	273	93	0	3	275	310458	311276	3.02e-115	377
Query_1	1915078_CP019437.1	65.934	273	93	0	3	275	3098919	3099737	3.03e-115	377
Query_1	1915078_CP019437.1	26.820	261	167	7	10	265	2735057	2734332	2.41e-07	65.9
Query_1	1915078_CP019437.1	38.983	118	68	3	10	123	3748996	3748643	2.04e-05	60.1
Query_1	1120568_LGHT01000026.1	65.568	273	94	0	3	275	73108	73926	3.11e-115	377
Query_1	1120568_LGHT01000026.1	24.815	270	175	11	13	274	76342	77091	0.001	55.1
Query_1	2182426_QFBB01000010.1	65.934	273	93	0	3	275	40347	39529	3.62e-115	377
Query_1	2561921_SRPG01000273.1	71.111	270	78	0	6	275	3965	4774	4.80e-115	375
Query_1	2033435_CP023454.1	67.153	274	90	0	1	274	2850611	2851432	5.40e-115	376
Query_1	2033435_CP023454.1	60.886	271	105	1	5	274	277701	278513	8.14e-92	310
Query_1	2033435_CP023454.1	36.036	111	67	3	14	121	2851485	2851814	0.14	48.5
Query_1	2487931_RPEN01000151.1	69.597	273	83	0	3	275	109318	110136	6.59e-115	376
Query_1	2487931_RPEN01000151.1	24.903	257	170	6	14	265	112513	113229	2.2	44.7
Query_1	1061_FNAY01000013.1	66.544	272	91	0	3	274	50480	49665	6.64e-115	376
Query_1	1529005_LJSC01000027.1	68.889	270	84	0	5	274	68160	67351	6.96e-115	376
Query_1	1529005_LJSC01000027.1	34.532	139	86	3	13	150	66340	65936	0.003	53.5
Query_1	1061_SWJZ01000006.1	68.635	271	84	1	3	272	41524	42336	7.42e-115	376
Query_1	336292_FMVT01000001.1	67.658	269	87	0	5	273	294523	293717	1.04e-114	375
Query_1	1061_QKZO01000013.1	66.912	272	90	0	3	274	43493	44308	1.05e-114	375
Query_1	1061_LLVU01000002.1	66.912	272	90	0	3	274	50456	49641	1.05e-114	375
Query_1	1061_LLVV01000004.1	66.912	272	90	0	3	274	51697	50882	1.05e-114	375
Query_1	589035_QBKP01000006.1	68.889	270	84	0	5	274	72856	73665	1.16e-114	375
Query_1	589035_QBKP01000006.1	33.813	139	87	3	13	150	74676	75080	0.010	52.0
Query_1	589035_VLLH01000004.1	68.889	270	84	0	5	274	73116	73925	1.16e-114	375
Query_1	589035_VLLH01000004.1	33.813	139	87	3	13	150	74936	75340	0.010	52.0
Query_1	1063_QFQS01000001.1	68.132	273	87	0	3	275	1084533	1085351	1.31e-114	375
Query_1	1063_QFQS01000001.1	32.240	183	100	7	1	180	1086328	1086813	3.15e-04	56.6
Query_1	1063_QFQS01000001.1	31.092	119	79	2	2	118	1614522	1614875	0.14	48.5
Query_1	405559_QKYL01000001.1	69.259	270	83	0	6	275	21537	20728	1.49e-114	375
Query_1	2651187_WBJS01000006.1	65.201	273	95	0	3	275	59447	58629	1.77e-114	375
Query_1	2652247_WCHR01000005.1	68.364	275	87	0	1	275	56635	57459	3.19e-114	374
Query_1	43057_PHSI01000039.1	72.593	270	74	0	4	273	16294	15485	3.23e-114	374
Query_1	1798206_SOBC01000002.1	64.964	274	96	0	2	275	1198614	1197793	4.19e-114	374
Query_1	1798206_SOBC01000002.1	28.464	267	155	8	10	265	3917721	3916996	1.53e-08	69.7
Query_1	1798206_SOBC01000002.1	38.136	118	69	3	10	123	1869857	1870210	1.24e-04	57.8
Query_1	1798206_SOBC01000002.1	32.463	268	151	13	9	267	3053956	3053216	0.001	54.7
Query_1	1915314_MPZU01000004.1	65.201	273	95	0	3	275	87435	88253	4.44e-114	374
Query_1	1915317_MPZR01000002.1	65.201	273	95	0	3	275	561653	560835	4.44e-114	374
Query_1	1415159_AYPZ01000029.1	66.914	269	89	0	3	271	51342	52148	4.54e-114	374
Query_1	1414586_AYPY01000035.1	66.914	269	89	0	3	271	49351	50157	4.56e-114	374
Query_1	909926_PJON01000003.1	69.118	272	83	1	3	274	245240	246052	4.57e-114	374
Query_1	1415160_AYPR01000029.1	66.543	269	90	0	3	271	31805	30999	7.12e-114	373
Query_1	1415161_AYQB01000034.1	66.543	269	90	0	3	271	51387	50581	7.12e-114	373
Query_1	1415163_AYQC01000027.1	66.543	269	90	0	3	271	172787	171981	7.13e-114	373
Query_1	272942_CP001312.1	66.543	269	90	0	3	271	2860638	2859832	7.14e-114	373
Query_1	2169400_CP028918.1	68.015	272	87	0	3	274	2607431	2608246	7.49e-114	373
Query_1	2169400_CP028918.1	26.275	255	159	8	20	267	2609596	2610294	1.2	45.4
Query_1	1549850_NBXF01000012.1	65.201	273	95	0	3	275	118264	117446	8.29e-114	373
Query_1	2560053_CP038439.1	70.741	270	79	0	6	275	2526069	2526878	8.57e-114	373
Query_1	196587_PRDS01000001.1	67.518	274	88	1	1	273	210866	211687	8.91e-114	373
Query_1	196587_PRDS01000001.1	27.612	268	153	13	14	267	212760	213482	0.047	49.7
Query_1	1061_VIBE01000006.1	66.914	269	89	0	3	271	206007	206813	9.07e-114	373
Query_1	1915313_MPZT01000004.1	64.835	273	96	0	3	275	106042	105224	1.01e-113	373
Query_1	2583234_JAALFE010000012.1	70.221	272	81	0	3	274	132673	131858	1.57e-113	372
Query_1	2583234_JAALFE010000012.1	25.692	253	159	9	22	267	130754	130062	7.1	43.1
Query_1	439529_OAOQ01000001.1	72.325	271	75	0	4	274	108911	108099	2.17e-113	372
Query_1	1915315_MPZQ01000002.1	64.103	273	97	1	3	275	229157	229972	2.21e-113	372
Query_1	1798203_PDJO01000001.1	64.103	273	97	1	3	275	2929934	2930749	2.30e-113	372
Query_1	1798203_PDJO01000001.1	28.788	264	158	9	10	265	2449774	2449049	1.27e-08	69.7
Query_1	1798203_PDJO01000001.1	38.136	118	69	3	10	123	3660027	3659674	5.55e-05	58.9
Query_1	1798203_PDJO01000001.1	37.069	116	69	3	9	121	1600487	1600143	0.018	51.2
Query_1	453842_QZEV01000031.1	69.403	268	82	0	6	273	5905	6708	2.74e-113	372
Query_1	1353528_AUNB01000001.1	64.469	273	97	0	3	275	350719	351537	2.78e-113	372
Query_1	1415162_AYQA01000114.1	66.543	269	90	0	3	271	82127	81321	3.70e-113	371
Query_1	1915319_MPZV01000002.1	64.103	273	98	0	3	275	52464	53282	3.87e-113	371
Query_1	1915319_MPZV01000002.1	38.136	118	69	3	10	123	803007	802654	1.48e-04	57.4
Query_1	2202419_QJPK01000001.1	65.328	274	95	0	2	275	443876	444697	4.02e-113	371
Query_1	579490_JXYF01000090.1	68.635	271	85	0	3	273	3213	4025	4.50e-113	371
Query_1	43057_QAOT01000003.1	71.587	271	77	0	4	274	132851	132039	4.60e-113	371
Query_1	1063_CP031750.1	71.587	271	77	0	4	274	2020999	2021811	4.61e-113	371
Query_1	1063_CP031750.1	35.878	131	77	5	16	142	318475	318858	0.010	52.0
Query_1	1054202_QJTK01000007.1	66.176	272	92	0	3	274	136442	137257	4.87e-113	371
Query_1	2294033_RCHI01000006.1	66.544	272	89	1	3	272	128690	129505	5.06e-113	371
Query_1	59779_VDDD01000187.1	68.266	271	86	0	3	273	3853	4665	5.35e-113	369
Query_1	1215032_SAVB01000014.1	66.544	272	89	1	3	272	15702	16517	5.90e-113	370
Query_1	1266998_ATUJ01000003.1	65.201	273	95	0	3	275	195705	196523	6.03e-113	370
Query_1	1915316_MPZX01000002.1	64.469	273	97	0	3	275	446693	447511	6.34e-113	370
Query_1	1915316_MPZX01000002.1	37.719	114	68	2	10	120	1230752	1230411	6.11e-04	55.8
Query_1	58314_WJPO01000031.1	68.382	272	86	0	3	274	39279	38464	7.17e-113	370
Query_1	2562307_STFX01000024.1	68.797	266	83	0	6	271	58751	59548	1.05e-112	370
Query_1	1445661_SSND01000005.1	70.956	272	79	0	3	274	239530	238715	1.73e-112	369
Query_1	1445661_SSND01000005.1	31.559	263	149	11	13	266	237684	236962	1.12e-07	67.0
Query_1	2079229_PYWA01000002.1	66.423	274	92	0	2	275	222298	221477	1.82e-112	369
Query_1	2500532_CP034810.1	68.266	271	86	0	3	273	2685434	2686246	2.57e-112	369
Query_1	1192054_JYGY01000001.1	68.015	272	87	0	3	274	33149	32334	2.95e-112	369
Query_1	1192054_JYGY01000001.1	33.333	99	59	3	5	99	395663	395950	1.0	45.8
Query_1	225362_VDDC01000013.1	68.015	272	87	0	2	273	148725	147910	3.17e-112	369
Query_1	371731_ACYY01000006.1	69.118	272	84	0	3	274	175855	175040	3.85e-112	368
Query_1	371731_ACYY01000006.1	26.996	263	161	9	13	266	174035	173313	0.14	48.5
Query_1	1063_CP047031.1	70.588	255	75	0	3	257	870437	869673	1.20e-111	367
Query_1	1063_CP047031.1	26.829	287	133	10	13	267	868386	867661	0.37	47.0
Query_1	2306993_SAUY01000010.1	67.399	273	88	1	3	274	57675	58493	1.33e-111	367
Query_1	490185_VOAK01000011.1	68.498	273	85	1	3	274	618773	617955	1.37e-111	367
Query_1	490185_VOAK01000011.1	29.771	262	151	10	13	265	616944	616231	7.76e-08	67.4
Query_1	453582_FTOG01000007.1	66.187	278	90	3	1	274	248572	249405	1.46e-111	367
Query_1	453582_QAXT01000002.1	66.187	278	90	3	1	274	248591	249424	1.47e-111	367
Query_1	1904441_PXES01000190.1	65.926	270	92	0	2	271	1531	722	1.82e-111	353
Query_1	1317124_AQRC01000012.1	65.441	272	94	0	3	274	74846	74031	1.88e-111	366
Query_1	1706839_SUNI01000020.1	69.925	266	80	0	6	271	1775	978	1.91e-111	366
Query_1	2501515_SAVA01000008.1	65.809	272	91	1	3	272	127478	128293	2.54e-111	366
Query_1	195105_NIPU01000067.1	65.185	270	94	0	6	275	2631	1822	2.64e-111	365
Query_1	195105_NIPU01000067.1	26.471	272	169	10	11	273	818	69	0.93	45.8
Query_1	1520813_JPKW01000001.1	64.964	274	96	0	2	275	248180	249001	2.85e-111	366
Query_1	195105_NIPY01000058.1	65.185	270	94	0	6	275	3388	4197	3.14e-111	365
Query_1	195105_NIPY01000058.1	26.471	272	169	10	11	273	5201	5950	0.69	46.2
Query_1	316_VNHR01000020.1	67.528	271	88	0	3	273	277604	276792	3.14e-111	365
Query_1	195105_JGYG01000012.1	65.185	270	94	0	6	275	47695	46886	3.16e-111	365
Query_1	195105_JGYG01000012.1	26.471	272	169	10	11	273	45882	45133	0.69	46.2
Query_1	195105_CP035510.1	65.185	270	94	0	6	275	661552	660743	3.18e-111	365
Query_1	195105_CP035510.1	26.471	272	169	10	11	273	659739	658990	0.69	46.2
Query_1	195105_CP035510.1	34.951	103	60	3	1	99	2027346	2027047	3.1	44.3
Query_1	2306993_SAUZ01000005.1	67.033	273	89	1	3	274	137409	136591	4.44e-111	365
Query_1	2306993_SAUX01000009.1	66.667	273	90	1	3	274	69977	70795	4.53e-111	365
Query_1	2306993_SAUV01000007.1	66.667	273	90	1	3	274	57981	58799	1.09e-110	364
Query_1	2562317_STGH01000001.1	70.741	270	78	1	3	272	1325114	1325920	1.30e-110	364
Query_1	2562317_STGH01000001.1	39.759	83	49	1	24	106	1326960	1327205	0.064	49.3
Query_1	2306993_SAUW01000007.1	66.300	273	91	1	3	274	145472	144654	1.31e-110	364
Query_1	364199_FOHO01000005.1	69.963	273	82	0	3	275	19780	20598	1.47e-110	363
Query_1	2489002_RQRT01000022.1	67.766	273	88	0	3	275	47178	46360	1.66e-110	363
Query_1	1795308_NTJD01000012.1	66.296	270	90	1	4	272	20591	21400	1.75e-110	363
Query_1	1461693_AQQY01000005.1	63.235	272	100	0	3	274	68395	67580	2.11e-110	363
Query_1	1461693_AQQY01000005.1	33.628	113	73	2	10	121	65398	65063	1.86e-04	57.4
Query_1	320662_SLXP01000001.1	66.176	272	92	0	3	274	233308	234123	2.77e-110	363
Query_1	320662_SLXP01000001.1	25.641	273	152	12	14	267	237471	238193	1.1	45.4
Query_1	2283626_QQVY01000001.1	64.945	271	95	0	5	275	492924	493736	3.77e-110	362
Query_1	1121271_KE386949.1	67.153	274	88	2	4	275	468851	469672	4.36e-110	362
Query_1	1121271_KE386949.1	25.979	281	156	8	14	273	654707	653958	0.14	48.5
Query_1	2670345_KZ984538.1	71.795	273	76	1	2	274	272336	271521	4.79e-110	362
Query_1	2670345_KZ984538.1	41.176	85	49	1	22	106	270493	270242	0.009	52.0
Query_1	2605434_VUAW01000001.1	67.293	266	87	0	6	271	23358	24155	5.24e-110	362
Query_1	2605434_VUAW01000001.1	27.203	261	163	7	13	266	26407	27129	0.003	53.5
Query_1	1529068_CP025408.1	67.037	270	89	0	6	275	393417	394226	6.54e-110	362
Query_1	1529068_CP025408.1	39.583	96	55	2	36	130	2002349	2002630	1.21e-04	57.8
Query_1	2086263_PUHN01000026.1	67.416	267	87	0	6	272	38990	39790	8.00e-110	362
Query_1	2086263_PUHN01000026.1	37.008	127	75	3	10	135	42043	42411	4.62e-08	68.2
Query_1	2593019_VMDS01000013.1	71.429	273	77	1	2	274	17656	16841	1.04e-109	361
Query_1	2593019_VMDS01000013.1	37.755	98	60	1	22	119	15813	15523	0.009	52.0
Query_1	2593020_VMDT01000013.1	71.429	273	77	1	2	274	17656	16841	1.04e-109	361
Query_1	2593020_VMDT01000013.1	37.755	98	60	1	22	119	15813	15523	0.009	52.0
Query_1	2529861_SJZH01000004.1	68.978	274	84	1	2	275	95989	95171	1.09e-109	361
Query_1	2529861_SJZH01000004.1	40.964	83	47	2	24	106	94140	93898	0.054	49.7
Query_1	184748_FZQB01000002.1	65.428	269	93	0	3	271	266401	267207	1.29e-109	361
Query_1	2528036_SIJH01000019.1	68.613	274	85	1	2	275	32364	31546	2.27e-109	360
Query_1	2528036_SIJH01000019.1	39.759	83	48	2	24	106	30515	30273	0.45	47.0
Query_1	570013_OBMP01000001.1	65.108	278	93	3	1	274	565334	564501	2.28e-109	360
Query_1	1061_FNAY01000048.1	67.159	271	88	1	6	275	1002	190	3.28e-109	360
Query_1	407234_OBMN01000001.1	69.485	272	83	0	3	274	525765	526580	4.70e-109	359
Query_1	407234_FTOM01000001.1	69.485	272	83	0	3	274	525765	526580	4.70e-109	359
Query_1	1061_LLVU01000019.1	67.159	271	88	1	6	275	13419	14231	5.11e-109	359
Query_1	1061_QKZO01000018.1	67.159	271	88	1	6	275	11564	10752	5.11e-109	359
Query_1	1061_LLVV01000018.1	67.159	271	88	1	6	275	13419	14231	5.11e-109	359
Query_1	2594268_VKDF01000003.1	65.818	275	94	0	1	275	337092	336268	5.37e-109	359
Query_1	1086013_FTOT01000005.1	66.176	272	90	2	6	275	288261	287446	7.46e-109	359
Query_1	1061_SWJZ01000010.1	66.790	271	89	1	6	275	31803	32615	7.47e-109	359
Query_1	366616_NIPV01000062.1	64.662	266	94	0	6	271	3394	4191	8.47e-109	358
Query_1	366616_NIPV01000062.1	26.838	272	168	10	11	273	5207	5956	0.022	50.8
Query_1	366616_NIPX01000037.1	64.662	266	94	0	6	271	12605	11808	8.66e-109	358
Query_1	366616_NIPX01000037.1	26.838	272	168	10	11	273	10792	10043	0.023	50.8
Query_1	366616_JFGS01000007.1	64.662	266	94	0	6	271	11536	10739	8.77e-109	358
Query_1	366616_JFGS01000007.1	26.838	272	168	10	11	273	9723	8974	0.023	50.8
Query_1	53463_FRCK01000010.1	64.727	275	97	0	1	275	100376	101200	9.47e-109	358
Query_1	2593022_VMDV01000001.1	71.062	273	78	1	2	274	451186	450371	1.08e-108	358
Query_1	2593022_VMDV01000001.1	37.755	98	60	1	22	119	449343	449053	0.006	52.8
Query_1	1904441_PXAD01000272.1	66.292	267	90	0	6	272	1829	2629	1.10e-108	358
Query_1	1904441_PXAD01000272.1	38.393	112	65	3	13	121	3629	3961	0.001	54.7
Query_1	407234_OBMN01000005.1	71.533	274	76	1	1	272	16125	15304	1.41e-108	358
Query_1	407234_FTOM01000005.1	71.533	274	76	1	1	272	203434	204255	1.41e-108	358
Query_1	2023261_SUNH01000013.1	68.045	266	85	0	2	267	46474	47271	1.98e-108	358
Query_1	2494374_CP034328.1	69.231	273	83	1	3	275	3184659	3185474	2.27e-108	357
Query_1	2494374_CP034328.1	37.838	111	66	2	11	118	3930429	3930097	0.095	48.9
Query_1	2494374_CP034328.1	25.210	238	161	6	30	264	1502614	1503285	7.6	43.1
Query_1	2593021_VMDU01000003.1	70.221	272	80	1	3	274	81852	82664	3.50e-108	357
Query_1	2593021_VMDU01000003.1	37.500	96	59	1	24	119	83698	83982	0.18	48.1
Query_1	366618_NIPW01000058.1	64.444	270	96	0	6	275	11946	11137	3.51e-108	357
Query_1	366618_NIPW01000058.1	26.838	272	168	10	11	273	10133	9384	0.023	50.8
Query_1	1569209_BBPH01000155.1	66.421	271	89	1	1	271	3818	4624	6.37e-108	355
Query_1	1904441_JAABQS010000151.1	68.773	269	83	1	6	274	5655	6458	1.12e-107	355
Query_1	1499308_CP030239.1	76.754	228	53	0	3	230	2539506	2538823	1.60e-107	355
Query_1	1499308_CP030239.1	70.370	27	8	0	245	271	2538781	2538701	5.4	43.5
Query_1	1542388_OMOQ01000003.1	64.945	271	94	1	1	271	184230	183421	1.68e-107	355
Query_1	1945662_CP020612.1	63.869	274	99	0	1	274	1727555	1726734	1.92e-107	355
Query_1	1945662_CP020612.1	28.807	243	136	9	36	267	1376666	1377316	0.067	49.3
Query_1	1904441_SLDJ01000293.1	70.260	269	79	1	6	274	1049	246	2.06e-107	344
Query_1	1904441_PUKW01000188.1	69.318	264	81	0	8	271	1159	368	2.42e-107	349
Query_1	1909294_PWLT01000259.1	67.037	270	89	0	3	272	3774	4583	2.60e-107	353
Query_1	2174844_QEYE01000015.1	67.041	267	87	1	6	271	35359	34559	4.30e-107	354
Query_1	65735_FNXG01000004.1	64.234	274	98	0	1	274	212544	213365	6.55e-107	353
Query_1	2052957_PGOI01000001.1	71.587	271	77	0	3	273	61431	62243	1.07e-106	353
Query_1	1524263_FXYE01000002.1	61.710	269	103	0	3	271	844701	845507	1.55e-106	352
Query_1	1524263_FXYE01000002.1	30.328	122	80	2	8	124	1293164	1293529	7.73e-04	55.5
Query_1	1889770_MDHA01000069.1	63.838	271	98	0	1	271	33765	32953	1.59e-106	352
Query_1	2587163_CP040932.1	67.037	270	89	0	6	275	825145	824336	1.79e-106	352
Query_1	1904441_SKQQ01000385.1	69.318	264	81	0	8	271	752	1543	1.80e-106	349
Query_1	1904441_SKQQ01000385.1	34.783	115	71	3	10	121	3801	4142	0.043	49.7
Query_1	1768802_LSJX01000265.1	64.074	270	97	0	2	271	2108	1299	1.81e-106	352
Query_1	1904441_SKYS01000048.1	67.669	266	85	1	6	271	3600	4394	2.02e-106	351
Query_1	267135_LSJU01000636.1	64.074	270	97	0	2	271	4993	5802	2.02e-106	352
Query_1	1768798_LSIK01000207.1	64.074	270	97	0	2	271	2109	1300	2.15e-106	352
Query_1	1768799_LSJP01000286.1	64.074	270	97	0	2	271	26422	27231	2.15e-106	352
Query_1	1768800_LSJR01000229.1	64.074	270	97	0	2	271	2109	1300	2.15e-106	352
Query_1	1768775_LSJL01000009.1	64.074	270	97	0	2	271	2109	1300	2.17e-106	352
Query_1	1768801_LSJV01000218.1	64.074	270	97	0	2	271	110546	111355	2.18e-106	352
Query_1	1768801_LSJV01000218.1	43.243	111	61	2	10	119	44357	44028	8.64e-05	58.2
Query_1	1768789_LSKN01000177.1	64.074	270	97	0	2	271	2111	1302	2.18e-106	352
Query_1	1768789_LSKN01000177.1	43.243	111	61	2	10	119	68300	68629	8.64e-05	58.2
Query_1	525640_FNGE01000001.1	62.909	275	102	0	1	275	104740	105564	3.69e-106	351
Query_1	1590614_NSBT01000024.1	64.312	269	96	0	3	271	401792	402598	4.07e-106	351
Query_1	1590614_NSBT01000024.1	36.134	119	72	3	6	121	404801	405154	5.84e-04	55.8
Query_1	1904441_REBU01000022.1	64.794	267	94	0	6	272	5601	4801	4.15e-106	351
Query_1	1904441_REBU01000022.1	32.215	149	94	4	21	166	3771	3337	0.003	53.5
Query_1	1904441_PWXE01000500.1	69.318	264	81	0	8	271	3383	2592	4.18e-106	349
Query_1	1699413_JAATOP010000001.1	60.000	275	109	1	1	275	486765	487586	4.48e-106	351
Query_1	1217970_FSRL01000001.1	66.667	270	90	0	6	275	2646549	2647358	5.04e-106	351
Query_1	1904441_PXDM01000049.1	64.419	267	95	0	6	272	2623	1823	5.47e-106	350
Query_1	1904441_PXDM01000049.1	37.255	102	62	2	21	121	793	491	0.010	52.0
Query_1	1985673_JAAATW010000002.1	70.696	273	80	0	3	275	465944	465126	8.99e-106	350
Query_1	1985673_JAAATW010000002.1	27.165	254	156	9	21	267	464026	463331	0.008	52.0
Query_1	1948890_QKJR01000027.1	67.029	276	87	2	3	274	73392	72565	9.06e-106	350
Query_1	2056283_PHSN01000025.1	64.260	277	96	2	1	274	23169	22339	1.15e-105	350
Query_1	2056283_PHSN01000025.1	26.592	267	161	9	13	266	13638	14372	0.001	54.7
Query_1	2032623_NSJZ01000004.1	62.500	272	102	0	1	272	59866	60681	1.96e-105	349
Query_1	2032623_NSJZ01000004.1	41.379	58	34	0	214	271	61740	61913	0.001	55.1
Query_1	2715277_JAANHS010000001.1	70.260	269	79	1	6	274	368637	367834	2.21e-105	349
Query_1	2715277_JAANHS010000001.1	37.500	96	59	1	24	119	366800	366516	0.013	51.6
Query_1	1054202_QJTK01000001.1	67.153	274	89	1	3	275	130681	129860	2.34e-105	349
Query_1	1904441_SKIF01000121.1	64.207	271	97	0	2	272	10052	10864	3.75e-105	348
Query_1	1904441_SKIF01000121.1	38.393	112	65	3	13	121	11867	12199	1.00e-04	58.2
Query_1	121821_SKHN01000219.1	62.687	268	100	0	5	272	905	102	5.36e-105	337
Query_1	1904441_PKEF01000092.1	67.399	273	88	1	3	275	1662	2477	5.44e-105	347
Query_1	87172_MJAP01000034.1	65.543	267	92	0	6	272	233945	234745	5.53e-105	348
Query_1	87172_MJAP01000034.1	35.537	121	74	3	13	130	235745	236104	2.15e-04	57.0
Query_1	564137_FNOM01000002.1	67.293	266	87	0	6	271	451179	451976	6.52e-105	347
Query_1	564137_FNOM01000002.1	37.719	114	67	3	11	121	453569	453907	0.017	51.2
Query_1	1904441_PWZT01000057.1	66.045	268	91	0	5	272	74911	74108	8.75e-105	347
Query_1	1904441_PWZT01000057.1	37.143	140	81	4	13	149	73108	72701	4.49e-06	62.0
Query_1	1904441_SKPA01000235.1	67.293	266	87	0	6	271	3999	4796	1.02e-104	347
Query_1	1415756_JQMY01000001.1	64.312	269	96	0	3	271	3198739	3199545	1.21e-104	347
Query_1	1415756_JQMY01000001.1	37.719	114	67	3	11	121	3202293	3202631	4.26e-05	59.3
Query_1	1904441_SLFN01000010.1	66.917	266	87	1	6	271	2644	1850	1.23e-104	347
Query_1	1904441_SLFN01000010.1	27.413	259	165	8	13	267	784	65	0.001	54.7
Query_1	1904441_DSPG01000021.1	63.636	275	100	0	1	275	9155	8331	1.28e-104	347
Query_1	1904441_SLMB01000218.1	68.939	264	82	0	8	271	3195	3986	1.28e-104	347
Query_1	1904441_SLGG01000001.1	64.179	268	96	0	5	272	1548	2351	1.56e-104	346
Query_1	1904441_SLGG01000001.1	37.500	112	66	3	13	121	3354	3686	0.003	53.5
Query_1	1904441_PXAC01000211.1	64.179	268	96	0	5	272	6811	7614	1.61e-104	346
Query_1	1904441_PXAC01000211.1	37.500	112	66	3	13	121	8617	8949	0.003	53.1
Query_1	1904441_PWTH01000420.1	64.179	268	96	0	5	272	6531	5728	1.62e-104	346
Query_1	1904441_PWTH01000420.1	37.500	112	66	3	13	121	4725	4393	0.003	53.5
Query_1	1904441_SLJW01000201.1	64.179	268	96	0	5	272	3980	3177	1.65e-104	346
Query_1	1904441_SLJW01000201.1	37.500	112	66	3	13	121	2174	1842	0.003	53.5
Query_1	441209_SODJ01000010.1	62.500	272	102	0	1	272	71121	70306	3.13e-104	345
Query_1	441209_SODJ01000010.1	26.394	269	151	10	14	265	69303	68587	0.003	53.5
Query_1	1188254_SORN01000008.1	62.500	272	102	0	1	272	79290	80105	3.14e-104	345
Query_1	1188254_SORN01000008.1	26.394	269	151	10	14	265	81108	81824	0.003	53.5
Query_1	441209_CP024899.1	62.500	272	102	0	1	272	1021785	1022600	3.15e-104	345
Query_1	441209_CP024899.1	26.394	269	151	10	14	265	1023603	1024319	0.003	53.5
Query_1	1904441_SKYA01000146.1	63.838	271	98	0	2	272	7350	8162	3.72e-104	345
Query_1	1904441_SKYA01000146.1	36.508	126	74	4	13	133	9165	9539	5.16e-04	55.8
Query_1	1904441_PWRR01000183.1	66.917	266	88	0	6	271	3999	4796	7.98e-104	344
Query_1	1904441_REER01000100.1	64.552	268	95	0	5	272	102704	103507	1.18e-103	344
Query_1	1904441_REER01000100.1	37.500	112	66	3	13	121	104510	104842	0.005	52.8
Query_1	2508543_SDEA01000001.1	61.397	272	105	0	1	272	122957	122142	1.20e-103	344
Query_1	1966466_SELD02000001.1	62.637	273	102	0	3	275	159966	159148	1.31e-103	344
Query_1	1904441_SKRW01000341.1	64.794	267	94	0	6	272	7830	8630	1.81e-103	343
Query_1	1904441_SKRW01000341.1	36.607	112	67	3	13	121	9648	9980	6.23e-04	55.5
Query_1	1470561_FXXQ01000005.1	61.710	269	103	0	6	274	209984	210790	3.59e-103	342
Query_1	1470561_FXXQ01000005.1	25.746	268	162	10	10	265	211789	212517	0.37	47.0
Query_1	121821_MEHT01000004.1	63.806	268	97	0	5	272	58615	57812	3.89e-103	342
Query_1	121821_MEHT01000004.1	34.752	141	85	4	13	150	56812	56402	8.64e-04	55.1
Query_1	121821_QKZQ01000016.1	63.806	268	97	0	5	272	58645	57842	3.89e-103	342
Query_1	121821_QKZQ01000016.1	34.752	141	85	4	13	150	56842	56432	8.64e-04	55.1
Query_1	1188250_PZKE01000014.1	64.576	271	96	0	4	274	18089	18901	4.26e-103	342
Query_1	1188250_PZKE01000014.1	26.592	267	156	7	13	266	19928	20647	0.001	55.1
Query_1	1904441_SLPP01000002.1	66.541	266	89	0	6	271	3999	4796	5.12e-103	342
Query_1	2487129_RJRZ01000003.1	62.909	275	101	1	2	275	121427	120603	5.14e-103	342
Query_1	690417_JRKS01000010.1	62.362	271	102	0	1	271	16416	15604	5.68e-103	342
Query_1	1105367_JFZB01000009.1	64.964	274	95	1	3	275	20578	21399	6.86e-103	342
Query_1	2233774_QLUV01000011.1	61.091	275	107	0	1	275	33280	34104	8.70e-103	342
Query_1	1075_CP020470.1	64.576	271	96	0	4	274	2970901	2971713	9.46e-103	341
Query_1	1075_CP020470.1	27.341	267	154	8	13	266	2972740	2973459	1.90e-04	57.4
Query_1	1904441_SDAL01000002.1	60.215	279	106	1	1	274	531789	532625	1.07e-102	341
Query_1	266_QFNE01000005.1	63.971	272	98	0	4	275	29479	28664	1.17e-102	341
Query_1	266_QFMZ01000005.1	63.971	272	98	0	4	275	29479	28664	1.17e-102	341
Query_1	373675_FNUZ01000001.1	61.905	273	104	0	3	275	314261	315079	1.38e-102	341
Query_1	1904441_PWFO01000235.1	63.100	271	100	0	2	272	3921	3109	1.64e-102	340
Query_1	1904441_PWFO01000235.1	34.532	139	87	3	13	148	2109	1696	1.17e-05	60.8
Query_1	1545044_FNNA01000001.1	63.333	270	99	0	1	270	976856	977665	2.39e-102	340
Query_1	1904441_SKJN01000287.1	62.731	271	101	0	2	272	1806	994	2.48e-102	332
Query_1	1904441_SLRV01000104.1	63.100	271	100	0	2	272	8120	7308	3.04e-102	340
Query_1	1904441_SLRV01000104.1	34.532	139	87	3	13	148	6308	5895	1.14e-05	60.8
Query_1	1904441_WOUW01000013.1	68.773	269	83	1	6	274	30503	29700	3.15e-102	340
Query_1	393481_VFPT01000001.1	63.100	271	100	0	2	272	2575112	2574300	3.39e-102	340
Query_1	393481_VFPT01000001.1	34.532	139	87	3	13	148	2573300	2572887	1.29e-05	60.8
Query_1	393481_VFPT01000001.1	25.466	161	99	4	6	151	843795	844259	4.3	43.9
Query_1	1545044_JRKT01000059.1	62.731	271	101	0	1	271	3454	2642	3.39e-102	340
Query_1	1904441_SKGR01000074.1	63.100	271	100	0	2	272	1477	2289	3.53e-102	340
Query_1	1904441_SKGR01000074.1	34.532	139	87	3	13	148	3289	3702	1.14e-05	60.8
Query_1	1904441_PXEU01000138.1	63.100	271	100	0	2	272	7837	7025	3.65e-102	340
Query_1	1904441_PXEU01000138.1	34.532	139	87	3	13	148	6025	5612	1.18e-05	60.8
Query_1	1904441_PULJ01000063.1	63.100	271	100	0	2	272	60716	61528	3.66e-102	340
Query_1	1904441_PULJ01000063.1	34.532	139	87	3	13	148	62528	62941	1.18e-05	60.8
Query_1	1417296_AYXI01000165.1	65.809	272	93	0	3	274	45951	46766	4.11e-102	339
Query_1	765699_FNOB01000003.1	65.809	272	93	0	3	274	213662	214477	4.14e-102	339
Query_1	1545044_JRKR01000121.1	62.362	271	102	0	1	271	8676	9488	4.73e-102	339
Query_1	1904441_SLKB01000079.1	64.074	270	97	0	5	274	2482	1673	5.24e-102	338
Query_1	1904441_SLKB01000079.1	34.513	113	70	3	10	119	670	335	1.7	45.1
Query_1	288426_VJYZ01000033.1	63.197	269	99	0	3	271	397912	397106	7.19e-102	339
Query_1	288426_VJYZ01000033.1	60.000	60	24	0	213	272	395134	394955	2.53e-10	74.7
Query_1	1904441_SKYR01000351.1	64.045	267	96	0	6	272	7824	8624	8.88e-102	338
Query_1	1904441_SKYR01000351.1	36.607	112	67	3	13	121	9642	9974	6.24e-04	55.5
Query_1	1904441_PWZU01000064.1	64.074	270	97	0	5	274	5576	4767	9.37e-102	338
Query_1	1904441_PWZU01000064.1	26.415	265	168	8	10	267	3764	3030	0.65	46.2
Query_1	1904441_SLGI01000315.1	63.100	271	100	0	2	272	7726	6914	9.85e-102	338
Query_1	1904441_SLGI01000315.1	34.532	139	87	3	13	148	5914	5501	1.11e-05	60.8
Query_1	1049199_RCCE01000003.1	61.111	270	105	0	6	275	130526	129717	1.10e-101	338
Query_1	1049199_RCCE01000003.1	30.833	120	77	2	11	124	372183	372542	0.28	47.4
Query_1	1049199_RCCE01000003.1	36.905	84	51	2	38	120	125641	125889	1.7	45.1
Query_1	1545044_JRKQ01000087.1	62.963	270	100	0	1	270	2824	2015	1.17e-101	338
Query_1	1904441_SKTX01000024.1	62.825	269	100	0	6	274	1680	2486	1.29e-101	332
Query_1	1545044_JRKP01000100.1	62.963	270	100	0	1	270	11038	11847	1.70e-101	338
Query_1	1904441_SKKF01000209.1	63.100	271	100	0	2	272	13121	13933	1.87e-101	338
Query_1	1904441_SKKF01000209.1	34.532	139	87	3	13	148	14933	15346	1.15e-05	60.8
Query_1	1904441_SKIV01000175.1	62.731	271	101	0	2	272	1017	205	1.88e-101	332
Query_1	446682_OBMT01000001.1	67.518	274	88	1	3	275	550591	551412	3.90e-101	337
Query_1	1904441_SKVF01000268.1	62.731	271	101	0	2	272	2017	1205	5.68e-101	332
Query_1	1286148_QPJP01000011.1	62.593	270	100	1	6	275	106524	105718	8.42e-101	336
Query_1	1286148_QBUD01000011.1	62.593	270	100	1	6	275	106524	105718	8.42e-101	336
Query_1	2029103_NSBU01000006.1	59.341	273	110	1	3	275	289789	288974	9.58e-101	335
Query_1	2029103_NSBU01000006.1	38.235	102	61	2	21	121	21432	21734	0.007	52.4
Query_1	2172121_QDKM01000002.1	62.963	270	99	1	5	274	184768	185574	1.09e-100	335
Query_1	2172121_QDKM01000002.1	31.285	179	93	6	10	179	448469	448942	0.004	53.1
Query_1	1904441_SKWJ01000322.1	62.687	268	100	0	5	272	3542	2739	1.16e-100	335
Query_1	1904441_SKWJ01000322.1	37.500	112	66	3	13	121	1739	1407	0.003	53.1
Query_1	1242689_SOBH01000003.1	60.370	270	107	0	6	275	552861	553670	1.21e-100	335
Query_1	1242689_SOBH01000003.1	34.653	101	64	2	21	120	557797	557498	0.61	46.6
Query_1	1904441_CP021114.1	61.624	271	103	1	5	275	263712	262903	1.28e-100	335
Query_1	1904441_CP021114.1	25.630	238	146	9	38	267	262694	262050	4.0	43.9
Query_1	670154_FOYO01000001.1	59.636	275	111	0	1	275	1007400	1008224	1.44e-100	335
Query_1	670154_FOYO01000001.1	33.884	121	74	2	10	124	797908	797546	0.026	50.8
Query_1	670154_FOYO01000001.1	24.314	255	162	8	21	267	1012351	1011656	0.042	50.1
Query_1	670154_FOYO01000001.1	29.240	171	102	5	6	174	1903373	1902912	1.1	45.4
Query_1	1904441_SKUV01000041.1	65.056	269	94	0	6	274	1760	954	1.55e-100	333
Query_1	1836468_LZFQ01000040.1	61.993	271	102	1	5	275	243354	244163	1.74e-100	335
Query_1	1920883_CP018572.1	61.993	271	102	1	5	275	2451106	2451915	1.75e-100	335
Query_1	1904441_SKHK01000025.1	62.271	273	103	0	2	274	7552	8370	1.86e-100	335
Query_1	1904441_PXCL01000330.1	61.905	273	104	0	2	274	2969	3787	3.00e-100	334
Query_1	1977320_QJSD01000005.1	63.100	271	100	0	5	275	108728	107916	3.84e-100	334
Query_1	1977320_QJSD01000005.1	25.095	263	166	9	14	267	106849	106127	0.37	47.0
Query_1	1826607_QGGV01000005.1	62.082	269	102	0	6	274	178391	177585	4.28e-100	333
Query_1	1826607_QGGV01000005.1	28.090	267	157	9	10	265	176547	175819	1.08e-05	60.8
Query_1	1826607_CP034588.1	62.082	269	102	0	6	274	3584927	3585733	4.29e-100	333
Query_1	1826607_CP034588.1	28.090	267	157	9	10	265	3586771	3587499	1.08e-05	60.8
Query_1	1826607_CP034588.1	32.258	124	74	3	3	118	1672027	1671662	0.16	48.1
Query_1	1826607_CP034588.1	32.231	121	77	2	9	124	1674185	1674547	5.3	43.5
Query_1	1387277_FWYD01000014.1	62.731	271	101	0	5	275	68766	69578	5.53e-100	333
Query_1	1387277_FWYD01000014.1	25.095	263	166	9	14	267	70645	71367	0.17	48.1
Query_1	254356_UIHC01000008.1	62.963	270	99	1	2	271	19376	18570	6.34e-100	333
Query_1	254356_UIHC01000008.1	37.624	101	61	2	22	121	17543	17244	0.008	52.4
Query_1	2510646_SELP01000004.1	63.333	270	99	0	6	275	63939	63130	7.72e-100	333
Query_1	2582893_VCDK01000003.1	61.710	269	103	0	6	274	996284	997090	1.07e-99	333
Query_1	2582893_VCDK01000003.1	35.965	114	69	3	12	122	1000499	1000837	0.002	53.9
Query_1	388401_AAXZ01000012.1	59.410	271	109	1	1	270	23854	23042	1.38e-99	332
Query_1	388401_AAXZ01000012.1	28.148	270	155	13	10	266	20756	20025	0.092	48.9
Query_1	1123360_KE557310.1	59.636	275	111	0	1	275	234714	233890	1.53e-99	332
Query_1	1123360_KE557310.1	28.287	251	155	7	22	267	229766	230458	0.090	48.9
Query_1	990712_PVND01000003.1	63.370	273	98	2	4	274	365211	366029	2.19e-99	332
Query_1	990712_PVND01000003.1	35.714	112	68	3	13	121	368309	368641	0.36	47.0
Query_1	990712_FNFV01000002.1	63.370	273	98	2	4	274	240649	239831	2.19e-99	332
Query_1	990712_FNFV01000002.1	35.714	112	68	3	13	121	237551	237219	0.36	47.0
Query_1	1904441_SKKS01000075.1	62.406	266	100	0	6	271	13775	14572	2.21e-99	332
Query_1	1904441_SKKS01000075.1	34.043	141	86	4	13	150	15611	16021	0.11	48.5
Query_1	1904441_SLNT01000384.1	62.731	271	101	0	2	272	5502	6314	2.38e-99	332
Query_1	1904441_SLNT01000384.1	38.393	112	65	3	13	121	7311	7643	2.29e-05	60.1
Query_1	1904441_PWWF01000209.1	62.731	271	101	0	2	272	7218	6406	2.43e-99	332
Query_1	1904441_PWWF01000209.1	38.393	112	65	3	13	121	5409	5077	2.33e-05	60.1
Query_1	1904441_PULO01000444.1	62.731	271	101	0	2	272	1329	517	2.57e-99	331
Query_1	1904441_SKWG01000065.1	62.406	266	100	0	6	271	4311	5108	3.22e-99	331
Query_1	2488730_RRAZ01000015.1	60.145	276	108	2	2	275	67045	66218	3.61e-99	331
Query_1	1077947_LGHU01000061.1	63.736	273	99	0	3	275	72420	71602	3.89e-99	331
Query_1	1077947_LGHU01000061.1	31.746	126	75	3	6	125	69729	69367	0.053	49.7
Query_1	1077947_FOCO01000005.1	63.736	273	99	0	3	275	71151	70333	3.90e-99	331
Query_1	1077947_FOCO01000005.1	31.746	126	75	3	6	125	68460	68098	0.053	49.7
Query_1	2656921_WHUT01000011.1	64.000	275	98	1	2	275	91753	92577	4.26e-99	331
Query_1	1553448_SBLC01000005.1	61.905	273	102	2	2	272	93722	92904	4.93e-99	331
Query_1	2493082_RRYH01000037.1	62.094	277	99	2	3	274	37505	38332	5.08e-99	330
Query_1	2493082_RRYH01000037.1	34.783	115	71	3	10	121	42009	42350	3.0	44.3
Query_1	1904441_SKWD01000374.1	64.419	267	95	0	6	272	2470	3270	6.54e-99	330
Query_1	1904441_SKWD01000374.1	38.393	112	65	3	13	121	4297	4629	0.031	50.4
Query_1	1904441_PXEX01000314.1	64.419	267	95	0	6	272	2616	3416	6.55e-99	330
Query_1	1904441_PXEX01000314.1	38.393	112	65	3	13	121	4443	4775	0.031	50.4
Query_1	1904441_PWWR01000051.1	64.419	267	95	0	6	272	6752	5952	6.74e-99	330
Query_1	1904441_PWWR01000051.1	39.286	112	64	3	13	121	4925	4593	0.004	53.1
Query_1	1904441_REDZ01000085.1	62.731	271	101	0	2	272	4638	5450	6.79e-99	330
Query_1	1904441_REDZ01000085.1	37.500	112	66	3	13	121	6447	6779	2.35e-04	57.0
Query_1	1904441_SKMI01000101.1	64.419	267	95	0	6	272	9421	8621	6.85e-99	330
Query_1	1904441_SKMI01000101.1	39.286	112	64	3	13	121	7594	7262	0.004	53.1
Query_1	1486859_FQUV01000007.1	59.259	270	110	0	6	275	153984	154793	8.72e-99	330
Query_1	1486859_FQUV01000007.1	34.653	101	64	2	21	120	158920	158621	0.97	45.8
Query_1	2599923_VSJK01000010.1	60.886	271	101	1	6	271	164690	165502	1.02e-98	330
Query_1	2599923_VSJK01000010.1	27.239	268	160	11	11	267	166975	167706	0.002	53.9
Query_1	441119_FOXA01000001.1	61.654	266	102	0	6	271	280080	280877	1.13e-98	330
Query_1	441119_FOXA01000001.1	30.075	266	151	10	13	267	231677	232402	5.93e-06	61.6
Query_1	1666912_LJSG01000006.1	62.921	267	98	1	5	271	39871	40668	1.27e-98	330
Query_1	1666912_LJSG01000006.1	35.652	115	70	3	10	121	41653	41994	0.004	53.1
Query_1	1666912_FBYC01000004.1	62.921	267	98	1	5	271	1023584	1022787	1.27e-98	330
Query_1	1666912_FBYC01000004.1	35.652	115	70	3	10	121	1021802	1021461	0.004	53.1
Query_1	1666912_FBYC01000004.1	34.483	87	57	0	20	106	1290388	1290128	3.4	43.9
Query_1	1339210_SNZR01000011.1	65.056	269	94	0	3	271	668714	667908	1.39e-98	329
Query_1	1339210_SNZR01000011.1	32.231	121	77	2	10	125	1076394	1076032	0.023	50.8
Query_1	1339210_SNZR01000011.1	30.579	121	80	3	5	122	788386	788027	0.079	49.3
Query_1	1948890_PDSA01000030.1	61.905	273	103	1	3	275	43500	42685	1.44e-98	329
Query_1	1948890_PDSA01000030.1	32.283	127	73	3	1	118	77911	78279	0.001	55.1
Query_1	745311_SLZU01000001.1	61.624	271	104	0	5	275	393948	394760	2.95e-98	328
Query_1	1639690_OMOI01000001.1	57.971	276	114	1	2	275	216012	215185	3.35e-98	328
Query_1	2691042_WUPT01000002.1	60.595	269	106	0	6	274	1080242	1079436	3.91e-98	328
Query_1	2135611_QJJL01000003.1	61.111	270	104	1	6	275	447331	448137	5.12e-98	328
Query_1	2135611_QJJL01000003.1	35.088	114	69	2	16	124	17256	16915	0.001	54.7
Query_1	2184063_QEYD01000012.1	62.172	267	100	1	8	274	153426	152629	6.38e-98	327
Query_1	1904441_SKQN01000267.1	61.993	271	103	0	1	271	4060	4872	7.33e-98	327
Query_1	1904441_SKQN01000267.1	26.894	264	164	10	10	265	7130	7858	4.8	43.5
Query_1	2500159_SAIT01000011.1	59.636	275	109	1	3	275	209448	208624	8.05e-98	327
Query_1	2706883_JAAGOY010000004.1	58.845	277	112	1	1	275	1523650	1524480	9.14e-98	327
Query_1	2479545_REEZ01000003.1	62.406	266	99	1	6	271	105299	106093	9.77e-98	327
Query_1	1904441_SKSO01000354.1	62.500	272	102	0	1	272	2881	3696	1.18e-97	327
Query_1	1904441_SKSO01000354.1	38.393	112	65	3	13	121	4732	5064	0.003	53.5
Query_1	1904441_PWZP01000107.1	62.500	272	102	0	1	272	1576	761	1.20e-97	327
Query_1	1904441_SLDC01000277.1	62.500	272	102	0	1	272	2705	1890	1.20e-97	327
Query_1	1904441_SLDC01000277.1	38.393	112	65	3	13	121	854	522	0.003	53.5
Query_1	1904441_PUOT01000012.1	62.500	272	102	0	1	272	1932	1117	1.22e-97	327
Query_1	1123501_KB902288.1	60.595	269	106	0	6	274	125280	126086	1.27e-97	327
Query_1	1123501_KN848371.1	60.595	269	106	0	6	274	1055799	1056605	1.27e-97	327
Query_1	1675527_LFTY01000002.1	59.854	274	108	1	3	274	2628643	2627822	1.63e-97	326
Query_1	1904441_SLFO01000191.1	62.172	267	101	0	5	271	1991	1191	2.59e-97	325
Query_1	2545756_SKCI01000005.1	61.654	266	102	0	6	271	59063	59860	3.08e-97	325
Query_1	2545756_SKCI01000005.1	25.758	264	165	9	13	267	62672	63397	0.022	50.8
Query_1	1904441_SKNG01000461.1	60.967	269	105	0	6	274	2523	1717	3.70e-97	324
Query_1	245188_CP021431.1	61.111	270	104	1	6	275	2232193	2232999	3.78e-97	325
Query_1	245188_CP021431.1	29.134	127	85	2	3	124	3737330	3736950	7.3	43.1
Query_1	1904441_SLEF01000120.1	61.624	271	104	0	1	271	7271	8083	3.91e-97	325
Query_1	441103_CYSE01000001.1	60.370	270	107	0	6	275	311322	312131	5.96e-97	325
Query_1	441103_CYSE01000001.1	33.929	112	70	3	13	121	309881	309549	0.60	46.6
Query_1	441103_FWXX01000001.1	60.370	270	107	0	6	275	586233	585424	5.96e-97	325
Query_1	441103_FWXX01000001.1	33.929	112	70	3	13	121	587674	588006	0.60	46.6
Query_1	670155_FNOI01000005.1	58.148	270	113	0	6	275	92391	91582	6.49e-97	325
Query_1	670155_FNOI01000005.1	25.573	262	154	11	19	267	87449	88150	0.19	48.1
Query_1	287098_FTPR01000001.1	60.370	270	106	1	6	275	1788878	1789684	6.82e-97	325
Query_1	287098_FTPR01000001.1	30.256	195	118	6	16	203	2239728	2240279	3.01e-04	56.6
Query_1	287098_FTPR01000001.1	37.500	120	70	4	5	122	293599	293249	0.003	53.9
Query_1	1122181_KB907993.1	61.852	270	102	1	6	275	6034	6840	6.88e-97	325
Query_1	404875_QDDR01000010.1	63.534	266	96	1	6	271	19021	18227	9.27e-97	324
Query_1	404875_QBKF01000005.1	63.534	266	96	1	6	271	232532	231738	9.28e-97	324
Query_1	561184_QAEF01000025.1	59.630	270	109	0	6	275	324205	325014	9.65e-97	324
Query_1	561184_QAEF01000025.1	36.607	112	67	3	13	121	321602	321270	0.025	50.8
Query_1	2026338_QNVJ01000061.1	66.418	268	89	1	5	271	3152	3955	1.16e-96	324
Query_1	2026338_QNVJ01000061.1	25.746	268	164	8	10	267	6238	6966	0.004	53.1
Query_1	391593_AAYB01000002.1	60.741	270	105	1	6	275	491609	490803	1.54e-96	323
Query_1	391593_AAYB01000002.1	25.180	278	170	10	2	266	488652	487894	0.006	52.8
Query_1	1449351_JAME01000034.1	60.886	271	106	0	5	275	39804	40616	1.77e-96	323
Query_1	1609966_CP010869.1	60.440	273	108	0	3	275	726659	725841	1.78e-96	323
Query_1	1609966_CP010869.1	28.571	238	123	10	11	232	3329522	3328902	0.002	53.9
Query_1	1609966_CP010869.1	25.391	256	162	11	14	260	2636259	2635552	0.004	53.1
Query_1	1609966_CP010869.1	25.391	256	162	11	14	260	2595313	2596020	0.039	50.1
Query_1	1609966_CP010869.1	22.613	199	145	6	47	242	3597553	3596975	0.81	45.8
Query_1	1579316_CP014327.1	57.037	270	116	0	6	275	581541	582350	2.28e-96	323
Query_1	1579316_CP014327.1	34.400	125	75	3	1	122	2787422	2787060	0.007	52.4
Query_1	1579316_CP014327.1	32.692	104	67	3	10	111	1128287	1128595	1.3	45.4
Query_1	1695997_OMOJ01000001.1	60.370	270	107	0	6	275	492946	492137	2.61e-96	323
Query_1	1695997_OMOJ01000001.1	27.239	268	162	10	10	267	489908	489174	8.79e-06	61.2
Query_1	1510457_QBKS01000002.1	58.029	274	115	0	2	275	789478	788657	2.69e-96	323
Query_1	1510457_QBKS01000002.1	26.641	259	163	8	14	265	784496	785212	4.66e-04	55.8
Query_1	1250539_CP015093.1	59.851	269	108	0	6	274	1064518	1063712	3.20e-96	323
Query_1	1250539_CP015093.1	36.111	108	67	2	19	125	1481144	1481464	1.35e-05	60.8
Query_1	1250539_CP015093.1	33.036	112	72	3	3	113	301579	301250	0.012	51.6
Query_1	1250539_CP015093.1	33.333	117	76	2	10	124	4037789	4038139	0.031	50.4
Query_1	1469613_JQFU01000029.1	60.073	273	109	0	3	275	12229	13047	3.55e-96	322
Query_1	1948890_PDRZ01000023.1	60.526	266	105	0	6	271	62357	63154	4.37e-96	322
Query_1	1948890_PDRZ01000023.1	35.652	115	70	3	10	121	65467	65808	0.003	53.5
Query_1	1122156_FQUZ01000013.1	61.993	271	103	0	1	271	52541	51729	4.41e-96	322
Query_1	2248759_QMEJ01000005.1	60.727	275	106	1	3	275	409188	408364	4.48e-96	322
Query_1	2715756_JAAOIE010000003.1	57.407	270	115	0	2	271	411864	411055	4.57e-96	322
Query_1	2715756_JAAOIE010000003.1	33.333	111	70	3	14	121	408840	408511	0.54	46.6
Query_1	393663_FWFQ01000018.1	61.481	270	103	1	3	271	2417	3226	4.68e-96	322
Query_1	1904441_SKQK01000150.1	61.798	267	102	0	5	271	9114	8314	4.81e-96	322
Query_1	387096_FOCM01000002.1	60.674	267	105	0	6	272	63774	64574	4.99e-96	322
Query_1	387096_FOCM01000002.1	33.913	115	72	3	10	121	65650	65991	0.17	48.1
Query_1	1904441_SLQD01000202.1	61.255	271	105	0	1	271	4927	4115	5.01e-96	322
Query_1	1904441_SLQD01000202.1	26.894	264	164	10	10	265	1857	1129	4.9	43.5
Query_1	1786003_LRRR01000012.1	60.223	269	106	1	6	274	29997	30800	5.02e-96	322
Query_1	2009329_CP021913.1	58.148	270	113	0	6	275	1231059	1230250	5.04e-96	322
Query_1	2009329_CP021913.1	25.965	285	157	11	3	267	1233822	1234574	0.065	49.3
Query_1	2009329_CP021913.1	33.333	114	66	3	10	116	1433314	1432982	1.1	45.4
Query_1	388399_AAYA01000009.1	58.889	270	111	0	6	275	51304	52113	5.13e-96	322
Query_1	388399_AAYA01000009.1	28.342	187	115	6	3	173	48484	47933	2.7	44.3
Query_1	561184_NIWA01000010.1	58.889	270	111	0	6	275	14879	14070	5.70e-96	322
Query_1	561184_NIWA01000010.1	36.607	112	67	3	13	121	17482	17814	0.029	50.4
Query_1	561184_NIVZ01000007.1	58.889	270	111	0	6	275	15183	14374	5.70e-96	322
Query_1	561184_NIVZ01000007.1	36.607	112	67	3	13	121	17786	18118	0.031	50.4
Query_1	561184_NIWB01000009.1	58.889	270	111	0	6	275	15183	14374	5.70e-96	322
Query_1	561184_NIWB01000009.1	36.607	112	67	3	13	121	17786	18118	0.031	50.4
Query_1	561184_FMZI01000010.1	58.889	270	111	0	6	275	208380	209189	5.70e-96	322
Query_1	561184_FMZI01000010.1	36.607	112	67	3	13	121	205777	205445	0.029	50.4
Query_1	561184_QAOY01000010.1	58.889	270	111	0	6	275	15208	14399	5.70e-96	322
Query_1	561184_QAOY01000010.1	36.607	112	67	3	13	121	17811	18143	0.029	50.4
Query_1	1904441_SLAX01000159.1	61.481	270	104	0	2	271	2897	3706	7.05e-96	322
Query_1	1904441_SLAX01000159.1	38.393	112	65	3	13	121	4736	5068	0.002	53.9
Query_1	1904441_PUOA01000329.1	61.481	270	104	0	2	271	16621	17430	7.95e-96	322
Query_1	1904441_PUOA01000329.1	38.393	112	65	3	13	121	18460	18792	0.002	53.9
Query_1	561184_JSUQ01000009.1	58.889	270	111	0	6	275	243318	244127	8.00e-96	322
Query_1	561184_JSUQ01000009.1	29.185	233	140	7	13	225	240715	240032	0.024	50.8
Query_1	653930_JFHS01000011.1	62.637	273	101	1	1	272	170779	169961	8.80e-96	321
Query_1	69279_KK073888.1	62.637	273	101	1	1	272	10148	10966	8.80e-96	321
Query_1	69279_SNZF01000007.1	62.637	273	101	1	1	272	171083	170265	8.80e-96	321
Query_1	561184_AP022337.1	58.889	270	111	0	6	275	4390582	4389773	1.18e-95	321
Query_1	561184_AP022337.1	36.752	117	72	2	10	124	717152	716802	8.86e-04	55.1
Query_1	561184_AP022337.1	30.213	235	135	9	13	225	4393185	4393868	0.011	51.6
Query_1	561184_NIWC01000007.1	58.889	270	111	0	6	275	308931	309740	1.26e-95	321
Query_1	561184_NIWC01000007.1	36.607	112	67	3	13	121	306328	305996	0.024	50.8
Query_1	985055_ML660019.1	57.818	275	114	1	3	275	192141	191317	1.29e-95	321
Query_1	1123237_KE557273.1	61.654	266	102	0	5	270	468791	467994	1.43e-95	321
Query_1	1123237_KE557273.1	35.714	112	68	3	13	121	470452	470784	0.19	48.1
Query_1	1123237_KE557273.1	39.241	79	47	1	21	98	452363	452599	0.50	46.6
Query_1	2602067_CP042819.1	58.519	270	112	0	5	274	711510	710701	1.84e-95	320
Query_1	1379903_AQQW01000010.1	59.630	270	109	0	6	275	76390	75581	2.08e-95	320
Query_1	1922220_FREV01000004.1	59.041	271	110	1	5	275	232673	233482	2.08e-95	320
Query_1	1922220_FREV01000004.1	26.800	250	150	11	35	273	235735	236418	2.0	44.7
Query_1	2136177_QAGK01000012.1	59.245	265	108	0	6	270	41881	41087	2.26e-95	320
Query_1	2136177_QAGK01000012.1	31.776	107	71	2	16	121	40055	39738	1.7	45.1
Query_1	1379903_FOAI01000009.1	59.630	270	109	0	6	275	76505	75696	2.55e-95	320
Query_1	1904441_SLDJ01000207.1	65.041	246	85	1	26	271	1	735	2.70e-95	311
Query_1	1904441_SLDJ01000207.1	28.958	259	161	9	13	267	1897	2616	3.54e-04	56.2
Query_1	282683_FNAV01000006.1	59.630	270	109	0	6	275	204584	203775	3.01e-95	320
Query_1	282683_FNAV01000006.1	35.714	112	68	3	13	121	206120	206452	0.74	46.2
Query_1	1225655_LJAL01000004.1	59.259	270	109	1	6	275	167664	168470	3.16e-95	320
Query_1	1673631_FXYF01000003.1	58.519	270	112	0	6	275	207377	208186	3.19e-95	320
Query_1	1673631_FXYF01000003.1	30.657	137	91	3	10	144	181288	180884	0.006	52.8
Query_1	1673631_FXYF01000003.1	32.039	103	68	2	21	122	203957	203652	6.0	43.1
Query_1	1162418_FXBQ01000001.1	60.517	271	105	1	2	272	2336251	2335445	3.38e-95	320
Query_1	1162418_FXBQ01000001.1	34.483	87	55	2	36	121	2200749	2200492	4.4	43.9
Query_1	398580_CP000830.1	60.902	266	104	0	6	271	2861690	2862487	4.06e-95	319
Query_1	398580_CP000830.1	31.967	122	78	2	8	124	3156289	3156654	0.013	51.6
Query_1	398580_CP000830.1	31.667	120	78	4	11	127	2056035	2055679	2.5	44.7
Query_1	1819565_FXZK01000004.1	60.370	270	107	0	6	275	356151	355342	4.22e-95	319
Query_1	521013_FNAT01000004.1	61.852	270	103	0	6	275	307554	306745	4.64e-95	319
Query_1	521013_FNAT01000004.1	37.255	102	59	3	24	124	362561	362268	0.039	50.1
Query_1	2267230_QOCG01000030.1	60.223	269	106	1	6	274	54214	55017	6.97e-95	319
Query_1	2606218_WTUX01000019.1	57.875	273	115	0	3	275	563872	563054	7.18e-95	319
Query_1	2606218_WTUX01000019.1	36.214	243	147	7	30	267	425429	426148	4.74e-22	109
Query_1	1948890_JAACVA010000166.1	60.595	269	106	0	6	274	9674	10480	7.33e-95	318
Query_1	1948890_JAACVA010000166.1	32.800	125	77	4	14	135	11617	11979	3.7	43.9
Query_1	2259340_CP030918.1	65.934	273	92	1	3	274	3201884	3202702	8.63e-95	318
Query_1	2259340_CP030918.1	28.761	226	142	8	24	244	2638769	2639404	0.34	47.4
Query_1	1435347_PKFN01000009.1	60.517	271	106	1	5	275	235523	234714	8.87e-95	318
Query_1	1435347_PVTP01000004.1	60.517	271	106	1	5	275	155461	154652	9.13e-95	318
Query_1	2721557_JAATOS010000099.1	59.259	270	110	0	6	275	5050	5859	9.42e-95	318
Query_1	2721557_JAATOS010000099.1	36.607	112	67	3	13	121	3514	3182	0.50	46.6
Query_1	315423_FWFV01000002.1	61.132	265	101	1	6	270	479257	480045	9.50e-95	318
Query_1	315423_FOPF01000002.1	61.132	265	101	1	6	270	17193	16405	9.50e-95	318
Query_1	2267683_RCTZ02000007.1	60.000	270	108	0	6	275	164398	165207	1.09e-94	318
Query_1	2267683_RCTZ02000007.1	25.591	254	160	8	21	267	161650	160955	0.043	50.1
Query_1	2267683_RCTZ02000007.1	31.092	119	80	2	8	124	71264	70908	0.35	47.0
Query_1	696760_FXYH01000002.1	58.672	271	108	2	6	274	234125	234931	1.22e-94	318
Query_1	696760_FXYH01000002.1	37.931	116	68	3	10	122	232228	231884	0.002	54.3
