Query_1	29443_SLZQ01000001.1	100.000	419	0	0	1	419	311520	312776	0.0	770
Query_1	2497863_CP035311.1	74.702	419	105	1	1	419	43877	45130	0.0	595
Query_1	2497863_CP035311.1	32.218	239	136	4	55	279	1235079	1234399	1.03e-20	109
Query_1	2497863_CP035311.1	26.457	223	140	7	55	261	3391605	3390961	1.15e-18	103
Query_1	2497863_CP035311.1	28.333	300	184	9	1	270	2178678	2179574	1.32e-15	94.0
Query_1	2497863_CP035311.1	70.175	57	17	0	363	419	2180937	2181107	1.85e-13	87.4
Query_1	2497863_CP035311.1	71.930	57	16	0	363	419	735872	736042	1.95e-13	87.0
Query_1	2497863_CP035311.1	24.643	280	169	10	56	314	716901	717677	3.25e-10	77.0
Query_1	2497863_CP035311.1	28.339	307	177	12	2	282	2296502	2297371	2.49e-09	74.3
Query_1	2497863_CP035311.1	59.322	59	24	0	361	419	2604620	2604444	5.60e-09	73.2
Query_1	2497863_CP035311.1	27.170	265	167	9	38	286	2179944	2180708	7.84e-08	69.7
Query_1	2497863_CP035311.1	26.367	311	174	14	6	282	3768381	3767512	2.58e-07	68.2
Query_1	2497863_CP035311.1	27.444	266	167	10	38	286	734876	735646	2.72e-07	67.8
Query_1	2497863_CP035311.1	24.809	262	158	10	44	283	1092407	1091673	1.53e-06	65.5
Query_1	2497863_CP035311.1	55.556	54	23	1	366	419	314550	314708	1.16e-05	62.8
Query_1	2497863_CP035311.1	61.111	54	20	1	366	419	3766803	3766645	3.03e-05	61.6
Query_1	2497863_CP035311.1	56.818	44	19	0	363	406	2297654	2297785	0.006	53.9
Query_1	2320865_QYUQ01000002.1	73.270	419	111	1	1	419	2858231	2859484	0.0	582
Query_1	2320865_QYUQ01000002.1	33.584	399	231	13	38	419	4069545	4070690	3.42e-30	137
Query_1	2320865_QYUQ01000002.1	33.473	239	136	4	55	279	4675125	4674436	9.51e-20	106
Query_1	2320865_QYUQ01000002.1	27.273	308	182	14	1	282	827045	827920	3.17e-10	77.0
Query_1	2320865_QYUQ01000002.1	23.588	301	184	11	5	279	4557428	4556586	5.52e-05	60.5
Query_1	2320865_QYUQ01000002.1	56.818	44	19	0	363	406	963114	962983	0.006	54.3
Query_1	2320865_QYUQ01000002.1	52.727	55	25	1	365	419	828626	828787	0.016	52.8
Query_1	2320865_QYUQ01000002.1	27.933	179	108	7	113	282	963885	963385	0.30	43.5
Query_1	2320865_QYUQ01000002.1	24.211	95	38	2	23	108	964202	963993	0.30	23.9
Query_1	29443_SLZQ01000003.1	70.886	395	112	1	28	419	112535	111351	1.52e-174	554
Query_1	29443_SLZQ01000003.1	77.346	309	69	1	6	314	379368	380291	2.92e-160	513
Query_1	29443_SLZQ01000003.1	35.250	400	231	12	36	419	115168	114005	1.25e-31	142
Query_1	29443_SLZQ01000003.1	26.059	307	192	10	6	286	127632	126739	7.29e-12	82.4
Query_1	29443_SLZQ01000003.1	25.887	282	182	9	23	282	75290	74460	8.13e-11	79.0
Query_1	29443_SLZQ01000003.1	59.322	59	21	2	363	419	74273	74100	5.08e-06	63.9
Query_1	1920190_MPOI01000001.1	70.548	292	82	1	27	314	477923	477048	1.73e-136	445
Query_1	2138576_PZOX01000003.1	69.966	293	84	1	26	314	886576	887454	2.52e-136	444
Query_1	2138576_PZOX01000003.1	33.569	283	165	8	20	282	225510	226349	5.25e-23	116
Query_1	2138576_PZOX01000003.1	29.801	151	82	8	38	168	773635	774075	0.26	48.9
Query_1	394096_JMCB01000007.1	70.890	292	81	1	27	314	30799	31674	4.43e-134	438
Query_1	48_QUMU01000011.1	71.233	292	81	1	26	314	327705	328580	9.78e-134	437
Query_1	48_CP011509.1	71.233	292	81	1	26	314	11138466	11139341	9.80e-134	437
Query_1	48_CP011509.1	63.699	292	102	1	27	314	2876243	2877118	4.92e-126	415
Query_1	48_CP011509.1	30.657	137	80	4	47	168	4247137	4247547	5.5	44.7
Query_1	1406225_JPMI01000270.1	66.775	307	96	2	12	314	17506	16592	1.81e-133	436
Query_1	83460_FOIJ01000001.1	69.048	294	85	2	26	314	214289	213411	1.93e-132	433
Query_1	394096_JMCB01000006.1	67.808	292	90	1	27	314	280631	281506	8.84e-132	431
Query_1	1294270_CP022163.1	67.466	292	91	1	27	314	2453591	2454466	1.26e-131	431
Query_1	1294270_CP022163.1	34.266	286	165	9	17	282	2812056	2812904	1.50e-23	117
Query_1	41_FOAP01000004.1	68.367	294	87	2	26	314	447530	446652	2.78e-131	430
Query_1	1242864_ANAH02000001.1	67.918	293	90	1	26	314	689798	690676	3.19e-131	430
Query_1	43_CP022098.1	68.259	293	89	1	26	314	10491697	10492575	9.77e-131	429
Query_1	43_CP022098.1	33.333	294	169	10	11	282	3728371	3727505	5.89e-24	119
Query_1	43_CP022098.1	43.137	51	29	0	118	168	3123138	3122986	0.82	47.4
Query_1	2316724_RAWI01000002.1	67.687	294	89	2	26	314	74170	75048	1.45e-129	425
Query_1	2316725_RAWH01000006.1	67.687	294	89	2	26	314	27634	26756	1.45e-129	425
Query_1	2316733_RAVZ01000165.1	67.347	294	90	2	26	314	12467	13345	1.71e-129	425
Query_1	2316729_RAWD01000005.1	67.687	294	89	2	26	314	19761	18883	1.80e-129	425
Query_1	2316732_RAWA01000007.1	67.918	293	88	2	27	314	28784	27909	3.94e-129	424
Query_1	2316732_RAWA01000007.1	60.000	105	36	2	215	314	20313	20002	1.44e-30	138
Query_1	2585196_WEGJ01000001.1	52.357	403	165	3	19	419	400192	401325	4.84e-129	424
Query_1	2709663_JAAIYA010000005.1	65.529	293	96	2	26	314	68748	67873	1.76e-128	422
Query_1	2709661_JAAIXY010000018.1	65.552	299	97	2	21	314	216173	215280	5.60e-128	421
Query_1	2502194_SCMS01000002.1	64.605	291	101	2	25	314	135338	136207	1.40e-127	419
Query_1	2502195_SCMT01000001.1	64.605	291	101	2	25	314	171110	171979	1.40e-127	419
Query_1	2590453_VIFM01000211.1	64.983	297	98	2	23	314	16502	17389	3.50e-127	418
Query_1	2021234_CP027860.1	63.871	310	109	3	6	314	4842460	4843383	3.82e-127	418
Query_1	443615_PDWS01000002.1	63.666	311	110	3	5	314	373301	374227	4.86e-127	418
Query_1	83449_MPIN01000006.1	65.870	293	96	1	26	314	578332	579210	3.04e-126	416
Query_1	378806_AAMD01000104.1	65.529	293	97	1	26	314	31169	30291	3.44e-126	415
Query_1	378806_CP002271.1	65.529	293	97	1	26	314	891007	890129	3.55e-126	415
Query_1	378806_CP002271.1	29.078	141	81	5	45	168	8404764	8405180	0.51	47.8
Query_1	378806_CP002271.1	32.710	107	51	4	65	168	635140	635406	0.69	47.4
Query_1	48_QUMU01000012.1	63.699	292	102	1	27	314	41138	42013	4.91e-126	415
Query_1	1736613_LMJO01000001.1	61.022	313	120	2	3	314	75666	74731	5.37e-126	415
Query_1	1736568_LMGS01000001.1	60.703	313	121	2	3	314	756768	755833	1.22e-125	414
Query_1	1736606_LMJF01000001.1	60.703	313	121	2	3	314	773387	772452	1.38e-125	414
Query_1	35_CP002830.1	63.605	294	101	1	27	314	2053490	2054371	1.49e-125	414
Query_1	35_CP002830.1	32.512	203	129	4	52	249	2335565	2336164	7.72e-16	94.7
Query_1	1839780_FMDK01000417.1	63.699	292	105	1	24	314	9665	8790	2.25e-125	413
Query_1	2690269_WWJO01000432.1	63.699	292	105	1	24	314	9665	8790	2.25e-125	413
Query_1	69284_PDWW01000028.1	65.411	292	99	2	24	314	27339	28211	3.36e-125	412
Query_1	2709662_JAAIXZ010000035.1	64.164	293	99	2	27	314	25816	24941	3.37e-125	412
Query_1	1653480_LN850107.1	52.764	398	149	6	24	419	5209705	5210787	3.73e-125	412
Query_1	1189310_CP022203.1	62.925	294	103	1	27	314	24469	23588	1.44e-124	410
Query_1	1189310_CP022203.1	32.512	203	129	4	52	249	8725814	8725215	3.78e-16	95.5
Query_1	67257_JNZJ01003444.1	57.778	315	131	2	1	314	371	1312	2.50e-124	389
Query_1	1073196_PDWU01000009.1	59.873	314	124	2	2	314	71680	72618	3.64e-124	409
Query_1	1073196_OCND01000001.1	59.873	314	124	2	2	314	405831	404893	3.66e-124	409
Query_1	34_CP017172.1	62.585	294	104	1	27	314	21787	20906	6.92e-124	409
Query_1	34_CP017172.1	34.483	203	125	4	52	249	9217325	9216726	3.23e-18	101
Query_1	435897_CP011130.1	63.245	302	108	3	15	314	3533309	3534211	7.69e-124	409
Query_1	435897_CP011130.1	37.549	253	138	9	38	282	722402	721680	1.13e-34	150
Query_1	435897_CP011130.1	55.000	40	17	1	12	51	3532159	3532275	9.2	43.9
Query_1	2591633_CP041242.1	64.931	288	99	2	28	314	2161851	2162711	9.42e-124	408
Query_1	1444315_JAJA02000001.1	63.823	293	104	2	23	314	67600	66725	1.44e-123	408
Query_1	1444315_JAJA02000001.1	37.549	253	138	9	38	282	2949603	2950325	8.01e-35	151
Query_1	34_CP017173.1	62.245	294	105	1	27	314	21832	20951	1.47e-123	408
Query_1	34_CP017173.1	34.483	203	125	4	52	249	9105853	9105254	1.50e-18	102
Query_1	34_CP017174.1	62.245	294	105	1	27	314	21832	20951	1.47e-123	408
Query_1	34_CP017174.1	34.483	203	125	4	52	249	9105922	9105323	1.50e-18	102
Query_1	1855303_FNLD01000001.1	65.068	292	100	2	24	314	384293	383421	1.50e-123	408
Query_1	2249217_QNUN01000012.1	64.505	293	98	2	27	314	72313	71438	1.72e-123	407
Query_1	435897_CP023465.1	64.164	293	103	2	23	314	3563809	3564684	2.16e-123	407
Query_1	435897_CP023465.1	37.549	253	138	9	38	282	687867	687145	5.35e-35	151
Query_1	1761790_FOSS01000002.1	62.081	298	111	2	18	314	218537	219427	2.61e-123	407
Query_1	1736588_LMHM01000013.1	63.823	293	104	2	23	314	875203	874328	3.08e-123	407
Query_1	34_CP017170.1	62.585	294	104	1	27	314	20086	19205	4.04e-123	407
Query_1	34_CP017170.1	34.483	203	125	4	52	249	9051002	9050403	1.50e-18	102
Query_1	1920190_MPOI01000008.1	63.481	293	101	2	27	314	265479	264604	9.69e-123	405
Query_1	1920190_MPOI01000008.1	32.099	243	149	3	55	282	302516	303241	3.37e-21	110
Query_1	2651864_JAAEAG010000354.1	61.905	294	106	1	27	314	3275	2394	1.16e-122	405
Query_1	2562799_SRLU01000068.1	61.905	294	106	1	27	314	4308	5189	1.30e-122	405
Query_1	2651865_JAAEAH010000072.1	61.905	294	106	1	27	314	39881	39000	1.31e-122	405
Query_1	2562795_SRLX01000053.1	61.905	294	106	1	27	314	39875	38994	1.31e-122	405
Query_1	2562798_VHLA01000071.1	61.905	294	106	1	27	314	8278	9159	1.31e-122	405
Query_1	2651866_WBSK01000013.1	61.905	294	106	1	27	314	8297	9178	1.32e-122	405
Query_1	2562797_VHLD01000017.1	61.905	294	106	1	27	314	8299	9180	1.32e-122	405
Query_1	2562796_SRLY01000008.1	61.905	294	106	1	27	314	109929	109048	1.32e-122	405
Query_1	83456_BJVY01000004.1	61.565	294	107	1	27	314	229153	230034	1.48e-122	405
Query_1	83456_FNAJ01000006.1	61.565	294	107	1	27	314	324394	325275	1.48e-122	405
Query_1	1406225_JPMI01000216.1	62.799	293	103	2	27	314	36697	37572	2.30e-122	404
Query_1	435897_KQ061217.1	63.140	293	106	2	23	314	2417474	2418349	2.64e-122	404
Query_1	1736574_LMGY01000016.1	63.014	292	106	2	24	314	223591	224463	2.72e-122	404
Query_1	34_CP017169.1	61.905	294	106	1	27	314	19923	19042	2.88e-122	404
Query_1	34_CP017169.1	34.483	203	125	4	52	249	9110580	9109981	1.50e-18	102
Query_1	1881044_FPCI01000001.1	61.258	302	115	2	14	314	576670	577572	3.50e-122	404
Query_1	2067658_PKSO01000002.1	61.258	302	115	2	14	314	894062	893160	3.50e-122	404
Query_1	1297742_CP012109.1	62.245	294	105	1	27	314	8617304	8618185	4.16e-122	404
Query_1	1297742_CP012109.1	33.649	211	130	5	46	249	8872259	8872882	1.33e-17	100
Query_1	1297742_CP012109.1	47.059	51	27	0	118	168	1884755	1884603	0.056	50.8
Query_1	2562800_SRLV01000056.1	61.224	294	108	1	27	314	26107	25226	1.13e-121	402
Query_1	1198133_AKYI02000026.1	61.224	294	108	1	27	314	107268	106387	1.15e-121	402
Query_1	1198538_AOBT01000006.1	61.224	294	108	1	27	314	107268	106387	1.15e-121	402
Query_1	34_FNOH01000007.1	61.224	294	108	1	27	314	355055	355936	1.15e-121	402
Query_1	246197_CP000113.1	61.224	294	108	1	27	314	18151	17270	1.16e-121	402
Query_1	246197_CP000113.1	34.483	203	125	4	52	249	8935098	8934499	3.06e-18	102
Query_1	246197_CP000113.1	30.986	142	75	7	45	168	7793364	7793774	8.3	43.9
Query_1	2316731_RAWB01000055.1	67.687	294	89	2	26	314	4787	5665	1.54e-121	402
Query_1	34_CP017171.1	61.224	294	108	1	27	314	19551	18670	1.72e-121	402
Query_1	34_CP017171.1	33.990	203	126	4	52	249	8742495	8741896	3.95e-17	98.6
Query_1	1456735_QVMR01000725.1	56.656	323	131	3	1	314	302	1270	2.08e-121	389
Query_1	2709664_JAAIYB010000202.1	61.565	294	107	1	27	314	10718	11599	2.66e-121	401
Query_1	1605891_CP029843.1	62.847	288	106	1	28	314	2275915	2275052	2.72e-121	401
Query_1	2562792_VHLB01000004.1	61.224	294	108	1	27	314	178540	177659	5.43e-121	400
Query_1	285665_LT607412.1	54.337	392	156	4	24	414	4372490	4373599	8.75e-121	400
Query_1	285665_LT607412.1	38.806	268	155	6	23	284	5665702	5666496	6.27e-48	189
Query_1	1478131_PHRF01000170.1	61.644	292	111	1	24	314	3782	4657	9.86e-121	400
Query_1	1434255_MAUD01000282.1	65.068	292	101	1	24	314	17505	18380	1.42e-120	399
Query_1	1605891_VICD02000049.1	62.153	288	108	1	28	314	9572	10435	1.49e-120	399
Query_1	1690214_VFPB01000004.1	63.889	288	102	2	28	314	250436	249576	1.75e-120	399
Query_1	520092_SNZH01000014.1	62.847	288	105	2	28	314	123044	122184	2.99e-120	398
Query_1	2020326_NNBL01000003.1	59.871	309	122	2	8	314	153423	154349	3.89e-120	398
Query_1	2020326_NNBL01000003.1	56.897	58	24	1	363	419	154644	154817	1.24e-06	65.9
Query_1	2494256_RZYA01000014.1	60.841	309	119	2	8	314	99393	98467	5.08e-120	398
Query_1	2494256_RZYA01000014.1	56.897	58	24	1	363	419	98172	97999	1.49e-06	65.5
Query_1	307121_LT598496.1	50.602	415	182	4	1	414	6461660	6462838	5.84e-120	397
Query_1	307121_LT598496.1	37.786	262	154	6	29	284	2730882	2731658	8.70e-44	177
Query_1	84531_CP013141.1	60.616	292	113	2	24	314	125809	124937	1.59e-119	396
Query_1	84531_CP013141.1	35.156	256	141	7	38	282	3086198	3085473	2.48e-34	149
Query_1	2562793_VHLC01000075.1	61.356	295	107	2	27	314	9160	10044	2.06e-119	396
Query_1	1278073_CP004025.1	59.386	293	113	2	27	314	18453	17578	2.78e-119	395
Query_1	1278073_CP004025.1	33.730	252	139	8	52	282	10152641	10151907	2.26e-20	108
Query_1	128785_LSIF01000055.1	62.887	291	106	2	25	314	79795	78926	3.19e-119	395
Query_1	709881_FSQT01000002.1	53.571	392	157	4	24	414	435195	434092	3.25e-119	395
Query_1	84531_CP011129.1	60.616	292	113	2	24	314	3553799	3554671	3.44e-119	395
Query_1	84531_CP011129.1	35.433	254	143	7	38	282	782653	781928	2.62e-33	147
Query_1	1150864_HF570108.1	54.082	392	163	4	24	414	5465476	5464349	5.36e-119	395
Query_1	1150864_HF570108.1	40.299	268	151	6	23	284	4349751	4348957	6.41e-49	192
Query_1	1150864_HF570108.1	38.722	266	156	4	24	282	4588603	4589400	3.40e-47	187
Query_1	1150864_HF570108.1	35.507	276	169	5	15	284	4494885	4495703	1.15e-38	162
Query_1	1150864_HF570108.1	32.143	140	79	5	40	168	4774315	4774719	0.36	48.5
Query_1	2316728_RAWE01000006.1	61.644	292	108	1	27	314	31787	30912	5.85e-119	395
Query_1	1530042_RBAN01000002.1	51.716	408	172	4	8	414	832678	831527	6.01e-119	395
Query_1	1030533_CVPB01000001.1	61.379	290	111	1	26	314	7236788	7237657	7.58e-119	394
Query_1	2562794_SRLW01000059.1	62.245	294	104	3	26	314	31045	30170	1.78e-118	393
Query_1	1440053_AZSP01000382.1	60.274	292	115	1	24	314	15008	15883	2.06e-118	393
Query_1	1440053_JOEI01000006.1	60.274	292	115	1	24	314	33190	32315	2.10e-118	393
Query_1	2316730_RAWC01000020.1	61.301	292	109	1	27	314	41504	42379	2.20e-118	393
Query_1	2316719_RAWN01000045.1	61.301	292	109	1	27	314	41555	42430	2.84e-118	392
Query_1	2316718_RAWO01000008.1	61.301	292	109	1	27	314	157826	158701	2.89e-118	392
Query_1	1886_CP040466.1	58.413	315	129	2	1	314	4806944	4807885	3.19e-118	392
Query_1	2316714_RAWS01000027.1	61.301	292	109	1	27	314	44123	44998	3.19e-118	392
Query_1	2316735_RAVX01000006.1	60.959	292	110	1	27	314	246612	245737	3.78e-118	392
Query_1	2035244_PEFG01000001.1	54.242	389	163	4	27	414	6800876	6799752	4.78e-118	392
Query_1	2035244_PEFG01000001.1	38.433	268	156	6	23	284	5357052	5356258	1.10e-47	189
Query_1	2035244_PEFG01000001.1	36.396	283	172	5	8	282	3300809	3299961	2.62e-46	185
Query_1	2035244_PEFG01000001.1	30.000	140	82	5	40	168	5868701	5869105	0.051	51.2
Query_1	83462_VEWR01000240.1	60.959	292	110	1	27	314	9120	9995	5.37e-118	392
Query_1	83462_JAAAPK010000013.1	60.959	292	110	1	27	314	247819	246944	5.72e-118	392
Query_1	1886_JOGU01000098.1	58.095	315	130	2	1	314	5750	4809	6.14e-118	392
Query_1	1458665_WBKR01000253.1	51.508	398	158	4	18	414	1099	8	6.20e-118	392
Query_1	2316717_RAWP01000144.1	60.959	292	110	1	27	314	9873	10748	7.23e-118	391
Query_1	184914_CP034669.1	60.959	292	110	1	27	314	3347299	3346424	8.43e-118	391
Query_1	184914_CP034669.1	34.470	264	153	6	55	300	1646903	1646118	1.65e-22	114
Query_1	1983802_NETZ01000826.1	57.778	315	131	2	1	314	2469	1528	9.55e-118	389
Query_1	1198245_FTNF01000002.1	48.916	415	181	4	1	414	446608	445454	1.27e-117	391
Query_1	2316715_RAWR01000184.1	60.959	292	110	1	27	314	13498	12623	1.49e-117	390
Query_1	1982763_KZ195583.1	57.778	315	131	2	1	314	4852110	4853051	1.59e-117	390
Query_1	412968_KN549146.1	58.842	311	126	2	5	314	799607	800536	1.75e-117	390
Query_1	2596829_VKLU01000014.1	60.959	292	110	1	27	314	199891	200766	1.93e-117	390
Query_1	1886_PKLX01000019.1	56.656	323	131	3	1	314	613708	614676	2.41e-117	390
Query_1	1886_PKLW01000021.1	56.656	323	131	3	1	314	613710	614678	2.41e-117	390
Query_1	2697031_JAAAPJ010000011.1	60.959	292	110	1	27	314	97417	96542	2.57e-117	390
Query_1	1736047_NEUA01001319.1	57.778	315	131	2	1	314	2612	1671	2.77e-117	389
Query_1	2690351_WWGK01000100.1	56.656	323	131	3	1	314	30	998	2.94e-117	390
Query_1	1839767_FMCM01000016.1	57.778	315	131	2	1	314	2918	3859	3.31e-117	389
Query_1	1169159_KB898230.1	56.656	323	131	3	1	314	48767	47799	3.46e-117	389
Query_1	1886_PKNV01000020.1	56.656	323	131	3	1	314	161882	162850	3.47e-117	389
Query_1	1886_JAAGNK010000006.1	57.778	315	131	2	1	314	2853	1912	3.54e-117	389
Query_1	2512146_SHKZ01000001.1	52.308	390	160	4	26	414	6001376	6000282	3.87e-117	389
Query_1	2512146_SHKZ01000001.1	37.970	266	158	4	24	282	4737331	4738128	2.07e-45	182
Query_1	2512146_SHKZ01000001.1	35.319	235	143	6	56	284	3533202	3532507	7.77e-36	154
Query_1	2512146_SHKZ01000001.1	31.897	116	59	3	55	169	857372	857082	0.006	53.9
Query_1	2512146_SHKZ01000001.1	28.571	119	70	4	45	153	2251285	2250944	0.73	47.4
Query_1	2690352_WWGJ01000008.1	56.656	323	131	3	1	314	361794	360826	3.94e-117	389
Query_1	1155716_KB890704.1	56.656	323	131	3	1	314	361794	360826	3.94e-117	389
Query_1	1305823_AZYD01000011.1	56.656	323	131	3	1	314	875347	876315	3.94e-117	389
Query_1	285545_VIVR01000001.1	60.410	293	114	2	24	314	3241620	3242498	4.22e-117	389
Query_1	285545_VIVR01000001.1	35.472	265	161	6	26	283	7406833	7407618	1.29e-38	162
Query_1	2692235_CP047147.1	56.347	323	132	2	1	314	2130005	2129037	4.38e-117	389
Query_1	2056495_PITL01000107.1	57.460	315	132	2	1	314	5613	4672	5.85e-117	389
Query_1	1886_FWFA01000086.1	57.778	315	131	2	1	314	1537	596	6.52e-117	389
Query_1	576456_QBDS01000001.1	57.778	315	131	2	1	314	5000468	5001409	6.83e-117	389
Query_1	1886_LLZL01000218.1	57.778	315	131	2	1	314	56153	57094	6.85e-117	389
Query_1	1886_PKLV01000049.1	57.778	315	131	2	1	314	155753	156694	6.92e-117	389
Query_1	1886_JNZI01000012.1	57.778	315	131	2	1	314	36668	35727	6.92e-117	389
Query_1	1886_MNPQ01000003.1	57.778	315	131	2	1	314	313239	314180	6.95e-117	389
Query_1	1886_PKLL01000025.1	57.778	315	131	2	1	314	449258	450199	6.95e-117	389
Query_1	1195457_AMPN02000002.1	57.778	315	131	2	1	314	4865334	4866275	6.96e-117	389
Query_1	1144275_CP003389.1	60.959	292	110	1	27	314	3573414	3572539	7.23e-117	389
Query_1	1144275_CP003389.1	34.470	264	153	6	55	300	1702826	1702041	6.15e-23	115
Query_1	1144275_CP003389.1	34.615	78	44	1	118	188	4808498	4808731	9.6	43.9
Query_1	2316727_RAWF01000237.1	60.616	292	111	1	27	314	9030	9905	7.39e-117	389
Query_1	1886_JOII01000021.1	57.778	315	131	2	1	314	54001	53060	7.52e-117	389
Query_1	1886_PKLO01000040.1	57.778	315	131	2	1	314	265158	266099	7.57e-117	389
Query_1	1886_PKLP01000032.1	57.778	315	131	2	1	314	403106	404047	7.58e-117	389
Query_1	1886_PKOB01000083.1	57.778	315	131	2	1	314	106404	107345	7.60e-117	389
Query_1	1886_PKOC01000033.1	57.778	315	131	2	1	314	2974	3915	7.65e-117	389
Query_1	47854_FMIB01000002.1	52.041	392	166	4	24	414	6003549	6004661	7.66e-117	389
Query_1	47854_FMIB01000002.1	39.313	262	150	6	29	284	1434426	1433650	7.10e-48	189
Query_1	69_AP014940.1	62.034	295	110	2	21	314	3714504	3715385	7.96e-117	389
Query_1	1886_JOGN01000037.1	57.778	315	131	2	1	314	53677	54618	8.17e-117	389
Query_1	1316803_VIWZ01000001.1	51.825	411	181	4	5	414	2015640	2016824	8.69e-117	388
Query_1	1316803_VIWZ01000001.1	37.687	268	158	6	23	284	3267466	3268260	7.56e-47	186
Query_1	1316803_VIWZ01000001.1	36.842	266	161	4	24	282	5543619	5544416	1.28e-45	182
Query_1	1316803_VIWZ01000001.1	36.264	273	165	5	18	284	3005638	3004829	6.80e-39	163
Query_1	1316803_VIWZ01000001.1	30.081	123	72	4	55	168	5580268	5580621	0.79	47.4
Query_1	2487138_JAAHBY010000031.1	52.041	392	168	4	24	414	51806	52924	9.06e-117	388
Query_1	2487138_RJLN01000031.1	52.041	392	168	4	24	414	51806	52924	9.06e-117	388
Query_1	2708086_JAAHBW010000001.1	52.041	392	168	4	24	414	295083	293965	9.18e-117	388
Query_1	2708085_JAAHBX010000001.1	52.041	392	168	4	24	414	183058	184176	9.18e-117	388
Query_1	2690364_WWFX01000657.1	57.460	315	132	2	1	314	2823	1882	1.25e-116	387
Query_1	84531_JMTZ01000001.1	59.932	292	115	2	24	314	7779	8651	1.29e-116	388
Query_1	1886_PIBK01001455.1	57.460	315	132	2	1	314	2712	1771	1.33e-116	387
Query_1	1886_PKNU01000041.1	56.347	323	132	3	1	314	546783	547751	1.36e-116	388
Query_1	307119_FMCS01000009.1	51.804	388	164	4	28	414	299975	298878	1.51e-116	388
Query_1	2316716_RAWQ01000209.1	60.616	292	111	1	27	314	10010	9135	1.62e-116	387
Query_1	1563677_PKMX01000022.1	57.143	315	133	2	1	314	159622	160563	1.84e-116	387
Query_1	709883_LT607755.1	53.470	389	168	4	27	414	4573448	4572318	1.91e-116	387
Query_1	709883_LT607755.1	38.433	268	156	6	23	284	3393787	3392993	1.16e-47	189
Query_1	709883_LT607755.1	36.749	283	171	5	8	282	1224712	1223864	1.88e-46	185
Query_1	709883_LT607755.1	36.860	293	173	6	1	284	3591419	3592288	4.97e-43	175
Query_1	709883_LT607755.1	30.000	140	82	5	40	168	3868313	3868717	0.044	51.2
Query_1	1571532_JTCK01000137.1	55.728	323	134	3	1	314	333	1301	1.93e-116	387
Query_1	2485016_RHJC01000015.1	57.460	315	132	2	1	314	11674	10733	2.14e-116	387
Query_1	2670337_QEOO01000020.1	58.140	301	122	3	17	314	98981	99880	2.21e-116	387
Query_1	188770_CP031742.1	57.143	315	133	2	1	314	5154786	5155727	2.30e-116	387
Query_1	2650566_WBKT01000010.1	51.786	392	164	4	24	414	58039	59142	2.34e-116	387
Query_1	356851_JOAN01000010.1	52.442	389	164	4	27	414	20841	21947	2.36e-116	387
Query_1	1463837_JOGQ01000038.1	57.460	315	132	2	1	314	46486	45545	2.44e-116	387
Query_1	206662_ML956110.1	57.460	315	132	2	1	314	467872	466931	2.46e-116	387
Query_1	206662_CP009802.1	57.460	315	132	2	1	314	5075197	5076138	2.46e-116	387
Query_1	1886_PKLS01000053.1	57.460	315	132	2	1	314	49738	50679	2.47e-116	387
Query_1	1886_PKLQ01000040.1	57.460	315	132	2	1	314	215770	216711	2.48e-116	387
Query_1	141454_JHDU01000085.1	57.460	315	132	2	1	314	6393	7334	2.76e-116	387
Query_1	1838282_FMCF01000145.1	57.460	315	132	2	1	314	5550	4609	2.80e-116	387
Query_1	2690268_WWJP01000152.1	57.460	315	132	2	1	314	5550	4609	2.80e-116	387
Query_1	285676_FMCR01000008.1	53.213	389	159	4	27	414	16327	17427	2.86e-116	387
Query_1	1886_VOGX01000056.1	57.460	315	132	2	1	314	119108	120049	2.89e-116	387
Query_1	1476754_CP026490.1	55.728	323	134	3	1	314	2146616	2145648	2.92e-116	387
Query_1	1522761_ML123107.1	55.728	323	134	3	1	314	1608665	1609633	2.98e-116	387
Query_1	1223307_CM002273.1	55.728	323	134	3	1	314	4906072	4907040	2.98e-116	387
Query_1	1218177_CM002271.1	55.728	323	134	3	1	314	4899353	4900321	2.98e-116	387
Query_1	1417980_LATD01000026.1	62.671	292	108	1	24	314	44911	44036	3.04e-116	387
Query_1	356851_LT607409.1	52.699	389	167	4	27	414	2976190	2977308	3.19e-116	387
Query_1	356851_LT607409.1	37.313	268	159	6	23	284	4197024	4197818	5.44e-46	184
Query_1	356851_LT607409.1	36.466	266	162	4	24	282	6255108	6255905	1.41e-44	179
Query_1	356851_LT607409.1	35.531	273	167	5	18	284	4001541	4000732	1.77e-36	156
Query_1	356851_LT607409.1	28.682	129	66	4	55	168	6282227	6282580	0.063	50.8
Query_1	1886_PKLK01000026.1	57.460	315	132	2	1	314	230	1171	3.37e-116	387
Query_1	1886_PKLN01000033.1	57.460	315	132	2	1	314	285342	286283	3.37e-116	387
Query_1	1886_PKLR01000030.1	57.460	315	132	2	1	314	156313	157254	3.37e-116	387
Query_1	1886_PKLM01000034.1	57.460	315	132	2	1	314	773596	774537	3.38e-116	387
Query_1	565560_CP029338.1	57.460	315	132	2	1	314	2016469	2015528	3.38e-116	387
Query_1	1828212_NTGO01000900.1	47.146	403	181	4	21	419	11	1135	3.42e-116	358
Query_1	1886_PKLU01000093.1	57.460	315	132	2	1	314	6687	7628	3.68e-116	387
Query_1	1886_PKLT01000021.1	57.460	315	132	2	1	314	6691	7632	3.70e-116	387
Query_1	1415541_LGEB01000075.1	53.728	389	171	4	27	414	39741	40883	4.21e-116	386
Query_1	1886_CP014485.1	57.460	315	132	2	1	314	5114048	5114989	4.22e-116	386
Query_1	709876_PYAD01000106.1	52.699	389	161	4	27	414	17551	16451	4.23e-116	386
Query_1	709876_PYAA01000046.1	52.699	389	161	4	27	414	30328	29228	4.29e-116	386
Query_1	1886_PKNX01000033.1	57.460	315	132	2	1	314	182147	183088	4.46e-116	386
Query_1	1886_QHCQ01000001.1	57.460	315	132	2	1	314	600213	599272	4.46e-116	386
Query_1	1888_QUNW01000001.1	57.460	315	132	2	1	314	254907	255848	4.47e-116	386
Query_1	1886_PKOD01000021.1	57.460	315	132	2	1	314	408072	409013	4.47e-116	386
Query_1	1886_PKNY01000023.1	57.460	315	132	2	1	314	670353	671294	4.47e-116	386
Query_1	1886_PKNZ01000022.1	57.460	315	132	2	1	314	673150	674091	4.47e-116	386
Query_1	1886_PKOA01000017.1	57.460	315	132	2	1	314	739764	740705	4.47e-116	386
Query_1	1886_DS999645.1	57.460	315	132	2	1	314	1966212	1965271	4.47e-116	386
Query_1	2690334_WWHB01000001.1	57.460	315	132	2	1	314	4876286	4877227	4.47e-116	386
Query_1	1886_CP004370.1	57.460	315	132	2	1	314	4876286	4877227	4.47e-116	386
Query_1	2690278_WWJF01000023.1	59.933	297	117	2	20	314	13623	14513	4.54e-116	386
Query_1	1839779_FMBX01000023.1	59.933	297	117	2	20	314	13623	14513	4.54e-116	386
Query_1	285676_PYAG01000014.1	52.956	389	160	4	27	414	15725	16825	5.24e-116	386
Query_1	709876_PYAC01000009.1	52.956	389	160	4	27	414	246310	245210	5.35e-116	386
Query_1	2545247_SJXB01000144.1	58.280	314	122	4	10	314	1866	2807	5.94e-116	386
Query_1	2545247_SJXB01000144.1	60.345	58	22	1	363	419	3102	3275	2.55e-07	68.2
Query_1	42239_CP016824.1	57.460	315	132	2	1	314	2113657	2112716	5.97e-116	386
Query_1	1914461_JAAHBZ010000007.1	52.062	388	161	4	28	414	299317	298226	6.87e-116	386
Query_1	1914461_CP045309.1	52.062	388	161	4	28	414	3845337	3844246	6.89e-116	386
Query_1	1914461_CP045309.1	41.045	268	149	6	23	284	1581968	1582762	1.73e-51	200
Query_1	1945509_MUYZ01000011.1	52.551	392	162	4	24	414	12783	11677	7.32e-116	385
Query_1	66896_LIQR01000457.1	58.725	298	121	2	19	314	2964	3857	7.52e-116	379
Query_1	709876_PYAB01000006.1	52.956	389	160	4	27	414	15749	16849	7.93e-116	385
Query_1	1886_SCDQ01000197.1	55.418	323	135	3	1	314	4507	3539	8.20e-116	385
Query_1	2572899_VFMP01000001.1	52.956	389	170	4	27	414	4955551	4954421	8.69e-116	385
Query_1	2572899_VFMP01000001.1	38.806	268	155	6	23	284	3609080	3608286	2.21e-48	191
Query_1	2572899_VFMP01000001.1	36.396	283	172	5	8	282	1714305	1713457	5.79e-47	187
Query_1	2572899_VFMP01000001.1	30.000	140	82	5	40	168	4017208	4017612	0.049	51.2
Query_1	42239_KV861362.1	57.460	315	132	2	1	314	2037449	2036508	9.21e-116	385
Query_1	1886_PKLY01000021.1	57.143	315	133	2	1	314	626371	627312	9.65e-116	385
Query_1	285676_PYAJ01000001.1	52.956	389	160	4	27	414	297149	296049	9.91e-116	385
Query_1	2530376_SMKG01000312.1	51.515	396	163	5	12	406	1121	18	9.92e-116	384
Query_1	2572904_VITD01000017.1	52.956	389	156	4	27	414	15645	16733	1.03e-115	385
Query_1	285676_PYAI01000149.1	52.956	389	160	4	27	414	9433	10533	1.08e-115	385
Query_1	285676_PXXW01000042.1	52.956	389	160	4	27	414	146952	148052	1.13e-115	385
Query_1	285676_PYAH01000008.1	52.956	389	160	4	27	414	132196	131096	1.52e-115	385
Query_1	68186_VBVW01000192.1	60.000	300	119	1	16	314	8084	7185	1.66e-115	384
Query_1	2034272_NTGZ01000532.1	46.985	398	179	5	26	419	22	1131	2.82e-115	355
Query_1	69_FNOG01000004.1	61.017	295	113	2	21	314	192284	193165	3.47e-115	384
Query_1	1958787_MVDM01000011.1	59.375	288	116	1	26	312	17054	16191	3.63e-115	384
Query_1	1958787_MVDM01000011.1	62.069	58	21	1	363	419	15890	15717	7.33e-09	72.8
Query_1	2049881_CP026652.1	59.375	288	116	1	26	312	1121332	1122195	3.65e-115	384
Query_1	2049881_CP026652.1	62.069	58	21	1	363	419	1122496	1122669	7.36e-09	72.8
Query_1	709876_PYAK01000067.1	53.213	389	167	4	27	414	17607	16483	4.11e-115	384
Query_1	709876_PYAE01000190.1	52.442	389	162	4	27	414	13675	12575	4.37e-115	384
Query_1	1144548_FNYV01000011.1	53.846	390	164	4	26	414	11047	12171	5.61e-115	383
Query_1	1144548_QKUA01000005.1	53.846	390	164	4	26	414	283041	284165	5.62e-115	383
Query_1	1464048_JNZS01000006.1	53.213	389	167	4	27	414	2357	1233	6.18e-115	383
Query_1	68186_VBVY01000134.1	59.667	300	120	1	16	314	9169	10068	7.23e-115	383
Query_1	1886_NTFT01000252.1	59.596	297	118	2	20	314	6123	7013	7.58e-115	383
Query_1	1886_NTFU01000114.1	59.596	297	118	2	20	314	6112	7002	7.58e-115	383
Query_1	1886_NVPY01000553.1	59.596	297	118	2	20	314	6227	7117	7.59e-115	383
Query_1	2126346_CP031264.1	58.054	298	123	2	19	314	3931215	3930322	7.59e-115	383
Query_1	2126346_CP031264.1	39.114	271	154	7	22	284	1605437	1606240	1.89e-44	179
Query_1	1886_NVPX01000575.1	59.596	297	118	2	20	314	5599	4709	7.60e-115	383
Query_1	1886_NVPZ01000565.1	59.596	297	118	2	20	314	5720	4830	7.61e-115	383
Query_1	33_BJXR01000046.1	60.544	294	109	3	26	314	71175	70300	8.07e-115	383
Query_1	33_FOIB01000014.1	60.544	294	109	3	26	314	223285	222410	8.10e-115	383
Query_1	2035249_PEFR01000001.1	52.051	390	169	4	26	414	6452473	6453591	8.61e-115	382
Query_1	2035249_PEFR01000001.1	37.037	297	171	7	1	284	1068662	1067781	3.03e-50	196
Query_1	2035249_PEFR01000001.1	37.857	280	163	5	10	282	4999352	4998525	3.75e-48	190
Query_1	2035249_PEFR01000001.1	35.842	279	172	4	11	282	1146530	1145694	9.65e-44	177
Query_1	2035249_PEFR01000001.1	28.522	291	168	8	38	300	856965	856129	1.14e-17	100
Query_1	2035249_PEFR01000001.1	28.188	298	170	10	33	300	2276099	2275248	8.94e-17	97.4
Query_1	1638939_LAYX01000072.1	59.259	297	119	2	20	314	5504	4614	9.33e-115	382
Query_1	2499994_SAIY01000009.1	53.213	389	166	4	27	414	193072	191951	1.10e-114	382
Query_1	2174846_CP029188.1	59.028	288	117	1	26	312	6681552	6680689	1.18e-114	382
Query_1	2174846_CP029188.1	54.237	59	26	1	362	419	6680391	6680215	1.37e-05	62.4
Query_1	2558286_SOMP01000046.1	59.028	288	117	1	26	312	35907	36770	1.28e-114	382
Query_1	2558286_SOMP01000046.1	54.237	59	26	1	362	419	37068	37244	1.27e-05	62.8
Query_1	1206101_AZXC01000010.1	59.028	288	117	1	26	312	302128	302991	1.43e-114	382
Query_1	1206101_AZXC01000010.1	54.237	59	26	1	362	419	303289	303465	1.39e-05	62.4
Query_1	1169158_KB846734.1	58.621	290	119	1	26	314	59309	58440	1.47e-114	382
Query_1	1169158_KB846734.1	52.542	59	27	1	362	419	58148	57972	8.95e-05	60.1
Query_1	2604467_VSEZ01000008.1	50.255	392	172	4	24	414	83971	82862	1.75e-114	382
Query_1	1286308_HG424534.1	58.362	293	120	2	23	314	51675	52550	2.00e-114	382
Query_1	2690305_WWIE01000298.1	55.128	312	138	2	4	314	13971	14903	2.62e-114	381
Query_1	146923_CP015866.1	55.128	312	138	2	4	314	722387	723319	2.66e-114	381
Query_1	1278207_SHKK01000001.1	52.185	389	169	4	27	414	3906518	3905400	2.73e-114	381
Query_1	1278207_SHKK01000001.1	38.806	268	155	6	23	284	2312189	2311395	3.01e-47	187
Query_1	1278207_SHKK01000001.1	36.842	266	161	4	24	282	456858	456061	1.46e-45	182
Query_1	1278207_SHKK01000001.1	30.303	132	82	5	40	167	3315998	3316375	0.005	54.3
Query_1	1278207_SHKK01000001.1	30.065	153	89	6	29	168	2737641	2737198	0.62	47.8
Query_1	285458_MEHL01000001.1	61.409	298	112	2	20	314	1017152	1016259	2.79e-114	381
Query_1	285458_MEHL01000001.1	34.188	117	66	6	55	169	6067653	6067330	0.15	49.7
Query_1	285458_MEHI01000001.1	61.409	298	112	2	20	314	7355090	7355983	2.79e-114	381
Query_1	285458_MEHI01000001.1	34.188	117	66	6	55	169	2305681	2306004	0.15	49.7
Query_1	2604469_VSFB01000095.1	50.255	392	168	4	24	414	11123	12220	3.99e-114	380
Query_1	1894970_RAZS01000005.1	50.255	392	168	4	24	414	305727	304630	4.25e-114	380
Query_1	1894970_RAZT01000003.1	50.255	392	168	4	24	414	478385	477288	4.25e-114	380
Query_1	329524_VBVX01000003.1	62.069	290	109	1	26	314	36180	37049	4.28e-114	380
Query_1	1169155_KB898275.1	58.681	288	118	1	26	312	60287	59424	4.46e-114	380
Query_1	1169155_KB898275.1	54.237	59	26	1	362	419	59126	58950	1.34e-05	62.8
Query_1	1894969_RAQQ01000003.1	50.000	404	171	5	12	414	41558	42679	5.90e-114	380
Query_1	1538294_KQ058859.1	51.938	387	166	4	29	414	12028	10925	6.19e-114	380
Query_1	2586994_JAAOYP010000001.1	51.276	392	164	4	24	414	319480	318383	7.97e-114	380
Query_1	262898_FMCX01000013.1	52.185	389	162	4	27	414	85185	86282	8.35e-114	380
Query_1	285458_MEHJ01000001.1	61.074	298	113	2	20	314	7288614	7289507	9.39e-114	380
Query_1	285458_MEHJ01000001.1	34.188	117	66	6	55	169	2307420	2307743	0.17	49.3
Query_1	35754_JNYJ01000030.1	51.597	407	173	6	15	418	124425	125582	1.13e-113	379
Query_1	2203716_QGSZ01000177.1	53.281	381	161	4	27	406	1102	8	1.29e-113	379
Query_1	146923_QQBH01000001.1	54.808	312	139	2	4	314	391549	390617	1.45e-113	379
Query_1	2116518_PYBV01000091.1	51.414	389	168	4	27	414	1132	26	1.49e-113	379
Query_1	47850_JAAGNE010003495.1	51.531	392	175	4	24	414	8222	9355	1.51e-113	379
Query_1	547162_FOLJ01000001.1	52.442	389	169	4	27	414	162907	161786	1.62e-113	379
Query_1	2564098_SRZK01000703.1	47.103	397	181	4	27	419	86	1201	1.78e-113	351
Query_1	2203206_QHJH01000016.1	54.808	312	139	2	4	314	43155	44087	1.95e-113	379
Query_1	285458_MEHM01000001.1	61.074	298	113	2	20	314	890620	889727	1.97e-113	379
Query_1	285458_MEHM01000001.1	34.188	117	66	6	55	169	5888288	5887965	0.17	49.3
Query_1	285458_MEHN01000001.1	61.074	298	113	2	20	314	1036543	1035650	1.97e-113	379
Query_1	285458_MEHN01000001.1	34.188	117	66	6	55	169	6101357	6101034	0.15	49.7
Query_1	2690310_WWHZ01000676.1	54.487	312	140	2	4	314	54751	53819	2.42e-113	379
Query_1	2202516_QGMS01000459.1	47.103	397	181	4	27	419	50	1165	5.40e-113	349
Query_1	1120314_QTSY01000012.1	54.487	312	140	2	4	314	115169	116101	5.59e-113	377
Query_1	1305837_KE384522.1	58.131	289	119	2	27	314	53941	53078	7.57e-113	377
Query_1	1420897_QGSW01000465.1	50.765	392	151	4	24	414	3362	4414	7.72e-113	377
Query_1	1827742_NTHH01000520.1	46.096	397	182	4	27	419	55	1161	8.08e-113	350
Query_1	2567896_SSMR01000012.1	61.092	293	113	1	23	314	222141	223019	9.18e-113	377
Query_1	568872_FMHV01000002.1	50.000	392	168	4	24	414	6347536	6346442	9.85e-113	377
Query_1	1886_PKNW01000024.1	57.460	315	132	2	1	314	54600	55541	1.09e-112	377
Query_1	2706097_JAAGMW010000525.1	56.037	323	133	3	1	314	5659	4691	1.19e-112	376
Query_1	2562581_SSBQ01000002.1	58.131	289	119	2	27	314	1460641	1459778	1.29e-112	376
Query_1	1522764_ML123126.1	56.037	323	133	3	1	314	818079	817111	1.52e-112	376
Query_1	2020331_NOWW01000001.1	56.037	323	133	3	1	314	716730	717698	1.55e-112	376
Query_1	2039870_CP024052.1	51.020	392	172	4	24	414	5945460	5946578	1.79e-112	376
Query_1	2039870_CP024052.1	37.594	266	159	4	24	282	132471	131674	2.03e-46	185
Query_1	2039870_CP024052.1	38.783	263	152	6	28	284	1366028	1365249	2.81e-45	182
Query_1	261654_LT594323.1	50.510	392	174	4	24	414	3282559	3281441	1.90e-112	376
Query_1	261654_LT594323.1	35.985	264	158	7	27	282	2538032	2537250	2.70e-32	144
Query_1	2039878_PDHU01000003.1	51.020	392	172	4	24	414	124456	123338	2.03e-112	376
Query_1	946078_FLRH01000003.1	51.020	392	172	4	24	414	2151420	2152538	2.03e-112	376
Query_1	946078_FLRH01000003.1	37.970	266	158	4	24	282	3076118	3075321	1.45e-46	186
Query_1	946078_FLRH01000003.1	38.783	263	152	6	28	284	4282253	4281474	3.56e-45	181
Query_1	1450148_QGSV01000218.1	50.000	392	176	4	24	414	2126	3244	3.40e-112	375
Query_1	1450148_QGSU01000380.1	50.000	392	176	4	24	414	9576	8458	4.25e-112	375
Query_1	1450148_QGGF01000501.1	50.000	392	176	4	24	414	16734	15616	4.40e-112	375
Query_1	47875_VLLP01000001.1	50.769	390	163	4	26	414	1667651	1668736	4.78e-112	375
Query_1	47875_VLLP01000001.1	38.433	268	156	6	23	284	2857535	2856741	4.57e-47	187
Query_1	47875_VLLP01000001.1	33.891	239	136	6	52	282	2492396	2493070	7.59e-28	130
Query_1	47875_VLLP01000001.1	29.167	120	72	4	40	153	2418881	2418543	4.7	44.7
Query_1	644283_CP002162.1	52.551	392	171	4	24	414	5217817	5216684	5.80e-112	374
Query_1	644283_CP002162.1	39.179	268	154	6	23	284	3371747	3372541	3.85e-47	187
Query_1	644283_CP002162.1	36.655	281	170	5	10	282	4178321	4179163	2.70e-46	184
Query_1	2135446_PYPS01000041.1	50.735	408	183	4	8	414	53517	54689	5.99e-112	374
Query_1	1911_UHID01000009.1	58.252	309	120	3	15	314	644162	645088	6.82e-112	374
Query_1	47850_WAAR01000082.1	52.041	392	173	4	24	414	27108	25975	8.24e-112	374
Query_1	2478709_RCVK01000335.1	51.531	392	175	4	24	414	19362	20495	9.74e-112	374
Query_1	47866_FMHU01000002.1	50.000	390	166	4	26	414	497674	498759	1.39e-111	374
Query_1	47866_FMHU01000002.1	30.579	121	69	5	40	153	1358498	1358160	5.6	44.7
Query_1	299146_LT594324.1	50.498	402	181	4	14	414	3792114	3790960	1.61e-111	373
Query_1	299146_LT594324.1	38.550	262	152	6	29	284	1533932	1534708	1.83e-46	185
Query_1	299146_LT594324.1	34.400	250	130	7	52	282	2077797	2078501	4.53e-31	140
Query_1	227316_FMHY01000002.1	50.490	408	191	4	8	414	5445696	5444503	1.75e-111	373
Query_1	227316_FMHY01000002.1	39.695	262	149	6	29	284	2639697	2640473	1.18e-43	177
Query_1	1196353_FNHI01000009.1	57.241	290	123	1	24	312	124897	125766	1.98e-111	373
Query_1	1196353_FNHI01000009.1	52.830	53	25	0	362	414	126064	126222	2.39e-04	58.5
Query_1	2650565_WBKS01000039.1	52.041	392	173	4	24	414	23929	25062	2.91e-111	372
Query_1	479978_FMCQ01000004.1	51.786	392	166	4	24	414	386983	385874	3.12e-111	372
Query_1	47872_JOEU01000005.1	52.417	393	170	5	24	414	13215	14348	3.18e-111	372
Query_1	307120_FMCV01000026.1	51.276	392	174	4	24	414	84882	83755	3.31e-111	372
Query_1	68262_LLZG01000312.1	55.663	309	136	1	5	312	43629	44555	3.70e-111	372
Query_1	103733_JNYO01000025.1	58.904	292	110	4	24	314	3776	4624	3.76e-111	372
Query_1	103733_CP034550.1	58.904	292	110	4	24	314	5772789	5771941	3.79e-111	372
Query_1	103733_CP034550.1	38.603	272	160	4	18	282	5090159	5089344	1.48e-48	191
Query_1	103733_CP034550.1	37.868	272	158	7	19	282	4252003	4252809	9.54e-42	171
Query_1	103733_CP034550.1	34.043	282	175	5	9	282	6927632	6928468	9.73e-39	162
Query_1	103733_CP034550.1	30.769	130	75	2	115	244	1273153	1272809	1.65e-17	70.9
Query_1	103733_CP034550.1	41.176	68	39	1	23	89	1273362	1273159	1.65e-17	52.4
Query_1	103733_CP034550.1	32.174	115	67	3	55	168	6974616	6974930	1.37e-05	62.4
Query_1	47863_JNZR01000024.1	52.296	392	172	4	24	414	43348	42215	4.87e-111	372
Query_1	515350_POTX01000281.1	50.000	398	190	4	18	414	3875	2706	8.75e-111	371
Query_1	47850_CP031263.1	52.926	393	168	5	24	414	7089170	7088037	9.02e-111	371
Query_1	47850_CP031263.1	39.179	268	154	6	23	284	4899855	4900649	2.30e-47	188
Query_1	47850_CP031263.1	37.218	266	160	4	24	282	5702301	5703098	8.19e-46	183
Query_1	479978_CP024087.1	52.296	392	172	4	24	414	328306	329439	9.29e-111	371
Query_1	479978_CP024087.1	39.925	268	152	6	23	284	2308160	2307366	7.37e-48	189
Query_1	479978_CP024087.1	37.218	266	160	4	24	282	1511047	1510250	1.49e-45	182
Query_1	515350_QXIQ01000013.1	50.000	398	190	4	18	414	131107	132276	1.02e-110	371
Query_1	356852_LT607753.1	50.900	389	171	4	27	414	1848568	1847459	1.16e-110	371
Query_1	356852_LT607753.1	38.258	264	154	6	27	284	1221420	1222202	3.05e-48	190
Query_1	745366_FMDM01000003.1	51.276	392	171	4	24	414	209919	211037	1.29e-110	370
Query_1	1960879_NAPR01000017.1	49.873	393	179	4	24	415	279403	278276	1.48e-110	370
Query_1	2572905_VISU01000008.1	52.551	392	171	4	24	414	250837	249704	1.62e-110	370
Query_1	2572906_VISW01000001.1	52.551	392	171	4	24	414	74117	75250	1.62e-110	370
Query_1	1169151_KB895828.1	50.765	392	174	4	24	414	282951	281830	1.82e-110	370
Query_1	1828058_NTGR01000471.1	45.729	398	183	5	27	419	1272	163	2.09e-110	343
Query_1	47850_FMHX01000003.1	52.926	393	168	5	24	414	6147391	6148524	2.39e-110	370
Query_1	47850_FMHX01000003.1	39.179	268	154	6	23	284	1009405	1008611	3.50e-47	187
Query_1	47850_FMHX01000003.1	37.218	266	160	4	24	282	202906	202109	9.90e-46	183
Query_1	2035250_SPQD01000001.1	52.041	392	173	4	24	414	3594906	3593773	2.60e-110	370
Query_1	2035250_SPQD01000001.1	39.179	268	154	6	23	284	1471112	1471906	1.11e-45	183
Query_1	2035250_SPQD01000001.1	36.842	266	161	4	24	282	2291783	2292580	1.92e-45	182
Query_1	299152_LT607751.1	51.414	389	170	4	27	414	5137915	5136803	2.63e-110	370
Query_1	255705_QRAK01000011.1	55.987	309	135	1	5	312	297664	298590	2.83e-110	370
Query_1	2069341_PNOZ01000118.1	50.510	392	184	4	24	414	6574	5426	3.15e-110	369
Query_1	1577588_BBRS01000024.1	55.987	309	135	1	5	312	89729	88803	3.83e-110	369
Query_1	1078086_KE150432.1	58.276	290	120	1	24	312	165819	164950	4.49e-110	369
Query_1	1827580_CP029043.1	55.987	309	135	1	5	312	2894270	2893344	4.87e-110	369
Query_1	2080747_PQSR01000038.1	58.419	291	120	1	23	312	51274	50402	6.27e-110	369
Query_1	47850_RIBT01000043.1	52.041	392	173	4	24	414	13545	14678	6.28e-110	369
Query_1	648999_CP002399.1	52.041	392	173	4	24	414	3882179	3883312	6.44e-110	369
Query_1	648999_CP002399.1	39.179	268	154	6	23	284	5850214	5849420	3.89e-47	187
Query_1	648999_CP002399.1	37.594	266	159	4	24	282	5045826	5045029	2.07e-46	185
Query_1	1510026_QZWF01000005.1	55.375	307	136	1	5	310	187940	187020	7.35e-110	369
Query_1	1827974_NTHC01000747.1	45.477	398	184	5	27	419	1263	154	7.71e-110	341
Query_1	1220561_BCQR01000155.1	54.633	313	138	3	1	312	22008	21079	7.92e-110	368
Query_1	1938860_NSGV01000001.1	58.537	287	118	1	29	314	4359022	4358162	9.37e-110	368
Query_1	1938860_NSGV01000001.1	36.364	275	163	8	18	283	991636	992451	2.75e-41	170
Query_1	1305830_QLLY01000026.1	58.703	293	120	1	21	312	99088	99966	1.01e-109	368
Query_1	2690349_WWGM01000037.1	58.703	293	120	1	21	312	99088	99966	1.01e-109	368
Query_1	1828052_NTGS01000438.1	46.193	394	179	5	31	419	1310	213	1.12e-109	342
Query_1	1463825_JNXC01000006.1	58.562	292	112	4	24	314	269162	268311	1.35e-109	368
Query_1	1172030_MDRX01000001.1	52.672	393	169	5	24	414	6102525	6103658	1.49e-109	367
Query_1	1172030_MDRX01000001.1	39.179	268	154	6	23	284	1239637	1238843	3.89e-47	187
Query_1	1172030_MDRX01000001.1	36.655	281	170	5	10	282	410198	409356	2.70e-46	184
Query_1	1877_NGNT01000001.1	48.974	390	173	4	26	414	407490	408584	1.67e-109	367
Query_1	1877_LT607413.1	48.974	390	173	4	26	414	4144238	4145332	1.67e-109	367
Query_1	1877_LT607413.1	38.652	282	161	7	9	284	6938318	6939145	2.27e-48	191
Query_1	1877_LT607413.1	33.673	294	181	6	3	282	5788826	5789707	7.60e-42	172
Query_1	1877_LT607413.1	33.891	239	136	6	52	282	5129364	5130038	4.03e-28	131
Query_1	1877_LT607413.1	28.333	120	73	4	40	153	6094683	6095021	0.88	47.0
Query_1	1906_MCNU01000029.1	55.853	299	131	1	17	314	38389	39285	1.77e-109	367
Query_1	1906_MCNU01000029.1	51.724	58	27	1	363	419	39580	39753	2.94e-05	61.6
Query_1	1906_LGSP01000018.1	55.853	299	131	1	17	314	73252	72356	1.79e-109	367
Query_1	1906_LGSP01000018.1	51.724	58	27	1	363	419	72061	71888	2.96e-05	61.6
Query_1	1038928_QFBD02000005.1	55.853	299	131	1	17	314	239691	240587	1.80e-109	367
Query_1	1038928_QFBD02000005.1	51.724	58	27	1	363	419	240882	241055	2.98e-05	61.6
Query_1	1038928_PUET01000005.1	55.853	299	131	1	17	314	280219	279323	1.80e-109	367
Query_1	1038928_PUET01000005.1	51.724	58	27	1	363	419	279028	278855	2.98e-05	61.6
Query_1	1038928_JNAD02000002.1	55.853	299	131	1	17	314	280460	279564	1.80e-109	367
Query_1	1038928_JNAD02000002.1	51.724	58	27	1	363	419	279269	279096	2.98e-05	61.6
Query_1	2690357_WWGE01000013.1	58.188	287	119	1	23	308	286277	285417	2.06e-109	367
Query_1	1157637_KB892135.1	58.188	287	119	1	23	308	286277	285417	2.06e-109	367
Query_1	1609103_LLZN01000057.1	55.340	309	137	1	5	312	20674	19748	2.52e-109	367
Query_1	1609102_LLZM01000060.1	55.340	309	137	1	5	312	20674	19748	2.52e-109	367
Query_1	1938_MUML01000094.1	55.340	309	137	1	5	312	10488	11414	2.87e-109	367
Query_1	66874_JOFS01000002.1	55.049	307	137	1	5	310	41615	42535	3.12e-109	367
Query_1	66874_JOFR01000007.1	55.049	307	137	1	5	310	41645	42565	3.12e-109	367
Query_1	2651869_WBXN01000004.1	55.627	311	137	1	5	314	2817818	2816886	3.15e-109	367
Query_1	2651869_WBXN01000004.1	27.879	165	104	5	15	167	304846	305331	0.023	52.4
Query_1	1661387_LEKG01000088.1	51.786	392	174	4	24	414	27062	25929	3.17e-109	367
Query_1	2018025_CP025394.1	57.679	293	122	2	24	314	3701428	3702306	3.51e-109	367
Query_1	2018025_CP025394.1	34.981	263	161	7	28	283	8511100	8511879	1.16e-37	159
Query_1	1736424_LMCT01000012.1	57.931	290	120	2	27	314	415924	416793	3.67e-109	366
Query_1	1736486_LMHX01000004.1	57.931	290	120	2	27	314	449119	449988	3.67e-109	366
Query_1	1969_CP023689.1	55.340	309	137	1	5	312	6029534	6030460	3.75e-109	366
Query_1	1969_CP023689.1	37.037	270	161	6	16	279	8652125	8652925	3.41e-37	158
Query_1	1828179_RDBN01000053.1	54.693	309	139	1	5	312	748488	747562	3.82e-109	366
Query_1	1003110_LMWI01000002.1	49.235	392	183	4	24	414	2727566	2726436	3.90e-109	366
Query_1	1003110_LMWI01000002.1	35.379	277	171	5	14	282	1005098	1004268	3.47e-44	178
Query_1	1003110_LMWI01000002.1	38.462	273	159	6	18	284	1998204	1999013	3.64e-44	178
Query_1	263358_CP002638.1	49.235	392	183	4	24	414	5092576	5091446	3.90e-109	366
Query_1	263358_CP002638.1	35.379	277	171	5	14	282	3370108	3369278	3.47e-44	178
Query_1	263358_CP002638.1	38.462	273	159	6	18	284	4363214	4364023	3.64e-44	178
Query_1	1881018_FNTE01000001.1	55.340	309	137	1	5	312	4812091	4813017	4.09e-109	366
Query_1	1881018_FNTE01000001.1	37.407	270	160	6	16	279	7510263	7511063	2.80e-38	161
Query_1	1855351_FNTN01000001.1	55.340	309	137	1	5	312	4292937	4292011	4.13e-109	366
Query_1	1855351_FNTN01000001.1	37.407	270	160	6	16	279	1557960	1557160	4.49e-38	160
Query_1	1877_VLJU01000004.1	48.718	390	174	4	26	414	1694800	1693706	4.59e-109	366
Query_1	1877_VLJU01000004.1	34.586	266	167	4	24	282	170447	169650	2.91e-41	170
Query_1	1877_VLJU01000004.1	34.728	239	134	6	52	282	856958	856284	6.30e-29	134
Query_1	1904_ML138678.1	54.369	309	140	1	5	312	1526433	1525507	6.43e-109	366
Query_1	1072374_VFNC01000002.1	56.066	305	129	2	13	312	3722412	3721498	7.08e-109	365
Query_1	1072374_VFNC01000002.1	38.610	259	150	6	27	279	1240806	1240039	7.88e-46	183
Query_1	47864_FMDN01000002.1	50.643	389	176	4	27	414	331678	330557	8.91e-109	365
Query_1	1725411_CP013743.1	56.066	305	129	2	13	312	6191395	6192309	8.92e-109	365
Query_1	1725411_CP013743.1	37.452	259	153	6	27	279	8569125	8569892	5.07e-44	178
Query_1	1716141_LOHS01000084.1	56.579	304	129	2	10	310	116649	115738	9.59e-109	365
Query_1	1828217_NTGN01000670.1	46.489	413	189	4	11	419	2339	3493	9.67e-109	359
Query_1	1703936_LIVU01000013.1	52.672	393	167	5	24	414	24408	25535	1.09e-108	365
Query_1	2034269_NTGW01000532.1	46.851	397	179	4	27	419	437	1543	1.15e-108	356
Query_1	2035221_QTTG01000001.1	55.700	307	135	1	5	310	3127650	3128570	1.18e-108	365
Query_1	103734_RJKM01000001.1	58.362	293	113	4	23	314	445917	446771	1.18e-108	365
Query_1	103734_RJKM01000001.1	38.384	297	164	8	3	282	8493382	8494266	8.44e-49	192
Query_1	103734_RJKM01000001.1	34.082	267	162	5	23	282	1499756	1500535	3.81e-35	152
Query_1	103734_RJKM01000001.1	37.643	263	150	7	23	279	4074771	4075535	4.19e-34	149
Query_1	1969_QVOF01000003.1	55.016	309	138	1	5	312	419634	418708	1.23e-108	365
Query_1	1874_MAGP01000135.1	52.417	393	168	5	24	414	41763	42890	1.26e-108	365
Query_1	1621261_BBVA01000009.1	52.417	393	168	5	24	414	242681	243808	1.37e-108	365
Query_1	2583240_VFYQ01000051.1	52.417	393	168	5	24	414	17736	16609	1.42e-108	365
Query_1	457406_KK037233.1	52.417	393	168	5	24	414	6057473	6058600	1.44e-108	365
Query_1	457406_KK037233.1	40.299	268	151	6	23	284	1201802	1201008	9.04e-50	195
Query_1	457406_KK037233.1	36.842	266	161	4	24	282	368836	368039	6.99e-45	181
Query_1	2604468_VSFA01000004.1	50.129	387	166	3	28	414	193064	194143	1.63e-108	365
Query_1	2569859_VWMY01000006.1	56.357	291	126	1	23	312	212348	211476	1.87e-108	364
Query_1	2717028_JAAOLH010000007.1	52.417	393	168	5	24	414	84196	83069	2.12e-108	364
Query_1	1881_LT607411.1	50.510	392	167	4	24	414	1942747	1943844	2.16e-108	364
Query_1	2512223_SLWN01000024.1	58.131	289	119	2	27	314	36732	37595	2.18e-108	364
Query_1	1124743_SJJZ01000002.1	54.286	315	141	2	1	314	1428300	1427362	2.52e-108	364
Query_1	2690290_WWIT01000698.1	58.076	291	121	1	23	312	11672	12544	2.54e-108	364
Query_1	1479020_RQIV01000001.1	48.980	392	184	4	24	414	43202	44332	2.86e-108	364
Query_1	1479020_RQIV01000001.1	38.462	273	159	6	18	284	774960	774151	3.63e-44	178
Query_1	2203207_QHJL01000105.1	55.016	309	138	1	5	312	12676	11750	2.92e-108	364
Query_1	2563106_SSHQ01000011.1	58.076	291	121	1	23	312	195200	194328	2.96e-108	364
Query_1	2202421_QGKR01000269.1	53.968	315	140	3	1	314	968	36	2.98e-108	363
Query_1	1761904_FNHV01000023.1	57.785	289	121	1	23	310	75631	76497	3.32e-108	363
Query_1	67295_MUNB01000560.1	45.673	416	194	4	8	419	269	1432	3.65e-108	356
Query_1	1280637_PYAX01000002.1	58.020	293	114	4	23	314	889390	888536	4.16e-108	363
Query_1	1415542_LGED01000257.1	58.362	293	113	4	23	314	794	1648	4.30e-108	363
Query_1	1718947_LWLS01000035.1	50.255	392	167	4	24	414	63243	62149	4.83e-108	363
Query_1	2053011_SJJR01000030.1	49.100	389	174	4	27	414	9688	8591	6.61e-108	363
Query_1	2203202_QHKK01000142.1	55.016	309	138	1	5	312	12566	11640	7.43e-108	363
Query_1	1874_QGSX01000441.1	52.163	393	169	5	24	414	3211	4338	9.26e-108	362
Query_1	2248752_QMEZ01000002.1	52.163	393	169	5	24	414	588409	587282	1.01e-107	362
Query_1	1775131_JAAKZX010000097.1	55.670	291	128	1	23	312	14072	14944	1.01e-107	362
Query_1	1874_QGTA01000252.1	52.163	393	169	5	24	414	19224	20351	1.03e-107	362
Query_1	1852777_LYXF01000035.1	52.163	393	169	5	24	414	239204	240331	1.06e-107	362
Query_1	1157639_KB891510.1	57.732	291	122	1	23	312	32891	33763	1.09e-107	362
Query_1	2690356_WWGF01000026.1	57.732	291	122	1	23	312	32891	33763	1.09e-107	362
Query_1	2692621_WUUF01000038.1	57.732	291	122	1	23	312	33657	34529	1.11e-107	362
Query_1	1449077_JMLN01000005.1	57.732	291	122	1	23	312	68183	69055	1.11e-107	362
Query_1	67257_LMZE01000030.1	55.663	309	128	4	8	314	2497	1592	1.69e-107	362
Query_1	1827606_PEFT01000001.1	57.093	289	123	1	23	310	4305924	4305058	1.87e-107	362
Query_1	1827606_PEFT01000001.1	35.878	262	159	6	27	282	5672871	5673647	2.47e-37	158
Query_1	1160705_AMLP01000160.1	57.045	291	124	1	23	312	9977	10849	2.02e-107	361
Query_1	1463833_JOAI01000009.1	57.491	287	121	1	29	314	137916	137056	2.34e-107	361
Query_1	1775135_JAAAHS010000115.1	54.817	301	132	2	16	312	14017	14919	2.49e-107	361
Query_1	2682780_WPIR01000213.1	57.143	287	122	1	29	314	3398	2538	2.49e-107	361
Query_1	212773_MJAF01000166.1	46.552	406	184	4	18	419	8759	7629	2.74e-107	361
Query_1	1727_JOIN01000008.1	52.821	390	169	5	24	412	154845	153718	3.20e-107	361
Query_1	132474_JOBO01000001.1	55.016	309	130	4	8	314	160045	159140	3.20e-107	361
Query_1	2035243_RCCZ01000001.1	56.794	287	123	1	23	308	672453	673313	3.57e-107	361
Query_1	47865_LT607754.1	49.614	389	175	5	27	414	3613941	3615047	3.64e-107	361
Query_1	284043_BJND01000073.1	54.369	309	140	1	5	312	10811	9885	3.66e-107	360
Query_1	1380770_KI547049.1	56.146	301	129	3	16	314	159435	160334	3.76e-107	360
Query_1	1662446_LDZX01000047.1	57.544	285	120	1	29	312	15652	14798	3.97e-107	360
Query_1	1306175_PDCM01000002.1	55.016	309	130	4	8	314	394858	393953	5.09e-107	360
Query_1	2512215_SNWQ01000024.1	57.439	289	121	2	27	314	8621	9484	5.15e-107	360
Query_1	1519475_LGCW01000259.1	55.016	309	130	4	8	314	11342	12247	5.27e-107	360
Query_1	132474_LGCQ01000171.1	55.016	309	130	4	8	314	64678	63773	5.77e-107	360
Query_1	1851876_RAII01000001.1	57.544	285	120	1	29	312	5448709	5449563	5.77e-107	360
Query_1	1463826_JNWN01000005.1	55.016	309	130	4	8	314	35743	36648	5.80e-107	360
Query_1	1950_JOCK01000003.1	55.016	309	130	4	8	314	165667	164762	5.82e-107	360
Query_1	1851914_RAIH01000428.1	57.544	285	120	1	29	312	3398	2544	6.16e-107	360
Query_1	2485151_RKRB01000001.1	54.723	307	138	1	5	310	4206058	4205138	6.18e-107	360
Query_1	2485151_RKRB01000001.1	37.452	259	153	6	27	279	1312766	1311999	2.79e-43	176
Query_1	1077942_SHLD01000001.1	50.386	389	168	5	27	414	6315907	6314813	6.74e-107	360
Query_1	1077942_SHLD01000001.1	30.233	86	58	1	149	234	5716306	5716557	1.23e-04	42.0
Query_1	1077942_SHLD01000001.1	34.615	52	33	1	234	284	5716556	5716711	1.23e-04	37.4
Query_1	137265_FNQB01000001.1	48.969	388	166	4	28	414	2568895	2569965	7.00e-107	360
Query_1	137265_FNQB01000001.1	36.879	282	170	6	8	284	1733090	1732254	7.39e-45	181
Query_1	560556_FZPH01000008.1	49.227	388	174	4	28	414	68513	69610	7.32e-107	360
Query_1	1892_JAAGNH010000939.1	47.103	397	178	4	27	419	64	1170	7.69e-107	359
Query_1	1892_JAAGMS010000263.1	47.103	397	178	4	27	419	297	1403	7.80e-107	360
Query_1	1892_JAAGLK010000289.1	47.103	397	178	4	27	419	5337	4231	8.08e-107	359
Query_1	2034270_NTGX01000380.1	46.883	401	181	4	23	419	4	1122	9.04e-107	359
Query_1	1827631_NTHJ01000028.1	46.247	413	190	4	11	419	5374	4220	9.79e-107	359
Query_1	1935_JODI01000117.1	55.326	291	129	1	23	312	5905	5033	1.06e-106	359
Query_1	1453103_PVNH01000002.1	53.698	311	135	4	5	314	265073	264165	1.11e-106	359
Query_1	1828186_NTGP01000418.1	46.489	413	189	4	11	419	463	1617	1.14e-106	359
Query_1	2478711_RCVI01000414.1	56.164	292	123	3	24	314	895	32	1.18e-106	359
Query_1	47872_LT607410.1	49.871	389	164	5	27	414	2348542	2349618	1.21e-106	359
Query_1	1703928_LIPB01000003.1	46.650	403	183	4	21	419	1276718	1277842	1.28e-106	359
Query_1	2496836_CP034539.1	55.219	297	132	1	15	310	3997658	3996768	1.31e-106	359
Query_1	2496836_CP034539.1	37.838	259	152	6	27	279	1254642	1253875	9.74e-43	174
Query_1	1839781_FMCP01001406.1	46.253	387	175	5	37	419	1214	141	1.42e-106	332
Query_1	2478710_RCVJ01000169.1	56.164	292	123	3	24	314	11698	12561	1.42e-106	359
Query_1	418522_FOME01000015.1	54.313	313	140	3	1	312	187682	186750	1.48e-106	359
Query_1	1837_FNVB01000004.1	54.313	313	140	3	1	312	16800	17732	1.48e-106	359
Query_1	1837_QBKV01000002.1	54.313	313	140	3	1	312	6508263	6507331	1.48e-106	359
Query_1	1463882_JOHU01000009.1	57.895	285	119	1	29	312	112388	111534	1.62e-106	359
Query_1	35754_JNZX01001470.1	55.667	300	125	4	15	312	1137	2018	1.92e-106	341
Query_1	1904044_MKCP01000003.1	57.544	285	120	1	29	312	136313	135459	2.34e-106	358
Query_1	1461247_VIXA01000007.1	49.871	389	164	5	27	414	61125	60049	2.42e-106	358
Query_1	146819_KQ257772.1	47.355	397	177	4	27	419	29740	28634	2.44e-106	358
Query_1	1703923_LIPE01000003.1	47.355	397	177	4	27	419	1328536	1329642	2.52e-106	358
Query_1	1736448_LMEL01000021.1	47.355	397	177	4	27	419	1403873	1404979	2.67e-106	358
Query_1	1736573_LMGX01000018.1	47.355	397	177	4	27	419	1406025	1407131	2.67e-106	358
Query_1	304899_JAAGNA010000672.1	56.842	285	122	1	29	312	2325	3179	2.67e-106	352
Query_1	1892_JAAGMK010000240.1	47.355	397	177	4	27	419	71	1177	2.94e-106	357
Query_1	1463917_JODC01000015.1	54.397	307	139	1	5	310	64757	65677	3.16e-106	358
Query_1	1982764_KZ195572.1	47.103	397	178	4	27	419	1331895	1333001	3.17e-106	358
Query_1	1885_CP029788.1	57.093	289	123	1	23	310	3298927	3298061	3.43e-106	358
Query_1	1885_CP029788.1	38.768	276	160	6	10	279	1006787	1005969	1.83e-46	185
Query_1	1415546_LGDG01000085.1	56.357	291	126	1	23	312	89974	89102	3.67e-106	358
Query_1	1284664_AOHP01000058.1	57.895	285	119	1	29	312	5791	4937	3.90e-106	358
Query_1	1463862_JOHL01000022.1	57.895	285	119	1	29	312	94857	94003	3.94e-106	358
Query_1	1055352_AGSW01000212.1	46.005	413	191	4	11	419	39443	38289	4.11e-106	358
Query_1	1828020_NTHB01000083.1	47.355	397	177	4	27	419	39417	38311	4.34e-106	357
Query_1	1396_VTQW01000026.1	53.213	389	174	5	27	412	36835	35684	4.50e-106	357
Query_1	304899_JAAGLZ010000320.1	57.193	285	121	1	29	312	7659	8513	4.93e-106	357
Query_1	1703931_LISY01000009.1	46.851	397	179	4	27	419	323205	324311	5.17e-106	357
Query_1	1703939_LIVW01000003.1	46.851	397	179	4	27	419	992767	993873	5.71e-106	357
Query_1	2069440_PNRA02000031.1	57.193	285	121	1	29	312	5671	4817	6.03e-106	357
Query_1	2512220_SGXJ01000007.1	53.016	315	145	2	1	314	61766	62704	6.65e-106	357
Query_1	146536_KQ947995.1	56.014	291	127	1	23	312	74537	75409	6.70e-106	357
Query_1	543527_RBXR01000001.1	56.401	289	117	4	27	314	409349	408507	7.13e-106	357
Query_1	543527_RBXR01000001.1	37.755	294	169	7	3	282	1176416	1177297	2.09e-49	194
Query_1	543527_RBXR01000001.1	38.168	262	150	6	23	279	2067258	2066494	1.28e-41	171
Query_1	543527_RBXR01000001.1	34.354	294	178	8	1	282	1212957	1212085	1.15e-37	159
Query_1	543527_RBXR01000001.1	48.214	56	29	0	363	418	2723945	2723778	0.007	53.9
Query_1	944491_PQHY01000004.1	57.143	287	114	4	29	314	18549	19385	7.44e-106	357
