Query_1	2053030_PGRY01000003.1	100.000	462	0	0	1	462	125370	126755	0.0	932
Query_1	33069_UTBS01000231.1	99.784	462	1	0	1	462	20935	19550	0.0	930
Query_1	1844095_CVTO01000127.1	99.784	462	1	0	1	462	75939	74554	0.0	930
Query_1	1844102_CVTX01000187.1	99.784	462	1	0	1	462	75861	74476	0.0	930
Query_1	1844105_CVTU01000086.1	99.351	462	3	0	1	462	18577	19962	0.0	927
Query_1	76758_SGFE01000128.1	99.351	462	3	0	1	462	20828	19443	0.0	926
Query_1	33069_UUOW01000158.1	99.351	462	3	0	1	462	25306	23921	0.0	926
Query_1	33069_UUIV01000017.1	99.351	462	3	0	1	462	31288	32673	0.0	926
Query_1	33069_UTBQ01000158.1	99.351	462	3	0	1	462	20787	19402	0.0	926
Query_1	33069_UTBO01000299.1	99.351	462	3	0	1	462	24899	23514	0.0	926
Query_1	33069_UWEY01000839.1	99.134	462	4	0	1	462	14582	15967	0.0	925
Query_1	33069_UVTA01000061.1	99.134	462	4	0	1	462	14528	15913	0.0	925
Query_1	33069_UUPQ01000065.1	99.134	462	4	0	1	462	24689	23304	0.0	925
Query_1	33069_UUKG01000084.1	99.134	462	4	0	1	462	14594	15979	0.0	925
Query_1	33069_UUJS01000015.1	99.134	462	4	0	1	462	14546	15931	0.0	925
Query_1	1844098_CVTK01000040.1	99.351	462	3	0	1	462	77162	78547	0.0	924
Query_1	33069_UTBX01000450.1	98.918	462	5	0	1	462	20869	19484	0.0	922
Query_1	1844101_CVTN01000084.1	99.134	462	4	0	1	462	51738	53123	0.0	922
Query_1	33069_UVTD01000045.1	98.918	462	5	0	1	462	20869	19484	0.0	920
Query_1	76758_SGFD01000041.1	95.455	462	21	0	1	462	18554	19939	0.0	890
Query_1	76758_CP018049.1	94.805	462	24	0	1	462	2812480	2813865	0.0	885
Query_1	658644_CP027727.1	93.723	462	29	0	1	462	2943801	2945186	0.0	880
Query_1	294_KZ478004.1	93.939	462	28	0	1	462	76933	78318	0.0	878
Query_1	2184006_QGAJ01000004.1	93.723	462	29	0	1	462	65495	66880	0.0	876
Query_1	1844104_CVTV01000062.1	93.506	462	30	0	1	462	57997	59382	0.0	874
Query_1	76758_CP027723.1	92.857	462	33	0	1	462	2767511	2768896	0.0	872
Query_1	76758_CP027724.1	93.074	462	32	0	1	462	2894505	2895890	0.0	871
Query_1	76758_LT629782.1	92.424	462	35	0	1	462	982031	980646	0.0	869
Query_1	76758_JYLM01000002.1	92.424	462	35	0	1	462	704691	703306	0.0	869
Query_1	1173280_CP027731.1	91.775	462	38	0	1	462	2966266	2967651	0.0	867
Query_1	658643_CP027732.1	91.991	462	37	0	1	462	2991472	2992857	0.0	866
Query_1	76758_CP027726.1	92.208	462	36	0	1	462	3020564	3019179	0.0	865
Query_1	658632_CP027761.1	91.775	462	38	0	1	462	2769424	2770809	0.0	865
Query_1	1712680_LJSB01000223.1	91.126	462	41	0	1	462	312320	310935	0.0	865
Query_1	690597_JH730929.1	91.126	462	41	0	1	462	199707	201092	0.0	865
Query_1	2201171_QFZI01000001.1	91.126	462	41	0	1	462	614016	612631	0.0	865
Query_1	1735680_LMKI01000023.1	91.126	462	41	0	1	462	180645	182030	0.0	865
Query_1	1179667_VCCF02000001.1	91.126	462	41	0	1	462	2646706	2645321	0.0	864
Query_1	1173273_CP027728.1	91.775	462	38	0	1	462	2942956	2944341	0.0	864
Query_1	1712677_LJRY01000209.1	90.909	462	42	0	1	462	230546	229161	0.0	864
Query_1	1173284_CP027730.1	91.775	462	38	0	1	462	3038872	3040257	0.0	864
Query_1	1173283_CP027729.1	91.558	462	39	0	1	462	2926595	2927980	0.0	864
Query_1	76758_CP027725.1	91.991	462	37	0	1	462	2905479	2904094	0.0	864
Query_1	1173288_CP027733.1	91.558	462	39	0	1	462	2947895	2949280	0.0	863
Query_1	2070621_POFU01000122.1	90.693	462	43	0	1	462	18552	19937	0.0	863
Query_1	658642_CP027760.1	91.342	462	40	0	1	462	3009565	3010950	0.0	863
Query_1	33069_UWEP01000811.1	90.909	462	42	0	1	462	246580	245195	0.0	863
Query_1	33069_UWEH01000462.1	90.909	462	42	0	1	462	233280	231895	0.0	863
Query_1	33069_UWEG01000441.1	90.909	462	42	0	1	462	233327	231942	0.0	863
Query_1	33069_UUOV01000031.1	90.909	462	42	0	1	462	192018	193403	0.0	863
Query_1	33069_UTBH01000014.1	90.909	462	42	0	1	462	233193	231808	0.0	863
Query_1	1844108_CVTT01000052.1	90.909	462	42	0	1	462	234201	232816	0.0	863
Query_1	2070622_POFV01000113.1	90.693	462	43	0	1	462	18515	19900	0.0	863
Query_1	2070623_POFW01000109.1	90.693	462	43	0	1	462	1534	149	0.0	863
Query_1	2070627_POGA01000118.1	90.693	462	43	0	1	462	1488	103	0.0	863
Query_1	191391_FNOX01000002.1	90.693	462	43	0	1	462	206539	205154	0.0	863
Query_1	191391_MDFI01000053.1	90.693	462	43	0	1	462	40648	39263	0.0	863
Query_1	2070628_POGB01000123.1	90.693	462	43	0	1	462	1466	81	0.0	863
Query_1	2070620_POFT01000116.1	90.693	462	43	0	1	462	1486	101	0.0	863
Query_1	2070618_POFR01000124.1	90.693	462	43	0	1	462	18530	19915	0.0	863
Query_1	2070629_POGC01000116.1	90.693	462	43	0	1	462	18552	19937	0.0	863
Query_1	2006980_VBVZ01000143.1	90.693	462	43	0	1	462	3619	2234	0.0	862
Query_1	2070625_POFY01000112.1	90.476	462	44	0	1	462	1577	192	0.0	862
Query_1	294_CP015638.1	90.476	462	44	0	1	462	3224188	3225573	0.0	862
Query_1	294_CP015637.1	90.476	462	44	0	1	462	3281873	3283258	0.0	862
Query_1	76761_VWXU01000846.1	90.476	462	44	0	1	462	2731	4116	0.0	861
Query_1	76761_VWXT01000139.1	90.476	462	44	0	1	462	2730	4115	0.0	861
Query_1	658641_CP027759.1	91.342	462	40	0	1	462	2875780	2877165	0.0	861
Query_1	2598474_VMSH01000004.1	90.693	462	43	0	1	462	126851	128236	0.0	861
Query_1	294_RBQR01000006.1	90.476	462	44	0	1	462	21495	22880	0.0	860
Query_1	294_LKEI01000036.1	90.476	462	44	0	1	462	127809	126424	0.0	860
Query_1	1415630_CP006852.1	90.476	462	44	0	1	462	3703071	3701686	0.0	860
Query_1	2070626_POFZ01000115.1	90.476	462	44	0	1	462	18746	20131	0.0	860
Query_1	191391_RBRL01000017.1	90.693	462	43	0	1	462	9023	7638	0.0	860
Query_1	2070624_POFX01000108.1	90.476	462	44	0	1	462	18751	20136	0.0	860
Query_1	1882759_FNPO01000032.1	90.476	462	44	0	1	462	8129	6744	0.0	860
Query_1	1198309_LKEF01000019.1	90.693	462	43	0	1	462	38814	40199	0.0	860
Query_1	2070630_POGD01000116.1	90.476	462	44	0	1	462	1406	21	0.0	860
Query_1	1615673_JYLN01000005.1	90.909	462	42	0	1	462	420962	422347	0.0	859
Query_1	168469_FNTS01000002.1	90.476	462	44	0	1	462	103010	104395	0.0	859
Query_1	168469_MDDR01000009.1	90.476	462	44	0	1	462	38100	36715	0.0	859
Query_1	1896942_MEHV01000042.1	90.693	462	43	0	1	462	1721384	1719999	0.0	859
Query_1	2070619_POFS01000112.1	90.476	462	44	0	1	462	1397	12	0.0	859
Query_1	359110_VTFH01000001.1	90.043	462	46	0	1	462	3277756	3279141	0.0	858
Query_1	294_MSDF01000051.1	90.476	462	44	0	1	462	42734	44119	0.0	858
Query_1	1390498_PYAQ01000005.1	90.476	462	44	0	1	462	404172	405557	0.0	858
Query_1	2126069_CP027762.1	90.476	462	44	0	1	462	3157320	3158705	0.0	858
Query_1	2126069_CP027762.1	44.262	61	32	2	367	427	5048049	5048225	8.7	44.3
Query_1	1173270_CP027734.1	90.693	462	43	0	1	462	2761673	2763058	0.0	858
Query_1	1844091_FKLB01000020.1	90.043	462	46	0	1	462	24063	22678	0.0	857
Query_1	219572_CP015600.1	90.693	462	43	0	1	462	3086040	3087425	0.0	857
Query_1	2572893_VIUN01000014.1	89.827	462	47	0	1	462	54301	52916	0.0	856
Query_1	2572891_VIUQ01000015.1	89.827	462	47	0	1	462	54301	52916	0.0	856
Query_1	298_FNSU01000003.1	89.827	462	47	0	1	462	960401	961786	0.0	856
Query_1	298_VFEQ01000013.1	89.827	462	47	0	1	462	172371	173756	0.0	856
Query_1	1395925_JXSI01000013.1	90.693	462	43	0	1	462	153619	152234	0.0	856
Query_1	1395925_JXSI01000013.1	34.507	426	214	16	1	418	5901	7007	4.93e-45	182
Query_1	2184008_QGAA01000004.1	89.827	462	47	0	1	462	268576	269961	0.0	855
Query_1	1524267_JPRX01000001.1	90.476	462	44	0	1	462	98844	100229	0.0	855
Query_1	1524267_JPRX01000001.1	43.902	410	174	7	1	408	306243	305176	2.69e-85	300
Query_1	1524267_JPRX01000001.1	34.507	426	214	16	1	418	246208	245102	4.96e-45	182
Query_1	1524267_JPRX01000001.1	48.039	102	50	1	364	462	304884	304579	1.22e-12	85.1
Query_1	2135589_QKMB01000011.1	89.827	462	47	0	1	462	60932	59547	0.0	855
Query_1	47883_VSRO01000005.1	90.476	462	44	0	1	462	69039	70424	0.0	855
Query_1	96901_CM001514.1	90.476	462	44	0	1	462	3245763	3244378	0.0	855
Query_1	96901_CM001514.1	43.659	410	175	7	1	408	3329561	3328494	2.56e-84	296
Query_1	96901_CM001514.1	34.507	426	214	16	1	418	3051053	3052159	8.33e-45	182
Query_1	96901_CM001514.1	47.059	102	51	1	364	462	3328202	3327897	8.07e-12	82.8
Query_1	1844092_CVTH01000087.1	89.610	462	48	0	1	462	232920	231535	0.0	855
Query_1	1215094_BCZW01000003.1	89.610	462	48	0	1	462	204430	205815	0.0	854
Query_1	200451_MOAY01000081.1	89.610	462	48	0	1	462	773369	774754	0.0	854
Query_1	169669_UYXT01000010.1	90.260	462	45	0	1	462	103730	102345	0.0	854
Query_1	169669_LT629708.1	90.260	462	45	0	1	462	471528	472913	0.0	854
Query_1	169669_VZPM01000026.1	90.260	462	45	0	1	462	9473	8088	0.0	854
Query_1	169669_MDGK01000011.1	90.260	462	45	0	1	462	103531	102146	0.0	854
Query_1	1566249_FOIH01000003.1	90.043	462	46	0	1	462	132689	134074	0.0	854
Query_1	47878_UYXP01000002.1	89.610	462	48	0	1	462	549726	548341	0.0	854
Query_1	47878_LT629702.1	89.610	462	48	0	1	462	1377729	1379114	0.0	854
Query_1	47878_MNPV01000004.1	89.610	462	48	0	1	462	549253	547868	0.0	854
Query_1	47878_MDDQ01000025.1	89.610	462	48	0	1	462	403020	401635	0.0	854
Query_1	1566231_FOWT01000003.1	90.260	462	45	0	1	462	132506	133891	0.0	854
Query_1	1161101_AKYY01000013.1	89.827	462	47	0	1	462	35351	33966	0.0	854
Query_1	129847_JAAUVM010000004.1	89.394	462	49	0	1	462	330764	332149	0.0	853
Query_1	29442_UYXX01000008.1	89.610	462	48	0	1	462	130565	131950	0.0	853
Query_1	29442_VZPT01000010.1	89.610	462	48	0	1	462	130787	132172	0.0	853
Query_1	29442_CP020369.1	89.610	462	48	0	1	462	3466081	3464696	0.0	853
Query_1	564423_PHHD01000001.1	89.610	462	48	0	1	462	4735513	4736898	0.0	853
Query_1	1470593_JFYX01000048.1	89.610	462	48	0	1	462	320558	321943	0.0	853
Query_1	1566228_FOKD01000012.1	89.827	462	47	0	1	462	132801	134186	0.0	853
Query_1	47883_MSDH01000023.1	90.260	462	45	0	1	462	206285	204900	0.0	853
Query_1	47883_MSDH01000023.1	34.507	426	214	16	1	418	55333	56439	9.47e-45	181
Query_1	2135757_SOAH01000001.1	90.043	462	46	0	1	462	1047542	1046157	0.0	853
Query_1	1030145_AJXG01000113.1	89.610	462	48	0	1	462	29594	30979	0.0	853
Query_1	2202823_QODI01000002.1	89.610	462	48	0	1	462	425764	424379	0.0	853
Query_1	2135751_QCWA01000001.1	90.043	462	46	0	1	462	1047542	1046157	0.0	853
Query_1	294_JRYA01000017.1	90.476	462	44	0	1	462	169688	171073	0.0	853
Query_1	47878_CP041236.1	89.827	462	47	0	1	462	3342267	3343652	0.0	853
Query_1	219572_UYXQ01000187.1	90.043	462	46	0	1	462	3757	2372	0.0	852
Query_1	219572_LT629704.1	90.043	462	46	0	1	462	4108106	4106721	0.0	852
Query_1	219572_JXDI01000002.1	90.043	462	46	0	1	462	586263	584878	0.0	852
Query_1	191390_FNUA01000002.1	89.394	462	49	0	1	462	4909393	4908008	0.0	852
Query_1	191390_VZPQ01000002.1	89.394	462	49	0	1	462	351679	350294	0.0	852
Query_1	191390_PYWX01000032.1	89.394	462	49	0	1	462	187290	188675	0.0	852
Query_1	191390_CP025494.1	89.394	462	49	0	1	462	1087537	1088922	0.0	852
Query_1	2600065_VOIX01000013.1	90.260	462	45	0	1	462	117744	119129	0.0	852
Query_1	294_CABVHN010000001.1	89.827	462	47	0	1	462	228468	229853	0.0	852
Query_1	294_JRXX01000068.1	90.043	462	46	0	1	462	30707	32092	0.0	852
Query_1	200451_PDJN01000001.1	90.260	462	45	0	1	462	2281277	2279892	0.0	852
Query_1	294_MSDL01000042.1	90.043	462	46	0	1	462	69817	71202	0.0	852
Query_1	294_MSDI01000035.1	89.827	462	47	0	1	462	244677	246062	0.0	852
Query_1	33069_UVYN01000054.1	89.394	462	49	0	1	462	317353	318738	0.0	852
Query_1	2590776_CP041189.1	89.827	462	47	0	1	462	6550605	6551990	0.0	852
Query_1	1259798_AZVU01000012.1	89.827	462	47	0	1	462	175819	177204	0.0	851
Query_1	1265486_FWZV01000010.1	89.827	462	47	0	1	462	175826	177211	0.0	851
Query_1	2009043_FYDK01000002.1	89.394	462	49	0	1	462	926134	924749	0.0	851
Query_1	1566188_FMUC01000007.1	89.827	462	47	0	1	462	216643	215258	0.0	851
Query_1	2070585_POEK01000012.1	89.610	462	48	0	1	462	32905	31520	0.0	851
Query_1	2070582_POEH01000045.1	89.610	462	48	0	1	462	11135	12520	0.0	851
Query_1	2600065_VOIW01000005.1	90.260	462	45	0	1	462	502689	501304	0.0	851
Query_1	2070578_POED01000013.1	89.610	462	48	0	1	462	120744	122129	0.0	851
Query_1	1566215_FOQS01000004.1	89.610	462	48	0	1	462	46707	48092	0.0	851
Query_1	307251_VTFG01000001.1	89.827	462	47	0	1	462	383298	384683	0.0	851
Query_1	307251_VFER01000002.1	89.827	462	47	0	1	462	626150	624765	0.0	851
Query_1	2070579_POEE01000012.1	89.610	462	48	0	1	462	32955	31570	0.0	851
Query_1	2070587_POEM01000016.1	89.610	462	48	0	1	462	77621	79006	0.0	851
Query_1	2070584_POEJ01000011.1	89.610	462	48	0	1	462	33612	32227	0.0	851
Query_1	2070580_POEF01000007.1	89.610	462	48	0	1	462	229532	228147	0.0	851
Query_1	33069_UVVJ01000213.1	89.394	462	49	0	1	462	297051	298436	0.0	851
Query_1	2070581_POEG01000013.1	89.610	462	48	0	1	462	120797	122182	0.0	851
Query_1	1566209_FORB01000003.1	89.610	462	48	0	1	462	46726	48111	0.0	851
Query_1	2070586_POEL01000011.1	89.610	462	48	0	1	462	120666	122051	0.0	851
Query_1	2070583_POEI01000004.1	89.610	462	48	0	1	462	230246	228861	0.0	851
Query_1	1873126_MBDT01000032.1	89.610	462	48	0	1	462	486231	487616	0.0	850
Query_1	2495427_RWIQ01000103.1	89.588	461	48	0	1	461	6562	7944	0.0	850
Query_1	2495419_RWIO01000050.1	89.588	461	48	0	1	461	6077	4695	0.0	850
Query_1	303_JSVW01000012.1	89.610	462	48	0	1	462	447934	446549	0.0	850
Query_1	2518650_SGWH01000001.1	88.961	462	51	0	1	462	1759398	1758013	0.0	850
Query_1	2219057_CP029983.1	89.394	462	49	0	1	462	3639505	3640890	0.0	850
Query_1	1535623_LXJP01000009.1	89.610	462	48	0	1	462	33824	35209	0.0	850
Query_1	33069_UUJV01000026.1	89.177	462	50	0	1	462	233607	232222	0.0	850
Query_1	2518647_SGWK01000010.1	88.961	462	51	0	1	462	256868	258253	0.0	850
Query_1	2518649_SGWI01000001.1	88.961	462	51	0	1	462	186006	187391	0.0	850
Query_1	2518648_SGWJ01000001.1	88.961	462	51	0	1	462	912269	913654	0.0	850
Query_1	294_LT907842.1	89.610	462	48	0	1	462	5327691	5329076	0.0	849
Query_1	294_VFEP01000005.1	89.610	462	48	0	1	462	107565	108950	0.0	849
Query_1	294_RBPZ01000084.1	89.610	462	48	0	1	462	115106	113721	0.0	849
Query_1	294_QVNA01000044.1	89.610	462	48	0	1	462	3444	2059	0.0	849
Query_1	294_MUHI01000044.1	89.610	462	48	0	1	462	92591	93976	0.0	849
Query_1	294_LHVP01000009.1	89.610	462	48	0	1	462	512189	510804	0.0	849
Query_1	1215100_BDAA01000004.1	89.610	462	48	0	1	462	107091	108476	0.0	849
Query_1	1712678_LJRZ01000247.1	89.394	462	49	0	1	462	61978	63363	0.0	849
Query_1	33069_UVXV01000222.1	88.961	462	51	0	1	462	133190	134575	0.0	849
Query_1	1712679_LJSA01000377.1	88.961	462	51	0	1	462	489712	491097	0.0	849
Query_1	1573711_CP019428.1	89.394	462	49	0	1	462	3314599	3315984	0.0	849
Query_1	294_CABVGU010000007.1	89.394	462	49	0	1	462	78784	80169	0.0	848
Query_1	294_CABVGU010000007.1	71.463	410	114	2	1	408	26021	27247	0.0	588
Query_1	294_CABVGU010000007.1	50.980	102	47	1	364	462	27521	27826	1.79e-17	100
Query_1	97473_RBTQ01000037.1	89.394	462	49	0	1	462	40581	39196	0.0	848
Query_1	2607908_VUAZ01000041.1	89.394	462	49	0	1	462	5879	4494	0.0	848
Query_1	97473_RBQQ01000112.1	88.961	462	51	0	1	462	3791	5176	0.0	848
Query_1	294_QRBA01000009.1	89.394	462	49	0	1	462	174487	173102	0.0	848
Query_1	47878_CP014546.1	90.043	462	42	1	1	462	4830243	4831616	0.0	848
Query_1	191390_LRMR01000005.1	88.961	462	51	0	1	462	225323	223938	0.0	848
Query_1	1615674_RWKC01000008.1	89.610	462	48	0	1	462	138935	140320	0.0	848
Query_1	1615674_JYLO01000003.1	89.827	462	47	0	1	462	452101	453486	0.0	847
Query_1	33069_UWDW01000301.1	88.745	462	52	0	1	462	133230	134615	0.0	847
Query_1	33069_UUIW01000109.1	88.745	462	52	0	1	462	500977	499592	0.0	847
Query_1	1960829_MVOJ01000019.1	89.827	462	47	0	1	462	27831	29216	0.0	847
Query_1	2607909_VUBA01000013.1	89.394	462	49	0	1	462	5834	4449	0.0	847
Query_1	1198317_LKGY01000024.1	89.394	462	49	0	1	462	38253	36868	0.0	847
Query_1	33069_UUPS01000022.1	89.177	462	50	0	1	462	3555	2170	0.0	847
Query_1	1566193_FOZO01000001.1	88.961	462	51	0	1	462	112762	114147	0.0	846
Query_1	75588_CP034425.1	89.610	462	48	0	1	462	3040739	3042124	0.0	846
Query_1	75588_CP034425.1	37.092	337	186	8	88	418	3221343	3220393	2.35e-45	183
Query_1	1674920_LFMW01000011.1	89.394	462	49	0	1	462	233657	235042	0.0	846
Query_1	1573719_CP019431.1	88.745	462	52	0	1	462	3229249	3230634	0.0	846
Query_1	1615674_VWXW01001060.1	89.610	462	48	0	1	462	89	1474	0.0	846
Query_1	294_QGAB01000001.1	89.610	462	48	0	1	462	304492	303107	0.0	846
Query_1	294_QGAB01000001.1	36.795	337	187	8	88	418	118147	119097	2.20e-45	183
Query_1	47883_RAIP01000004.1	89.610	462	48	0	1	462	143002	144387	0.0	846
Query_1	47883_RAIP01000004.1	37.092	337	186	8	88	418	327325	326375	6.32e-46	185
Query_1	1615674_KZ268837.1	89.610	462	48	0	1	462	22806	24191	0.0	846
Query_1	1615674_KN360950.1	89.394	462	49	0	1	462	1451001	1452386	0.0	846
Query_1	1615674_KN360950.1	37.092	337	186	8	88	418	1722224	1721274	7.09e-46	185
Query_1	1615674_CM001513.1	89.610	462	48	0	1	462	2975055	2976440	0.0	846
Query_1	1615674_CM001513.1	45.122	410	169	8	1	408	2297612	2298679	7.60e-87	304
Query_1	1615674_CM001513.1	37.092	337	186	8	88	418	3234335	3233385	6.21e-46	185
Query_1	1615674_CM001513.1	47.059	102	51	1	364	462	2298971	2299276	5.64e-14	89.4
Query_1	33069_UVTC01000037.1	89.827	462	43	1	1	462	167799	169172	0.0	845
Query_1	1324332_ASGY01000218.1	89.610	462	44	1	1	462	97677	99050	0.0	845
Query_1	294_SRXQ01000005.1	88.745	462	52	0	1	462	229393	228008	0.0	845
Query_1	294_DBFN01000027.1	88.745	462	52	0	1	462	142685	141300	0.0	845
Query_1	294_NNBS01000007.1	88.745	462	52	0	1	462	160702	162087	0.0	845
Query_1	294_NMRO01000007.1	88.745	462	52	0	1	462	160702	162087	0.0	845
Query_1	294_LCYC01000039.1	89.610	462	48	0	1	462	194399	193014	0.0	845
Query_1	1736604_LMIY01000011.1	89.610	462	48	0	1	462	35737	34352	0.0	845
Query_1	1284392_AOHM01000113.1	89.394	462	45	1	1	462	45491	46864	0.0	845
Query_1	294_JRXT01000015.1	88.745	462	52	0	1	462	151430	150045	0.0	844
Query_1	76760_LT629801.1	88.745	462	52	0	1	462	2422639	2421254	0.0	844
Query_1	76760_VFEU01000009.1	88.745	462	52	0	1	462	46376	47761	0.0	844
Query_1	1702250_CP046103.1	89.177	462	50	0	1	462	2539790	2541175	0.0	844
Query_1	1702250_NMRE01000021.1	89.177	462	50	0	1	462	53814	52429	0.0	844
Query_1	2708062_JAALFY010000006.1	88.745	462	52	0	1	462	238935	237550	0.0	844
Query_1	33069_UWFK01000498.1	89.827	462	43	1	1	462	112754	111381	0.0	844
Query_1	915099_MOAZ01000017.1	89.610	462	44	1	1	462	359835	361208	0.0	844
Query_1	76760_MOBB01000009.1	88.745	462	52	0	1	462	180653	182038	0.0	844
Query_1	76760_MOBA01000008.1	88.745	462	52	0	1	462	180653	182038	0.0	844
Query_1	2496849_RXYG01000004.1	89.827	462	43	1	1	462	219087	220460	0.0	844
Query_1	378534_JQLM01000002.1	89.177	462	50	0	1	462	6287835	6286450	0.0	844
Query_1	378534_JQLM01000002.1	37.092	337	186	8	88	418	6128195	6129145	1.84e-46	186
Query_1	1615674_QTSW01000016.1	89.177	462	50	0	1	462	96507	95122	0.0	843
Query_1	33069_UWDQ01000478.1	89.827	462	43	1	1	462	164766	166139	0.0	843
Query_1	33069_UWDN01000149.1	89.827	462	43	1	1	462	449456	448083	0.0	843
Query_1	33069_UUOR01000005.1	89.827	462	43	1	1	462	16651	18024	0.0	843
Query_1	33069_UUIK01000066.1	89.827	462	43	1	1	462	252761	251388	0.0	843
Query_1	33069_UTAZ01000090.1	89.827	462	43	1	1	462	172078	170705	0.0	843
Query_1	564421_AJXH01000110.1	89.394	462	45	1	1	462	2735	1362	0.0	843
Query_1	75588_LHOY01000020.1	88.961	462	51	0	1	462	287158	285773	0.0	843
Query_1	75588_LHOY01000020.1	36.686	338	186	9	88	418	60385	61335	4.94e-44	179
Query_1	1736566_LMGQ01000004.1	88.961	462	51	0	1	462	266042	267427	0.0	843
Query_1	294_JRYP01000009.1	88.745	462	52	0	1	462	236753	238138	0.0	843
Query_1	33069_UTAQ01000085.1	89.827	462	43	1	1	462	36990	38363	0.0	843
Query_1	1535632_LYSO01000056.1	89.177	462	50	0	1	462	21741	23126	0.0	843
Query_1	47883_CP014868.1	88.745	462	52	0	1	462	3985552	3986937	0.0	842
Query_1	47883_CP014868.1	36.686	338	186	9	88	418	4247196	4246246	4.95e-44	179
Query_1	47883_CP011117.2	88.745	462	52	0	1	462	291565	292950	0.0	842
Query_1	2025658_CP022960.1	89.394	462	45	1	1	462	4711978	4713351	0.0	842
Query_1	651740_PCQE01000018.1	89.177	462	50	0	1	462	95568	96953	0.0	842
Query_1	294_JRXZ01000013.1	89.177	462	50	0	1	462	6023	4638	0.0	842
Query_1	294_JRXU01000016.1	89.177	462	50	0	1	462	6025	4640	0.0	842
Query_1	129847_FNKM01000002.1	88.312	462	54	0	1	462	4264896	4263511	0.0	842
Query_1	129847_VFES01000005.1	88.312	462	54	0	1	462	10832	12217	0.0	842
Query_1	2018067_CP023969.1	89.177	462	50	0	1	462	5104658	5103273	0.0	842
Query_1	2018067_CP023969.1	37.092	337	186	8	88	418	4946080	4947030	3.56e-46	186
Query_1	1827300_CP023269.1	89.177	462	50	0	1	462	2985988	2987373	0.0	842
Query_1	1827300_CP023269.1	37.870	338	182	9	88	418	3183869	3182919	8.07e-47	187
Query_1	1827300_CP023269.1	56.000	75	30	1	391	462	2377475	2377699	3.38e-10	77.4
Query_1	2075556_PPSG01000013.1	88.745	462	52	0	1	462	1405	20	0.0	842
Query_1	1661386_LEKF01000016.1	88.745	462	52	0	1	462	1405	20	0.0	842
Query_1	1661053_BCBO01000154.1	89.610	462	48	0	1	462	6312	7697	0.0	842
Query_1	76760_DDKJ01000023.1	88.528	462	53	0	1	462	198089	196704	0.0	841
Query_1	47883_LR590482.1	88.745	462	52	0	1	462	2983381	2981996	0.0	841
Query_1	47883_LT629786.1	88.745	462	52	0	1	462	2284719	2283334	0.0	841
Query_1	47883_CP027756.1	88.745	462	52	0	1	462	3143067	3144452	0.0	841
Query_1	47883_JYLJ01000003.1	88.745	462	52	0	1	462	145554	144169	0.0	841
Query_1	1615674_RWKD01000016.1	88.961	462	51	0	1	462	50329	48944	0.0	841
Query_1	33069_UWDX01000548.1	89.610	462	44	1	1	462	112779	111406	0.0	841
Query_1	1215118_BDAK01000027.1	88.745	462	52	0	1	462	65783	67168	0.0	841
Query_1	294_JXCQ01000049.1	88.745	462	52	0	1	462	38799	37414	0.0	841
Query_1	294_JRXW01000021.1	88.745	462	52	0	1	462	142004	143389	0.0	841
Query_1	343985_QODJ01000056.1	88.961	462	51	0	1	462	15536	14151	0.0	841
Query_1	76760_LN623556.1	88.745	462	52	0	1	462	873707	875092	0.0	841
Query_1	47883_CP027755.1	88.745	462	52	0	1	462	3080444	3081829	0.0	841
Query_1	47883_CP027755.1	37.500	80	40	2	356	425	158010	157771	1.9	46.2
Query_1	1718919_LKBU01000001.1	88.745	462	52	0	1	462	833688	832303	0.0	841
Query_1	915099_AYTD01000011.1	89.610	462	44	1	1	462	194134	195507	0.0	840
Query_1	47883_CP027757.1	88.745	462	52	0	1	462	3043983	3045368	0.0	840
Query_1	2014741_NKRF01000096.1	88.745	462	52	0	1	462	46663	48048	0.0	840
Query_1	294_MKYU01000158.1	88.961	462	51	0	1	462	13160	14545	0.0	839
Query_1	294_MRST01000018.1	88.961	462	51	0	1	462	103483	102098	0.0	839
Query_1	2487355_UYJC01000026.1	88.745	462	52	0	1	462	6203	4818	0.0	839
Query_1	1566216_FPJI01000018.1	88.961	462	51	0	1	462	7392	6007	0.0	839
Query_1	294_VHIO01000010.1	88.745	462	52	0	1	462	6340	4955	0.0	839
Query_1	294_PPHS01000056.1	88.745	462	52	0	1	462	6035	4650	0.0	839
Query_1	2528664_SGFF01000004.1	88.528	462	53	0	1	462	157677	156292	0.0	839
Query_1	1615674_RXHV01000003.1	88.528	462	53	0	1	462	476936	475551	0.0	839
Query_1	1615674_RXHV01000003.1	37.870	338	182	9	88	418	217766	218716	4.88e-47	188
Query_1	1661052_BCBN01000047.1	88.745	462	52	0	1	462	49281	50666	0.0	839
Query_1	1208102_LKBK01000077.1	88.528	462	53	0	1	462	41540	40155	0.0	839
Query_1	1712676_LJRX01000271.1	88.745	462	48	1	1	462	164816	166189	0.0	838
Query_1	294_CABVIQ010000005.1	88.312	462	54	0	1	462	86673	88058	0.0	838
Query_1	294_CABVIQ010000005.1	37.870	338	182	9	88	418	273844	272894	2.50e-46	186
Query_1	2681497_WOTI01000164.1	88.528	462	53	0	1	462	155150	153765	0.0	838
Query_1	2070647_POGU01000008.1	88.312	462	54	0	1	462	86623	88008	0.0	838
Query_1	2070646_POGT01000005.1	88.312	462	54	0	1	462	86623	88008	0.0	838
Query_1	2070650_POGX01000002.1	88.312	462	54	0	1	462	86623	88008	0.0	838
Query_1	2070650_POGX01000002.1	37.870	338	182	9	88	418	273120	272170	2.50e-46	186
Query_1	1881063_FPCE01000009.1	89.177	462	46	1	1	462	60831	62204	0.0	838
Query_1	1463662_JFCA01000004.1	89.177	462	46	1	1	462	93766	95139	0.0	838
Query_1	294_PVUJ01000020.1	88.745	462	52	0	1	462	6238	4853	0.0	838
Query_1	294_PVUK01000019.1	88.745	462	52	0	1	462	6238	4853	0.0	838
Query_1	294_NPKB01000027.1	88.745	462	52	0	1	462	120920	122305	0.0	838
Query_1	294_MKHA01000003.1	88.745	462	52	0	1	462	135726	137111	0.0	838
Query_1	294_MKHA01000003.1	37.389	337	185	8	88	418	396113	395163	4.06e-46	186
Query_1	294_MKHA01000003.1	43.750	32	18	0	321	352	85368	85463	5.6	32.0
Query_1	294_MKHA01000003.1	45.455	33	18	0	354	386	85466	85564	5.6	31.6
Query_1	294_LCYD01000010.1	88.745	462	52	0	1	462	208922	210307	0.0	838
Query_1	294_LCYD01000010.1	37.389	337	185	8	88	418	47791	46841	4.53e-46	185
Query_1	47878_MZZJ01000010.1	88.745	462	52	0	1	462	6962	5577	0.0	838
Query_1	47878_CP019856.1	88.745	462	48	1	1	462	3151063	3152436	0.0	838
Query_1	1615674_JYLP01000015.1	88.745	462	52	0	1	462	188435	189820	0.0	838
Query_1	198620_NIGO01000010.1	88.745	462	52	0	1	462	6962	5577	0.0	838
Query_1	2605424_CP043060.1	88.745	462	52	0	1	462	1111703	1110318	0.0	838
Query_1	2605424_CP043060.1	44.634	410	171	7	1	408	1708763	1707696	2.18e-84	297
Query_1	2605424_CP043060.1	37.389	337	185	8	88	418	929326	930276	4.55e-46	185
Query_1	2605424_CP043060.1	49.020	102	49	1	364	462	1707404	1707099	2.24e-14	90.9
Query_1	2070649_POGW01000007.1	88.312	462	54	0	1	462	86623	88008	0.0	838
Query_1	294_QGAI01000002.1	88.312	462	54	0	1	462	314931	313546	0.0	837
Query_1	294_QGAI01000002.1	37.870	338	182	9	88	418	129821	130771	2.72e-47	189
Query_1	294_PVUI01000005.1	88.312	462	54	0	1	462	86580	87965	0.0	837
Query_1	294_PVUI01000005.1	37.574	338	183	9	88	418	273008	272058	7.05e-47	188
Query_1	294_MRXZ01000005.1	88.312	462	54	0	1	462	35963	34578	0.0	837
Query_1	1718917_LKBR01000025.1	88.312	462	54	0	1	462	6301	4916	0.0	837
Query_1	911244_ATLM01000061.1	88.312	462	54	0	1	462	32061	30676	0.0	837
Query_1	1750647_MPBM01000038.1	88.312	462	54	0	1	462	193203	191818	0.0	837
Query_1	1750647_MPBM01000038.1	37.870	338	182	9	88	418	10146	11096	4.88e-47	188
Query_1	2664899_CP045767.1	88.312	462	54	0	1	462	2324016	2325401	0.0	837
Query_1	2664899_CP045767.1	44.146	410	173	8	1	408	1555000	1556067	8.47e-83	292
Query_1	2664899_CP045767.1	37.870	338	182	9	88	418	2564247	2563297	5.13e-47	188
Query_1	2664899_CP045767.1	49.020	102	49	1	364	462	1556359	1556664	2.01e-14	90.9
Query_1	294_CABVHZ010000005.1	88.961	462	47	1	1	462	262018	260645	0.0	837
Query_1	47883_CP027758.1	88.528	462	53	0	1	462	3138855	3140240	0.0	837
Query_1	298_LKEG01000051.1	88.961	462	47	1	1	462	36099	34726	0.0	837
Query_1	746360_CM001025.1	88.095	462	55	0	1	462	3058301	3056916	0.0	837
Query_1	33069_UUIZ01000073.1	88.961	462	47	1	1	462	180	1553	0.0	837
Query_1	1037911_CP003041.1	88.312	462	54	0	1	462	2896863	2898248	0.0	837
Query_1	1037911_CP003041.1	44.634	410	171	8	1	408	2337746	2338813	1.74e-84	297
Query_1	1037911_CP003041.1	37.870	338	182	9	88	418	3105749	3104799	5.13e-47	188
Query_1	1037911_CP003041.1	49.020	102	49	1	364	462	2339105	2339410	9.36e-15	92.0
Query_1	1284404_AOJA01000054.1	88.312	462	54	0	1	462	37837	39222	0.0	837
Query_1	97473_RBQF01000257.1	88.961	462	47	1	1	462	10314	11687	0.0	837
Query_1	97473_RBPW01000251.1	88.961	462	47	1	1	462	36035	34662	0.0	837
Query_1	294_LCYB01000040.1	88.095	462	55	0	1	462	129911	128526	0.0	836
Query_1	2054918_PHII01000001.1	88.745	462	48	1	1	462	1421706	1420333	0.0	836
Query_1	2054917_PHIJ01000001.1	88.745	462	48	1	1	462	5620977	5619604	0.0	836
Query_1	1282356_CP004045.1	87.879	462	56	0	1	462	1788208	1789593	0.0	836
Query_1	216595_AM181176.4	88.961	462	47	1	1	462	3433109	3431736	0.0	836
Query_1	75588_LT629699.1	88.095	462	55	0	1	462	1212444	1211059	0.0	836
Query_1	75588_JYLH01000002.1	88.095	462	55	0	1	462	124974	123589	0.0	836
Query_1	1844097_CVTJ01000061.1	87.879	462	56	0	1	462	206739	208124	0.0	836
Query_1	1615674_JRXY01000020.1	88.745	462	52	0	1	462	168963	170348	0.0	836
Query_1	1205750_KB316322.1	87.879	462	56	0	1	462	49609	50994	0.0	835
Query_1	1566229_FPJJ01000003.1	88.095	462	55	0	1	462	394969	396354	0.0	835
Query_1	1566229_FPJJ01000003.1	37.574	338	183	9	88	418	577471	576521	6.38e-46	185
Query_1	294_LCYA01000077.1	88.528	462	53	0	1	462	19192	20577	0.0	835
Query_1	2135586_SNYU01000013.1	88.095	462	55	0	1	462	324347	322962	0.0	835
Query_1	2135586_SNYU01000013.1	37.870	338	182	9	88	418	131274	132224	5.47e-47	188
Query_1	2056867_QAIF01000081.1	88.312	462	54	0	1	462	16962	18347	0.0	835
Query_1	294_PVUH01000031.1	88.528	462	53	0	1	462	44763	46148	0.0	835
Query_1	294_PPVD01000114.1	88.095	462	55	0	1	462	1463	78	0.0	835
Query_1	1920491_MPOR01000022.1	88.337	463	53	1	1	462	74996	73608	0.0	835
Query_1	1615674_RXHY01000022.1	88.337	463	53	1	1	462	74996	73608	0.0	835
Query_1	1615674_RXHZ01000016.1	88.528	462	53	0	1	462	84378	85763	0.0	835
Query_1	33069_UTFS01001366.1	87.662	462	57	0	1	462	74878	76263	0.0	835
Query_1	2487355_CABIVL010000035.1	88.528	462	53	0	1	462	6072	4687	0.0	835
Query_1	294_MSDJ01000013.1	88.095	462	55	0	1	462	213183	211798	0.0	834
Query_1	294_MSDK01000019.1	88.095	462	55	0	1	462	213183	211798	0.0	834
Query_1	294_MSDG01000026.1	88.095	462	55	0	1	462	28762	27377	0.0	834
Query_1	294_CP017296.1	87.879	462	56	0	1	462	1787714	1789099	0.0	834
Query_1	294_CP017296.1	44.634	410	171	8	1	408	1225591	1226658	1.74e-84	297
Query_1	294_CP017296.1	37.574	338	183	9	88	418	2000587	1999637	1.51e-46	187
Query_1	294_CP017296.1	49.020	102	49	1	364	462	1226950	1227255	9.36e-15	92.0
Query_1	1495331_CP007638.1	87.879	462	56	0	1	462	2905216	2906601	0.0	834
Query_1	1495331_CP007638.1	44.634	410	171	8	1	408	2345066	2346133	1.74e-84	297
Query_1	1495331_CP007638.1	37.574	338	183	9	88	418	3113816	3112866	1.51e-46	187
Query_1	1495331_CP007638.1	49.020	102	49	1	364	462	2346425	2346730	9.36e-15	92.0
Query_1	2056848_QEHQ01000030.1	88.095	462	55	0	1	462	2325	940	0.0	834
Query_1	47878_RBTM01000076.1	87.879	462	56	0	1	462	79554	80939	0.0	834
Query_1	1761895_LT629744.1	87.879	462	56	0	1	462	3255158	3253773	0.0	834
Query_1	1761895_LT629744.1	44.634	410	171	8	1	408	3819175	3818108	1.74e-84	297
Query_1	1761895_LT629744.1	37.574	338	183	9	88	418	3042308	3043258	1.51e-46	187
Query_1	1761895_LT629744.1	49.020	102	49	1	364	462	3817816	3817511	9.36e-15	92.0
Query_1	663959_RBUA01000455.1	87.879	462	56	0	1	462	101	1486	0.0	834
Query_1	294_CABVGT010000001.1	88.745	462	48	1	1	462	444080	442707	0.0	834
Query_1	298_LACG01000035.1	88.745	462	48	1	1	462	97371	98744	0.0	834
Query_1	298_LACF01000023.1	88.745	462	48	1	1	462	97367	98740	0.0	834
Query_1	321846_JRMC01000003.1	88.312	462	50	1	1	462	507380	506007	0.0	834
Query_1	2065822_PKKS01000022.1	88.745	462	48	1	1	462	78916	80289	0.0	833
Query_1	200451_LT629706.1	87.662	462	57	0	1	462	794216	792831	0.0	832
Query_1	200451_MDFK01000023.1	87.662	462	57	0	1	462	73572	72187	0.0	832
Query_1	200451_JYLI01000019.1	87.662	462	57	0	1	462	30810	32195	0.0	832
Query_1	321846_PVUL01000003.1	88.095	462	51	1	1	462	482482	481109	0.0	832
Query_1	33069_UUJJ01000001.1	87.446	462	58	0	1	462	180087	181472	0.0	832
Query_1	33069_UTBW01000347.1	87.446	462	58	0	1	462	180087	181472	0.0	832
Query_1	244566_JRXV01000011.1	88.312	462	50	1	1	462	324210	322837	0.0	832
Query_1	33069_UWEE01000142.1	88.312	462	50	1	1	462	494165	492792	0.0	832
Query_1	33069_UVYF01000266.1	88.312	462	50	1	1	462	155888	157261	0.0	832
Query_1	33069_UUPO01000004.1	88.312	462	50	1	1	462	112353	113726	0.0	832
Query_1	294_CABVGW010000001.1	88.312	462	50	1	1	462	317233	315860	0.0	832
Query_1	911240_ATLQ01000023.1	87.662	462	57	0	1	462	53467	54852	0.0	832
Query_1	33069_UWBY01000142.1	88.312	462	50	1	1	462	367489	366116	0.0	832
Query_1	1078355_LHVO01000052.1	87.879	462	52	1	1	462	7895	6522	0.0	831
Query_1	1848723_PCQI01000003.1	88.095	462	51	1	1	462	394841	393468	0.0	830
Query_1	244566_PCQP01000004.1	88.095	462	51	1	1	462	394830	393457	0.0	830
Query_1	244566_PCQK01000003.1	88.095	462	51	1	1	462	406438	405065	0.0	830
Query_1	244566_PCQG01000007.1	88.095	462	51	1	1	462	213559	212186	0.0	830
Query_1	244566_PCQF01000002.1	88.095	462	51	1	1	462	406626	405253	0.0	830
Query_1	244566_PCPX01000003.1	88.095	462	51	1	1	462	406634	405261	0.0	830
Query_1	244566_CP023272.1	88.095	462	51	1	1	462	2854392	2855765	0.0	830
Query_1	463794_AKXH02000029.1	87.229	462	59	0	1	462	1498	113	0.0	830
Query_1	1986995_NGUS01000081.1	87.229	462	59	0	1	462	12458	11073	0.0	830
Query_1	1197727_AKVH01000091.1	87.229	462	59	0	1	462	34948	33563	0.0	830
Query_1	2169583_CP038001.1	87.229	462	59	0	1	462	3747976	3746591	0.0	830
Query_1	244566_CP015639.1	88.095	462	51	1	1	462	3040596	3039223	0.0	830
Query_1	294_MSDE01000014.1	87.446	462	58	0	1	462	263026	261641	0.0	829
Query_1	2293833_QUZT01000077.1	87.229	462	59	0	1	462	9966	8581	0.0	829
Query_1	2083056_PTEO01000001.1	87.446	462	58	0	1	462	3438335	3436950	0.0	829
Query_1	321846_CP010896.1	87.879	462	52	1	1	462	2967124	2968497	0.0	829
Query_1	294_CABVIZ010000008.1	88.095	462	51	1	1	462	153895	155268	0.0	829
Query_1	244566_PDJB01000001.1	88.095	462	51	1	1	462	3014649	3016022	0.0	829
Query_1	2070565_PODQ01000013.1	87.229	462	59	0	1	462	35051	33666	0.0	828
Query_1	2070562_PODN01000014.1	87.229	462	59	0	1	462	56239	57624	0.0	828
Query_1	2070570_PODV01000028.1	87.229	462	59	0	1	462	18286	16901	0.0	828
Query_1	2070571_PODW01000074.1	87.229	462	59	0	1	462	35051	33666	0.0	828
Query_1	2070567_PODS01000103.1	87.229	462	59	0	1	462	6518	7903	0.0	828
Query_1	2070572_PODX01000027.1	87.229	462	59	0	1	462	18286	16901	0.0	828
Query_1	2070563_PODO01000003.1	87.229	462	59	0	1	462	157237	158622	0.0	828
Query_1	2070568_PODT01000024.1	87.229	462	59	0	1	462	18286	16901	0.0	828
Query_1	2070573_PODY01000013.1	87.229	462	59	0	1	462	56239	57624	0.0	828
Query_1	2070564_PODP01000012.1	87.229	462	59	0	1	462	63178	64563	0.0	828
Query_1	2070569_PODU01000015.1	87.229	462	59	0	1	462	56226	57611	0.0	828
Query_1	2070566_PODR01000018.1	87.229	462	59	0	1	462	56237	57622	0.0	828
Query_1	294_CABVHS010000003.1	87.879	462	52	1	1	462	386261	384888	0.0	828
Query_1	321846_CP005975.1	87.879	462	52	1	1	462	4968635	4967262	0.0	828
Query_1	321846_AVQG01000056.1	87.879	462	52	1	1	462	287982	286609	0.0	828
Query_1	321846_FOKB01000005.1	87.662	462	53	1	1	462	148195	149568	0.0	828
Query_1	321846_MDFH01000016.1	87.662	462	53	1	1	462	317493	316120	0.0	828
Query_1	321846_JXQT01000013.1	87.662	462	53	1	1	462	19550	18177	0.0	828
Query_1	294_CABVHV010000001.1	87.662	462	53	1	1	462	1076442	1075069	0.0	827
Query_1	47883_CP027754.1	87.662	462	57	0	1	462	3351823	3353208	0.0	827
Query_1	33069_UVWZ01000171.1	87.879	462	52	1	1	462	110098	111471	0.0	827
Query_1	294_QFBM01000018.1	87.229	462	59	0	1	462	55637	57022	0.0	827
Query_1	321846_CP007637.1	87.662	462	53	1	1	462	2971548	2972921	0.0	827
Query_1	33069_UUPU01000008.1	88.095	462	51	1	1	462	176021	177394	0.0	827
Query_1	1144885_JH635997.1	87.662	462	53	1	1	462	3233779	3232406	0.0	827
Query_1	294_CABVHH010000003.1	87.662	462	53	1	1	462	233366	231993	0.0	826
Query_1	33069_UTBG01000094.1	87.446	462	54	1	1	462	5220	3847	0.0	825
Query_1	294_CP031450.1	87.013	462	60	0	1	462	3305700	3307085	0.0	825
Query_1	515393_LT629793.1	86.580	462	62	0	1	462	6901795	6903180	0.0	824
Query_1	200451_CP034537.1	86.580	462	62	0	1	462	5047884	5046499	0.0	823
Query_1	515393_CP012400.2	86.364	462	63	0	1	462	3325057	3323672	0.0	823
Query_1	200450_LT629760.1	86.580	462	62	0	1	462	4036246	4037631	0.0	823
Query_1	200450_MDFJ01000051.1	86.580	462	62	0	1	462	96470	97855	0.0	823
Query_1	200450_JYLK01000010.1	86.580	462	62	0	1	462	8696	7311	0.0	823
Query_1	2153360_QAJM01000002.1	87.013	462	56	1	1	462	229670	228297	0.0	823
Query_1	1125977_AHHC01000031.1	86.580	462	62	0	1	462	31569	30184	0.0	822
Query_1	1240676_AMXG01000051.1	86.364	462	63	0	1	462	146510	147895	0.0	822
Query_1	2067572_CP025624.1	86.739	460	61	0	1	460	3510246	3508867	0.0	822
Query_1	76761_CP018420.1	88.095	462	55	0	1	462	3290076	3291461	0.0	821
Query_1	76761_JXWQ02000001.1	88.095	462	55	0	1	462	3375250	3376635	0.0	821
Query_1	1295141_LT599583.1	88.095	462	55	0	1	462	3468310	3466925	0.0	821
Query_1	1295141_LT599583.1	38.710	62	38	0	358	419	3528356	3528171	8.4	44.3
Query_1	1295141_LT599583.1	27.907	172	110	5	288	459	3533996	3533523	9.0	44.3
Query_1	1295141_AOUH01000011.1	88.095	462	55	0	1	462	208887	210272	0.0	821
Query_1	1295141_AOUH01000011.1	38.710	62	38	0	358	419	148841	149026	8.4	44.3
Query_1	1295141_AOUH01000011.1	27.907	172	110	5	288	459	143201	143674	9.0	44.3
Query_1	2083055_CP026880.1	88.095	462	55	0	1	462	1923424	1924809	0.0	821
Query_1	2135581_QUNQ01000001.1	88.095	462	55	0	1	462	204565	205950	0.0	821
Query_1	2135578_QUMY01000001.1	88.095	462	55	0	1	462	204565	205950	0.0	821
Query_1	2135759_QBUF01000001.1	88.095	462	55	0	1	462	204370	205755	0.0	821
Query_1	2135753_QJTQ01000001.1	88.095	462	55	0	1	462	204370	205755	0.0	821
Query_1	2135755_SLYG01000001.1	88.095	462	55	0	1	462	204370	205755	0.0	821
Query_1	2135579_QUNV01000001.1	88.095	462	55	0	1	462	204370	205755	0.0	821
Query_1	2135577_QUNM01000001.1	88.095	462	55	0	1	462	152168	153553	0.0	821
Query_1	1436001_JGYI01000018.1	87.879	462	56	0	1	462	120193	121578	0.0	820
Query_1	2070574_PODZ01000017.1	87.879	462	56	0	1	462	72519	71134	0.0	820
Query_1	2070575_POEA01000004.1	87.879	462	56	0	1	462	72519	71134	0.0	820
Query_1	2070576_POEB01000016.1	87.879	462	56	0	1	462	72518	71133	0.0	820
Query_1	2070577_POEC01000009.1	87.879	462	56	0	1	462	72519	71134	0.0	820
Query_1	76761_RXYI01000041.1	87.879	462	56	0	1	462	11043	9658	0.0	820
Query_1	1163065_ANNV01000175.1	86.580	462	58	1	1	462	66787	65414	0.0	819
Query_1	76761_ML137223.1	87.879	462	56	0	1	462	518248	516863	0.0	819
Query_1	76761_RXYH01000007.1	87.879	462	56	0	1	462	27125	28510	0.0	819
Query_1	2719587_JAARNI010000004.1	86.492	459	62	0	1	459	139762	141138	0.0	819
Query_1	2013577_NIXO01000039.1	85.714	462	66	0	1	462	43769	45154	0.0	818
Query_1	76761_CP039631.3	87.662	462	57	0	1	462	5278917	5277532	0.0	818
Query_1	76761_CP039631.3	27.907	172	110	5	288	459	1761234	1761707	7.7	44.3
Query_1	76761_MULN01000207.1	87.879	462	56	0	1	462	116826	115441	0.0	818
Query_1	76761_JYLL01000004.1	87.879	462	56	0	1	462	74195	75580	0.0	818
Query_1	307251_FNSP01000004.1	87.879	462	56	0	1	462	4004761	4003376	0.0	818
Query_1	1771311_LPNO01000002.1	86.275	459	63	0	1	459	208205	206829	0.0	817
Query_1	1869229_MAUE01000023.1	86.871	457	60	0	1	457	156280	157650	0.0	816
Query_1	2137766_PYWW01000055.1	86.871	457	60	0	1	457	156601	157971	0.0	816
Query_1	2054919_CP025263.1	86.364	462	59	1	1	462	3384682	3386055	0.0	813
Query_1	33069_UVYS01000406.1	86.364	462	59	1	1	462	252866	254239	0.0	812
Query_1	1844100_CVTL01000002.1	86.797	462	61	0	1	462	79546	80931	0.0	810
Query_1	1844099_CVTM01000046.1	86.797	462	61	0	1	462	394102	392717	0.0	810
Query_1	1231390_AMZG01000063.1	86.797	462	61	0	1	462	35677	37062	0.0	810
Query_1	2135595_QTUF01000004.1	86.797	462	61	0	1	462	448061	446676	0.0	810
Query_1	33069_UWFG01000272.1	85.931	462	61	1	1	462	372445	371072	0.0	810
Query_1	33069_UVZA01000036.1	85.931	462	61	1	1	462	816	2189	0.0	810
Query_1	33069_UVSY01000021.1	85.931	462	61	1	1	462	792	2165	0.0	810
Query_1	33069_UUKI01000034.1	85.931	462	61	1	1	462	376056	374683	0.0	810
Query_1	33069_UUJY01000005.1	85.931	462	61	1	1	462	168324	169697	0.0	810
Query_1	2184010_QFZX01000004.1	86.580	462	62	0	1	462	63437	64822	0.0	810
Query_1	294_SPVI01000003.1	86.580	462	62	0	1	462	31702	30317	0.0	808
Query_1	294_QGAF01000005.1	87.751	449	51	1	14	462	96	1430	0.0	806
Query_1	2597349_VOBH01000030.1	84.199	462	73	0	1	462	30686	29301	0.0	805
Query_1	2597350_VOBG01000027.1	84.199	462	73	0	1	462	30686	29301	0.0	805
Query_1	1055468_WLYI01000022.1	84.198	405	64	0	1	405	31446	32660	0.0	710
Query_1	1055468_WLYI01000022.1	54.206	107	46	1	359	462	32928	33248	4.13e-19	105
Query_1	294_CP032618.1	84.069	408	65	0	1	408	2986997	2988220	0.0	709
Query_1	294_CP032618.1	46.154	130	59	2	336	462	2988434	2988799	3.23e-17	99.4
Query_1	129817_LVWZ01000034.1	83.824	408	66	0	1	408	51686	52909	0.0	706
Query_1	129817_LVWZ01000034.1	46.154	130	59	2	336	462	53123	53488	5.25e-17	99.0
Query_1	294_UGUR01000001.1	83.578	408	67	0	1	408	2892701	2893924	0.0	705
Query_1	294_UGUR01000001.1	46.154	130	59	2	336	462	2894138	2894503	3.14e-17	99.4
Query_1	294_JJOE01000037.1	83.578	408	67	0	1	408	24270	23047	0.0	705
Query_1	294_JJOE01000037.1	46.154	130	59	2	336	462	22833	22468	2.99e-17	99.8
Query_1	294_JSFM01000005.1	83.578	408	67	0	1	408	94881	96104	0.0	705
Query_1	294_JSFM01000005.1	46.154	130	59	2	336	462	96318	96683	2.14e-17	100
Query_1	294_JSFL01000030.1	83.578	408	67	0	1	408	92776	93999	0.0	705
Query_1	294_JSFL01000030.1	46.154	130	59	2	336	462	94213	94578	2.14e-17	100
Query_1	1055469_WNNK01000005.1	83.333	408	68	0	1	408	144409	145632	0.0	705
Query_1	1055469_WNNK01000005.1	55.340	103	43	1	363	462	145903	146211	1.88e-20	109
Query_1	2083054_CP026881.1	83.333	408	68	0	1	408	5637072	5638295	0.0	704
Query_1	2083054_CP026881.1	47.692	130	57	2	336	462	5638509	5638874	7.16e-19	104
Query_1	294_CABVHT010000001.1	82.843	408	70	0	1	408	351977	353200	0.0	699
Query_1	294_CABVHT010000001.1	47.692	130	57	2	336	462	353414	353779	1.29e-18	103
Query_1	1215111_BDAH01000002.1	83.578	408	67	0	1	408	189025	190248	0.0	699
Query_1	1215111_BDAH01000002.1	57.282	103	41	1	363	462	190519	190827	8.30e-20	107
Query_1	46679_UYXW01000002.1	83.578	408	67	0	1	408	310739	309516	0.0	699
Query_1	46679_UYXW01000002.1	57.282	103	41	1	363	462	309245	308937	8.31e-20	107
Query_1	46679_LS483433.1	83.578	408	67	0	1	408	2724160	2725383	0.0	699
Query_1	46679_LS483433.1	57.282	103	41	1	363	462	2725654	2725962	8.32e-20	107
Query_1	46679_LS483433.1	36.364	66	40	1	364	429	138079	137888	6.3	44.7
Query_1	46679_LT629802.1	83.578	408	67	0	1	408	2234079	2232856	0.0	699
Query_1	46679_LT629802.1	57.282	103	41	1	363	462	2232585	2232277	8.32e-20	107
Query_1	46679_LT629802.1	36.364	66	40	1	364	429	4820167	4820358	6.3	44.7
Query_1	294_JENC01000035.1	82.598	408	71	0	1	408	13148	11925	0.0	698
Query_1	294_JENC01000035.1	47.692	130	57	2	336	462	11711	11346	3.77e-19	105
Query_1	294_UGUS01000002.1	82.598	408	71	0	1	408	3260607	3261830	0.0	697
Query_1	294_UGUS01000002.1	45.610	410	167	7	1	408	3075305	3076372	3.77e-89	310
Query_1	294_UGUS01000002.1	33.333	426	219	15	1	418	2662486	2663592	4.79e-40	167
Query_1	294_UGUS01000002.1	48.361	122	48	2	356	462	3262044	3262409	4.89e-18	102
Query_1	294_UGUS01000002.1	44.628	121	52	2	357	462	3076607	3076969	3.68e-14	90.1
Query_1	294_CP008896.1	82.598	408	71	0	1	408	710500	711723	0.0	697
Query_1	294_CP008896.1	45.610	410	167	7	1	408	1300416	1299349	3.77e-89	310
Query_1	294_CP008896.1	33.333	426	219	15	1	418	249647	250753	4.79e-40	167
Query_1	294_CP008896.1	48.361	122	48	2	356	462	711937	712302	4.89e-18	102
Query_1	294_CP008896.1	44.628	121	52	2	357	462	1299114	1298752	3.68e-14	90.1
Query_1	129817_SNZI01000003.1	82.353	408	72	0	1	408	201833	200610	0.0	697
Query_1	129817_SNZI01000003.1	47.692	130	57	2	336	462	200396	200031	6.89e-19	104
Query_1	219574_FNTR01000004.1	82.353	408	72	0	1	408	3855019	3856242	0.0	697
Query_1	219574_FNTR01000004.1	47.692	130	57	2	336	462	3856456	3856821	7.76e-19	104
Query_1	219574_VXJX01000011.1	82.353	408	72	0	1	408	21601	22824	0.0	697
Query_1	219574_VXJX01000011.1	47.692	130	57	2	336	462	23038	23403	7.70e-19	104
Query_1	219574_VFEV01000022.1	82.353	408	72	0	1	408	105264	106487	0.0	697
Query_1	219574_VFEV01000022.1	47.692	130	57	2	336	462	106701	107066	7.70e-19	104
Query_1	1718920_LKBY01000146.1	82.108	408	73	0	1	408	102696	103919	0.0	696
Query_1	1718920_LKBY01000146.1	46.923	130	58	2	336	462	104133	104498	3.65e-18	102
Query_1	78544_UYXZ01000001.1	82.108	408	73	0	1	408	263443	262220	0.0	696
Query_1	78544_UYXZ01000001.1	34.272	426	215	17	1	418	320277	319171	5.34e-39	164
Query_1	78544_UYXZ01000001.1	46.923	130	58	2	336	462	262006	261641	3.66e-18	102
Query_1	78544_UYXZ01000001.1	35.922	103	59	4	367	462	318771	318463	5.0	45.1
Query_1	78544_FNKR01000003.1	82.108	408	73	0	1	408	704263	703040	0.0	696
Query_1	78544_FNKR01000003.1	34.272	426	215	17	1	418	761097	759991	5.35e-39	164
Query_1	78544_FNKR01000003.1	46.923	130	58	2	336	462	702826	702461	3.66e-18	102
Query_1	78544_FNKR01000003.1	35.922	103	59	4	367	462	759591	759283	5.0	45.1
Query_1	78544_VFEW01000001.1	82.108	408	73	0	1	408	290651	291874	0.0	696
Query_1	78544_VFEW01000001.1	34.272	426	215	17	1	418	233817	234923	5.34e-39	164
Query_1	78544_VFEW01000001.1	46.923	130	58	2	336	462	292088	292453	3.66e-18	102
Query_1	78544_VFEW01000001.1	35.922	103	59	4	367	462	235323	235631	5.0	45.1
Query_1	78544_MNPU01000001.1	82.108	408	73	0	1	408	290651	291874	0.0	696
Query_1	78544_MNPU01000001.1	34.272	426	215	17	1	418	233817	234923	5.34e-39	164
Query_1	78544_MNPU01000001.1	46.923	130	58	2	336	462	292088	292453	3.66e-18	102
Query_1	78544_MNPU01000001.1	35.922	103	59	4	367	462	235323	235631	5.0	45.1
Query_1	2654238_CP045254.1	82.598	408	71	0	1	408	3015385	3016608	0.0	696
Query_1	2654238_CP045254.1	48.462	130	56	2	336	462	3016822	3017187	5.76e-19	104
Query_1	1917281_MIFU01000075.1	81.863	408	74	0	1	408	124622	123399	0.0	694
Query_1	1917281_MIFU01000075.1	47.692	130	57	2	336	462	123185	122820	6.00e-19	104
Query_1	1844109_CVTS01000038.1	82.353	408	72	0	1	408	152037	150814	0.0	692
Query_1	1844109_CVTS01000038.1	47.692	130	57	2	336	462	150600	150235	9.89e-19	103
Query_1	129817_LT629800.1	82.353	408	72	0	1	408	1956257	1955034	0.0	692
Query_1	129817_LT629800.1	45.854	410	166	7	1	408	1474947	1476014	3.06e-89	311
Query_1	129817_LT629800.1	37.574	338	183	9	88	418	1478473	1477523	2.32e-43	177
Query_1	129817_LT629800.1	47.692	130	57	2	336	462	1954820	1954455	9.91e-19	103
Query_1	129817_LT629800.1	50.000	102	48	1	364	462	1476306	1476611	9.36e-15	92.0
Query_1	129817_VUOL01000001.1	82.353	408	72	0	1	408	318724	317501	0.0	692
Query_1	129817_VUOL01000001.1	47.692	130	57	2	336	462	317287	316922	9.89e-19	103
