Query_1	190721_VZPV01000003.1	98.577	492	7	0	1	492	145998	147473	0.0	908
Query_1	190721_PKPB01000009.1	98.577	492	7	0	1	492	67494	68969	0.0	908
Query_1	190721_CP016023.1	98.577	492	7	0	1	492	799637	798162	0.0	908
Query_1	1676617_LFZM01000001.1	96.545	492	17	0	1	492	3949	2474	0.0	894
Query_1	2502228_SCOA01000005.1	96.545	492	17	0	1	492	4042	2567	0.0	894
Query_1	190721_PKPC01000005.1	96.138	492	19	0	1	492	281342	279867	0.0	892
Query_1	876364_CP017749.1	84.711	484	73	1	9	492	370934	369486	0.0	787
Query_1	1389192_CP017752.1	84.917	484	72	1	9	492	1625620	1627068	0.0	786
Query_1	367825_CP017755.1	84.711	484	73	1	9	492	2586746	2585298	0.0	786
Query_1	1080187_KB903204.1	83.539	486	79	1	7	492	12751	14205	0.0	783
Query_1	2184574_QTPO01000018.1	84.742	485	70	1	8	492	27684	29126	0.0	775
Query_1	2184572_QTPQ01000015.1	83.333	486	77	1	7	492	16803	15358	0.0	771
Query_1	488447_QTQV01000009.1	81.443	485	86	1	8	492	209870	208428	0.0	770
Query_1	1038869_BBJJ01000086.1	83.019	477	81	0	16	492	19190	17760	0.0	770
Query_1	1038869_AXAN01000071.1	83.019	477	81	0	16	492	3531	4961	0.0	770
Query_1	1503054_LPKJ01000075.1	81.481	486	86	1	7	492	5702	7147	0.0	769
Query_1	1503054_LPKK01000112.1	81.481	486	86	1	7	492	5702	7147	0.0	769
Query_1	2184548_QTQO01000025.1	81.443	485	86	1	8	492	88769	90211	0.0	769
Query_1	2184560_QTQC01000027.1	81.443	485	86	1	8	492	88769	90211	0.0	769
Query_1	2184561_QTQB01000027.1	81.443	485	86	1	8	492	88769	90211	0.0	769
Query_1	2184573_QTPP01000064.1	83.333	486	77	1	7	492	9588	11033	0.0	768
Query_1	1503054_LOZV01000031.1	81.276	486	87	1	7	492	6688	8133	0.0	767
Query_1	2184568_QTPU01000042.1	82.887	485	79	1	8	492	35452	36894	0.0	765
Query_1	2184560_QTQC01000038.1	82.887	485	79	1	8	492	35452	36894	0.0	765
Query_1	2184561_QTQB01000040.1	82.887	485	79	1	8	492	35452	36894	0.0	765
Query_1	2184562_QTQA01000036.1	82.887	485	79	1	8	492	35452	36894	0.0	765
Query_1	28450_CP012041.1	81.198	484	91	0	9	492	283120	281669	0.0	764
Query_1	28450_CP012041.1	29.249	253	146	10	76	316	870405	871100	3.55e-05	61.6
Query_1	1503053_LOWA01000046.1	83.230	483	81	0	10	492	32897	31449	0.0	761
Query_1	1740163_CP013449.1	83.644	483	79	0	10	492	139211	137763	0.0	760
Query_1	1740163_CP013449.1	25.573	262	165	7	66	315	382645	383376	9.78e-09	73.2
Query_1	1086510_JAVP01000021.1	83.644	483	79	0	10	492	34222	32774	0.0	760
Query_1	1503053_FXAN01000042.1	83.023	483	82	0	10	492	43269	41821	0.0	759
Query_1	2292265_QUBS01000064.1	82.887	485	79	1	8	492	5945	7387	0.0	757
Query_1	1249661_CP004095.1	84.382	461	72	0	32	492	2686686	2688068	0.0	751
Query_1	430531_JAVA01000007.1	84.382	461	72	0	32	492	58286	56904	0.0	751
Query_1	430531_JAUY01000187.1	84.382	461	72	0	32	492	14585	15967	0.0	751
Query_1	430531_CM003626.1	84.382	461	72	0	32	492	2653787	2655169	0.0	751
Query_1	57975_CP023499.1	84.382	461	72	0	32	492	10891	12273	0.0	751
Query_1	28450_CP037758.1	81.405	484	90	0	9	492	2298791	2300242	0.0	751
Query_1	28450_CP037758.1	27.362	307	187	12	25	316	1724135	1723278	8.09e-06	63.9
Query_1	1408264_AXDS01000013.1	81.198	484	91	0	9	492	84644	83193	0.0	751
Query_1	28450_UVOR01000011.1	81.405	484	90	0	9	492	84271	82820	0.0	751
Query_1	28450_UVOM01000008.1	81.405	484	90	0	9	492	83414	84865	0.0	751
Query_1	28450_UVGM01000005.1	81.405	484	90	0	9	492	83463	84914	0.0	751
Query_1	28450_UVGL01000007.1	81.405	484	90	0	9	492	33992	35443	0.0	751
Query_1	28450_UVGN01000002.1	81.405	484	90	0	9	492	218598	217147	0.0	751
Query_1	28450_UVGK01000004.1	81.405	484	90	0	9	492	83473	84924	0.0	751
Query_1	28450_UVGJ01000003.1	81.405	484	90	0	9	492	224092	222641	0.0	751
Query_1	28450_UVGG01000004.1	81.405	484	90	0	9	492	218561	217110	0.0	751
Query_1	28450_UVGI01000004.1	81.405	484	90	0	9	492	218592	217141	0.0	751
Query_1	28450_UVGH01000001.1	81.405	484	90	0	9	492	83467	84918	0.0	751
Query_1	28450_UVGE01000004.1	81.405	484	90	0	9	492	113427	111976	0.0	751
Query_1	28450_UVGF01000001.1	81.405	484	90	0	9	492	218591	217140	0.0	751
Query_1	1435990_KN322990.1	81.405	484	90	0	9	492	1292602	1294053	0.0	750
Query_1	1435990_KN322990.1	29.600	250	143	10	76	313	687294	686608	2.39e-05	62.4
Query_1	1435990_KN322990.1	28.689	122	79	2	75	196	1556227	1555886	3.97e-05	61.6
Query_1	28450_CP041220.1	81.405	484	90	0	9	492	3730183	3728732	0.0	750
Query_1	28450_CP041220.1	29.600	250	143	10	76	313	240407	241093	2.43e-05	62.4
Query_1	28450_CP041218.1	81.405	484	90	0	9	492	3730069	3728618	0.0	750
Query_1	28450_CP041218.1	29.600	250	143	10	76	313	240411	241097	2.43e-05	62.4
Query_1	28450_CP018395.1	81.405	484	90	0	9	492	3421760	3423211	0.0	750
Query_1	28450_CP018395.1	29.644	253	145	10	76	316	2869024	2868329	7.23e-06	63.9
Query_1	28450_CP009545.1	81.405	484	90	0	9	492	97464	96013	0.0	750
Query_1	28450_CP009545.1	29.249	253	146	10	76	316	610718	611413	3.55e-05	61.6
Query_1	28450_KN150957.1	80.992	484	92	0	9	492	398969	400420	0.0	750
Query_1	28450_KN150957.1	29.600	250	143	10	76	313	4017926	4017240	2.43e-05	62.4
Query_1	320373_CP000570.1	81.405	484	90	0	9	492	1519018	1517567	0.0	750
Query_1	320373_CP000570.1	29.249	253	146	10	76	316	2032266	2032961	3.55e-05	61.6
Query_1	320390_AAHO01000022.1	81.198	484	91	0	9	492	2476	1025	0.0	749
Query_1	334802_DS264094.1	81.198	484	91	0	9	492	334715	333264	0.0	749
Query_1	334802_DS264094.1	27.362	307	187	12	25	316	533002	532145	8.09e-06	63.9
Query_1	1436056_JAVI01000071.1	81.198	484	91	0	9	492	16995	18446	0.0	749
Query_1	1085027_AHJA01000040.1	81.198	484	91	0	9	492	97508	98959	0.0	749
Query_1	370895_CH899694.1	81.198	484	91	0	9	492	1277102	1278553	0.0	749
Query_1	370895_CH899694.1	27.362	307	187	12	25	316	1079958	1080815	8.09e-06	63.9
Query_1	1434931_JPWQ01000114.1	81.198	484	91	0	9	492	25649	24198	0.0	749
Query_1	1241583_ARZN01000006.1	81.198	484	91	0	9	492	78927	80378	0.0	749
Query_1	1241583_CP003976.1	81.198	484	91	0	9	492	155338	156789	0.0	749
Query_1	1241583_CP003976.1	29.600	250	143	10	76	313	3577202	3576516	1.77e-05	62.8
Query_1	1382521_AWGP01000028.1	81.198	484	91	0	9	492	30141	31592	0.0	749
Query_1	320389_CP007802.1	81.198	484	91	0	9	492	2703411	2704862	0.0	749
Query_1	320389_CP000548.1	81.198	484	91	0	9	492	613348	611897	0.0	749
Query_1	1382518_AWGS01000032.1	81.198	484	91	0	9	492	27468	26017	0.0	749
Query_1	1435986_KN323071.1	81.198	484	91	0	9	492	2192503	2191052	0.0	749
Query_1	1435986_KN323071.1	29.600	250	143	10	76	313	1699969	1700655	2.56e-05	62.4
Query_1	243160_CP000010.1	81.198	484	91	0	9	492	867784	866333	0.0	749
Query_1	243160_CP000010.1	27.362	307	187	12	25	316	1064440	1063583	8.09e-06	63.9
Query_1	1434199_KN323035.1	81.198	484	91	0	9	492	2168358	2169809	0.0	749
Query_1	1434199_KN323035.1	29.249	253	146	10	76	316	1590504	1589809	2.12e-05	62.4
Query_1	1434199_KN323035.1	28.689	122	79	2	75	196	3665968	3666309	3.87e-05	61.6
Query_1	1435985_CM003019.1	81.198	484	91	0	9	492	3147487	3146036	0.0	749
Query_1	1435985_CM003019.1	29.600	250	143	10	76	313	3657272	3656586	2.56e-05	62.4
Query_1	1382516_AWGQ01000163.1	81.198	484	91	0	9	492	27457	26006	0.0	749
Query_1	13373_UFUG01000001.1	81.198	484	91	0	9	492	867366	865915	0.0	749
Query_1	13373_UFUG01000001.1	27.362	307	187	12	25	316	1064022	1063165	8.09e-06	63.9
Query_1	13373_UAVO01000014.1	81.198	484	91	0	9	492	282174	283625	0.0	749
Query_1	13373_UAVO01000014.1	27.362	307	187	12	25	316	187121	187978	8.08e-06	63.9
Query_1	13373_FXLG01000042.1	81.198	484	91	0	9	492	163305	161854	0.0	749
Query_1	13373_CM012065.1	81.198	484	91	0	9	492	3275468	3276919	0.0	749
Query_1	13373_CM012065.1	27.362	307	187	12	25	316	3078812	3079669	8.09e-06	63.9
Query_1	13373_CM012066.1	81.198	484	91	0	9	492	1725618	1724167	0.0	749
Query_1	13373_CM012068.1	81.198	484	91	0	9	492	1192562	1191111	0.0	749
Query_1	13373_CM012067.1	81.198	484	91	0	9	492	3457435	3455984	0.0	749
Query_1	13373_RKJY01000001.1	81.198	484	91	0	9	492	1649873	1648422	0.0	749
Query_1	13373_RKJY01000001.1	27.362	307	187	12	25	316	2097692	2098549	8.09e-06	63.9
Query_1	13373_RKJX01000001.1	81.198	484	91	0	9	492	2697087	2698538	0.0	749
Query_1	13373_RKJX01000001.1	27.362	307	187	12	25	316	2118438	2117581	8.09e-06	63.9
Query_1	13373_RBMN01000026.1	81.198	484	91	0	9	492	21309	22760	0.0	749
Query_1	13373_RBMH01000022.1	81.198	484	91	0	9	492	27469	26018	0.0	749
Query_1	13373_RBMM01000021.1	81.198	484	91	0	9	492	27469	26018	0.0	749
Query_1	13373_RBMK01000028.1	81.198	484	91	0	9	492	27469	26018	0.0	749
Query_1	13373_RBMJ01000019.1	81.198	484	91	0	9	492	30206	31657	0.0	749
Query_1	13373_RBML01000017.1	81.198	484	91	0	9	492	27469	26018	0.0	749
Query_1	13373_RBMI01000018.1	81.198	484	91	0	9	492	27530	26079	0.0	749
Query_1	13373_JXNW01000024.1	81.198	484	91	0	9	492	27389	25938	0.0	749
Query_1	13373_JXNY01000030.1	81.198	484	91	0	9	492	27654	26203	0.0	749
Query_1	13373_JXNX01000029.1	81.198	484	91	0	9	492	30089	31540	0.0	749
Query_1	13373_JXDK01000027.1	81.198	484	91	0	9	492	30382	31833	0.0	749
Query_1	13373_JXQN01000028.1	81.198	484	91	0	9	492	27389	25938	0.0	749
Query_1	13373_CP009931.1	81.198	484	91	0	9	492	867715	866264	0.0	749
Query_1	13373_CP009931.1	27.362	307	187	12	25	316	1064371	1063514	8.09e-06	63.9
Query_1	13373_CP009741.1	81.198	484	91	0	9	492	1226932	1225481	0.0	749
Query_1	13373_CP009739.1	81.198	484	91	0	9	492	1964422	1962971	0.0	749
Query_1	13373_CP009737.1	81.198	484	91	0	9	492	1926998	1925547	0.0	749
Query_1	13373_CP009735.1	81.198	484	91	0	9	492	1926951	1925500	0.0	749
Query_1	13373_CP009733.1	81.198	484	91	0	9	492	1927109	1925658	0.0	749
Query_1	13373_CP009731.1	81.198	484	91	0	9	492	1991906	1990455	0.0	749
Query_1	13373_CP009729.1	81.198	484	91	0	9	492	1940042	1938591	0.0	749
Query_1	13373_CP009929.1	81.198	484	91	0	9	492	867709	866258	0.0	749
Query_1	13373_CP009929.1	27.362	307	187	12	25	316	1064363	1063506	8.09e-06	63.9
Query_1	13373_CP009727.1	81.198	484	91	0	9	492	1862068	1860617	0.0	749
Query_1	13373_CP010348.1	81.198	484	91	0	9	492	1928234	1926783	0.0	749
Query_1	13373_CP009725.1	81.198	484	91	0	9	492	1862142	1860691	0.0	749
Query_1	13373_MKIU01000066.1	81.198	484	91	0	9	492	2251	800	0.0	749
Query_1	13373_MDTH01000231.1	81.198	484	91	0	9	492	30088	31539	0.0	749
Query_1	13373_MDJV01000095.1	81.198	484	91	0	9	492	27386	25935	0.0	749
Query_1	13373_LUFN01000174.1	81.198	484	91	0	9	492	30157	31608	0.0	749
Query_1	13373_LUFM01000170.1	81.198	484	91	0	9	492	27629	26178	0.0	749
Query_1	13373_LUFP01000177.1	81.198	484	91	0	9	492	5550	7001	0.0	749
Query_1	13373_LUFQ01000116.1	81.198	484	91	0	9	492	27621	26170	0.0	749
Query_1	13373_LUFO01000383.1	81.198	484	91	0	9	492	5496	6947	0.0	749
Query_1	13373_KQ440372.1	81.198	484	91	0	9	492	321699	323150	0.0	749
Query_1	13373_KQ440372.1	28.689	122	79	2	75	196	1158071	1157730	3.87e-05	61.6
Query_1	13373_KQ440321.1	81.198	484	91	0	9	492	789083	787632	0.0	749
Query_1	13373_KQ440370.1	81.198	484	91	0	9	492	794054	792603	0.0	749
Query_1	13373_KQ440334.1	81.198	484	91	0	9	492	16025	14574	0.0	749
Query_1	13373_KQ440366.1	81.198	484	91	0	9	492	80525	79074	0.0	749
Query_1	13373_KQ440310.1	81.198	484	91	0	9	492	2588370	2589821	0.0	749
Query_1	13373_KQ440310.1	28.689	122	79	2	75	196	3683052	3683393	3.87e-05	61.6
Query_1	13373_KQ440318.1	81.198	484	91	0	9	492	2236129	2237580	0.0	749
Query_1	13373_KQ440312.1	81.198	484	91	0	9	492	793266	791815	0.0	749
Query_1	13373_KQ440315.1	81.198	484	91	0	9	492	802076	800625	0.0	749
Query_1	13373_JPGF01000224.1	81.198	484	91	0	9	492	3767	2316	0.0	749
Query_1	13373_LBFF01000074.1	81.198	484	91	0	9	492	27470	26019	0.0	749
Query_1	13373_CP010065.1	81.198	484	91	0	9	492	2220899	2222350	0.0	749
Query_1	13373_CP010065.1	27.362	307	187	12	25	316	2024251	2025108	8.09e-06	63.9
Query_1	13373_CP009942.1	81.198	484	91	0	9	492	2431458	2430007	0.0	749
Query_1	13373_CP009942.1	27.362	307	187	12	25	316	2966227	2967084	8.09e-06	63.9
Query_1	13373_CP009707.1	81.198	484	91	0	9	492	26088	27539	0.0	749
Query_1	13373_CP009707.1	27.362	307	187	12	25	316	3128891	3128034	8.09e-06	63.9
Query_1	13373_CP009642.1	81.198	484	91	0	9	492	2364771	2366222	0.0	749
Query_1	13373_CP009642.1	27.362	307	187	12	25	316	2168209	2169066	8.09e-06	63.9
Query_1	13373_CP009587.1	81.198	484	91	0	9	492	2262956	2261505	0.0	749
Query_1	13373_CP009587.1	27.362	307	187	12	25	316	2460101	2459244	8.09e-06	63.9
Query_1	13373_CP009337.1	81.198	484	91	0	9	492	2186591	2188042	0.0	749
Query_1	13373_JPNX02000001.1	81.198	484	91	0	9	492	1294544	1293093	0.0	749
Query_1	13373_JPNX02000001.1	27.362	307	187	12	25	316	4194658	4195515	8.09e-06	63.9
Query_1	13373_JPNX02000001.1	28.689	122	79	2	75	196	3625465	3625806	3.87e-05	61.6
Query_1	13373_KN150847.1	81.198	484	91	0	9	492	261840	263291	0.0	749
Query_1	13373_CP008732.2	81.198	484	91	0	9	492	320278	321729	0.0	749
Query_1	13373_CP008732.2	27.362	307	187	12	25	316	3294976	3294119	8.09e-06	63.9
Query_1	13373_CP008723.1	81.198	484	91	0	9	492	3050191	3048740	0.0	749
Query_1	13373_CP008723.1	27.362	307	187	12	25	316	3145172	3144315	8.09e-06	63.9
Query_1	13373_CP008704.1	81.198	484	91	0	9	492	3072615	3071164	0.0	749
Query_1	13373_CP008704.1	27.362	307	187	12	25	316	3167689	3166832	8.09e-06	63.9
Query_1	13373_CP009148.1	81.198	484	91	0	9	492	660241	658790	0.0	749
Query_1	13373_CP009148.1	27.362	307	187	12	25	316	856897	856040	8.09e-06	63.9
Query_1	1434200_KN322996.1	81.198	484	91	0	9	492	2007860	2006409	0.0	749
Query_1	1434200_KN322996.1	29.600	250	143	10	76	313	2607102	2607788	2.43e-05	62.4
Query_1	1321247_ARZH01000091.1	81.198	484	91	0	9	492	884	2335	0.0	749
Query_1	1439858_JQGX01000087.1	81.198	484	91	0	9	492	25689	24238	0.0	749
Query_1	320388_CP000526.1	81.198	484	91	0	9	492	1322563	1321112	0.0	749
Query_1	412022_CP000546.1	81.198	484	91	0	9	492	547765	549216	0.0	749
Query_1	884204_CP004379.1	81.198	484	91	0	9	492	2331111	2329660	0.0	749
Query_1	884204_CP004379.1	27.362	307	187	12	25	316	2936496	2937353	8.09e-06	63.9
Query_1	884204_CP002833.1	81.198	484	91	0	9	492	2295208	2296659	0.0	749
Query_1	884204_CP002833.1	27.362	307	187	12	25	316	1689788	1688931	8.09e-06	63.9
Query_1	1435050_JQDK01000105.1	81.198	484	91	0	9	492	25686	24235	0.0	749
Query_1	1249473_JAUU01000234.1	81.198	484	91	0	9	492	33735	35186	0.0	749
Query_1	1249473_CP009485.1	81.198	484	91	0	9	492	815945	817396	0.0	749
Query_1	1249473_CP009485.1	29.600	250	143	10	76	313	232441	231755	2.56e-05	62.4
Query_1	1436044_JAUS01000160.1	81.198	484	91	0	9	492	26579	25128	0.0	749
Query_1	1434206_KN323004.1	80.992	484	92	0	9	492	318056	319507	0.0	749
Query_1	1434206_KN323004.1	27.687	307	186	12	25	316	3820744	3819887	3.06e-06	65.1
Query_1	1382517_AWGR01000113.1	81.198	484	91	0	9	492	30149	31600	0.0	749
Query_1	1434926_JQDE01000151.1	81.198	484	91	0	9	492	33737	35188	0.0	749
Query_1	1636425_LNJT01000004.1	84.165	461	73	0	32	492	121569	122951	0.0	749
Query_1	412021_CH899686.1	81.198	484	91	0	9	492	407145	405694	0.0	749
Query_1	412021_CH899686.1	27.362	307	187	12	25	316	984826	985683	8.09e-06	63.9
Query_1	28450_UVSK01000017.1	81.198	484	91	0	9	492	85924	84473	0.0	749
Query_1	28450_UVSL01000018.1	81.198	484	91	0	9	492	85912	84461	0.0	749
Query_1	28450_UVSI01000008.1	81.198	484	91	0	9	492	193981	192530	0.0	749
Query_1	28450_UVSH01000017.1	81.198	484	91	0	9	492	47153	48604	0.0	749
Query_1	28450_UVOG01000008.1	81.198	484	91	0	9	492	47145	48596	0.0	749
Query_1	28450_UVOA01000006.1	81.198	484	91	0	9	492	212056	210605	0.0	749
Query_1	28450_UVNY01000008.1	81.198	484	91	0	9	492	46457	47908	0.0	749
Query_1	28450_UVNX01000010.1	81.198	484	91	0	9	492	206114	204663	0.0	749
Query_1	28450_UVLA01000007.1	81.198	484	91	0	9	492	206358	204907	0.0	749
Query_1	28450_UVKT01000010.1	81.198	484	91	0	9	492	206318	204867	0.0	749
Query_1	28450_UVFF01000017.1	81.198	484	91	0	9	492	47169	48620	0.0	749
Query_1	28450_UVCD01000013.1	81.198	484	91	0	9	492	93156	91705	0.0	749
Query_1	28450_UVBW01000015.1	81.198	484	91	0	9	492	59933	61384	0.0	749
Query_1	28450_UVBH01000007.1	81.198	484	91	0	9	492	82277	80826	0.0	749
Query_1	28450_UVBF01000020.1	81.198	484	91	0	9	492	93036	91585	0.0	749
Query_1	28450_UVBD01000028.1	81.198	484	91	0	9	492	48118	49569	0.0	749
Query_1	28450_UVAW01000006.1	81.198	484	91	0	9	492	241834	243285	0.0	749
Query_1	28450_UUZO01000008.1	81.198	484	91	0	9	492	47175	48626	0.0	749
Query_1	28450_UUZD01000035.1	81.198	484	91	0	9	492	26430	24979	0.0	749
Query_1	28450_UUYR01000004.1	81.198	484	91	0	9	492	84396	85847	0.0	749
Query_1	28450_UUXX01000042.1	81.198	484	91	0	9	492	33888	35339	0.0	749
Query_1	28450_UUXV01000017.1	81.198	484	91	0	9	492	82931	84382	0.0	749
Query_1	28450_UUXB01000002.1	81.198	484	91	0	9	492	81219	82670	0.0	749
Query_1	28450_UUWP01000006.1	81.198	484	91	0	9	492	206431	204980	0.0	749
Query_1	28450_UUWG01000015.1	81.198	484	91	0	9	492	47173	48624	0.0	749
Query_1	28450_UUVV01000001.1	81.198	484	91	0	9	492	28277	26826	0.0	749
Query_1	28450_UUVC01000007.1	81.198	484	91	0	9	492	46252	47703	0.0	749
Query_1	28450_UUUQ01000011.1	81.198	484	91	0	9	492	89205	87754	0.0	749
Query_1	28450_UUTU01000009.1	81.198	484	91	0	9	492	46470	47921	0.0	749
Query_1	28450_UUTO01000007.1	81.198	484	91	0	9	492	46780	48231	0.0	749
Query_1	28450_UUTS01000007.1	81.198	484	91	0	9	492	46781	48232	0.0	749
Query_1	28450_UUTA01000009.1	81.198	484	91	0	9	492	26263	24812	0.0	749
Query_1	28450_UUSR01000011.1	81.198	484	91	0	9	492	156809	155358	0.0	749
Query_1	28450_UUSO01000036.1	81.198	484	91	0	9	492	27417	25966	0.0	749
Query_1	28450_UUSE01000010.1	81.198	484	91	0	9	492	129631	128180	0.0	749
Query_1	28450_UURN01000034.1	81.198	484	91	0	9	492	47171	48622	0.0	749
Query_1	28450_UUPZ01000034.1	81.198	484	91	0	9	492	27428	25977	0.0	749
Query_1	28450_UUPV01000001.1	81.198	484	91	0	9	492	206128	204677	0.0	749
Query_1	28450_CP038195.1	81.198	484	91	0	9	492	2322962	2324413	0.0	749
Query_1	28450_CP038195.1	27.362	307	187	12	25	316	1748432	1747575	8.09e-06	63.9
Query_1	28450_CP037972.1	81.198	484	91	0	9	492	2296555	2298006	0.0	749
Query_1	28450_CP037972.1	27.362	307	187	12	25	316	1722082	1721225	8.09e-06	63.9
Query_1	28450_CP037976.1	81.198	484	91	0	9	492	2297399	2298850	0.0	749
Query_1	28450_CP037976.1	28.058	278	165	11	53	316	1722463	1721693	5.73e-06	64.3
Query_1	28450_CP037970.1	81.198	484	91	0	9	492	2314463	2315914	0.0	749
Query_1	28450_CP037970.1	27.362	307	187	12	25	316	1740051	1739194	8.09e-06	63.9
Query_1	28450_CP037974.1	81.198	484	91	0	9	492	2295866	2297317	0.0	749
Query_1	28450_CP037974.1	27.362	307	187	12	25	316	1721070	1720213	8.09e-06	63.9
Query_1	28450_SLUE01000013.1	81.198	484	91	0	9	492	91639	93090	0.0	749
Query_1	28450_CP037760.1	81.198	484	91	0	9	492	2294230	2295681	0.0	749
Query_1	28450_CP037760.1	28.058	278	165	11	53	316	1702928	1702158	5.73e-06	64.3
Query_1	28450_CP036454.1	81.198	484	91	0	9	492	2321795	2323246	0.0	749
Query_1	28450_CP036454.1	27.362	307	187	12	25	316	1747176	1746319	8.09e-06	63.9
Query_1	28450_CP036452.1	81.198	484	91	0	9	492	2324886	2326337	0.0	749
Query_1	28450_CP036452.1	27.362	307	187	12	25	316	1750133	1749276	8.09e-06	63.9
Query_1	28450_SDKJ01000001.1	81.198	484	91	0	9	492	135798	134347	0.0	749
Query_1	28450_SDKJ01000001.1	27.362	307	187	12	25	316	736048	736905	8.08e-06	63.9
Query_1	28450_CP018383.1	81.198	484	91	0	9	492	2835053	2833602	0.0	749
Query_1	28450_CP018383.1	27.362	307	187	12	25	316	3424183	3425040	8.09e-06	63.9
Query_1	28450_CP018372.1	81.198	484	91	0	9	492	1669451	1668000	0.0	749
Query_1	28450_CP018372.1	29.600	250	143	10	76	313	2234529	2235215	2.43e-05	62.4
Query_1	28450_LXCX01000016.1	80.992	484	92	0	9	492	25788	24337	0.0	749
Query_1	28450_LXCW01000283.1	80.992	484	92	0	9	492	25766	24315	0.0	749
Query_1	28450_LXCV01000032.1	80.992	484	92	0	9	492	46211	47662	0.0	749
Query_1	28450_LXCU01000029.1	80.992	484	92	0	9	492	25741	24290	0.0	749
Query_1	28450_LXCT01000084.1	80.992	484	92	0	9	492	25788	24337	0.0	749
Query_1	28450_LXCS01000021.1	80.992	484	92	0	9	492	25788	24337	0.0	749
Query_1	28450_LXCP01000112.1	80.992	484	92	0	9	492	595	2046	0.0	749
Query_1	28450_LXCD01000008.1	81.198	484	91	0	9	492	46324	47775	0.0	749
Query_1	28450_LWVV01000192.1	81.198	484	91	0	9	492	42531	41080	0.0	749
Query_1	28450_LWYJ01000027.1	81.198	484	91	0	9	492	47100	48551	0.0	749
Query_1	28450_LWVS01000152.1	81.198	484	91	0	9	492	80979	79528	0.0	749
Query_1	28450_LWVP01000106.1	81.198	484	91	0	9	492	25844	24393	0.0	749
Query_1	28450_LAUB02000016.1	81.198	484	91	0	9	492	41223	42674	0.0	749
Query_1	28450_JYBH01000018.1	81.198	484	91	0	9	492	206731	205280	0.0	749
Query_1	28450_KN150964.1	81.198	484	91	0	9	492	1898893	1897442	0.0	749
Query_1	28450_KN150964.1	27.362	307	187	12	25	316	1288465	1287608	1.02e-05	63.5
Query_1	28450_KN150935.1	81.198	484	91	0	9	492	346638	348089	0.0	749
Query_1	28450_KN150935.1	27.273	297	183	11	25	306	720149	719313	2.91e-05	62.0
Query_1	28450_KN150886.1	81.198	484	91	0	9	492	322224	323675	0.0	749
Query_1	28450_CP008834.1	81.198	484	91	0	9	492	3957054	3958505	0.0	749
Query_1	28450_CP008834.1	27.362	307	187	12	25	316	3351644	3350787	8.09e-06	63.9
Query_1	334803_DS264107.1	81.198	484	91	0	9	492	339068	337617	0.0	749
Query_1	334803_DS264107.1	27.362	307	187	12	25	316	538787	537930	8.08e-06	63.9
Query_1	436115_AAZP01000046.1	81.198	484	91	0	9	492	23899	25350	0.0	749
Query_1	1382519_AWGN01000169.1	81.198	484	91	0	9	492	27457	26006	0.0	749
Query_1	1434207_KN323085.1	81.198	484	91	0	9	492	3868691	3867240	0.0	749
Query_1	1434207_KN323085.1	29.600	250	143	10	76	313	245205	245891	2.39e-05	62.4
Query_1	1435049_JQDM01000120.1	80.992	484	92	0	9	492	25752	24301	0.0	749
Query_1	441153_ABBQ01000373.1	81.198	484	91	0	9	492	2649	4100	0.0	749
Query_1	1435999_KN323044.1	81.198	484	91	0	9	492	3780945	3779494	0.0	749
Query_1	1435999_KN323044.1	29.600	250	143	10	76	313	323395	324081	1.91e-05	62.8
Query_1	1434930_JQDF01000107.1	80.992	484	92	0	9	492	25751	24300	0.0	749
Query_1	1306418_CP008911.1	81.198	484	91	0	9	492	3707279	3708730	0.0	749
Query_1	1306418_CP008911.1	27.362	307	187	12	25	316	3110004	3109147	9.05e-06	63.5
Query_1	1306418_AVAL01000077.1	81.198	484	91	0	9	492	46670	48121	0.0	749
Query_1	1435369_KN323010.1	81.198	484	91	0	9	492	3815235	3816686	0.0	749
Query_1	1435369_KN323010.1	27.362	307	187	12	25	316	3214622	3213765	1.02e-05	63.5
Query_1	441160_ABBJ01000632.1	81.198	484	91	0	9	492	2594	4045	0.0	749
Query_1	1434211_KN323027.1	81.198	484	91	0	9	492	1856603	1855152	0.0	749
Query_1	1434211_KN323027.1	29.600	250	143	10	76	313	2452437	2453123	2.39e-05	62.4
Query_1	1249658_CP009551.1	81.198	484	91	0	9	492	3885759	3887210	0.0	749
Query_1	1249658_CP009551.1	27.362	307	187	12	25	316	3206017	3205160	8.09e-06	63.9
Query_1	1249658_ARZO01000017.1	81.198	484	91	0	9	492	37116	38567	0.0	749
Query_1	1436052_JAVE01000035.1	81.198	484	91	0	9	492	27496	26045	0.0	749
Query_1	1436047_JAUZ01000238.1	81.198	484	91	0	9	492	16929	18380	0.0	749
Query_1	1434208_KN323024.1	81.198	484	91	0	9	492	2231536	2232987	0.0	749
Query_1	1434208_KN323024.1	29.249	253	146	10	76	316	1659986	1659291	2.91e-05	62.0
Query_1	1437004_KN323129.1	81.198	484	91	0	9	492	2379105	2377654	0.0	749
Query_1	1437004_KN323129.1	29.600	250	143	10	76	313	447849	448535	2.43e-05	62.4
Query_1	1343558_AUVJ01000201.1	81.198	484	91	0	9	492	24401	25852	0.0	749
Query_1	1435374_JREN01000128.1	81.198	484	91	0	9	492	538	1989	0.0	749
Query_1	1321258_ARZU01000141.1	81.198	484	91	0	9	492	79353	77902	0.0	749
Query_1	1343079_JAUR01000094.1	81.198	484	91	0	9	492	153739	155190	0.0	749
Query_1	1343079_ATJY01000004.1	81.198	484	91	0	9	492	225335	223884	0.0	749
Query_1	1436066_JAVV01000001.1	81.198	484	91	0	9	492	90797	92248	0.0	749
Query_1	1436067_JAVW01000009.1	81.198	484	91	0	9	492	16907	18358	0.0	749
Query_1	320371_CM000832.1	81.198	484	91	0	9	492	1898462	1897011	0.0	749
Query_1	320371_CM000832.1	27.362	307	187	12	25	316	2516736	2517593	9.05e-06	63.5
Query_1	1436043_JAUQ01000082.1	81.198	484	91	0	9	492	26449	24998	0.0	749
Query_1	1435370_KN323041.1	81.198	484	91	0	9	492	2471815	2473266	0.0	749
Query_1	1435370_KN323041.1	27.362	307	187	12	25	316	1858888	1858031	8.09e-06	63.9
Query_1	1435364_JQDP01000146.1	81.198	484	91	0	9	492	1819	3270	0.0	749
Query_1	360118_CP009298.1	81.198	484	91	0	9	492	1877796	1879247	0.0	749
Query_1	360118_CP009298.1	29.249	253	146	10	76	316	1284844	1284149	2.63e-05	62.0
Query_1	360118_AQTK01000085.1	81.198	484	91	0	9	492	28910	27459	0.0	749
Query_1	360118_CH899729.1	81.198	484	91	0	9	492	1381469	1382920	0.0	749
Query_1	360118_CH899729.1	29.249	253	146	10	76	316	789033	788338	2.63e-05	62.0
Query_1	1435363_JQGZ01000087.1	81.198	484	91	0	9	492	25682	24231	0.0	749
Query_1	1289589_APHN01000083.1	81.198	484	91	0	9	492	2398	947	0.0	749
Query_1	1262664_AOUG01000001.1	81.198	484	91	0	9	492	309547	310998	0.0	749
Query_1	1435048_JQDH01000105.1	81.198	484	91	0	9	492	25744	24293	0.0	749
Query_1	1435995_KN323058.1	81.198	484	91	0	9	492	2851443	2849992	0.0	749
Query_1	1435995_KN323058.1	27.362	307	187	12	25	316	3445459	3446316	7.17e-06	63.9
Query_1	1435989_KN322992.1	81.198	484	91	0	9	492	677371	678822	0.0	749
Query_1	1435989_KN322992.1	29.600	250	143	10	76	313	95049	94363	2.43e-05	62.4
Query_1	1343557_AUVI01000047.1	81.198	484	91	0	9	492	136834	138285	0.0	749
Query_1	1435998_KN323068.1	81.198	484	91	0	9	492	2831085	2829634	0.0	749
Query_1	1435998_KN323068.1	29.600	250	143	10	76	313	3451439	3452125	2.41e-05	62.4
Query_1	1434195_KN323039.1	81.198	484	91	0	9	492	1542945	1541494	0.0	749
Query_1	1434195_KN323039.1	29.600	250	143	10	76	313	2118327	2119013	2.58e-05	62.4
Query_1	1435362_JQDO01000081.1	81.198	484	91	0	9	492	25699	24248	0.0	749
Query_1	1306417_CP008892.1	81.198	484	91	0	9	492	3708816	3710267	0.0	749
Query_1	1306417_CP008892.1	27.362	307	187	12	25	316	3121198	3120341	8.09e-06	63.9
Query_1	1306417_AVAK01000101.1	81.198	484	91	0	9	492	47413	48864	0.0	749
Query_1	1436069_JAVY01000004.1	81.198	484	91	0	9	492	58513	59964	0.0	749
Query_1	1436051_JAVD01000060.1	81.198	484	91	0	9	492	12706	11255	0.0	749
Query_1	2020483_NMVH01000010.1	81.198	484	91	0	9	492	48902	50353	0.0	749
Query_1	1435994_CP009270.1	81.198	484	91	0	9	492	535357	536808	0.0	749
Query_1	1435994_CP009270.1	29.600	250	143	10	76	313	3884189	3883503	2.43e-05	62.4
Query_1	1439861_JQGY01000120.1	81.198	484	91	0	9	492	33920	35371	0.0	749
Query_1	1343564_AUVP01000028.1	81.198	484	91	0	9	492	143894	145345	0.0	749
Query_1	1439859_JQHT01000122.1	81.198	484	91	0	9	492	25693	24242	0.0	749
Query_1	1436065_JAVU01000005.1	81.198	484	91	0	9	492	83650	82199	0.0	749
Query_1	1435984_CP009235.1	81.198	484	91	0	9	492	2503641	2502190	0.0	749
Query_1	1435984_CP009235.1	29.600	250	143	10	76	313	3135287	3135973	2.43e-05	62.4
Query_1	1306421_CP008784.1	81.198	484	91	0	9	492	3154865	3156316	0.0	749
Query_1	1306421_CP008784.1	29.600	250	143	10	76	313	2586549	2585863	2.58e-05	62.4
Query_1	1306421_JMMV01000097.1	81.198	484	91	0	9	492	70653	69202	0.0	749
Query_1	1321246_ARZG01000015.1	81.198	484	91	0	9	492	47129	48580	0.0	749
Query_1	320372_CP000124.1	81.198	484	91	0	9	492	1884394	1882943	0.0	749
Query_1	320372_CP000124.1	27.362	307	187	12	25	316	2501316	2502173	9.05e-06	63.5
Query_1	1436042_JAUP01000219.1	81.198	484	91	0	9	492	13518	14969	0.0	749
Query_1	1321253_ARZP01000013.1	81.198	484	91	0	9	492	54889	56340	0.0	749
Query_1	1435993_KN323181.1	81.198	484	91	0	9	492	41853	40402	0.0	749
Query_1	1435993_KN323181.1	29.600	250	143	10	76	313	638534	639220	2.41e-05	62.4
Query_1	1436037_JAUK01000141.1	81.198	484	91	0	9	492	84270	82819	0.0	749
Query_1	1435987_KN322994.1	81.198	484	91	0	9	492	2272274	2270823	0.0	749
Query_1	1435987_KN322994.1	29.600	250	143	10	76	313	2868490	2869176	2.43e-05	62.4
Query_1	1321254_ARZQ01000184.1	81.198	484	91	0	9	492	126105	124654	0.0	749
Query_1	2020481_NMVE01000010.1	81.198	484	91	0	9	492	48943	50394	0.0	749
Query_1	1249475_JAVR01000009.1	81.198	484	91	0	9	492	51999	53450	0.0	749
Query_1	1249475_CP009474.1	81.198	484	91	0	9	492	3802328	3803779	0.0	749
Query_1	1249475_CP009474.1	29.249	253	146	10	76	316	3229612	3228917	3.55e-05	61.6
Query_1	1434932_JQDJ01000091.1	81.198	484	91	0	9	492	25736	24285	0.0	749
Query_1	1321248_ARZF01000031.1	81.198	484	91	0	9	492	89193	90644	0.0	749
Query_1	1321255_ARZR01000076.1	81.198	484	91	0	9	492	86035	84584	0.0	749
Query_1	1249468_ARZM01000100.1	81.198	484	91	0	9	492	33653	35104	0.0	749
Query_1	1249468_CP004001.1	81.198	484	91	0	9	492	1747200	1748651	0.0	749
Query_1	1249468_CP004001.1	27.362	307	187	12	25	316	1131522	1130665	7.29e-06	63.9
Query_1	2020484_NMVG01000010.1	81.198	484	91	0	9	492	48902	50353	0.0	749
Query_1	1343562_AUVN01000049.1	81.198	484	91	0	9	492	99652	101103	0.0	749
Query_1	331978_CP009899.1	81.198	484	91	0	9	492	2428375	2426924	0.0	749
Query_1	331978_CP009899.1	27.362	307	187	12	25	316	3046108	3046965	8.09e-06	63.9
Query_1	331978_CH899747.1	81.198	484	91	0	9	492	208357	206906	0.0	749
Query_1	331978_CH899747.1	27.362	307	187	12	25	316	823573	824430	8.09e-06	63.9
Query_1	1437003_KN323046.1	81.198	484	91	0	9	492	1632762	1634213	0.0	749
Query_1	1437003_KN323046.1	29.600	250	143	10	76	313	1036017	1035331	2.43e-05	62.4
Query_1	595498_ACKA01000031.1	81.198	484	91	0	9	492	20465	21916	0.0	749
Query_1	1343563_AUVO01000067.1	81.198	484	91	0	9	492	106853	108304	0.0	749
Query_1	536230_CP001408.1	81.198	484	91	0	9	492	1531250	1529799	0.0	749
Query_1	536230_CP001408.1	29.600	250	143	10	76	313	2136920	2137606	3.31e-05	62.0
Query_1	2020482_NMVF01000004.1	81.198	484	91	0	9	492	119245	117794	0.0	749
Query_1	1435367_KN323030.1	81.198	484	91	0	9	492	2252627	2251176	0.0	749
Query_1	1435367_KN323030.1	27.362	307	187	12	25	316	2852738	2853595	1.02e-05	63.5
Query_1	1435367_KN323030.1	28.689	122	79	2	75	196	567923	567582	3.87e-05	61.6
Query_1	1290417_APLI01000264.1	81.198	484	91	0	9	492	15374	16825	0.0	749
Query_1	1249472_JAUT01000151.1	81.198	484	91	0	9	492	46902	48353	0.0	749
Query_1	1249472_CP009478.1	81.198	484	91	0	9	492	110656	109205	0.0	749
Query_1	1249472_CP009478.1	29.600	250	143	10	76	313	731770	732456	2.39e-05	62.4
Query_1	1436999_KN323063.1	81.198	484	91	0	9	492	2100366	2098915	0.0	749
Query_1	1436999_KN323063.1	29.600	250	143	10	76	313	2703377	2704063	2.41e-05	62.4
Query_1	28450_UVSW01000002.1	81.198	484	91	0	9	492	148756	150207	0.0	749
Query_1	28450_UVSO01000004.1	81.198	484	91	0	9	492	126185	124734	0.0	749
Query_1	28450_UVSG01000010.1	81.198	484	91	0	9	492	144688	146139	0.0	749
Query_1	28450_UVSD01000005.1	81.198	484	91	0	9	492	146080	147531	0.0	749
Query_1	28450_UVSE01000004.1	81.198	484	91	0	9	492	155259	156710	0.0	749
Query_1	28450_UVSC01000003.1	81.198	484	91	0	9	492	216685	215234	0.0	749
Query_1	28450_UVSB01000003.1	81.198	484	91	0	9	492	155230	156681	0.0	749
Query_1	28450_UVRZ01000024.1	81.198	484	91	0	9	492	86236	87687	0.0	749
Query_1	28450_UVRY01000006.1	81.198	484	91	0	9	492	34517	35968	0.0	749
Query_1	28450_UVSA01000015.1	81.198	484	91	0	9	492	162078	163529	0.0	749
Query_1	28450_UVRV01000002.1	81.198	484	91	0	9	492	497287	498738	0.0	749
Query_1	28450_UVRT01000001.1	81.198	484	91	0	9	492	25982	24531	0.0	749
Query_1	28450_UVRC01000008.1	81.198	484	91	0	9	492	26515	25064	0.0	749
Query_1	28450_UVQZ01000013.1	81.198	484	91	0	9	492	74396	75847	0.0	749
Query_1	28450_UVQD01000002.1	81.198	484	91	0	9	492	161976	160525	0.0	749
Query_1	28450_UVQC01000002.1	81.198	484	91	0	9	492	253882	252431	0.0	749
Query_1	28450_UVQA01000026.1	81.198	484	91	0	9	492	26545	25094	0.0	749
Query_1	28450_UVQB01000001.1	81.198	484	91	0	9	492	253874	252423	0.0	749
Query_1	28450_UVPY01000001.1	81.198	484	91	0	9	492	144533	145984	0.0	749
Query_1	28450_UVPV01000001.1	81.198	484	91	0	9	492	144609	146060	0.0	749
Query_1	28450_UVPX01000003.1	81.198	484	91	0	9	492	80331	81782	0.0	749
Query_1	28450_UVPU01000002.1	81.198	484	91	0	9	492	144563	146014	0.0	749
Query_1	28450_UVPW01000001.1	81.198	484	91	0	9	492	144580	146031	0.0	749
Query_1	28450_UVPZ01000005.1	81.198	484	91	0	9	492	80288	81739	0.0	749
Query_1	28450_UVPQ01000034.1	81.198	484	91	0	9	492	26516	25065	0.0	749
Query_1	28450_UVPO01000035.1	81.198	484	91	0	9	492	25672	24221	0.0	749
Query_1	28450_UVPN01000014.1	81.198	484	91	0	9	492	47211	48662	0.0	749
Query_1	28450_UVPK01000032.1	81.198	484	91	0	9	492	26199	24748	0.0	749
Query_1	28450_UVPM01000042.1	81.198	484	91	0	9	492	26199	24748	0.0	749
Query_1	28450_UVPL01000037.1	81.198	484	91	0	9	492	26199	24748	0.0	749
Query_1	28450_UVPH01000029.1	81.198	484	91	0	9	492	49585	51036	0.0	749
Query_1	28450_UVPG01000005.1	81.198	484	91	0	9	492	223367	221916	0.0	749
Query_1	28450_UVOQ01000004.1	81.198	484	91	0	9	492	80251	81702	0.0	749
Query_1	28450_UVON01000004.1	81.198	484	91	0	9	492	80248	81699	0.0	749
Query_1	28450_UVOK01000009.1	81.198	484	91	0	9	492	84264	82813	0.0	749
Query_1	28450_UVOL01000005.1	81.198	484	91	0	9	492	84249	82798	0.0	749
Query_1	28450_UVOJ01000004.1	81.198	484	91	0	9	492	80251	81702	0.0	749
Query_1	28450_UVOI01000002.1	81.198	484	91	0	9	492	253647	252196	0.0	749
Query_1	28450_UVOE01000013.1	81.198	484	91	0	9	492	80238	81689	0.0	749
Query_1	28450_UVOF01000014.1	81.198	484	91	0	9	492	18688	17237	0.0	749
Query_1	28450_UVNZ01000004.1	81.198	484	91	0	9	492	253515	252064	0.0	749
Query_1	28450_UVNW01000008.1	81.198	484	91	0	9	492	82794	84245	0.0	749
Query_1	28450_UVNV01000011.1	81.198	484	91	0	9	492	59279	60730	0.0	749
Query_1	28450_UVNU01000002.1	81.198	484	91	0	9	492	267330	265879	0.0	749
Query_1	28450_UVNT01000012.1	81.198	484	91	0	9	492	59279	60730	0.0	749
Query_1	28450_UVNP01000014.1	81.198	484	91	0	9	492	59279	60730	0.0	749
Query_1	28450_UVNO01000007.1	81.198	484	91	0	9	492	59279	60730	0.0	749
Query_1	28450_UVNQ01000008.1	81.198	484	91	0	9	492	51188	52639	0.0	749
Query_1	28450_UVNN01000003.1	81.198	484	91	0	9	492	264312	262861	0.0	749
Query_1	28450_UVND01000019.1	81.198	484	91	0	9	492	47630	49081	0.0	749
Query_1	28450_UVNC01000023.1	81.198	484	91	0	9	492	55697	54246	0.0	749
Query_1	28450_UVNB01000007.1	81.198	484	91	0	9	492	234868	233417	0.0	749
Query_1	28450_UVNA01000008.1	81.198	484	91	0	9	492	234996	233545	0.0	749
Query_1	28450_UVMZ01000008.1	81.198	484	91	0	9	492	234970	233519	0.0	749
Query_1	28450_UVMX01000007.1	81.198	484	91	0	9	492	235000	233549	0.0	749
Query_1	28450_UVMV01000003.1	81.198	484	91	0	9	492	235007	233556	0.0	749
Query_1	28450_UVMV01000003.1	27.362	307	187	12	25	316	411119	410262	8.08e-06	63.9
Query_1	28450_UVMY01000008.1	81.198	484	91	0	9	492	234992	233541	0.0	749
Query_1	28450_UVMW01000005.1	81.198	484	91	0	9	492	65815	67266	0.0	749
Query_1	28450_UVMU01000003.1	81.198	484	91	0	9	492	234983	233532	0.0	749
Query_1	28450_UVMS01000001.1	81.198	484	91	0	9	492	635174	636625	0.0	749
Query_1	28450_UVMT01000007.1	81.198	484	91	0	9	492	268513	269964	0.0	749
Query_1	28450_UVMR01000001.1	81.198	484	91	0	9	492	88215	86764	0.0	749
Query_1	28450_UVMR01000001.1	27.362	307	187	12	25	316	825476	826333	8.08e-06	63.9
Query_1	28450_UVMQ01000001.1	81.198	484	91	0	9	492	26784	25333	0.0	749
Query_1	28450_UVMQ01000001.1	27.362	307	187	12	25	316	764021	764878	8.08e-06	63.9
Query_1	28450_UVML01000001.1	81.198	484	91	0	9	492	88495	87044	0.0	749
Query_1	28450_UVMM01000001.1	81.198	484	91	0	9	492	559968	561419	0.0	749
Query_1	28450_UVMP01000001.1	81.198	484	91	0	9	492	26517	25066	0.0	749
Query_1	28450_UVMP01000001.1	27.362	307	187	12	25	316	763758	764615	8.08e-06	63.9
Query_1	28450_UVMN01000001.1	81.198	484	91	0	9	492	88497	87046	0.0	749
Query_1	28450_UVMN01000001.1	27.362	307	187	12	25	316	825691	826548	8.08e-06	63.9
Query_1	28450_UVMO01000001.1	81.198	484	91	0	9	492	88487	87036	0.0	749
Query_1	28450_UVMK01000001.1	81.198	484	91	0	9	492	769091	770542	0.0	749
Query_1	28450_UVMK01000001.1	27.362	307	187	12	25	316	31824	30967	8.08e-06	63.9
Query_1	28450_UVMI01000010.1	81.198	484	91	0	9	492	33793	35244	0.0	749
Query_1	28450_UVMJ01000004.1	81.198	484	91	0	9	492	320403	318952	0.0	749
Query_1	28450_UVMH01000001.1	81.198	484	91	0	9	492	88159	86708	0.0	749
Query_1	28450_UVMG01000003.1	81.198	484	91	0	9	492	149024	150475	0.0	749
Query_1	28450_UVMC01000003.1	81.198	484	91	0	9	492	223713	222262	0.0	749
Query_1	28450_UVMB01000002.1	81.198	484	91	0	9	492	229359	227908	0.0	749
Query_1	28450_UVMD01000004.1	81.198	484	91	0	9	492	223680	222229	0.0	749
Query_1	28450_UVMA01000002.1	81.198	484	91	0	9	492	229309	227858	0.0	749
Query_1	28450_UVME01000003.1	81.198	484	91	0	9	492	223557	222106	0.0	749
Query_1	28450_UVLW01000005.1	81.198	484	91	0	9	492	223693	222242	0.0	749
Query_1	28450_UVLS01000019.1	81.198	484	91	0	9	492	88650	87199	0.0	749
Query_1	28450_UVLR01000003.1	81.198	484	91	0	9	492	58490	59941	0.0	749
Query_1	28450_UVLU01000014.1	81.198	484	91	0	9	492	88645	87194	0.0	749
Query_1	28450_UVLP01000016.1	81.198	484	91	0	9	492	59310	60761	0.0	749
Query_1	28450_UVLO01000015.1	81.198	484	91	0	9	492	59310	60761	0.0	749
Query_1	28450_UVLM01000019.1	81.198	484	91	0	9	492	90774	89323	0.0	749
Query_1	28450_UVLN01000006.1	81.198	484	91	0	9	492	216382	214931	0.0	749
Query_1	28450_UVLQ01000019.1	81.198	484	91	0	9	492	59310	60761	0.0	749
Query_1	28450_UVLL01000023.1	81.198	484	91	0	9	492	59310	60761	0.0	749
Query_1	28450_UVLK01000019.1	81.198	484	91	0	9	492	59310	60761	0.0	749
Query_1	28450_UVLI01000018.1	81.198	484	91	0	9	492	90774	89323	0.0	749
Query_1	28450_UVLJ01000020.1	81.198	484	91	0	9	492	59310	60761	0.0	749
Query_1	28450_UVLF01000022.1	81.198	484	91	0	9	492	88636	87185	0.0	749
Query_1	28450_UVLH01000017.1	81.198	484	91	0	9	492	59334	60785	0.0	749
Query_1	28450_UVLE01000021.1	81.198	484	91	0	9	492	88645	87194	0.0	749
Query_1	28450_UVLC01000019.1	81.198	484	91	0	9	492	59310	60761	0.0	749
Query_1	28450_UVLG01000020.1	81.198	484	91	0	9	492	88646	87195	0.0	749
Query_1	28450_UVKY01000031.1	81.198	484	91	0	9	492	26537	25086	0.0	749
Query_1	28450_UVKZ01000004.1	81.198	484	91	0	9	492	179961	181412	0.0	749
Query_1	28450_UVLB01000010.1	81.198	484	91	0	9	492	179961	181412	0.0	749
Query_1	28450_UVKS01000005.1	81.198	484	91	0	9	492	80324	81775	0.0	749
Query_1	28450_UVKR01000002.1	81.198	484	91	0	9	492	144583	146034	0.0	749
Query_1	28450_UVKP01000003.1	81.198	484	91	0	9	492	144496	145947	0.0	749
Query_1	28450_UVKQ01000001.1	81.198	484	91	0	9	492	360163	358712	0.0	749
Query_1	28450_UVKO01000008.1	81.198	484	91	0	9	492	144594	146045	0.0	749
Query_1	28450_UVKN01000032.1	81.198	484	91	0	9	492	59226	60677	0.0	749
Query_1	28450_UVKL01000002.1	81.198	484	91	0	9	492	144535	145986	0.0	749
Query_1	28450_UVKK01000007.1	81.198	484	91	0	9	492	184381	185832	0.0	749
Query_1	28450_UVKM01000004.1	81.198	484	91	0	9	492	144699	146150	0.0	749
Query_1	28450_UVKI01000004.1	81.198	484	91	0	9	492	253971	252520	0.0	749
Query_1	28450_UVIW01000012.1	81.198	484	91	0	9	492	82420	80969	0.0	749
Query_1	28450_UVIV01000029.1	81.198	484	91	0	9	492	55141	56592	0.0	749
Query_1	28450_UVIS01000012.1	81.198	484	91	0	9	492	82420	80969	0.0	749
Query_1	28450_UVIQ01000008.1	81.198	484	91	0	9	492	54507	55958	0.0	749
Query_1	28450_UVIR01000010.1	81.198	484	91	0	9	492	82420	80969	0.0	749
Query_1	28450_UVIL01000005.1	81.198	484	91	0	9	492	237795	236344	0.0	749
Query_1	28450_UVIN01000006.1	81.198	484	91	0	9	492	92522	93973	0.0	749
Query_1	28450_UVIO01000001.1	81.198	484	91	0	9	492	331082	329631	0.0	749
Query_1	28450_UVHZ01000021.1	81.198	484	91	0	9	492	28485	27034	0.0	749
Query_1	28450_UVIC01000001.1	81.198	484	91	0	9	492	253084	251633	0.0	749
Query_1	28450_UVIE01000012.1	81.198	484	91	0	9	492	144541	145992	0.0	749
Query_1	28450_UVHY01000009.1	81.198	484	91	0	9	492	26578	25127	0.0	749
Query_1	28450_UVHW01000025.1	81.198	484	91	0	9	492	26740	25289	0.0	749
Query_1	28450_UVHX01000019.1	81.198	484	91	0	9	492	18635	17184	0.0	749
Query_1	28450_UVHV01000002.1	81.198	484	91	0	9	492	203668	202217	0.0	749
Query_1	28450_UVHU01000016.1	81.198	484	91	0	9	492	28476	27025	0.0	749
Query_1	28450_UVHR01000007.1	81.198	484	91	0	9	492	114147	112696	0.0	749
Query_1	28450_UVHT01000011.1	81.198	484	91	0	9	492	144518	145969	0.0	749
Query_1	28450_UVHP01000004.1	81.198	484	91	0	9	492	144640	146091	0.0	749
Query_1	28450_UVHN01000005.1	81.198	484	91	0	9	492	144598	146049	0.0	749
Query_1	28450_UVHL01000005.1	81.198	484	91	0	9	492	230069	228618	0.0	749
Query_1	28450_UVHI01000001.1	81.198	484	91	0	9	492	377554	379005	0.0	749
Query_1	28450_UVHJ01000015.1	81.198	484	91	0	9	492	144591	146042	0.0	749
Query_1	28450_UVHH01000011.1	81.198	484	91	0	9	492	145421	146872	0.0	749
Query_1	28450_UVHE01000004.1	81.198	484	91	0	9	492	222030	220579	0.0	749
Query_1	28450_UVHF01000008.1	81.198	484	91	0	9	492	144554	146005	0.0	749
Query_1	28450_UVHD01000015.1	81.198	484	91	0	9	492	26487	25036	0.0	749
Query_1	28450_UVHB01000015.1	81.198	484	91	0	9	492	144585	146036	0.0	749
Query_1	28450_UVHC01000002.1	81.198	484	91	0	9	492	144589	146040	0.0	749
Query_1	28450_UVHA01000015.1	81.198	484	91	0	9	492	146100	147551	0.0	749
Query_1	28450_UVGZ01000034.1	81.198	484	91	0	9	492	46265	47716	0.0	749
Query_1	28450_UVGX01000010.1	81.198	484	91	0	9	492	82004	83455	0.0	749
Query_1	28450_UVGW01000013.1	81.198	484	91	0	9	492	144598	146049	0.0	749
Query_1	28450_UVGU01000008.1	81.198	484	91	0	9	492	46241	47692	0.0	749
Query_1	28450_UVGT01000003.1	81.198	484	91	0	9	492	204367	202916	0.0	749
Query_1	28450_UVGO01000005.1	81.198	484	91	0	9	492	206190	204739	0.0	749
Query_1	28450_UVGC01000019.1	81.198	484	91	0	9	492	90774	89323	0.0	749
Query_1	28450_UVGB01000033.1	81.198	484	91	0	9	492	26487	25036	0.0	749
Query_1	28450_UVFY01000019.1	81.198	484	91	0	9	492	59334	60785	0.0	749
Query_1	28450_UVFV01000004.1	81.198	484	91	0	9	492	131039	129588	0.0	749
Query_1	28450_UVFU01000003.1	81.198	484	91	0	9	492	216655	215204	0.0	749
Query_1	28450_UVFW01000003.1	81.198	484	91	0	9	492	114435	112984	0.0	749
Query_1	28450_UVFX01000003.1	81.198	484	91	0	9	492	25917	24466	0.0	749
Query_1	28450_UVFR01000003.1	81.198	484	91	0	9	492	25912	24461	0.0	749
Query_1	28450_UVFS01000015.1	81.198	484	91	0	9	492	26242	24791	0.0	749
Query_1	28450_UVFT01000003.1	81.198	484	91	0	9	492	176309	174858	0.0	749
Query_1	28450_UVFP01000003.1	81.198	484	91	0	9	492	313531	314982	0.0	749
Query_1	28450_UVFQ01000023.1	81.198	484	91	0	9	492	26242	24791	0.0	749
Query_1	28450_UVFN01000002.1	81.198	484	91	0	9	492	313499	314950	0.0	749
Query_1	28450_UVFL01000001.1	81.198	484	91	0	9	492	26242	24791	0.0	749
Query_1	28450_UVFM01000002.1	81.198	484	91	0	9	492	313544	314995	0.0	749
Query_1	28450_UVFK01000001.1	81.198	484	91	0	9	492	92692	91241	0.0	749
Query_1	28450_UVFI01000002.1	81.198	484	91	0	9	492	86044	84593	0.0	749
Query_1	28450_UVFJ01000002.1	81.198	484	91	0	9	492	86041	84590	0.0	749
Query_1	28450_UVFH01000002.1	81.198	484	91	0	9	492	86038	84587	0.0	749
Query_1	28450_UVFG01000010.1	81.198	484	91	0	9	492	86055	84604	0.0	749
Query_1	28450_UVFE01000002.1	81.198	484	91	0	9	492	86048	84597	0.0	749
Query_1	28450_UVFD01000009.1	81.198	484	91	0	9	492	80297	81748	0.0	749
Query_1	28450_UVFC01000013.1	81.198	484	91	0	9	492	104788	103337	0.0	749
Query_1	28450_UVFA01000011.1	81.198	484	91	0	9	492	85986	84535	0.0	749
Query_1	28450_UVDF01000021.1	81.198	484	91	0	9	492	50436	51887	0.0	749
Query_1	28450_UVDG01000007.1	81.198	484	91	0	9	492	216470	215019	0.0	749
Query_1	28450_UVDJ01000018.1	81.198	484	91	0	9	492	88636	87185	0.0	749
Query_1	28450_UVDA01000003.1	81.198	484	91	0	9	492	132521	131070	0.0	749
Query_1	28450_UVDC01000013.1	81.198	484	91	0	9	492	116050	114599	0.0	749
Query_1	28450_UVCY01000004.1	81.198	484	91	0	9	492	74378	75829	0.0	749
Query_1	28450_UVCV01000007.1	81.198	484	91	0	9	492	82039	83490	0.0	749
Query_1	28450_UVCW01000005.1	81.198	484	91	0	9	492	82030	83481	0.0	749
Query_1	28450_UVCX01000005.1	81.198	484	91	0	9	492	82039	83490	0.0	749
Query_1	28450_UVCU01000018.1	81.198	484	91	0	9	492	90544	89093	0.0	749
Query_1	28450_UVCR01000013.1	81.198	484	91	0	9	492	90774	89323	0.0	749
Query_1	28450_UVCT01000013.1	81.198	484	91	0	9	492	82033	83484	0.0	749
Query_1	28450_UVCQ01000018.1	81.198	484	91	0	9	492	60541	61992	0.0	749
Query_1	28450_UVCO01000035.1	81.198	484	91	0	9	492	26487	25036	0.0	749
Query_1	28450_UVCP01000024.1	81.198	484	91	0	9	492	88646	87195	0.0	749
Query_1	28450_UVCN01000016.1	81.198	484	91	0	9	492	56135	57586	0.0	749
Query_1	28450_UVCL01000017.1	81.198	484	91	0	9	492	60541	61992	0.0	749
Query_1	28450_UVCJ01000012.1	81.198	484	91	0	9	492	59322	60773	0.0	749
Query_1	28450_UVCH01000037.1	81.198	484	91	0	9	492	26487	25036	0.0	749
Query_1	28450_UVCE01000002.1	81.198	484	91	0	9	492	315229	316680	0.0	749
Query_1	28450_UVCB01000003.1	81.198	484	91	0	9	492	85769	84318	0.0	749
Query_1	28450_UVCA01000022.1	81.198	484	91	0	9	492	80256	81707	0.0	749
