Query_1	2681388_BHZI01000533.1	99.648	284	1	0	1	284	341	1192	3.48e-180	514
Query_1	1071602_NEUD01000852.1	99.647	283	1	0	1	283	849	1	1.50e-177	512
Query_1	1736045_NETX01000458.1	99.648	284	1	0	1	284	32359	31508	9.75e-163	514
Query_1	1122130_AUHN01000010.1	77.385	283	64	0	1	283	212268	213116	2.53e-128	415
Query_1	471856_CP001706.1	75.000	260	65	0	24	283	2046761	2045982	5.04e-120	391
Query_1	43674_LS483423.1	75.000	260	65	0	24	283	2046604	2045825	5.04e-120	391
Query_1	43674_CP022038.2	75.000	260	65	0	24	283	1830911	1831690	5.04e-120	391
Query_1	1122130_AUHN01000005.1	72.308	260	72	0	24	283	298610	299389	6.12e-117	382
Query_1	1881858_MDSS02000027.1	75.000	252	62	1	32	283	5934	6686	5.28e-113	371
Query_1	1883427_SXPG01000235.1	69.884	259	78	0	25	283	2858	3634	2.82e-107	355
Query_1	52699_SDPP02000003.1	69.884	259	78	0	25	283	705604	706380	3.81e-106	352
Query_1	1736550_LMFJ01000002.1	70.000	260	78	0	24	283	168457	169236	6.85e-105	348
Query_1	1736691_LT796768.1	66.023	259	88	0	25	283	1765294	1766070	2.58e-101	338
Query_1	416568_BJZQ01000016.1	65.637	259	89	0	25	283	68129	67353	3.59e-101	337
Query_1	416568_BJZQ01000016.1	62.162	259	98	0	25	283	67079	66303	1.77e-93	315
Query_1	2663859_WLCK01000003.1	66.023	259	88	0	25	283	308232	309008	2.91e-100	335
Query_1	1926648_VDMR01000010.1	63.813	257	91	1	28	284	125440	124676	7.11e-94	316
Query_1	194673_JAAGMQ010000217.1	58.687	259	105	1	24	282	62	832	2.13e-93	296
Query_1	2099584_CP030286.1	61.776	259	97	1	24	282	6517771	6517001	1.25e-91	310
Query_1	2099583_CP030287.1	61.776	259	97	1	24	282	6683568	6682798	1.25e-91	310
Query_1	1437453_LFEH01000296.1	59.459	259	103	1	24	282	652	1422	1.77e-91	298
Query_1	2109333_KZ679038.1	62.934	259	94	1	24	282	611077	611847	2.32e-91	309
Query_1	2109333_KZ679038.1	51.373	255	115	3	30	282	1022839	1023582	3.20e-59	217
Query_1	2706021_JAAGLJ010000239.1	59.073	259	104	1	24	282	528	1298	5.95e-91	293
Query_1	1437453_AZSD01000215.1	61.240	258	98	1	25	282	10262	11029	6.65e-91	308
Query_1	1437453_LN831790.1	61.240	258	98	1	25	282	243078	242311	6.85e-91	308
Query_1	1437453_LN831790.1	59.459	259	103	1	24	282	546564	545794	1.54e-87	298
Query_1	2203195_QHKL01000006.1	59.004	261	100	2	24	282	585236	584469	8.06e-91	308
Query_1	2203195_QHKL01000006.1	47.541	244	126	1	27	270	447537	446812	1.45e-63	229
Query_1	1956_NMQX01000456.1	59.073	259	104	1	24	282	1345	575	8.74e-91	293
Query_1	1703921_LIPG01000002.1	61.776	259	97	1	24	282	1149241	1150011	1.04e-90	307
Query_1	1703921_LIPG01000002.1	61.776	259	97	1	24	282	1150469	1151239	1.38e-89	304
Query_1	1415542_LGED01000259.1	59.073	259	103	1	24	282	33048	32281	1.58e-90	306
Query_1	2203199_QHJK01000005.1	59.073	259	103	1	24	282	192204	192971	1.58e-90	306
Query_1	2203199_QHJK01000005.1	50.407	246	120	1	25	270	309808	310539	1.92e-58	214
Query_1	227715_LQMT02000013.1	59.073	259	103	1	24	282	169628	168861	1.90e-90	306
Query_1	227715_LQMT02000013.1	51.029	243	117	1	28	270	51939	51217	2.07e-57	211
Query_1	1427749_JPLW01000006.1	59.073	259	103	1	24	282	582114	581347	1.92e-90	306
Query_1	1427749_JPLW01000006.1	50.407	246	120	1	25	270	461972	461241	1.92e-58	214
Query_1	129921_CP003410.1	59.073	259	103	1	24	282	5809806	5810573	2.08e-90	306
Query_1	129921_CP003410.1	50.813	246	119	1	25	270	3272057	3271326	1.53e-58	215
Query_1	208442_MQUP01000010.1	59.073	259	103	1	24	282	106119	105352	2.26e-90	306
Query_1	208439_CP008953.1	59.073	259	103	1	24	282	2766002	2765235	2.27e-90	306
Query_1	208439_CP008953.1	50.407	246	120	1	25	270	2641955	2641224	1.60e-58	215
Query_1	129921_LT629789.1	59.073	259	103	1	24	282	636682	635915	2.27e-90	306
Query_1	129921_LT629789.1	50.617	243	118	1	28	270	517325	516603	2.08e-57	211
Query_1	40571_JOEA01000030.1	61.390	259	97	2	24	282	91225	90458	2.37e-90	306
Query_1	40571_FWYC01000005.1	61.390	259	97	2	24	282	233211	232444	2.38e-90	306
Query_1	31958_CP016174.1	59.770	261	98	2	24	282	5886171	5886938	2.45e-90	306
Query_1	2203197_QHJI01000004.1	59.073	259	103	1	24	282	195928	196695	2.50e-90	306
Query_1	2203197_QHJI01000004.1	50.407	246	120	1	25	270	314922	315653	1.57e-58	215
Query_1	1736306_LMMD01000014.1	60.078	258	101	1	25	282	109612	108845	2.83e-90	306
Query_1	1703945_LIWC01000007.1	59.073	259	103	1	24	282	621462	620695	3.60e-90	306
Query_1	1703945_LIWC01000007.1	50.407	246	120	1	25	270	487653	486922	1.92e-58	214
Query_1	2478957_RDBK01000025.1	61.905	252	96	0	24	275	490350	491105	5.15e-90	305
Query_1	2706073_JAAGMG010001188.1	61.004	259	99	1	24	282	8751	9521	5.48e-90	305
Query_1	1284240_AOHO01000054.1	59.387	261	99	2	24	282	38458	37691	5.52e-90	305
Query_1	2706016_JAAGLF010000039.1	59.302	258	103	1	25	282	1370	603	5.70e-90	295
Query_1	1125971_ASJB01000069.1	59.387	261	99	2	24	282	196403	197170	5.88e-90	305
Query_1	2203194_QHHW01000040.1	58.621	261	101	2	24	282	111221	110454	7.70e-90	305
Query_1	2203196_QHHX01000007.1	58.621	261	101	2	24	282	383016	382249	7.72e-90	305
Query_1	2203196_QHHX01000007.1	47.967	246	126	1	25	270	257745	257014	3.38e-64	231
Query_1	1828156_RDBP01000030.1	60.232	259	101	1	24	282	45441	44671	8.05e-90	305
Query_1	1828156_RDBP01000030.1	59.459	259	103	1	24	282	46607	45837	1.21e-87	298
Query_1	67301_BEVZ01000002.1	59.302	258	105	0	25	282	1848334	1849107	9.38e-90	305
Query_1	1316147_BDDE01000012.1	59.459	259	103	1	24	282	622933	622163	9.46e-90	305
Query_1	2591108_CP041244.1	60.392	255	99	1	28	282	6789943	6789185	9.94e-90	304
Query_1	2591108_CP041244.1	49.796	245	123	0	26	270	5679486	5680220	2.77e-67	240
Query_1	128104_FNET01000001.1	60.618	259	99	2	24	282	593572	592805	1.04e-89	304
Query_1	128104_FNET01000001.1	41.633	245	139	3	25	268	334117	333392	3.07e-47	182
Query_1	2497561_RXXG01000733.1	59.459	259	103	1	24	282	1308	538	1.22e-89	296
Query_1	134959_FZNP01000001.1	59.073	259	104	1	24	282	874356	875126	1.38e-89	304
Query_1	200379_QQAU01000009.1	61.004	259	98	2	24	282	273971	274738	1.42e-89	304
Query_1	200379_FOFT01000001.1	61.004	259	98	2	24	282	1031902	1032669	1.42e-89	304
Query_1	2203198_QHJJ01000007.1	58.687	259	104	1	24	282	409635	408868	1.77e-89	304
Query_1	2203198_QHJJ01000007.1	49.180	244	122	1	27	270	283231	282506	2.83e-65	234
Query_1	67385_JOFT01000046.1	59.846	259	102	1	24	282	42333	41563	2.27e-89	303
Query_1	68239_KN050734.1	61.905	252	96	0	24	275	211717	212472	2.39e-89	303
Query_1	47716_JOFH01000003.1	61.390	259	98	1	24	282	181519	180749	2.51e-89	303
Query_1	1736324_LMNK01000006.1	59.766	256	101	1	27	282	29022	29783	2.55e-89	303
Query_1	1736317_LMMY01000013.1	59.766	256	101	1	27	282	391605	390844	2.76e-89	303
Query_1	1736325_LMNM01000001.1	59.766	256	101	1	27	282	1618924	1618163	2.77e-89	303
Query_1	1220563_BCQS01000049.1	59.073	259	104	1	24	282	30534	31304	2.89e-89	303
Query_1	67274_VIWQ01000001.1	61.390	259	98	1	24	282	1036471	1037241	2.90e-89	303
Query_1	67274_VIWQ01000001.1	60.618	259	100	1	24	282	1035283	1036053	3.00e-88	300
Query_1	2563100_SSBL01000013.1	61.328	256	99	0	24	279	42472	41705	3.01e-89	303
Query_1	2676871_CP047140.1	61.390	259	98	1	24	282	5925848	5926618	3.02e-89	303
Query_1	68219_JNXI01000017.1	61.004	259	99	1	24	282	39507	38737	3.12e-89	303
Query_1	67385_JNZH01000031.1	59.846	259	102	1	24	282	42323	41553	3.21e-89	303
Query_1	587909_SOEP01000004.1	58.140	258	105	1	25	282	528030	527266	3.32e-89	303
Query_1	587909_FOWW01000001.1	58.140	258	105	1	25	282	904466	903702	3.32e-89	303
Query_1	65499_FOFV01000021.1	61.004	259	98	2	24	282	94996	95763	3.38e-89	303
Query_1	83656_MVFC01000003.1	58.687	259	105	1	24	282	188887	189657	3.38e-89	303
Query_1	83656_CP045178.1	58.687	259	105	1	24	282	7078296	7079066	3.39e-89	303
Query_1	2203208_QHJM01000013.1	58.621	261	101	2	24	282	196601	197368	3.69e-89	303
Query_1	2697029_WYCT01000015.1	60.465	258	100	1	25	282	36415	37182	3.79e-89	303
Query_1	1881052_PVTW01000018.1	59.459	259	104	1	24	282	8810	9583	3.91e-89	303
Query_1	300560_PVTX01000016.1	59.459	259	104	1	24	282	8810	9583	3.91e-89	303
Query_1	1828321_RDBM01000037.1	60.618	259	100	1	24	282	2019976	2020746	4.23e-89	303
Query_1	1331682_CP023564.1	60.800	250	98	0	26	275	2928707	2927958	4.44e-89	303
Query_1	1246995_CP006272.1	59.690	258	102	1	25	282	6360080	6360847	4.99e-89	302
Query_1	1246995_CP006272.1	55.985	259	111	1	24	282	5349974	5350741	4.60e-80	276
Query_1	1246995_CP006272.1	59.184	245	100	0	26	270	4336065	4335331	4.44e-74	259
Query_1	882440_VCKZ01000080.1	58.687	259	105	1	24	282	2476	1706	5.01e-89	302
Query_1	67257_JOID01000033.1	62.000	250	94	1	25	274	41136	41882	5.05e-89	302
Query_1	1522757_ML123085.1	60.618	259	100	1	24	282	1206639	1207409	5.54e-89	302
Query_1	295102_QANR01000003.1	60.618	259	100	1	24	282	2075799	2075029	5.54e-89	302
Query_1	641025_FNIX01000018.1	61.004	259	98	2	24	282	63441	64208	6.57e-89	302
Query_1	2690327_WWHI01001506.1	62.302	252	95	0	24	275	15070	15825	7.13e-89	302
Query_1	417292_FNFF01000004.1	59.459	259	103	1	24	282	422031	422801	7.62e-89	302
Query_1	477245_CP010849.1	60.618	259	100	1	24	282	7557208	7557978	7.92e-89	302
Query_1	477245_CP010849.1	49.180	183	76	3	44	218	120910	120389	1.28e-33	143
Query_1	66373_JOFQ01000001.1	60.078	258	101	1	25	282	821554	820787	8.00e-89	302
Query_1	67282_VCNP01000056.1	62.302	252	95	0	24	275	1086781	1087536	8.00e-89	302
Query_1	402600_FOFR01000006.1	61.004	259	98	2	24	282	141311	140544	8.80e-89	301
Query_1	2420135_CP038147.1	61.004	259	99	1	24	282	1572048	1571278	8.98e-89	301
Query_1	47761_JOAX01000005.1	60.853	258	99	1	25	282	50813	51580	9.06e-89	301
Query_1	285473_CP017316.1	59.459	259	103	1	24	282	6139549	6140319	9.43e-89	301
Query_1	1030533_CVPB01000001.1	60.853	258	99	1	25	282	2597600	2596833	1.01e-88	301
Query_1	285570_CP022310.1	62.302	252	95	0	24	275	7508265	7509020	1.05e-88	301
Query_1	1906_MUNC01000342.1	59.459	259	103	1	24	282	3663	2893	1.07e-88	301
Query_1	571190_VFPP01000001.1	57.915	259	106	1	24	282	5947089	5946322	1.11e-88	301
Query_1	571190_VFPP01000001.1	58.366	257	104	2	26	282	1518168	1518929	6.64e-82	282
Query_1	571190_VFPP01000001.1	40.650	246	140	4	25	268	8401816	8401091	3.03e-46	179
Query_1	1156844_KB891820.1	60.232	259	101	1	24	282	202409	203179	1.14e-88	301
Query_1	2690359_WWGC01000022.1	60.232	259	101	1	24	282	202409	203179	1.14e-88	301
Query_1	543527_RBXR01000001.1	59.459	259	102	1	24	282	6418993	6418226	1.14e-88	301
Query_1	543527_RBXR01000001.1	58.824	255	102	2	28	282	7982263	7981508	2.46e-84	289
Query_1	543527_RBXR01000001.1	52.510	259	120	2	25	282	695832	696602	4.49e-71	251
Query_1	1463932_JOCD01000027.1	59.459	259	103	1	24	282	22103	22873	1.29e-88	301
Query_1	1319510_MIFZ01000343.1	59.459	259	103	1	24	282	52046	52816	1.30e-88	301
Query_1	1319510_ASYR01000006.1	59.459	259	103	1	24	282	24714	23944	1.31e-88	301
Query_1	1319510_CP023696.1	59.459	259	103	1	24	282	6328262	6329032	1.31e-88	301
Query_1	1718951_LWLB01000001.1	60.700	257	100	1	26	282	628465	629232	1.50e-88	301
Query_1	1305830_QLLY01000002.1	59.846	259	102	1	24	282	134594	133824	1.62e-88	301
Query_1	2690349_WWGM01000033.1	59.846	259	102	1	24	282	134594	133824	1.62e-88	301
Query_1	193462_MDCR01000143.1	59.302	258	103	1	25	282	1921	1154	1.77e-88	301
Query_1	67304_KQ948743.1	60.714	252	99	0	24	275	95900	96655	1.80e-88	301
Query_1	2559605_SPNN01000003.1	59.302	258	103	1	25	282	18086	18853	1.83e-88	301
Query_1	2697029_WYCT01000373.1	60.232	259	101	1	24	282	6282	5512	2.10e-88	300
Query_1	1463884_JOAW01001091.1	60.232	259	101	1	24	282	22	792	2.31e-88	276
Query_1	402600_FOFR01000010.1	57.915	259	106	1	24	282	191933	191166	2.33e-88	300
Query_1	2512164_SLYY01000013.1	60.714	252	99	0	24	275	214995	214240	2.40e-88	300
Query_1	591167_CP002475.1	60.618	259	100	1	24	282	5499729	5500499	2.41e-88	300
Query_1	2690332_WWHD01000001.1	60.618	259	100	1	24	282	5499729	5500499	2.41e-88	300
Query_1	352211_JTIY01000001.1	61.240	258	98	1	25	282	4358225	4358992	2.45e-88	300
Query_1	2690336_WWGZ01000269.1	60.618	259	100	1	24	282	6144	5374	2.46e-88	300
Query_1	1736452_LMEQ01000023.1	59.073	259	104	1	24	282	180950	180180	2.50e-88	300
Query_1	52258_JOAB01000010.1	60.618	259	100	1	24	282	210879	210109	2.52e-88	300
Query_1	1464011_JNYQ01000001.1	60.618	259	100	1	24	282	1050737	1051507	2.62e-88	300
Query_1	1265601_CP003990.1	60.618	259	100	1	24	282	1965862	1965092	2.84e-88	300
Query_1	1956_JAAGMO010000303.1	57.529	259	108	1	24	282	1642	872	2.87e-88	294
Query_1	2589960_VFVZ01000146.1	60.618	259	100	1	24	282	14434	15204	2.97e-88	300
Query_1	1460371_JFBM01000025.1	58.527	258	100	2	27	282	99574	100332	3.02e-88	300
Query_1	1463899_JOIW01000008.1	60.618	259	100	1	24	282	101318	102088	3.03e-88	300
Query_1	1895_QLTM01000001.1	60.618	259	100	1	24	282	1030283	1031053	3.03e-88	300
Query_1	1919_OAOR01000001.1	60.618	259	100	1	24	282	1030264	1031034	3.03e-88	300
Query_1	31959_FNTA01000004.1	58.527	258	100	2	27	282	7476135	7475377	3.03e-88	300
Query_1	31959_FNTA01000004.1	49.590	244	121	1	27	270	7352898	7352173	2.34e-65	234
Query_1	1463937_KL585248.1	61.111	252	98	0	24	275	70376	71131	3.13e-88	300
Query_1	67350_KQ948151.1	61.111	252	98	0	24	275	430436	431191	3.15e-88	300
Query_1	67350_KQ948151.1	38.462	247	146	4	25	268	160845	161576	4.72e-34	144
Query_1	67304_KQ948192.1	60.714	252	99	0	24	275	98822	99577	3.49e-88	300
Query_1	1280637_PYAX01000004.1	58.915	258	104	1	25	282	411117	411884	3.75e-88	300
Query_1	2093747_PTJS01000001.1	60.232	259	101	1	24	282	6606091	6606861	3.79e-88	300
Query_1	2093747_PTJS01000001.1	59.846	259	102	1	24	282	6607279	6608049	4.76e-81	280
Query_1	2690272_WWJL01000008.1	59.846	259	102	1	24	282	293475	292705	3.86e-88	300
Query_1	1157630_FMHK01000021.1	59.846	259	102	1	24	282	293475	292705	3.86e-88	300
Query_1	1157630_AQRG01000008.1	59.846	259	102	1	24	282	293475	292705	3.86e-88	300
Query_1	2485152_RJUU01000001.1	61.328	256	99	0	24	279	4595536	4596303	4.17e-88	300
Query_1	1348638_BCRK01000177.1	59.766	256	101	1	27	282	2488	3249	4.33e-88	300
Query_1	700597_AGBF01000295.1	60.232	259	101	1	24	282	1272	502	4.40e-88	300
Query_1	1828112_VDFC01000010.1	60.232	259	101	1	24	282	11357	12127	4.43e-88	300
Query_1	1220559_BCRO01000125.1	58.687	259	105	1	24	282	12974	12204	4.68e-88	300
Query_1	66370_KL572807.1	60.618	259	100	1	24	282	18318	17548	5.42e-88	299
Query_1	1463832_JOAE01000001.1	60.618	259	100	1	24	282	919020	919790	5.46e-88	299
Query_1	1835005_LWLC01000005.1	57.529	259	107	1	24	282	130207	130974	5.50e-88	299
Query_1	84724_FOYL01000009.1	59.302	258	102	2	25	282	67092	67856	5.57e-88	299
Query_1	47716_JNWM01000004.1	60.618	259	100	1	24	282	210808	210038	5.57e-88	299
Query_1	66891_JNXH01000002.1	60.618	259	100	1	24	282	210808	210038	5.57e-88	299
Query_1	67304_CP041168.1	60.714	252	99	0	24	275	8971017	8970262	5.68e-88	299
Query_1	67304_CP041168.1	32.787	122	44	4	97	180	283721	283356	4.5	43.9
Query_1	1911175_MVFD01000015.1	58.594	256	103	1	27	282	137369	136611	7.15e-88	299
Query_1	1911175_CP017780.1	58.594	256	103	1	27	282	4414279	4415037	7.16e-88	299
Query_1	1911175_CP017780.1	47.561	246	127	1	25	270	2116989	2116258	2.69e-55	206
Query_1	1411117_CP032402.1	57.364	258	110	0	25	282	2322940	2323713	8.36e-88	299
Query_1	1411117_CP032402.1	52.549	255	117	2	28	282	4689440	4688688	9.10e-73	256
Query_1	1411117_CP032402.1	47.222	36	19	0	234	269	3498021	3498128	7.2	43.1
Query_1	218822_MUMJ01000056.1	59.690	258	102	1	25	282	22793	23560	9.18e-88	299
Query_1	1280637_PYAX01000001.1	57.915	259	106	1	24	282	717954	718721	1.01e-87	298
Query_1	864058_JUJA01000088.1	60.714	252	99	0	24	275	55539	56294	1.35e-87	298
Query_1	2690346_JAAGNB010001553.1	59.302	258	103	1	25	282	1348	581	1.39e-87	298
Query_1	2690346_WWGP01001553.1	59.302	258	103	1	25	282	1348	581	1.39e-87	298
Query_1	58109_RJKE01000001.1	60.569	246	97	0	28	273	7923248	7922511	1.42e-87	298
Query_1	58109_RJKE01000001.1	48.235	255	128	3	28	282	1543833	1543081	1.92e-62	226
Query_1	266940_CP000750.2	58.687	259	105	1	24	282	3073829	3074599	1.44e-87	298
Query_1	1122192_FUWS01000001.1	59.533	257	103	1	26	282	474022	474789	1.46e-87	298
Query_1	284042_JODM01000014.1	59.846	259	102	1	24	282	67325	66555	1.69e-87	298
Query_1	193462_MDCS01000660.1	59.216	255	102	1	28	282	10655	11413	1.71e-87	298
Query_1	2202417_QGMR01000985.1	60.784	255	98	1	28	282	5197	4439	1.75e-87	298
Query_1	1352941_CM002280.1	59.216	255	102	1	28	282	6863511	6864269	1.79e-87	298
Query_1	103733_JNYO01000029.1	57.529	259	107	1	24	282	102020	102787	1.82e-87	298
Query_1	103733_CP034550.1	57.529	259	107	1	24	282	9833696	9834463	1.83e-87	298
Query_1	103733_CP034550.1	57.422	256	106	1	27	282	4499156	4498398	1.21e-82	284
Query_1	103733_CP034550.1	52.734	256	118	2	28	282	5380432	5379671	1.11e-68	244
Query_1	2267691_RSEC01000058.1	59.302	258	103	1	25	282	1010462	1009695	2.03e-87	298
Query_1	453573_JAAGLI010001014.1	59.216	255	102	1	28	282	2435	1677	2.08e-87	298
Query_1	2490848_RSAJ01000011.1	60.317	252	100	0	24	275	36919	36164	2.36e-87	298
Query_1	1735453_POTZ01000140.1	60.714	252	99	0	24	275	5517	4762	2.71e-87	297
Query_1	2485153_RJUV01000004.1	60.156	256	102	0	24	279	17068	16301	2.88e-87	297
Query_1	1522756_ML123066.1	60.156	256	102	0	24	279	317429	316662	2.88e-87	297
Query_1	38300_CP011340.1	59.459	259	103	1	24	282	6356731	6357501	3.59e-87	297
Query_1	2035243_RCCZ01000001.1	60.000	255	100	1	28	282	1709783	1710541	3.63e-87	297
Query_1	2605988_ML703349.1	59.144	257	104	1	26	282	392338	391571	3.73e-87	297
Query_1	1913101_VFNM01000001.1	60.232	259	101	1	24	282	7972483	7973253	3.73e-87	297
Query_1	457429_CM000950.1	59.459	259	103	1	24	282	5958351	5959121	4.00e-87	297
Query_1	2512150_SOAV01000001.1	59.846	259	102	1	24	282	442169	441399	4.44e-87	297
Query_1	2690313_WWHW01000556.1	59.459	259	103	1	24	282	1456	2226	4.89e-87	294
Query_1	29306_JOBE01000004.1	59.922	257	101	1	26	282	53730	54494	5.37e-87	296
Query_1	2690259_WWJY01000405.1	59.846	259	102	1	24	282	10704	11474	6.03e-87	296
Query_1	1827978_RDBI01000207.1	59.608	255	101	1	28	282	3399	2641	6.09e-87	295
Query_1	1348637_BCSH01000068.1	59.533	257	103	1	26	282	1133	366	6.87e-87	296
Query_1	66858_JNZK01000010.1	58.687	259	105	1	24	282	58874	58104	7.40e-87	296
Query_1	2080748_PQSQ01000102.1	60.000	255	100	1	28	282	2438	1680	9.40e-87	296
Query_1	453573_SMJW01000280.1	58.824	255	103	1	28	282	5011	5769	9.66e-87	296
Query_1	765201_QXCY01000001.1	59.073	259	104	1	24	282	3934363	3935133	1.06e-86	296
Query_1	765201_QXCY01000001.1	51.172	256	122	2	26	281	2914234	2914992	1.60e-60	221
Query_1	1586287_CP016793.1	60.618	259	98	3	24	282	6877949	6877185	1.06e-86	296
Query_1	1586287_CP016793.1	52.941	255	111	4	28	282	5756962	5757699	1.91e-69	246
Query_1	464995_VWVU01000006.1	59.144	257	104	1	26	282	164702	165469	1.11e-86	296
Query_1	28894_CP023702.1	59.073	259	104	1	24	282	5835731	5836501	1.16e-86	296
Query_1	2696565_JAAALL010000212.1	59.690	258	102	1	24	281	7693	6926	1.20e-86	295
Query_1	2684468_CP046905.1	59.073	259	104	1	24	282	7057284	7056514	1.24e-86	295
Query_1	2684468_CP046905.1	56.371	259	111	1	24	282	6364792	6365562	1.45e-83	286
Query_1	103734_RJKM01000001.1	56.757	259	109	1	24	282	6469308	6468541	1.35e-86	295
Query_1	103734_RJKM01000001.1	59.459	259	102	2	24	282	8750652	8749885	1.78e-81	281
Query_1	103734_RJKM01000001.1	25.843	178	90	6	36	176	2944604	2944086	2.7	44.3
Query_1	1911_MDKB01000003.1	59.846	259	102	1	24	282	309539	308769	1.49e-86	295
Query_1	2690262_WWJV01000094.1	59.302	258	103	1	25	282	1384	617	1.50e-86	295
Query_1	2690262_WWJV01000094.1	30.534	131	62	3	75	176	7794	7402	0.19	48.1
Query_1	2690261_WWJW01000796.1	59.302	258	103	1	25	282	1479	712	1.53e-86	295
Query_1	2690261_WWJW01000796.1	30.534	131	62	3	75	176	7889	7497	0.19	48.1
Query_1	2706080_JAAGMJ010000322.1	59.302	258	103	1	25	282	1547	780	1.53e-86	295
Query_1	2706080_JAAGMJ010000322.1	30.534	131	62	3	75	176	7957	7565	0.19	48.1
Query_1	54571_CP029193.1	59.302	258	103	1	25	282	177590	178357	1.57e-86	295
Query_1	54571_CP029193.1	30.534	131	62	3	75	176	171183	171575	0.21	48.1
Query_1	1128677_JAAOYM010000001.1	58.077	260	103	4	25	282	1547759	1546992	1.65e-86	295
Query_1	1434837_FRFF01000146.1	59.533	257	103	1	26	282	4679	5446	1.68e-86	295
Query_1	1605990_SNYN01000010.1	59.846	259	100	3	26	282	48182	47412	2.05e-86	295
Query_1	193462_CP018047.1	59.289	253	101	1	30	282	6142915	6143667	2.17e-86	295
Query_1	1917143_BDJC01000008.1	59.459	259	103	1	24	282	103965	104735	2.54e-86	295
Query_1	2249354_QPFC01000425.1	59.144	257	104	1	26	282	1179	1946	3.22e-86	285
Query_1	1561022_CP009754.1	59.073	259	104	1	24	282	482914	482144	3.31e-86	294
Query_1	2305221_CP034353.1	59.073	259	104	1	24	282	460683	459913	3.34e-86	294
Query_1	1709476_MWIF01000236.1	59.921	252	101	0	24	275	38589	39344	3.54e-86	294
Query_1	1709476_LJBR01000022.1	59.921	252	101	0	24	275	84463	85218	3.56e-86	294
Query_1	1848319_JAAAHR010000375.1	55.859	256	108	3	29	282	773	15	3.60e-86	276
Query_1	2691959_WUEK01000002.1	58.140	258	105	2	25	282	450234	449470	3.68e-86	294
Query_1	1246485_ANBF01000146.1	58.366	257	106	1	26	282	40323	39556	3.86e-86	294
Query_1	1775132_JAAKZW010000195.1	58.687	259	105	1	24	282	13550	14320	3.86e-86	294
Query_1	284036_MAPV01000115.1	59.073	259	104	1	24	282	5481	4711	3.91e-86	294
Query_1	1246445_ANAY01000028.1	56.420	257	111	1	26	282	71172	71939	4.27e-86	294
Query_1	1932_JAAIFS010000001.1	59.459	259	103	1	24	282	1120678	1121448	4.47e-86	294
Query_1	1081603_VFOE01000001.1	59.524	252	102	0	24	275	7206896	7207651	4.60e-86	294
Query_1	1982761_KZ195574.1	59.846	259	102	1	24	282	684018	683248	4.64e-86	294
Query_1	1932_RSEG01000037.1	59.459	259	103	1	24	282	30818	31588	4.68e-86	294
Query_1	2559612_SPQP01000007.1	61.753	251	96	0	32	282	88273	87521	4.71e-86	294
Query_1	36818_MEHK01000001.1	59.073	259	104	1	24	282	592469	593239	4.92e-86	294
Query_1	1463890_JOGT01000018.1	57.529	259	108	1	24	282	30368	31138	4.99e-86	294
Query_1	1463865_JOGJ01000022.1	57.529	259	108	1	24	282	30358	31128	4.99e-86	294
Query_1	1519498_LGEH01000105.1	57.529	259	108	1	24	282	103790	103020	4.99e-86	294
Query_1	1519496_LGEF01000114.1	57.529	259	108	1	24	282	103825	103055	4.99e-86	294
Query_1	285564_BEWC01000001.1	57.529	259	108	1	24	282	1078492	1079262	5.01e-86	294
Query_1	1463863_JOHJ01000020.1	57.529	259	108	1	24	282	30283	31053	5.14e-86	294
Query_1	1519476_LGCX01000037.1	57.529	259	108	1	24	282	103737	102967	5.14e-86	294
Query_1	54571_CP029191.1	58.915	258	104	1	25	282	184276	185043	5.16e-86	294
Query_1	54571_CP029191.1	29.771	131	63	3	75	176	177941	178333	0.28	47.8
Query_1	2036037_MLCE01000010.1	60.000	255	100	1	28	282	188911	188153	5.46e-86	294
Query_1	1542435_QHKX01000002.1	58.301	259	106	1	26	282	11328	10552	5.68e-86	293
Query_1	2203193_QHJN01000050.1	59.302	258	102	2	25	282	23176	22412	5.72e-86	293
Query_1	194673_BEWD01000004.1	58.687	259	105	1	24	282	870814	871584	5.97e-86	293
Query_1	2697568_JAAAXQ010000014.1	59.073	259	104	1	24	282	14477	15247	6.06e-86	293
Query_1	240840_FZOR01000054.1	59.216	255	102	1	28	282	32122	32880	6.12e-86	293
Query_1	1550033_BBOK01000018.1	57.529	259	108	1	24	282	82165	81395	6.23e-86	293
Query_1	1906739_MKXA01000749.1	59.459	259	103	1	24	282	855	85	6.40e-86	275
Query_1	1938837_QUNN01000001.1	58.687	259	105	1	24	282	837080	836310	7.03e-86	293
Query_1	1938837_QUNN01000001.1	30.137	146	73	3	81	199	3753850	3753419	1.0	45.8
Query_1	2293568_QUAK01000091.1	61.044	249	97	0	25	273	27643	26897	7.08e-86	293
Query_1	2541723_SOPG01000002.1	58.687	259	105	1	24	282	187449	188219	7.16e-86	293
Query_1	45398_CP034687.1	58.687	259	105	1	24	282	565215	564445	7.38e-86	293
Query_1	1851996_RAIE01000702.1	58.687	259	105	1	24	282	1913	1143	7.48e-86	293
Query_1	1940758_MULI01000068.1	59.459	259	103	1	24	282	1786	1016	7.62e-86	293
Query_1	1408250_AXNT01000035.1	59.302	258	103	1	25	282	31269	30502	7.68e-86	293
Query_1	1408250_AXNT01000035.1	57.977	257	105	1	26	282	25543	24782	1.11e-85	293
Query_1	43670_BJLR01000016.1	59.302	258	103	1	25	282	147939	148706	7.81e-86	293
Query_1	43670_BJLR01000016.1	57.977	257	105	1	26	282	153665	154426	1.13e-85	293
Query_1	467200_GG657758.1	59.524	252	102	0	24	275	7477098	7477853	7.97e-86	293
Query_1	1848324_VBUN01000453.1	55.859	256	108	3	29	282	547	1305	8.28e-86	275
Query_1	2606593_CABVGP010000001.1	58.431	255	104	1	28	282	1212417	1211659	8.37e-86	293
Query_1	2606593_CABVGP010000001.1	30.345	145	67	4	75	185	1274160	1273726	0.70	46.2
Query_1	2200760_QFRX01000009.1	59.766	256	103	0	24	279	22415	21648	8.62e-86	293
Query_1	1894_JODU01000017.1	59.073	259	104	1	24	282	29612	30382	8.68e-86	293
Query_1	1570823_NCTE01001292.1	59.524	252	102	0	24	275	1400	645	8.73e-86	281
Query_1	1935_JOCE01000051.1	58.687	259	105	1	24	282	5499	4729	8.77e-86	293
Query_1	2563107_SSBN01000031.1	58.687	259	105	1	24	282	2047	1277	8.81e-86	293
Query_1	1945515_MUYY01000021.1	58.687	259	105	1	24	282	87417	88187	8.81e-86	293
Query_1	1415559_JXWX01000019.1	58.687	259	105	1	24	282	53492	52722	8.82e-86	293
Query_1	1902_VNIH01000004.1	58.687	259	105	1	24	282	302905	303675	8.85e-86	293
Query_1	1902_VNII01000005.1	58.687	259	105	1	24	282	302905	303675	8.85e-86	293
Query_1	1902_VNIF01000004.1	58.687	259	105	1	24	282	146811	146041	8.85e-86	293
Query_1	1902_VNIG01000004.1	58.687	259	105	1	24	282	146811	146041	8.85e-86	293
Query_1	1902_VNIE01000004.1	58.687	259	105	1	24	282	146811	146041	8.85e-86	293
Query_1	1902_VNIC01000004.1	58.687	259	105	1	24	282	302905	303675	8.85e-86	293
Query_1	1902_SORP01000001.1	58.687	259	105	1	24	282	146811	146041	8.85e-86	293
Query_1	1902_SORM01000001.1	58.687	259	105	1	24	282	146811	146041	8.85e-86	293
Query_1	100226_VNID01000004.1	58.687	259	105	1	24	282	146811	146041	8.85e-86	293
Query_1	492785_QXDG01000002.1	58.687	259	105	1	24	282	692643	693413	8.86e-86	293
Query_1	457428_GG657756.1	58.687	259	105	1	24	282	7588318	7589088	8.87e-86	293
Query_1	457428_GG657756.1	30.137	146	73	3	81	199	4781454	4781885	1.2	45.4
Query_1	457428_CP009124.1	58.687	259	105	1	24	282	7615312	7616082	8.87e-86	293
Query_1	457428_CP009124.1	30.137	146	73	3	81	199	4809566	4809997	1.2	45.8
Query_1	1881022_LT629768.1	58.687	259	105	1	24	282	839509	838739	8.87e-86	293
Query_1	1881022_LT629768.1	30.137	146	73	3	81	199	3756297	3755866	1.0	45.8
Query_1	2690330_WWHF01000001.1	58.687	259	105	1	24	282	757108	756338	8.87e-86	293
Query_1	2690330_WWHF01000001.1	30.822	146	72	3	81	199	3532316	3531885	0.35	47.4
Query_1	100226_AL645882.2	58.687	259	105	1	24	282	757108	756338	8.87e-86	293
Query_1	100226_AL645882.2	30.822	146	72	3	81	199	3532316	3531885	0.35	47.4
Query_1	100226_CP042324.1	58.687	259	105	1	24	282	757108	756338	8.87e-86	293
Query_1	100226_CP042324.1	30.822	146	72	3	81	199	3532365	3531934	0.35	47.4
Query_1	1246461_ANBD01000058.1	58.755	257	106	0	26	282	1462	692	9.19e-86	293
Query_1	67263_JNZT01000020.1	58.824	255	103	1	28	282	47128	46370	9.51e-86	293
Query_1	67263_JOEN01000025.1	58.824	255	103	1	28	282	47253	46495	9.51e-86	293
Query_1	1246444_ANAX01000163.1	59.144	257	104	1	26	282	42918	42151	9.78e-86	293
Query_1	1200984_CM001889.1	58.687	259	105	1	24	282	704052	703282	1.01e-85	293
Query_1	1200984_CM001889.1	30.137	146	73	3	81	199	3738496	3738065	1.2	45.8
Query_1	1519492_LGDY01000098.1	58.301	259	105	2	24	282	62004	61237	1.08e-85	293
Query_1	882449_VFPH01000003.1	61.905	252	94	1	31	282	65195	64446	1.13e-85	293
Query_1	1905_JOFB01000027.1	59.922	257	101	1	26	282	171838	172602	1.25e-85	293
Query_1	1905_JNZP01000029.1	59.922	257	101	1	26	282	171911	172675	1.25e-85	293
Query_1	1415542_LGED01000125.1	56.977	258	109	1	25	282	134922	134155	1.33e-85	293
Query_1	546365_LOBU02000001.1	58.687	259	104	1	24	282	1768	2535	1.35e-85	293
Query_1	546365_LQCI01000002.1	58.687	259	104	1	24	282	357729	358496	1.35e-85	293
Query_1	546365_FOPQ01000004.1	58.687	259	104	1	24	282	254082	253315	1.35e-85	293
Query_1	574929_BBZI01000005.1	60.078	258	103	0	25	282	1591905	1592678	1.44e-85	292
Query_1	68203_CP023407.1	59.524	252	102	0	24	275	566895	566140	1.51e-85	292
Query_1	1703944_LIWB01000007.1	60.317	252	100	0	24	275	329918	329163	1.71e-85	292
Query_1	479432_CP001814.1	58.233	249	104	0	24	272	6034990	6035736	2.01e-85	292
Query_1	2690288_WWIV01000223.1	57.529	259	108	1	24	282	1912	1142	2.22e-85	292
Query_1	1838281_FMCI01000213.1	57.529	259	108	1	24	282	1912	1142	2.22e-85	292
Query_1	285562_WFLH01000013.1	58.687	259	105	1	24	282	158994	159764	2.51e-85	292
Query_1	1854574_RBWT01000277.1	56.371	259	111	1	24	282	3347	2577	2.72e-85	291
Query_1	2001_JOEP01000047.1	57.143	259	109	1	24	282	4549	5319	2.94e-85	291
Query_1	405555_VFQC01000001.1	57.915	259	106	2	24	282	3787994	3787227	3.17e-85	291
Query_1	1128664_VFML01000001.1	58.607	244	101	0	27	270	431640	432371	3.60e-85	291
Query_1	1128664_VFML01000001.1	51.938	258	122	1	25	282	4787851	4788618	1.77e-77	269
Query_1	1246475_ANBH01000059.1	59.216	255	101	2	28	282	8906	9661	3.65e-85	291
Query_1	1120937_AULB01000013.1	59.302	258	102	2	25	282	64627	63863	3.66e-85	291
Query_1	218821_MUMK01000039.1	57.752	258	107	1	25	282	423	1190	4.19e-85	291
Query_1	218821_FNUJ01000017.1	57.752	258	107	1	25	282	115630	116397	4.22e-85	291
Query_1	1718998_LWLE01000033.1	58.527	258	105	1	25	282	539804	540571	4.44e-85	291
Query_1	2045452_CP025581.1	56.757	259	110	1	26	282	1745434	1746210	5.04e-85	291
Query_1	1906_LGSP01000126.1	59.514	247	100	0	28	274	9429	10169	5.06e-85	291
Query_1	1906_MCNU01000114.1	59.514	247	100	0	28	274	6347	7087	5.29e-85	291
Query_1	1038928_QFBD02000011.1	59.514	247	100	0	28	274	2122	1382	5.33e-85	291
Query_1	1038928_JNAD02000011.1	59.514	247	100	0	28	274	281414	282154	5.33e-85	291
Query_1	1038928_PUET01000008.1	59.514	247	100	0	28	274	281414	282154	5.33e-85	291
Query_1	1830119_VJYJ02001175.1	56.504	246	106	1	25	270	384	1118	5.58e-85	272
Query_1	882083_CM001439.1	58.943	246	98	2	27	270	3949377	3950111	5.83e-85	291
Query_1	485602_MSIF01000030.1	59.073	259	101	3	25	282	37776	38540	5.85e-85	291
Query_1	2070226_QPFD01000003.1	56.757	259	110	1	26	282	11294	10518	7.06e-85	290
Query_1	68249_LIQD01000005.1	58.687	259	105	1	24	282	443937	444707	7.20e-85	290
Query_1	68249_CP019724.1	58.687	259	105	1	24	282	681398	680628	7.21e-85	290
Query_1	1415560_LGDQ01000001.1	59.921	252	101	0	24	275	180847	181602	7.47e-85	290
Query_1	36816_LGCN01000119.1	59.921	252	101	0	24	275	180853	181608	7.47e-85	290
Query_1	1463840_JOFW01000006.1	59.921	252	101	0	24	275	86953	86198	7.47e-85	290
Query_1	2485145_RJKF01000001.1	57.915	259	107	1	24	282	7841133	7841903	8.57e-85	290
Query_1	1563677_PKMX01000021.1	58.943	246	101	0	25	270	252598	253335	8.65e-85	290
Query_1	1246474_ANBE01000003.1	56.420	257	111	1	26	282	358577	359344	8.73e-85	290
Query_1	2250574_QOHK01000005.1	60.159	251	100	0	32	282	88288	87536	9.07e-85	290
Query_1	2056495_PITL01000089.1	59.350	246	100	0	25	270	13995	14732	9.43e-85	290
Query_1	1851983_RAIG01000391.1	57.915	259	107	1	24	282	6646	5876	9.57e-85	290
Query_1	1415560_LGDQ01000265.1	58.140	258	106	1	25	282	32879	33646	9.66e-85	290
Query_1	193461_JNZD01000023.1	58.301	259	106	1	24	282	109656	110426	9.68e-85	290
Query_1	188770_CP031742.1	59.350	246	100	0	25	270	4794399	4795136	9.72e-85	290
Query_1	549798_MQUH01000001.1	57.915	259	107	1	24	282	622582	621812	1.01e-84	290
Query_1	58343_LQCG01000001.1	57.915	259	107	1	24	282	451547	450777	1.01e-84	290
Query_1	545121_LIPN01000263.1	58.140	258	106	1	25	282	7809	8576	1.02e-84	290
Query_1	36816_LGCN01000242.1	58.140	258	106	1	25	282	7474	6707	1.08e-84	290
Query_1	1463840_JOFW01000057.1	58.140	258	106	1	25	282	7538	6771	1.08e-84	290
Query_1	385957_AFWY03000040.1	57.647	255	105	2	28	282	60274	59519	1.14e-84	290
Query_1	1463860_JOHZ01000072.1	58.824	255	103	1	28	282	65548	66306	1.22e-84	290
Query_1	106412_FZOD01000002.1	56.589	258	110	1	24	281	241163	240396	1.26e-84	290
Query_1	2203201_QHKJ01000047.1	59.514	247	100	0	28	274	23665	22925	1.26e-84	290
Query_1	67294_PDCL01000001.1	58.824	255	103	1	28	282	582027	582785	1.34e-84	290
Query_1	54571_CP029192.1	57.752	258	107	1	25	282	8647310	8646543	1.44e-84	290
Query_1	54571_CP029192.1	30.534	131	62	3	75	176	8659961	8659569	0.41	47.0
Query_1	1440059_AZSS01000044.1	57.977	257	106	1	26	282	940	176	1.52e-84	290
Query_1	2030_QHKI01000028.1	55.253	257	112	1	26	282	75917	76678	1.63e-84	290
Query_1	38312_JOAA01000015.1	55.253	257	112	1	26	282	75887	76648	1.63e-84	290
Query_1	2058924_KZ626863.1	59.216	255	102	1	28	282	88107	87349	1.90e-84	289
Query_1	714197_QPNC01000033.1	58.984	256	104	1	27	282	72776	73540	1.97e-84	289
Query_1	58123_JOFJ01000013.1	57.422	256	106	1	27	282	4913	5671	2.04e-84	289
Query_1	2690263_WWJU01000333.1	57.529	259	108	1	24	282	13762	14532	2.17e-84	289
Query_1	1839778_FMCB01000148.1	57.529	259	108	1	24	282	2577	1807	2.17e-84	289
Query_1	1839771_FMBZ01000134.1	57.529	259	108	1	24	282	2806	2036	2.19e-84	289
Query_1	2690282_WWJB01000140.1	57.529	259	108	1	24	282	2806	2036	2.19e-84	289
Query_1	2690281_WWJC01000085.1	57.529	259	108	1	24	282	21452	22222	2.19e-84	289
Query_1	1839770_FMIG01000080.1	57.529	259	108	1	24	282	21452	22222	2.19e-84	289
Query_1	1463926_JOCA01000007.1	59.127	252	103	0	24	275	189258	188503	2.20e-84	289
Query_1	66858_JODW01000023.1	58.824	255	103	1	28	282	933	1691	2.22e-84	289
Query_1	1305822_QLLU01000009.1	57.529	259	108	1	24	282	273019	272249	2.25e-84	289
Query_1	2690344_WWGR01000020.1	57.529	259	108	1	24	282	273019	272249	2.25e-84	289
Query_1	1305832_QLLS01000009.1	57.529	259	108	1	24	282	114317	115087	2.25e-84	289
Query_1	2690341_WWGU01000010.1	57.529	259	108	1	24	282	656425	657195	2.25e-84	289
Query_1	1155717_ARPI01000002.1	57.529	259	108	1	24	282	656425	657195	2.25e-84	289
Query_1	1305824_QKZP01000001.1	57.529	259	108	1	24	282	656501	657271	2.25e-84	289
Query_1	2690342_WWGT01000011.1	57.529	259	108	1	24	282	663720	664490	2.25e-84	289
Query_1	1305825_QKUG01000001.1	57.529	259	108	1	24	282	663720	664490	2.25e-84	289
Query_1	862751_CP002993.1	57.529	259	108	1	24	282	1652401	1651631	2.25e-84	289
Query_1	862751_CP002993.1	30.070	143	65	3	71	178	4245763	4245335	4.4	43.9
Query_1	2690252_WWKF01000001.1	57.529	259	108	1	24	282	1652401	1651631	2.25e-84	289
Query_1	2690252_WWKF01000001.1	30.070	143	65	3	71	178	4245763	4245335	4.4	43.9
Query_1	2202249_CP029711.1	56.202	258	111	1	24	281	3718670	3717903	2.34e-84	289
Query_1	1955065_MWFK01000001.1	58.366	257	105	1	26	282	57689	56925	2.46e-84	289
Query_1	2079200_PVZV01000004.1	59.289	253	101	1	30	282	111397	112149	2.50e-84	289
Query_1	2594179_VJXX01000003.1	56.863	255	108	1	28	282	86755	87513	2.60e-84	289
Query_1	944491_PQHY01000044.1	57.647	255	105	2	28	282	3812	3057	2.65e-84	289
Query_1	2576035_SZWI01000003.1	57.255	255	107	1	28	282	184465	183707	2.78e-84	289
Query_1	43759_JNWK01000062.1	58.140	258	106	1	25	282	24505	23738	2.92e-84	289
Query_1	1938_LGUP01000386.1	58.140	258	106	1	25	282	24505	23738	2.92e-84	289
Query_1	2650775_CP044407.1	58.915	258	103	2	25	282	5934481	5933717	3.04e-84	289
Query_1	2650775_CP044407.1	51.822	247	118	1	25	270	3993190	3992450	6.35e-71	250
Query_1	2650775_CP044407.1	50.973	257	123	2	27	282	3992076	3991312	1.96e-70	249
Query_1	1463825_JNXC01000007.1	57.977	257	106	1	26	282	166507	165743	3.06e-84	288
Query_1	66892_BJMN01000008.1	59.216	255	102	1	28	282	18319	17561	3.15e-84	288
Query_1	1194079_LWCC02000005.1	57.752	258	109	0	25	282	4431081	4430308	3.19e-84	288
Query_1	88382_QEKX01000001.1	61.390	259	98	1	24	282	1616915	1617685	3.19e-84	288
Query_1	88382_QEKX01000001.1	53.469	245	113	1	26	270	5594969	5594238	6.34e-62	224
Query_1	1223307_CM002273.1	59.514	247	100	0	24	270	4589307	4590047	3.65e-84	288
Query_1	1576605_JTHL01000001.1	57.915	259	107	1	24	282	6080427	6079657	3.76e-84	288
Query_1	1835005_LWLC01000064.1	58.755	257	104	1	26	282	213025	212261	4.68e-84	288
Query_1	2706072_JAAGMF010000104.1	58.755	257	104	1	26	282	6572	5808	5.10e-84	288
Query_1	2487424_RPSA01000001.1	57.588	257	107	1	26	282	947165	947929	5.52e-84	288
Query_1	1896_KL575743.1	58.431	255	104	1	28	282	48185	47427	5.55e-84	288
Query_1	1896_JNXJ01000012.1	58.431	255	104	1	28	282	113625	114383	5.56e-84	288
Query_1	1896_JNWL01000003.1	58.431	255	104	1	28	282	127726	126968	5.57e-84	288
Query_1	1896_JOAU01000004.1	58.431	255	104	1	28	282	171778	172536	5.57e-84	288
Query_1	1938893_QGTF01000010.1	58.824	255	104	1	28	282	175953	175192	5.62e-84	288
Query_1	1736459_LMFG01000004.1	60.163	246	98	0	25	270	300420	299683	5.68e-84	288
Query_1	2609562_VWPY01000013.1	59.459	259	103	1	24	282	65707	66477	5.75e-84	288
Query_1	1886_PIBK01001765.1	58.704	247	102	0	24	270	1020	280	5.84e-84	283
Query_1	1828244_RDBG01000071.1	60.232	259	101	1	24	282	166957	166187	6.08e-84	288
Query_1	1828244_RDBG01000071.1	59.846	259	102	1	24	282	168175	167405	1.32e-83	287
Query_1	1245475_ANAE01000122.1	58.824	255	104	1	28	282	28565	27804	6.27e-84	288
Query_1	1463868_JOGV01000060.1	58.301	259	106	1	24	282	5208	4438	6.91e-84	288
Query_1	68199_JNZO01000004.1	58.915	258	104	1	25	282	123856	123089	7.02e-84	288
Query_1	2030_FWXV01000007.1	55.426	258	112	1	25	282	243039	242275	7.10e-84	288
Query_1	2268090_POAG01000019.1	56.371	259	111	1	26	282	489472	490248	7.37e-84	288
Query_1	54571_QGUC01000011.1	59.608	255	101	1	28	282	212706	213464	8.77e-84	287
Query_1	196083_RKHY01000001.1	57.255	255	106	2	28	282	6195133	6195888	8.78e-84	287
Query_1	54571_CP029196.1	59.608	255	101	1	28	282	201009	201767	8.78e-84	287
Query_1	54571_CP018074.1	59.608	255	101	1	28	282	212097	212855	8.78e-84	287
Query_1	953739_CP029197.1	59.608	255	101	1	28	282	212650	213408	8.78e-84	287
Query_1	2690331_WWHE01000001.1	59.608	255	101	1	28	282	212526	213284	8.78e-84	287
Query_1	953739_FR845719.1	59.608	255	101	1	28	282	212526	213284	8.78e-84	287
Query_1	1470177_QHCP01000012.1	57.588	257	107	1	26	282	228985	228221	9.11e-84	287
Query_1	1169153_KB906882.1	59.922	257	102	1	26	282	2188	1421	9.29e-84	287
Query_1	2014_CP022434.1	59.922	257	102	1	26	282	6304891	6305658	9.77e-84	287
Query_1	1038929_CP023202.1	58.468	248	103	0	27	274	6634966	6634223	9.77e-84	287
Query_1	2182797_QFDQ01000036.1	60.317	252	100	0	24	275	28529	29284	1.05e-83	287
Query_1	1905_CP040244.1	57.143	259	109	1	24	282	4252188	4252958	1.09e-83	287
Query_1	559628_PVZF01000008.1	56.863	255	108	1	28	282	194828	195586	1.12e-83	287
Query_1	2651189_WBKG01000010.1	57.529	259	108	1	24	282	149682	150452	1.17e-83	287
Query_1	1463871_JOGX01000004.1	58.039	255	105	1	28	282	257014	257772	1.22e-83	287
Query_1	1571532_JTCK01000057.1	58.871	248	102	0	24	271	98043	97300	1.26e-83	287
Query_1	1522761_ML123107.1	58.871	248	102	0	24	271	1289283	1290026	1.27e-83	287
Query_1	1476754_CP026490.1	58.871	248	102	0	24	271	2476848	2476105	1.34e-83	287
Query_1	1237500_ANBA01000011.1	58.755	257	105	1	26	282	236640	237407	1.42e-83	287
Query_1	1068979_KI421511.1	57.255	255	106	2	28	282	10775	11530	1.49e-83	286
Query_1	2605986_VWVW01000004.1	57.198	257	109	1	26	282	143245	142478	1.50e-83	286
Query_1	2605987_VWVX01000001.1	57.198	257	109	1	26	282	114307	115074	1.50e-83	286
Query_1	2605985_VWVV01000003.1	57.198	257	109	1	26	282	132300	131533	1.51e-83	286
Query_1	54571_LN881739.1	58.824	255	103	1	28	282	344957	344199	1.66e-83	286
Query_1	54571_CP013129.1	58.824	255	103	1	28	282	8717963	8718721	1.66e-83	286
Query_1	1169414_AOSG01000022.1	56.322	261	109	3	24	282	62835	62062	1.75e-83	286
Query_1	1169414_AOSG01000022.1	56.322	261	109	3	24	282	61370	60597	1.67e-82	284
Query_1	1223522_BCWB01000017.1	56.322	261	109	3	24	282	65689	66462	1.76e-83	286
Query_1	1223522_BCWB01000017.1	56.322	261	109	3	24	282	67154	67927	2.71e-74	260
Query_1	269800_CP000088.1	56.322	261	109	3	24	282	1043208	1042435	1.76e-83	286
Query_1	269800_CP000088.1	56.322	261	109	3	24	282	1041743	1040970	1.68e-82	284
Query_1	269800_CP000088.1	32.000	125	72	3	66	181	297012	297374	0.024	50.8
Query_1	1121926_AXWO01000008.1	63.008	246	90	1	25	270	163621	164355	1.81e-83	286
Query_1	1886_JOGU01000039.1	58.065	248	104	0	24	271	23862	24605	1.84e-83	286
Query_1	2575440_SZPY01000001.1	56.538	260	111	1	25	282	470585	471364	1.85e-83	286
Query_1	2575373_CP040748.1	56.538	260	111	1	25	282	112219	111440	1.85e-83	286
Query_1	1638939_LAYX01000015.1	58.065	248	104	0	24	271	26070	26813	1.86e-83	286
Query_1	1522764_ML123126.1	58.065	248	104	0	24	271	1130956	1130213	1.86e-83	286
Query_1	1886_SCDQ01000250.1	59.109	247	101	0	24	270	2125	1385	1.91e-83	286
Query_1	2717324_CP050177.1	60.232	259	101	1	24	282	17904	17134	1.94e-83	286
Query_1	1218177_CM002271.1	59.109	247	101	0	24	270	4586045	4586785	2.05e-83	286
Query_1	412968_KN549146.1	58.065	248	104	0	24	271	464918	465661	2.07e-83	286
Query_1	1827853_RDBJ01000039.1	58.431	255	104	1	28	282	84019	83261	2.12e-83	286
Query_1	1886_CP040466.1	58.065	248	104	0	24	271	4474470	4475213	2.22e-83	286
Query_1	1245472_ANAD01000197.1	58.140	258	104	3	25	282	24723	25484	2.31e-83	286
Query_1	178566_LR732544.1	56.757	259	110	1	24	282	6831772	6831002	2.67e-83	286
Query_1	909613_AYXG01000127.1	58.233	249	104	0	26	274	17372	18118	2.68e-83	286
Query_1	84725_PVTF01000005.1	57.364	258	108	1	25	282	612789	613556	2.88e-83	286
Query_1	1287878_QLMJ01000023.1	56.371	259	110	1	24	282	65577	64810	2.90e-83	286
Query_1	2018303_NMUK01000087.1	57.255	255	106	2	28	282	23332	24087	3.05e-83	286
Query_1	944492_PQHX01000065.1	57.255	255	106	2	28	282	31481	32236	3.06e-83	286
Query_1	944492_PQHW01000061.1	57.255	255	106	2	28	282	8265	7510	3.06e-83	286
Query_1	1928_JAAGMZ010000814.1	59.459	259	103	1	24	282	96	866	3.16e-83	272
Query_1	569862_NGFP01000104.1	57.312	253	106	1	30	282	28007	28759	3.20e-83	286
Query_1	111802_CAACUY010000314.1	56.420	257	110	1	26	282	3727	2963	3.55e-83	285
Query_1	1736339_LMOO01000005.1	59.259	243	99	0	28	270	874093	873365	3.63e-83	285
Query_1	200378_FNCC01000003.1	58.915	258	103	2	25	282	129377	130141	3.84e-83	285
Query_1	1736554_LMFT01000001.1	59.459	259	103	1	24	282	216205	215435	3.92e-83	285
Query_1	1736454_LMEU01000027.1	59.459	259	103	1	24	282	1095282	1096052	3.92e-83	285
Query_1	2202421_QGKR01000003.1	58.103	253	104	1	30	282	758	6	4.15e-83	263
Query_1	936756_LNSV01000017.1	55.985	259	112	1	24	282	12012	12782	4.16e-83	285
Query_1	2014_CP017965.1	59.144	257	104	1	26	282	6255453	6256220	4.76e-83	285
Query_1	446468_CP002040.1	59.144	257	104	1	26	282	5438887	5439654	5.19e-83	285
Query_1	2014_LR134501.1	59.144	257	104	1	26	282	3799751	3800518	5.19e-83	285
Query_1	54571_CP029195.1	59.608	255	101	1	28	282	7687068	7686310	5.45e-83	285
Query_1	1519497_LGEG01000243.1	57.752	258	107	1	25	282	22139	22906	6.64e-83	285
Query_1	1519495_LGEE01000223.1	57.752	258	107	1	25	282	21864	22631	6.66e-83	285
Query_1	1982763_KZ195583.1	57.661	248	105	0	24	271	4521256	4521999	7.56e-83	285
Query_1	576456_QBDS01000001.1	58.704	247	102	0	24	270	4621268	4622008	1.01e-82	284
Query_1	1886_PKLX01000019.1	58.704	247	102	0	24	270	258197	258937	1.14e-82	284
Query_1	1886_PKLW01000021.1	58.704	247	102	0	24	270	258200	258940	1.14e-82	284
Query_1	103733_JNYO01000031.1	57.422	256	106	1	27	282	1034	276	1.21e-82	284
Query_1	1886_PKOA01000017.1	58.704	247	102	0	24	270	254459	255199	1.32e-82	284
Query_1	758803_FQZK01000009.1	59.921	252	100	1	31	282	181186	180434	1.47e-82	284
Query_1	1236902_ANAS01000033.1	57.364	258	106	3	25	282	125682	126443	1.49e-82	284
Query_1	311234_BJWH01000006.1	58.436	243	101	0	28	270	66251	66979	1.70e-82	283
Query_1	2203207_QHJL01000496.1	61.390	259	98	1	24	282	113	883	1.93e-82	283
Query_1	1886_VOGX01000054.1	58.704	247	102	0	24	270	340497	341237	2.10e-82	283
Query_1	1886_PKNU01000041.1	58.704	247	102	0	24	270	186904	187644	2.18e-82	283
Query_1	2690351_WWGK01000090.1	58.704	247	102	0	24	270	168109	167369	2.22e-82	283
Query_1	2690352_WWGJ01000008.1	58.704	247	102	0	24	270	739393	738653	2.23e-82	283
Query_1	1155716_KB890704.1	58.704	247	102	0	24	270	739393	738653	2.23e-82	283
Query_1	1305823_AZYD01000011.1	58.704	247	102	0	24	270	497741	498481	2.23e-82	283
Query_1	1519494_LGEC01000080.1	55.814	258	113	1	25	282	105214	104444	2.25e-82	283
Query_1	1223522_BBGT01000846.1	56.904	239	99	2	46	282	1077	367	2.63e-82	263
Query_1	2690278_WWJF01000033.1	58.704	247	102	0	24	270	28793	29533	2.98e-82	283
Query_1	1839779_FMBX01000033.1	58.704	247	102	0	24	270	28793	29533	2.98e-82	283
Query_1	2690308_WWIB01000792.1	57.364	258	108	1	25	282	1234	467	2.99e-82	283
Query_1	686309_FMCW01000002.1	56.809	257	108	1	26	282	199875	200636	3.00e-82	283
Query_1	1886_PKOB01000082.1	58.300	247	103	0	24	270	95211	95951	3.03e-82	283
Query_1	1886_JNZI01000001.1	58.300	247	103	0	24	270	206923	206183	3.03e-82	283
Query_1	1886_PKOC01000031.1	58.300	247	103	0	24	270	488310	489050	3.03e-82	283
Query_1	396014_KK069989.1	57.752	258	107	1	25	282	268684	269451	3.06e-82	283
Query_1	718288_QVMS01000142.1	57.364	258	108	1	25	282	1456	689	3.26e-82	283
Query_1	1886_NVPX01000256.1	58.300	247	103	0	24	270	1659	919	3.45e-82	283
Query_1	1886_NTFU01000140.1	58.300	247	103	0	24	270	1684	944	3.50e-82	283
Query_1	1886_NVPZ01000754.1	58.300	247	103	0	24	270	10421	11161	3.50e-82	283
Query_1	1886_MNPQ01000008.1	58.300	247	103	0	24	270	45216	44476	3.50e-82	283
Query_1	1703938_LIVV01000001.1	58.431	255	104	1	28	282	805133	804375	3.54e-82	283
Query_1	1886_PKNX01000031.1	58.300	247	103	0	24	270	261876	262616	3.61e-82	283
Query_1	1886_PKNZ01000022.1	58.300	247	103	0	24	270	261962	262702	3.61e-82	283
Query_1	1886_NTFT01000386.1	58.300	247	103	0	24	270	10654	11394	3.78e-82	283
Query_1	1478131_PHRF01000012.1	57.143	259	109	1	24	282	8459	7689	3.80e-82	283
Query_1	1886_JOGN01000016.1	58.300	247	103	0	24	270	75153	74413	4.00e-82	283
Query_1	1886_PKNV01000018.1	58.300	247	103	0	24	270	273065	273805	4.33e-82	282
Query_1	1886_PKNW01000022.1	58.300	247	103	0	24	270	265685	266425	4.59e-82	282
Query_1	42239_CP016824.1	58.300	247	103	0	24	270	2475239	2474499	4.64e-82	282
Query_1	42239_KV861362.1	58.300	247	103	0	24	270	2415028	2414288	4.64e-82	282
Query_1	2692235_CP047147.1	58.300	247	103	0	24	270	2516133	2515393	4.64e-82	282
Query_1	146537_DF968383.1	61.776	259	97	1	24	282	5719	6489	4.91e-82	282
