Query_1	441959_EQ962658.1	73.860	329	39	2	43	324	1415939	1414953	1.91e-142	458
Query_1	441959_EQ962658.1	62.500	248	73	1	44	271	401475	402218	1.04e-84	293
Query_1	441959_EQ962658.1	45.763	59	32	0	262	320	402250	402426	1.32e-09	63.9
Query_1	441959_EQ962658.1	68.421	19	6	0	320	338	402486	402542	1.32e-09	32.0
Query_1	41047_NKHU02000355.1	77.642	246	54	1	76	320	16878	17615	1.91e-123	404
Query_1	1392255_MSZS01000005.1	68.881	286	64	2	74	334	3017081	3017938	2.42e-123	404
Query_1	331117_DS027693.1	75.806	248	59	1	74	320	428260	429003	1.77e-122	401
Query_1	2496639_RXMA01000023.1	68.227	299	93	2	43	339	84425	83529	2.09e-122	401
Query_1	330879_CM000172.1	72.549	255	69	1	67	320	1001942	1001178	1.20e-119	393
Query_1	2320860_QYUL01000002.1	67.007	294	94	3	43	333	1225188	1224307	1.45e-117	387
Query_1	1380566_CM008059.1	59.692	325	82	4	43	320	1568686	1567718	2.08e-108	360
Query_1	41047_NKHU02000194.1	61.265	253	97	1	68	320	1249	2004	8.36e-101	339
Query_1	764842_MUHU01000031.1	55.593	295	125	4	43	333	112129	113007	2.22e-98	332
Query_1	563466_MVOQ01000014.1	59.770	261	81	2	43	280	14436	15215	3.72e-97	298
Query_1	563466_MVOQ01000014.1	53.333	90	20	1	272	339	15251	15520	3.72e-97	90.5
Query_1	563466_JOWA01000112.1	59.770	261	81	2	43	280	17264	18043	3.75e-97	298
Query_1	563466_JOWA01000112.1	53.333	90	20	1	272	339	18079	18348	3.75e-97	90.5
Query_1	660122_GG698999.1	60.536	261	79	2	43	280	36057	35278	5.43e-97	296
Query_1	660122_GG698999.1	54.444	90	19	1	272	339	35242	34973	5.43e-97	91.7
Query_1	33203_SCGX01000093.1	51.623	308	105	2	76	339	61090	60167	1.18e-95	324
Query_1	33203_SCGN01000064.1	51.623	308	105	2	76	339	61177	60254	1.18e-95	324
Query_1	33203_LCWV01000030.1	51.623	308	105	2	76	339	223507	224430	1.19e-95	324
Query_1	33203_LOFA01000012.1	51.623	308	105	2	76	339	83391	82468	1.19e-95	324
Query_1	33203_LSBI01000004.1	51.623	308	105	2	76	339	82398	81475	1.19e-95	324
Query_1	33203_LSBH01000002.1	51.623	308	105	2	76	339	79273	78350	1.19e-95	324
Query_1	209559_ML735266.1	59.690	258	83	1	43	279	124511	123738	5.55e-95	296
Query_1	209559_ML735266.1	63.265	49	18	0	272	320	123699	123553	5.55e-95	77.0
Query_1	209559_ML735266.1	70.000	20	6	0	320	339	123481	123422	5.55e-95	30.4
Query_1	209559_ML733092.1	59.302	258	84	1	43	279	393894	394667	6.10e-95	294
Query_1	209559_ML733092.1	65.306	49	17	0	272	320	394706	394852	6.10e-95	79.0
Query_1	209559_ML733092.1	70.000	20	6	0	320	339	394924	394983	6.10e-95	30.4
Query_1	1380566_CM008060.1	75.000	196	49	0	76	271	2872286	2872873	5.72e-92	313
Query_1	1380566_CM008060.1	57.746	71	30	0	251	321	2872890	2873102	9.83e-15	89.0
Query_1	1380566_CM008060.1	78.571	14	3	0	320	333	2873177	2873218	9.83e-15	24.3
Query_1	1380566_CM008060.1	87.879	33	4	0	43	75	2872123	2872221	6.0	43.9
Query_1	1121279_FPKR01000003.1	53.156	301	131	5	43	336	25941	26834	3.65e-89	305
Query_1	2512129_SGXQ01000001.1	50.508	295	140	4	43	333	3264886	3264008	8.59e-84	290
Query_1	2512129_SGXQ01000001.1	44.966	298	158	4	44	338	2468750	2469634	3.46e-65	236
Query_1	215580_SLXF01000011.1	51.007	298	140	4	43	336	36213	37100	2.82e-82	285
Query_1	331117_DS027684.1	63.256	215	79	0	76	290	365299	364655	2.89e-82	285
Query_1	331117_DS027684.1	56.923	65	27	1	272	335	364641	364447	1.54e-12	83.2
Query_1	215580_PSNY01000013.1	51.007	298	140	4	43	336	62374	61487	8.61e-82	284
Query_1	215580_QQAP01000011.1	51.007	298	140	4	43	336	36158	37045	8.61e-82	284
Query_1	1336246_BCYP01000001.1	49.153	295	144	4	43	333	15678	16556	1.08e-81	284
Query_1	2570323_SWAR01000002.1	51.014	296	138	5	43	333	168461	167580	1.18e-81	284
Query_1	94132_CP010951.1	50.842	297	139	5	43	334	327810	326926	8.51e-81	281
Query_1	33203_LCWV01000021.1	59.184	196	79	1	76	271	56767	57351	1.50e-80	245
Query_1	33203_LCWV01000021.1	55.932	59	25	1	272	330	57423	57596	1.50e-80	74.3
Query_1	33203_LCWV01000021.1	78.125	32	7	0	43	74	56612	56707	1.50e-80	35.8
Query_1	33203_LSBH01000006.1	59.184	196	79	1	76	271	69425	70009	1.57e-80	245
Query_1	33203_LSBH01000006.1	55.932	59	25	1	272	330	70081	70254	1.57e-80	74.3
Query_1	33203_LSBH01000006.1	78.125	32	7	0	43	74	69270	69365	1.57e-80	35.8
Query_1	33203_LSBI01000044.1	59.184	196	79	1	76	271	5578	6162	1.58e-80	245
Query_1	33203_LSBI01000044.1	55.932	59	25	1	272	330	6234	6407	1.58e-80	74.3
Query_1	33203_LSBI01000044.1	78.125	32	7	0	43	74	5423	5518	1.58e-80	35.8
Query_1	33203_SCGN01000073.1	59.184	196	79	1	76	271	143703	143119	1.61e-80	245
Query_1	33203_SCGN01000073.1	55.932	59	25	1	272	330	143047	142874	1.61e-80	74.3
Query_1	33203_SCGN01000073.1	78.125	32	7	0	43	74	143858	143763	1.61e-80	35.8
Query_1	33203_SCGX01000082.1	59.184	196	79	1	76	271	143648	143064	1.61e-80	245
Query_1	33203_SCGX01000082.1	55.932	59	25	1	272	330	142992	142819	1.61e-80	74.3
Query_1	33203_SCGX01000082.1	78.125	32	7	0	43	74	143803	143708	1.61e-80	35.8
Query_1	2135732_SLVE01000008.1	48.475	295	146	4	43	333	302561	301683	2.00e-80	280
Query_1	2135732_SLVE01000008.1	45.515	301	153	6	44	338	52926	53813	1.25e-64	234
Query_1	1121278_KE386746.1	49.660	294	143	3	43	333	89404	90279	5.20e-80	279
Query_1	33203_LOFA01000019.1	58.673	196	80	1	76	271	430553	429969	5.51e-80	243
Query_1	33203_LOFA01000019.1	55.932	59	25	1	272	330	429897	429724	5.51e-80	74.3
Query_1	33203_LOFA01000019.1	78.125	32	7	0	43	74	430708	430613	5.51e-80	35.8
Query_1	1265502_KB905938.1	48.658	298	147	4	43	336	16273	17160	7.46e-80	278
Query_1	1349753_BCWK01000002.1	48.322	298	148	4	43	336	315921	315034	1.91e-79	277
Query_1	1882825_FOUG01000005.1	47.973	296	148	4	43	334	415264	414383	1.89e-78	275
Query_1	1658665_CP011514.1	47.176	301	153	4	43	339	4152568	4151672	3.61e-78	274
Query_1	431061_NIOF01000010.1	47.475	297	150	4	43	335	196621	197505	3.85e-78	273
Query_1	513160_VIDT01000063.1	49.158	297	144	5	43	334	3566	4450	6.72e-78	273
Query_1	137716_BADL01000453.1	49.324	296	143	5	43	333	9151	8270	7.61e-78	273
Query_1	2049333_PEOG01000022.1	46.844	301	154	4	43	339	55180	54284	1.82e-77	271
Query_1	457575_SHKP01000004.1	52.027	296	135	5	43	333	148437	149318	1.32e-76	269
Query_1	36863_VZPB01000057.1	48.986	296	144	5	43	333	18929	18048	1.54e-76	269
Query_1	2565558_CP039252.1	50.336	298	141	4	43	334	624187	625077	1.54e-76	269
Query_1	1500261_JUGM01000030.1	52.542	295	134	4	43	333	45545	44667	2.02e-76	269
Query_1	1881035_FOZE01000001.1	46.102	295	153	4	43	333	287926	288804	5.61e-76	267
Query_1	2035201_PEFL01000001.1	51.000	300	135	6	43	334	3105530	3104643	1.20e-75	266
Query_1	285_AWOR01000089.1	50.836	299	135	6	43	333	15320	16204	3.26e-75	265
Query_1	2496871_QUSW01000005.1	51.812	276	127	4	43	314	224863	225684	3.56e-75	265
Query_1	285_LMXT01000021.1	50.836	299	135	6	43	333	41014	40130	3.98e-75	265
Query_1	285_JNVD01000016.1	50.836	299	135	6	43	333	107037	106153	4.01e-75	265
Query_1	1392255_MSZS01000011.1	65.608	189	65	0	90	278	696529	695963	1.33e-74	263
Query_1	1392255_MSZS01000011.1	48.837	86	38	2	251	335	695961	695719	2.07e-13	85.5
Query_1	1392255_MSZS01000011.1	70.000	40	12	0	43	82	696764	696645	0.084	40.0
Query_1	1392255_MSZS01000011.1	86.667	15	2	0	76	90	696570	696526	0.084	28.9
Query_1	1339241_JRQK01000104.1	50.502	299	136	6	43	333	41762	40878	1.45e-74	263
Query_1	1440775_JMRS01000026.1	50.502	299	136	6	43	333	69061	68177	1.81e-74	263
Query_1	2601247_VOQU01000001.1	50.502	299	136	6	43	333	15440	16324	1.85e-74	263
Query_1	2608341_VWWQ01000006.1	51.171	299	134	7	43	333	381672	380788	3.95e-74	262
Query_1	1392005_CP006704.1	50.167	299	137	6	43	333	1478607	1479491	8.63e-74	261
Query_1	1111078_BAEC01000048.1	50.167	299	137	6	43	333	7511	6627	9.72e-74	261
Query_1	399795_AAUJ02000001.1	50.167	299	137	6	43	333	4109673	4108789	1.01e-73	261
Query_1	1796922_ML137196.1	47.635	296	149	4	43	334	99823	98942	1.16e-73	261
Query_1	2596921_VOBQ01000016.1	48.649	296	145	5	43	333	182421	183302	4.77e-73	259
Query_1	1891238_JAABRA010000121.1	49.158	297	141	6	43	333	2942	2064	7.09e-73	258
Query_1	1452508_PSNX01000006.1	52.349	298	136	4	43	336	168387	169274	1.67e-72	257
Query_1	1349793_BCWR01000022.1	48.485	297	144	6	43	333	86434	85553	2.15e-71	254
Query_1	1150395_KB905040.1	46.689	302	154	5	43	339	299393	300292	3.05e-71	254
Query_1	1121255_WJBU01000008.1	48.649	296	145	5	43	333	36379	35498	3.56e-71	253
Query_1	1945864_MUNZ01000101.1	49.495	297	141	6	43	333	68410	69291	4.40e-71	253
Query_1	1321610_BCUT01000002.1	46.358	302	155	5	43	339	205627	206526	1.90e-69	248
Query_1	164759_RJVL01000003.1	48.485	297	145	6	43	333	153711	154595	9.33e-68	244
Query_1	1546149_CP016278.1	48.485	297	145	6	43	333	631320	632204	1.35e-67	243
Query_1	535289_CP001392.1	48.148	297	146	6	43	333	2214652	2213768	8.54e-67	241
Query_1	1321611_BCUU01000185.1	44.966	298	158	4	44	338	3701	2817	2.19e-66	239
Query_1	692275_KB456267.1	44.817	328	149	9	43	339	805871	804891	5.52e-66	239
Query_1	122368_CM008504.1	44.304	316	152	9	43	334	2170564	2169617	1.46e-65	237
Query_1	122368_PDUH01000004.1	44.304	316	152	9	43	334	403514	404461	1.91e-65	237
Query_1	122368_PDUI01000003.1	44.304	316	152	9	43	334	1367852	1366905	1.91e-65	237
Query_1	1882828_FNRO01000015.1	44.631	298	159	4	44	338	105695	104811	1.77e-64	234
Query_1	365046_CP000245.1	50.338	296	140	5	43	333	1636927	1637808	3.79e-64	233
Query_1	365046_CP000245.1	44.737	304	143	8	43	336	2175437	2174571	2.54e-58	216
Query_1	2709383_JAAIVB010000085.1	45.302	298	157	4	44	338	216591	217475	3.95e-63	230
Query_1	2692170_WWCS01000009.1	44.625	307	146	8	43	339	18155	19033	1.48e-61	226
Query_1	2692171_WWCR01000011.1	43.974	307	148	7	43	339	150298	149420	2.03e-61	225
Query_1	1736487_LMHZ01000064.1	44.257	296	159	4	44	336	2813	3691	2.12e-61	225
Query_1	2562153_SPUM01000152.1	45.066	304	142	7	43	336	39113	39979	5.62e-61	224
Query_1	344612_DS027054.1	61.494	174	66	1	76	249	1075521	1075003	5.80e-61	224
Query_1	344612_DS027054.1	37.500	96	53	3	227	317	1075064	1074783	5.18e-09	72.4
Query_1	1891238_OKRD01000024.1	47.287	258	120	4	73	326	1154	417	7.44e-61	224
Query_1	1736517_LMCY01000005.1	45.545	303	140	8	44	336	171665	172528	8.17e-61	224
Query_1	1881046_FMZS01000007.1	44.737	304	143	8	43	336	39145	38279	1.36e-60	223
Query_1	1881046_FMZS01000007.1	33.750	80	35	4	228	307	18673	18858	9.9	43.1
Query_1	2561929_SPQI01000280.1	44.408	304	144	7	43	336	6100	5234	1.58e-60	223
Query_1	1810919_PVWQ01000001.1	47.964	221	108	3	67	281	372260	371601	2.52e-60	222
Query_1	1810919_PVWQ01000001.1	66.000	50	17	0	271	320	371568	371419	1.43e-11	75.1
Query_1	1810919_PVWQ01000001.1	61.111	18	7	0	320	337	371371	371318	1.43e-11	27.3
Query_1	1519190_JPQD01000037.1	44.408	304	144	8	43	336	17968	18834	2.67e-60	222
Query_1	1519190_JPQD01000037.1	35.000	80	34	3	228	307	43946	43761	0.36	47.8
Query_1	2709383_JAAIVB010000014.1	43.421	304	147	7	43	336	82421	81555	5.73e-60	221
Query_1	2588497_VFAH01000009.1	43.750	304	146	7	43	336	49464	50330	6.33e-60	221
Query_1	2683234_WSES01000013.1	44.737	304	143	8	43	336	35063	34197	9.61e-60	221
Query_1	1736472_LMGB01000031.1	44.737	304	143	8	43	336	34763	33897	9.62e-60	221
Query_1	1736455_LMEW01000011.1	44.737	304	143	8	43	336	75990	76856	9.62e-60	221
Query_1	2320863_QYUO01000001.1	44.918	305	144	7	43	337	555126	555998	2.09e-59	219
Query_1	2320863_QYUO01000001.1	36.076	316	163	9	43	334	735128	736030	1.01e-43	174
Query_1	1664694_LFJN01000013.1	40.206	291	140	6	76	333	890509	889640	2.68e-59	219
Query_1	2692169_WWCT01000012.1	43.421	304	148	7	43	336	174572	173703	4.94e-59	219
Query_1	2717319_JAAQOM010000025.1	44.224	303	144	8	44	336	43533	42670	6.49e-59	218
Query_1	1141883_CP019038.1	44.224	303	144	8	44	336	3652810	3651947	1.78e-58	217
Query_1	2135494_QUNU01000005.1	42.904	303	149	7	43	335	247959	248825	2.49e-58	216
Query_1	2135493_QUND01000005.1	42.904	303	149	7	43	335	247959	248825	2.49e-58	216
Query_1	2135663_QJTL01000005.1	42.904	303	149	7	43	335	247959	248825	2.49e-58	216
Query_1	2135492_QUNP01000005.1	42.904	303	149	7	43	335	247959	248825	2.49e-58	216
Query_1	2135768_QLLJ01000005.1	42.904	303	149	7	43	335	247959	248825	2.49e-58	216
Query_1	2135491_QUNB01000004.1	42.904	303	149	7	43	335	247959	248825	2.49e-58	216
Query_1	2135767_QKMN01000005.1	42.904	303	149	7	43	335	247959	248825	2.49e-58	216
Query_1	2135490_QREC01000005.1	42.904	303	149	7	43	335	247959	248825	2.49e-58	216
Query_1	2135766_QLLZ01000005.1	42.904	303	149	7	43	335	247959	248825	2.49e-58	216
Query_1	2135664_RCWV01000005.1	42.904	303	149	7	43	335	247959	248825	2.49e-58	216
Query_1	2026176_PUIP01000018.1	44.079	304	145	8	43	336	26630	25764	2.60e-58	216
Query_1	1549812_JPXI01000042.1	42.434	304	150	7	43	336	494312	495178	4.25e-58	216
Query_1	1462440_WNLA01000012.1	42.951	305	150	7	43	337	181123	181995	4.41e-58	216
Query_1	1907403_FTMY01000002.1	43.813	299	141	7	43	333	72521	73360	6.49e-58	215
Query_1	227321_CH236929.1	46.296	216	108	3	78	285	408151	408798	9.00e-58	215
Query_1	227321_CH236929.1	47.619	84	26	1	272	337	408837	409088	5.18e-11	78.6
Query_1	227321_BN001302.1	46.296	216	108	3	78	285	406507	407154	9.01e-58	215
Query_1	227321_BN001302.1	47.619	84	26	1	272	337	407193	407444	5.18e-11	78.6
Query_1	433924_QQAV01000006.1	43.377	302	144	7	43	336	272635	273483	1.18e-57	214
Query_1	1257078_ANOY02000618.1	43.581	296	146	7	43	333	26404	25565	2.96e-57	213
Query_1	2666085_WKJJ01000001.1	42.951	305	150	7	43	337	296504	297376	3.52e-57	213
Query_1	433924_LDSL01000138.1	43.046	302	145	7	43	336	16888	16040	1.36e-56	211
Query_1	1523428_LJIA01000005.1	43.144	299	148	6	43	336	387942	387097	3.49e-56	210
Query_1	2135671_QAYI01000003.1	43.189	301	147	7	43	333	37663	36803	4.11e-56	210
Query_1	2135495_QJTN01000003.1	43.189	301	147	7	43	333	37663	36803	4.11e-56	210
Query_1	2135674_SMBW01000001.1	43.189	301	147	7	43	333	88747	89607	4.48e-56	210
Query_1	2135672_QAXZ01000001.1	43.189	301	147	7	43	333	88747	89607	4.48e-56	210
Query_1	2707176_JAAGOH010000053.1	43.478	299	148	5	43	336	11255	10407	4.96e-56	210
Query_1	2135673_SLYL01000006.1	43.189	301	147	7	43	333	418330	419190	7.16e-56	209
Query_1	2660641_WWCU01000056.1	43.522	301	146	7	43	333	16866	16006	7.45e-56	209
Query_1	1035707_FPBO01000001.1	41.967	305	153	7	43	337	330962	331834	1.02e-55	209
Query_1	1035707_FPBO01000001.1	39.867	301	157	7	43	333	337791	338651	2.68e-51	196
Query_1	1736479_LMHL01000039.1	41.806	299	152	6	43	336	9958	9113	4.07e-55	207
Query_1	1736511_LMCN01000016.1	41.806	299	152	6	43	336	241952	242797	4.30e-55	207
Query_1	1736435_LMDM01000034.1	41.806	299	152	6	43	336	10705	9860	4.30e-55	207
Query_1	101571_LPDO01000141.1	41.401	314	149	11	43	336	221996	222892	5.85e-55	207
Query_1	1380385_JHVQ01000012.1	44.257	296	142	6	43	333	162259	163092	6.75e-55	207
Query_1	1882828_FNRO01000001.1	43.919	296	143	6	43	333	614979	614146	1.72e-54	205
Query_1	101571_LPEP01000001.1	41.083	314	150	11	43	336	187548	186652	1.85e-54	205
Query_1	87883_CP033854.1	41.720	314	148	11	43	336	598870	599766	1.87e-54	205
Query_1	87883_CP033854.1	39.432	317	151	12	43	336	2150414	2151310	8.96e-50	192
Query_1	87883_CP033854.1	33.968	315	166	14	43	333	1151054	1151944	5.74e-33	143
Query_1	1736532_LMEC01000026.1	42.525	301	149	7	43	333	34804	33944	2.08e-54	205
Query_1	101571_QTOA01000020.1	40.705	312	154	10	43	336	47559	46663	2.28e-54	205
Query_1	101571_QTOC01000016.1	40.705	312	154	10	43	336	47559	46663	2.28e-54	205
Query_1	101571_QTNZ01000017.1	40.705	312	154	10	43	336	47559	46663	2.28e-54	205
Query_1	101571_NQMZ01000011.1	40.705	312	154	10	43	336	129292	130188	2.28e-54	205
Query_1	101571_NQMY01000009.1	40.705	312	154	10	43	336	129937	130833	2.28e-54	205
Query_1	101571_NQNB01000009.1	40.705	312	154	10	43	336	130300	131196	2.28e-54	205
Query_1	101571_NQMX01000045.1	40.705	312	154	10	43	336	220885	219989	2.29e-54	205
Query_1	101571_QTOB01000004.1	40.705	312	154	10	43	336	219289	218393	2.29e-54	205
Query_1	101571_NQNA01000056.1	40.705	312	154	10	43	336	220641	219745	2.29e-54	205
Query_1	101571_QTNY01000005.1	40.705	312	154	10	43	336	278536	277640	2.29e-54	205
Query_1	101571_LPFE01000006.1	41.026	312	153	10	43	336	157445	156549	3.02e-54	205
Query_1	441166_ABBE01000667.1	41.026	312	153	11	43	336	30952	31848	3.22e-54	204
Query_1	164546_LT976887.1	43.952	248	124	5	92	335	90296	89586	3.28e-54	204
Query_1	101571_LPJP01000033.1	40.705	312	154	10	43	336	19862	20758	3.29e-54	204
Query_1	164546_LT976868.1	43.952	248	124	5	92	335	1506288	1505578	3.30e-54	204
Query_1	164546_LT976868.1	35.317	252	123	9	101	333	2448007	2447315	2.98e-31	138
Query_1	164546_LT976988.1	43.952	248	124	5	92	335	1642681	1641971	3.30e-54	204
Query_1	164546_LT976988.1	35.317	252	123	9	101	333	2429487	2428795	3.00e-31	138
Query_1	164546_LT976991.1	43.952	248	124	5	92	335	1489856	1489146	3.30e-54	204
Query_1	164546_LT976991.1	35.317	252	123	9	101	333	2432162	2431470	3.00e-31	138
Query_1	164546_LT976995.1	43.952	248	124	5	92	335	1489270	1488560	3.30e-54	204
Query_1	164546_LT976995.1	35.317	252	123	9	101	333	2430466	2429774	3.00e-31	138
Query_1	164546_LT976985.1	43.952	248	124	5	92	335	1490366	1489656	3.30e-54	204
Query_1	164546_LT976985.1	35.317	252	123	9	101	333	2430864	2430172	3.00e-31	138
Query_1	164546_LT976862.1	43.952	248	124	5	92	335	1551367	1550657	3.30e-54	204
Query_1	164546_LT976862.1	35.317	252	123	9	101	333	2481422	2480730	2.98e-31	138
Query_1	164546_LT976999.1	43.952	248	124	5	92	335	1584525	1583815	3.30e-54	204
Query_1	164546_LT976999.1	35.317	252	123	9	101	333	2525333	2524641	2.98e-31	138
Query_1	164546_LT984803.1	43.952	248	124	5	92	335	1461024	1460314	3.30e-54	204
Query_1	164546_LT984803.1	35.317	252	123	9	101	333	2421119	2420427	2.98e-31	138
Query_1	101571_LOZG01000042.1	40.705	312	154	10	43	336	192034	191138	3.32e-54	204
Query_1	101571_LOXP01000052.1	40.705	312	154	10	43	336	192034	191138	3.32e-54	204
Query_1	101571_LOYG01000017.1	40.705	312	154	10	43	336	192034	191138	3.32e-54	204
Query_1	101571_LOYA01000086.1	40.705	312	154	10	43	336	192034	191138	3.32e-54	204
Query_1	101571_LOXW01000083.1	40.705	312	154	10	43	336	192034	191138	3.32e-54	204
Query_1	101571_LOZD01000070.1	40.705	312	154	10	43	336	5129	6025	4.59e-54	204
Query_1	101571_LPHS01000052.1	40.705	312	154	10	43	336	21156	22052	4.61e-54	204
Query_1	101571_LPGK01000107.1	40.705	312	154	10	43	336	5079	5975	4.62e-54	204
Query_1	101571_LPGA01000098.1	40.705	312	154	10	43	336	5080	5976	4.62e-54	204
Query_1	101571_LOZH01000020.1	40.705	312	154	10	43	336	5129	6025	4.63e-54	204
Query_1	101571_LOZC01000019.1	40.705	312	154	10	43	336	5129	6025	4.63e-54	204
Query_1	101571_LPCB01000072.1	40.705	312	154	10	43	336	261880	262776	4.65e-54	204
Query_1	101571_LPJF01000042.1	40.705	312	154	10	43	336	681233	682129	4.79e-54	204
Query_1	101571_LPGP01000102.1	40.705	312	154	10	43	336	21128	22024	4.95e-54	204
Query_1	101571_LPAD01000104.1	40.705	312	154	10	43	336	21155	22051	4.95e-54	204
Query_1	101571_LPDU01000057.1	40.705	312	154	10	43	336	91122	90226	4.95e-54	204
Query_1	101571_LPDX01000121.1	40.705	312	154	10	43	336	5086	5982	4.96e-54	204
Query_1	101571_LPAJ01000006.1	40.705	312	154	10	43	336	55767	54871	4.96e-54	204
Query_1	101571_LPHO01000026.1	40.705	312	154	10	43	336	253651	254547	4.97e-54	204
Query_1	101571_LPBF01000011.1	40.705	312	154	10	43	336	261470	262366	4.97e-54	204
Query_1	101571_LPAG01000038.1	40.705	312	154	10	43	336	196200	197096	4.97e-54	204
Query_1	101571_LPEJ01000043.1	40.705	312	154	10	43	336	198412	197516	4.98e-54	204
Query_1	101571_LPCD01000043.1	40.705	312	154	10	43	336	819	1715	5.06e-54	204
Query_1	101571_LPKW01000014.1	40.705	312	154	10	43	336	11718	12614	5.11e-54	204
Query_1	101571_LPKV01000031.1	40.705	312	154	10	43	336	11718	12614	5.11e-54	204
Query_1	101571_LPAA01000017.1	40.705	312	154	10	43	336	11718	12614	5.11e-54	204
Query_1	101571_LPGJ01000037.1	40.705	312	154	10	43	336	19816	20712	5.14e-54	204
Query_1	101571_MEBO01000015.1	40.705	312	154	10	43	336	84185	85081	5.15e-54	204
Query_1	101571_MECP01000002.1	40.705	312	154	10	43	336	11953	12849	5.16e-54	204
Query_1	101571_MEAT01000005.1	40.705	312	154	10	43	336	84179	85075	5.17e-54	204
Query_1	101571_LPHX01000302.1	40.705	312	154	10	43	336	19742	20638	5.22e-54	204
Query_1	101571_LPHW01000088.1	40.705	312	154	10	43	336	46728	45832	5.22e-54	204
Query_1	101571_LPDW01000075.1	40.705	312	154	10	43	336	49585	50481	5.24e-54	204
Query_1	101571_LPIL01000079.1	40.705	312	154	10	43	336	21140	22036	5.24e-54	204
Query_1	101571_LPDV01000007.1	40.705	312	154	10	43	336	92440	91544	5.24e-54	204
Query_1	101571_LPEB01000039.1	40.705	312	154	10	43	336	114860	115756	5.25e-54	204
Query_1	101571_LPAS01000035.1	40.705	312	154	10	43	336	81305	80409	5.26e-54	204
Query_1	101571_LOYE01000042.1	40.705	312	154	10	43	336	143728	144624	5.26e-54	204
Query_1	101571_LPED01000043.1	40.705	312	154	10	43	336	21115	22011	5.26e-54	204
Query_1	101571_LPHE01000046.1	40.705	312	154	10	43	336	209529	208633	5.26e-54	204
Query_1	101571_LPHF01000103.1	40.705	312	154	10	43	336	209824	208928	5.26e-54	204
Query_1	101571_LPCE01000013.1	40.705	312	154	10	43	336	158307	159203	5.26e-54	204
Query_1	101571_LPIM01000003.1	40.705	312	154	10	43	336	158307	159203	5.26e-54	204
Query_1	101571_LPAE01000083.1	40.705	312	154	10	43	336	208335	209231	5.26e-54	204
Query_1	101571_LPAI01000117.1	40.705	312	154	10	43	336	120861	119965	5.26e-54	204
Query_1	101571_LPHZ01000132.1	40.705	312	154	10	43	336	91229	92125	5.26e-54	204
Query_1	101571_LPIK01000058.1	40.705	312	154	10	43	336	265268	266164	5.27e-54	204
Query_1	101571_LPNC01000089.1	40.705	312	154	10	43	336	265918	266814	5.27e-54	204
Query_1	101571_LPIJ01000038.1	40.705	312	154	10	43	336	265918	266814	5.27e-54	204
Query_1	101571_LPBV01000099.1	40.705	312	154	10	43	336	91328	90432	5.27e-54	204
Query_1	101571_LPAH01000120.1	40.705	312	154	10	43	336	92691	91795	5.27e-54	204
Query_1	101571_LPMV01000053.1	40.705	312	154	10	43	336	267750	268646	5.27e-54	204
Query_1	101571_LPAL01000053.1	40.705	312	154	10	43	336	258605	259501	5.27e-54	204
Query_1	101571_LPAY01000070.1	40.705	312	154	10	43	336	260189	261085	5.27e-54	204
Query_1	101571_LPAB01000026.1	40.705	312	154	10	43	336	150679	149783	5.36e-54	204
Query_1	101571_LOYV01000088.1	40.705	312	154	10	43	336	131209	130313	5.47e-54	204
Query_1	101571_LOYI01000140.1	40.705	312	154	10	43	336	131209	130313	5.47e-54	204
Query_1	101571_LOZE01000136.1	40.705	312	154	10	43	336	131881	130985	5.47e-54	204
Query_1	101571_LOZF01000132.1	40.705	312	154	10	43	336	132346	131450	5.47e-54	204
Query_1	101571_LPCA01000012.1	40.705	312	154	10	43	336	92438	93334	5.47e-54	204
Query_1	292_CP013444.1	40.705	312	154	10	43	336	1558589	1557693	5.48e-54	204
Query_1	292_CP013444.1	34.286	315	165	14	43	333	2550716	2551606	1.30e-33	145
Query_1	292_CP013444.1	29.907	107	53	4	228	334	871145	871399	4.3	44.3
Query_1	101571_CP013447.1	40.705	312	154	10	43	336	1575756	1574860	5.48e-54	204
Query_1	101571_CP013447.1	34.286	315	165	14	43	333	2569741	2570631	1.30e-33	145
Query_1	101571_LPAK01000026.1	40.705	312	154	10	43	336	14301	13405	5.60e-54	204
Query_1	101571_LPBJ01000043.1	40.705	312	154	10	43	336	68994	69890	5.71e-54	204
Query_1	101571_LPGQ01000005.1	40.705	312	154	10	43	336	98490	97594	5.73e-54	204
Query_1	101571_LPIQ01000023.1	40.705	312	154	10	43	336	80608	81504	5.77e-54	204
Query_1	101571_LPIR01000130.1	40.705	312	154	10	43	336	80608	81504	5.77e-54	204
Query_1	101571_LPDH01000019.1	41.026	312	153	10	43	336	6745	5849	5.81e-54	204
Query_1	101571_LPDG01000125.1	41.026	312	153	10	43	336	79243	80139	5.93e-54	204
Query_1	101571_LPDL01000045.1	41.026	312	153	10	43	336	79243	80139	5.94e-54	204
Query_1	101571_MEAX01000008.1	41.026	312	153	10	43	336	49739	48843	6.00e-54	204
Query_1	101571_LPMJ01000119.1	41.083	314	150	11	43	336	21144	22040	6.31e-54	204
Query_1	1500262_JUGZ01000019.1	41.472	299	153	6	43	336	109676	110521	6.36e-54	204
Query_1	101571_LPGI01000033.1	40.705	312	154	10	43	336	19675	20571	6.44e-54	204
Query_1	101571_LPJJ01000003.1	41.026	312	153	11	43	336	35654	36550	6.87e-54	204
Query_1	101571_LPJH01000018.1	41.026	312	153	11	43	336	35654	36550	6.87e-54	204
Query_1	101571_LPMQ01000036.1	41.026	312	153	10	43	336	188904	188008	6.95e-54	204
Query_1	101571_MECN01000044.1	41.026	312	153	10	43	336	188743	187847	6.95e-54	204
Query_1	101571_LPMA01000034.1	41.026	312	153	10	43	336	109078	109974	6.95e-54	204
Query_1	101571_LPIW01000025.1	41.026	312	153	10	43	336	220425	219529	6.95e-54	204
Query_1	101571_LPIV01000068.1	41.026	312	153	10	43	336	220425	219529	6.95e-54	204
Query_1	101571_LPIU01000068.1	41.026	312	153	10	43	336	221403	220507	6.95e-54	204
Query_1	101571_LPDK01000043.1	41.026	312	153	10	43	336	188662	187766	6.96e-54	204
Query_1	101571_LPCX01000070.1	41.026	312	153	10	43	336	188662	187766	6.96e-54	204
Query_1	101571_LPDD01000064.1	41.026	312	153	10	43	336	188662	187766	6.96e-54	204
Query_1	101571_LPDF01000035.1	41.026	312	153	10	43	336	188666	187770	6.96e-54	204
Query_1	101571_LPCY01000061.1	41.026	312	153	10	43	336	188666	187770	6.96e-54	204
Query_1	101571_LPDE01000038.1	41.026	312	153	10	43	336	188918	188022	6.96e-54	204
Query_1	101571_LPIX01000105.1	41.026	312	153	10	43	336	222699	221803	6.96e-54	204
Query_1	101571_LPDC01000069.1	41.026	312	153	10	43	336	189773	188877	6.96e-54	204
Query_1	101571_CP013464.1	41.026	312	153	10	43	336	1731459	1732355	6.97e-54	204
Query_1	101571_CP013464.1	33.439	314	169	13	43	333	2293714	2294604	3.28e-33	144
Query_1	101571_LPHH01000087.1	41.083	314	150	11	43	336	66758	67654	7.28e-54	204
Query_1	101571_LPDJ01000088.1	41.083	314	150	11	43	336	216745	215849	7.29e-54	204
Query_1	101571_LPFN01000005.1	41.083	314	150	11	43	336	244736	243840	7.30e-54	204
Query_1	101571_LPHY01000157.1	41.083	314	150	11	43	336	246219	245323	7.30e-54	204
Query_1	101571_LOTJ01000013.1	42.089	316	148	12	43	338	150877	151779	7.59e-54	204
Query_1	101571_LOTH01000035.1	42.089	316	148	12	43	338	150931	151833	7.59e-54	204
Query_1	101571_LOTF01000013.1	42.089	316	148	12	43	338	408948	408046	7.59e-54	204
Query_1	101571_LOTE01000049.1	42.089	316	148	12	43	338	408948	408046	7.59e-54	204
Query_1	101571_LOTD01000011.1	42.089	316	148	12	43	338	249515	250417	7.59e-54	204
Query_1	101571_CP013371.1	42.089	316	148	12	43	338	1673525	1674427	7.60e-54	204
Query_1	101571_CP013371.1	33.968	315	166	14	43	333	2234206	2235096	2.63e-33	144
Query_1	101571_LPEA01000162.1	40.705	312	154	10	43	336	277964	277068	7.73e-54	204
Query_1	101571_LPAR01000016.1	41.083	314	150	11	43	336	87526	88422	7.78e-54	204
Query_1	101571_MEBB01000176.1	41.083	314	150	11	43	336	4438	3542	7.92e-54	203
Query_1	101571_LPGM01000068.1	41.083	314	150	11	43	336	210442	209546	8.26e-54	203
Query_1	101571_LPGL01000056.1	41.083	314	150	11	43	336	210442	209546	8.26e-54	203
Query_1	101571_LPAT01000017.1	41.083	314	150	11	43	336	21173	22069	8.26e-54	203
Query_1	101571_LOTS01000042.1	42.038	314	147	12	43	336	251281	250385	8.35e-54	203
Query_1	101571_LOTW01000098.1	42.038	314	147	12	43	336	251281	250385	8.35e-54	203
Query_1	101571_LOTT01000056.1	42.038	314	147	12	43	336	251281	250385	8.35e-54	203
Query_1	101571_LOVK01000027.1	40.705	312	154	10	43	336	56799	55903	8.44e-54	203
Query_1	101571_LPAF01000006.1	40.705	312	154	10	43	336	229608	230504	8.51e-54	203
Query_1	101571_LPBE01000084.1	41.083	314	150	11	43	336	103230	102334	8.88e-54	203
Query_1	101571_LPFY01000031.1	40.705	312	154	10	43	336	49944	49048	8.89e-54	203
Query_1	101571_LOZL01000036.1	40.705	312	154	10	43	336	2701	1805	8.91e-54	203
Query_1	101571_LPEL01000033.1	40.705	312	154	10	43	336	57303	56407	9.16e-54	203
Query_1	101571_LPGH01000103.1	40.705	312	154	10	43	336	88236	89132	9.18e-54	203
Query_1	101571_LPBD01000124.1	41.083	314	150	11	43	336	79067	79963	9.18e-54	203
Query_1	101571_LPCG01000091.1	41.083	314	150	11	43	336	79078	79974	9.18e-54	203
Query_1	101571_LPMZ01000113.1	41.083	314	150	11	43	336	401829	402725	9.19e-54	203
Query_1	101571_LPHU01000061.1	40.705	312	154	10	43	336	48472	47576	9.26e-54	203
Query_1	1436049_JAVB01000064.1	40.705	312	154	10	43	336	113870	112974	9.26e-54	203
Query_1	101571_MEBJ01000040.1	40.705	312	154	10	43	336	92585	93481	9.27e-54	203
Query_1	101571_LPDM01000030.1	40.705	312	154	10	43	336	95660	94764	9.35e-54	203
Query_1	101571_LPJI01000007.1	40.705	312	154	10	43	336	105413	104517	9.51e-54	203
Query_1	101571_LOTP01000081.1	42.089	316	148	12	43	338	84063	84965	9.51e-54	203
Query_1	101571_LOVJ01000040.1	40.705	312	154	10	43	336	89500	90396	9.54e-54	203
Query_1	101571_LOTM01000064.1	42.089	316	148	12	43	338	95688	96590	9.55e-54	203
Query_1	101571_LPFB01000025.1	40.705	312	154	10	43	336	161414	160518	1.00e-53	203
Query_1	101571_LPER01000112.1	40.705	312	154	10	43	336	162902	162006	1.00e-53	203
Query_1	101571_LOTO01000019.1	42.089	316	148	12	43	338	48448	47546	1.01e-53	203
Query_1	101571_MEAU01000004.1	40.705	312	154	10	43	336	92262	93158	1.01e-53	203
Query_1	101571_LPGB01000109.1	40.705	312	154	10	43	336	49838	48942	1.01e-53	203
Query_1	101571_LOVU01000030.1	42.089	316	148	12	43	338	89765	90667	1.01e-53	203
Query_1	101571_LOUY01000079.1	42.089	316	148	12	43	338	89738	90640	1.01e-53	203
Query_1	101571_LOTK01000067.1	42.089	316	148	12	43	338	538264	537362	1.01e-53	203
Query_1	101571_LOTK01000067.1	33.968	315	166	14	43	333	41534	40644	2.32e-32	141
Query_1	101571_LOTN01000071.1	42.089	316	148	12	43	338	538251	537349	1.01e-53	203
Query_1	101571_LOTN01000071.1	33.968	315	166	14	43	333	41533	40643	2.32e-32	141
Query_1	101571_LOXM01000279.1	42.089	316	148	12	43	338	24918	24016	1.06e-53	203
Query_1	101571_CP013416.1	42.089	316	148	12	43	338	1606887	1607789	1.06e-53	203
Query_1	101571_CP013416.1	33.651	315	167	14	43	333	2144066	2144956	2.43e-32	141
Query_1	101571_LPBR01000081.1	40.705	312	154	10	43	336	647	1543	1.08e-53	203
Query_1	101571_LOYM01000065.1	40.705	312	154	10	43	336	647	1543	1.08e-53	203
Query_1	101571_LPFT01000048.1	40.705	312	154	10	43	336	5080	5976	1.11e-53	203
Query_1	101571_LPDQ01000106.1	40.705	312	154	10	43	336	82708	83604	1.15e-53	203
Query_1	101571_LPML01000158.1	40.764	314	151	11	43	336	2601	1705	1.15e-53	202
Query_1	101571_LPLV01000048.1	40.705	312	154	10	43	336	246312	245416	1.17e-53	203
Query_1	101571_LPLW01000010.1	40.705	312	154	10	43	336	247017	246121	1.17e-53	203
Query_1	101571_LPBG01000007.1	40.705	312	154	10	43	336	51652	50756	1.23e-53	203
Query_1	101571_LPEN01000057.1	40.385	312	155	10	43	336	15105	14209	1.35e-53	203
Query_1	1500265_JUHA01000013.1	41.472	299	153	6	43	336	187824	186979	1.36e-53	203
Query_1	101571_LPJB01000109.1	40.385	312	155	10	43	336	37945	37049	1.37e-53	203
Query_1	101571_LPGN01000021.1	40.385	312	155	10	43	336	37945	37049	1.37e-53	203
Query_1	101571_LPEI01000053.1	40.705	312	154	10	43	336	48569	47673	1.47e-53	202
Query_1	101571_MEAV01000117.1	40.705	312	154	10	43	336	5373	4477	1.50e-53	202
Query_1	101571_LPJN01000087.1	40.705	312	154	10	43	336	54632	53736	1.59e-53	202
Query_1	101571_LPLF01000057.1	40.705	312	154	10	43	336	163664	162768	1.59e-53	202
Query_1	101571_LPFO01000062.1	40.705	312	154	10	43	336	37741	36845	1.60e-53	202
Query_1	101571_LOVG01000121.1	40.705	312	154	10	43	336	21144	22040	1.68e-53	202
Query_1	101571_LPDZ01000071.1	40.705	312	154	10	43	336	13451	12555	1.69e-53	202
Query_1	101571_LOVN01000035.1	40.705	312	154	10	43	336	72431	73327	1.70e-53	202
Query_1	101571_LPIA01000078.1	40.705	312	154	10	43	336	21149	22045	1.71e-53	202
Query_1	101571_MEBN01000136.1	40.705	312	154	10	43	336	53827	54723	1.72e-53	202
Query_1	101571_MEAZ01000090.1	40.705	312	154	10	43	336	65709	66605	1.72e-53	202
Query_1	101571_LOXH01000006.1	40.705	312	154	10	43	336	36413	35517	1.72e-53	202
Query_1	101571_MEAY01000008.1	40.705	312	154	10	43	336	92326	93222	1.72e-53	202
Query_1	101571_LPAV01000087.1	40.705	312	154	10	43	336	92310	93206	1.72e-53	202
Query_1	101571_MEBM01000013.1	40.705	312	154	10	43	336	64661	65557	1.72e-53	202
Query_1	101571_LPHK01000054.1	40.705	312	154	10	43	336	93007	93903	1.72e-53	202
Query_1	101571_LPBL01000093.1	40.705	312	154	10	43	336	49263	48367	1.72e-53	202
Query_1	101571_LPKZ01000070.1	40.705	312	154	10	43	336	9312	10208	1.73e-53	202
Query_1	101571_LPHD01000143.1	40.705	312	154	10	43	336	78955	79851	1.73e-53	202
Query_1	101571_LPBA01000033.1	40.705	312	154	10	43	336	159713	158817	1.73e-53	202
Query_1	101571_LPAU01000148.1	40.705	312	154	10	43	336	160255	159359	1.73e-53	202
Query_1	101571_LPBZ01000002.1	40.705	312	154	10	43	336	160316	159420	1.73e-53	202
Query_1	101571_LPGC01000031.1	40.705	312	154	10	43	336	162212	161316	1.73e-53	202
Query_1	101571_LPHV01000046.1	40.705	312	154	10	43	336	163494	162598	1.73e-53	202
Query_1	101571_LPBK01000001.1	40.705	312	154	10	43	336	21203	22099	1.73e-53	202
Query_1	101571_LOVH01000129.1	40.705	312	154	10	43	336	167414	166518	1.73e-53	202
Query_1	101571_LPDY01000084.1	40.705	312	154	10	43	336	53051	53947	1.73e-53	202
Query_1	101571_LPHR01000138.1	40.705	312	154	10	43	336	91685	92581	1.73e-53	202
Query_1	101571_LPKU01000022.1	40.705	312	154	10	43	336	87665	88561	1.73e-53	202
Query_1	101571_MEBH01000008.1	40.705	312	154	10	43	336	2985	3881	1.73e-53	202
Query_1	101571_LPEK01000114.1	40.705	312	154	10	43	336	88614	89510	1.73e-53	202
Query_1	101571_LOXJ01000018.1	40.705	312	154	10	43	336	237673	236777	1.73e-53	202
Query_1	101571_LOVQ01000189.1	40.705	312	154	10	43	336	92334	93230	1.73e-53	202
Query_1	101571_LPLG01000027.1	40.705	312	154	10	43	336	158063	158959	1.73e-53	202
Query_1	101571_MEBF01000002.1	40.705	312	154	10	43	336	79866	80762	1.73e-53	202
Query_1	101571_LPBY01000022.1	40.705	312	154	10	43	336	78950	79846	1.73e-53	202
Query_1	101571_MEBL01000072.1	40.705	312	154	10	43	336	268797	269693	1.73e-53	202
Query_1	101571_MEBE01000045.1	40.705	312	154	10	43	336	220229	221125	1.73e-53	202
Query_1	101571_MEBI01000010.1	40.705	312	154	10	43	336	87990	88886	1.74e-53	202
Query_1	101571_MEAS01000003.1	40.705	312	154	10	43	336	185188	186084	1.74e-53	202
Query_1	101571_LPKF01000079.1	40.705	312	154	10	43	336	274050	274946	1.76e-53	202
Query_1	101571_LPEG01000037.1	40.705	312	154	10	43	336	274050	274946	1.76e-53	202
Query_1	101571_LOVL01000021.1	40.705	312	154	10	43	336	171768	170872	1.76e-53	202
Query_1	101571_LPHJ01000041.1	40.705	312	154	10	43	336	87931	88827	1.77e-53	202
Query_1	101571_LOVI01000061.1	40.705	312	154	10	43	336	79077	79973	1.78e-53	202
Query_1	101571_LPHP01000100.1	40.705	312	154	10	43	336	48591	47695	1.81e-53	202
Query_1	101571_LPCI01000106.1	40.705	312	154	10	43	336	92300	93196	1.81e-53	202
Query_1	101571_MEAR01000011.1	40.705	312	154	10	43	336	78629	79525	1.83e-53	202
Query_1	101571_LOVF01000003.1	40.705	312	154	10	43	336	87822	88718	1.83e-53	202
Query_1	101571_LPJM01000025.1	40.705	312	154	10	43	336	163126	162230	1.83e-53	202
Query_1	101571_LPCF01000002.1	40.705	312	154	10	43	336	86749	85853	1.83e-53	202
Query_1	101571_LPBB01000011.1	40.705	312	154	10	43	336	90964	90068	1.83e-53	202
Query_1	101571_LPBH01000019.1	40.705	312	154	10	43	336	161742	160846	1.83e-53	202
Query_1	101571_LPEF01000042.1	40.705	312	154	10	43	336	164948	164052	1.83e-53	202
Query_1	101571_LPHT01000090.1	40.705	312	154	10	43	336	104988	104092	1.83e-53	202
Query_1	101571_LPIN01000082.1	40.705	312	154	10	43	336	21218	22114	1.83e-53	202
Query_1	101571_LPND01000064.1	40.705	312	154	10	43	336	21218	22114	1.83e-53	202
Query_1	101571_LPIO01000058.1	40.705	312	154	10	43	336	21371	22267	1.83e-53	202
Query_1	101571_LPCK01000016.1	40.705	312	154	10	43	336	178502	179398	1.83e-53	202
Query_1	101571_MEBK01000044.1	40.705	312	154	10	43	336	180447	181343	1.83e-53	202
Query_1	101571_LPFC01000027.1	40.705	312	154	10	43	336	20893	21789	1.83e-53	202
Query_1	101571_LPBN01000097.1	40.705	312	154	10	43	336	284992	285888	1.83e-53	202
Query_1	101571_LPBC01000033.1	40.705	312	154	10	43	336	93110	94006	1.83e-53	202
Query_1	101571_LPBW01000092.1	40.705	312	154	10	43	336	93143	94039	1.83e-53	202
Query_1	101571_LPCC01000054.1	40.705	312	154	10	43	336	93144	94040	1.83e-53	202
Query_1	101571_LOVO01000020.1	40.705	312	154	10	43	336	237302	236406	1.83e-53	202
Query_1	101571_LPGE01000149.1	40.705	312	154	10	43	336	48687	47791	1.83e-53	202
Query_1	101571_LPAP01000030.1	40.705	312	154	10	43	336	107509	106613	1.83e-53	202
Query_1	101571_LOVR01000015.1	40.705	312	154	10	43	336	338905	339801	1.83e-53	202
Query_1	101571_LPLC01000017.1	40.705	312	154	10	43	336	381688	382584	1.83e-53	202
Query_1	101571_LPCJ01000065.1	40.705	312	154	10	43	336	401981	402877	1.83e-53	202
Query_1	101571_LPIP01000054.1	40.705	312	154	10	43	336	401989	402885	1.83e-53	202
Query_1	1542965_JRFO01000007.1	40.705	312	154	10	43	336	1468196	1469092	1.84e-53	202
Query_1	1542965_JRFO01000007.1	34.286	315	165	14	43	333	2042549	2043439	1.52e-33	145
Query_1	1249668_CP009486.1	40.705	312	154	10	43	336	2288074	2288970	1.84e-53	202
Query_1	1249668_CP009486.1	34.076	314	167	13	43	333	33092	33982	2.25e-34	147
Query_1	101571_LPDR01000045.1	40.705	312	154	10	43	336	111365	110469	1.88e-53	202
Query_1	101571_LPMD01000004.1	40.705	312	154	10	43	336	52922	52026	1.90e-53	202
Query_1	101571_LPLY01000038.1	40.705	312	154	10	43	336	92090	92986	1.90e-53	202
Query_1	101571_LPLX01000100.1	40.705	312	154	10	43	336	52922	52026	1.90e-53	202
Query_1	101571_MECO01000010.1	40.705	312	154	10	43	336	265033	265929	1.90e-53	202
Query_1	101571_LPFP01000006.1	40.705	312	154	10	43	336	93008	93904	1.93e-53	202
Query_1	1436063_JAVQ01000045.1	40.705	312	154	10	43	336	72560	73456	1.93e-53	202
Query_1	101571_LOVC01000066.1	40.705	312	154	10	43	336	42263	41367	1.93e-53	202
Query_1	101571_LPHL01000057.1	40.705	312	154	10	43	336	88174	89070	1.93e-53	202
Query_1	101571_LPAN01000020.1	40.705	312	154	10	43	336	99291	100187	1.94e-53	202
Query_1	101571_MEBC01000008.1	40.705	312	154	10	43	336	97971	98867	1.94e-53	202
Query_1	101571_LOVE01000030.1	40.705	312	154	10	43	336	161558	160662	1.94e-53	202
Query_1	101571_LOYY01000048.1	40.705	312	154	10	43	336	190753	189857	1.94e-53	202
Query_1	101571_LOYX01000085.1	40.705	312	154	10	43	336	190753	189857	1.94e-53	202
Query_1	101571_LOYW01000039.1	40.705	312	154	10	43	336	190753	189857	1.94e-53	202
Query_1	101571_LOXR01000092.1	40.705	312	154	10	43	336	89810	88914	1.95e-53	202
Query_1	101571_LPLS01000155.1	40.705	312	154	10	43	336	46454	45558	1.95e-53	202
Query_1	101571_LPFI01000073.1	40.705	312	154	10	43	336	78929	79825	1.96e-53	202
Query_1	101571_LPBM01000048.1	40.705	312	154	10	43	336	166821	165925	1.96e-53	202
Query_1	101571_LPBI01000077.1	40.705	312	154	10	43	336	218236	217340	1.96e-53	202
Query_1	101571_LOZM01000062.1	40.705	312	154	10	43	336	87960	88856	1.96e-53	202
Query_1	101571_LPHN01000053.1	40.705	312	154	10	43	336	163941	163045	1.96e-53	202
Query_1	101571_LPHM01000054.1	40.705	312	154	10	43	336	164212	163316	1.96e-53	202
Query_1	101571_MEBA01000036.1	40.705	312	154	10	43	336	162094	162990	1.96e-53	202
Query_1	101571_LOZW01000036.1	40.705	312	154	10	43	336	109899	110795	1.96e-53	202
Query_1	101571_LPFS01000006.1	40.705	312	154	10	43	336	242386	243282	1.96e-53	202
Query_1	101571_LPMX01000006.1	40.705	312	154	10	43	336	242393	243289	1.96e-53	202
Query_1	101571_LPJL01000023.1	40.705	312	154	10	43	336	96475	95579	1.96e-53	202
Query_1	101571_LPNE01000019.1	40.705	312	154	10	43	336	463737	464633	1.96e-53	202
Query_1	101571_LOTL01000053.1	42.038	314	147	12	43	336	82987	83883	2.04e-53	202
Query_1	164546_OFTB01000103.1	44.215	242	120	5	98	335	6552	5860	2.06e-53	202
Query_1	101571_LPAX01000105.1	40.705	312	154	10	43	336	364955	365851	2.12e-53	202
Query_1	164546_LT991976.1	44.215	242	120	5	98	335	1817192	1817884	2.12e-53	202
Query_1	164546_LT991976.1	35.317	252	123	9	101	333	851476	852168	2.98e-31	138
Query_1	164546_OFTQ01000099.1	44.215	242	120	5	98	335	5622	6314	2.13e-53	202
Query_1	101571_LPEH01000072.1	40.705	312	154	10	43	336	69674	68778	2.13e-53	202
Query_1	1500264_FRCQ01000003.1	41.472	299	153	6	43	336	295678	296523	2.16e-53	202
Query_1	101571_LPIC01000013.1	40.705	312	154	10	43	336	15781	14885	2.18e-53	202
Query_1	101571_LOVB01000066.1	40.385	312	155	10	43	336	81312	82208	2.20e-53	202
Query_1	101571_LPFJ01000026.1	40.705	312	154	10	43	336	52083	51187	2.28e-53	202
Query_1	101571_MEBG01000022.1	40.705	312	154	10	43	336	9824	10720	2.30e-53	202
Query_1	101571_LPKX01000067.1	40.705	312	154	10	43	336	9391	10287	2.30e-53	202
Query_1	101571_CM003772.1	40.705	312	154	10	43	336	1587638	1588534	2.33e-53	202
Query_1	101571_CM003772.1	34.286	315	165	14	43	333	2138168	2139058	1.14e-33	145
Query_1	101571_MTJZ01000012.1	42.038	314	147	12	43	336	235134	234238	2.40e-53	202
Query_1	101571_LPMI01000159.1	40.385	312	155	10	43	336	21066	21962	2.40e-53	202
Query_1	101571_LPNB01000088.1	40.385	312	155	10	43	336	79300	80196	2.41e-53	202
Query_1	164546_LT977073.1	44.215	242	120	5	98	335	1585870	1585178	2.43e-53	202
Query_1	164546_LT977073.1	35.317	252	123	9	101	333	2611953	2611261	2.98e-31	138
Query_1	101571_LPLP01000092.1	40.705	312	154	10	43	336	93073	93969	2.71e-53	202
Query_1	101571_LPLI01000028.1	40.705	312	154	10	43	336	93073	93969	2.71e-53	202
Query_1	101571_LPLK01000047.1	40.705	312	154	10	43	336	48249	47353	2.72e-53	202
Query_1	101571_LPLO01000024.1	40.705	312	154	10	43	336	500902	501798	2.72e-53	202
Query_1	101571_LPLH01000050.1	40.705	312	154	10	43	336	48524	47628	2.72e-53	202
Query_1	101571_LOZJ01000048.1	40.705	312	154	10	43	336	221470	222366	2.74e-53	202
Query_1	101571_LPIB01000052.1	40.705	312	154	10	43	336	46255	45359	3.41e-53	202
Query_1	101571_LPDP01000101.1	40.385	312	155	10	43	336	19637	20533	3.47e-53	202
Query_1	101571_LOVA01000077.1	41.772	316	149	12	43	338	65891	66793	3.77e-53	201
Query_1	101571_LPFD01000032.1	41.026	312	153	10	43	336	57306	56410	4.25e-53	201
Query_1	101571_LPHQ01000118.1	40.705	312	154	10	43	336	84084	84980	4.67e-53	201
Query_1	101571_LPLU01000098.1	40.385	312	155	10	43	336	64625	65521	5.70e-53	201
Query_1	1736522_LMDJ01000012.1	41.584	303	153	7	43	335	38992	38126	6.89e-53	201
Query_1	101571_LOVP01000054.1	40.385	312	155	10	43	336	449	1345	7.64e-53	201
Query_1	101571_LPHC01000024.1	40.385	312	155	10	43	336	80578	79682	7.83e-53	201
Query_1	101571_LPEC01000065.1	40.385	312	155	10	43	336	14739	13843	8.29e-53	201
Query_1	101571_LPDS01000088.1	40.385	312	155	10	43	336	21057	21953	8.82e-53	201
Query_1	1736590_LMHQ01000009.1	42.623	305	150	8	43	339	22689	21826	2.67e-52	199
Query_1	2135638_QBTZ01000001.1	42.951	305	149	8	43	339	943490	944353	2.69e-52	199
Query_1	101571_MEAW01000068.1	40.064	312	156	10	43	336	68146	69042	2.80e-52	199
Query_1	101571_MEBD01000133.1	40.064	312	156	10	43	336	21292	22188	2.86e-52	199
Query_1	2135634_QEKU01000001.1	42.623	305	150	8	43	339	467325	466462	4.14e-52	199
Query_1	2135634_QEKU01000001.1	30.275	109	56	5	227	335	2073813	2074079	0.45	47.4
Query_1	2135635_REFD01000001.1	42.623	305	150	8	43	339	2673831	2674694	4.79e-52	198
Query_1	2135635_REFD01000001.1	30.275	109	56	5	227	335	813141	813407	0.75	47.0
Query_1	2056855_QAIM01000386.1	42.623	305	150	8	43	339	26169	25306	5.20e-52	198
Query_1	1736527_LMDQ01000014.1	42.623	305	150	8	43	339	1092918	1092055	5.26e-52	198
Query_1	1882827_FOWG01000005.1	41.584	303	155	6	43	339	49306	48446	5.63e-52	198
Query_1	2219062_QKVP01000005.1	42.623	305	150	8	43	339	163723	164586	5.68e-52	198
Query_1	358220_CP003872.1	42.623	305	150	8	43	339	3573994	3573131	6.02e-52	198
Query_1	1735686_LMKO01000001.1	42.193	301	146	8	43	334	629870	629025	6.75e-52	198
Query_1	47920_VJWE01000014.1	42.623	305	150	8	43	339	150525	149662	6.81e-52	198
Query_1	1736565_LMGP01000017.1	42.295	305	151	8	43	339	165617	166480	1.06e-51	197
Query_1	1034889_LT607803.1	42.568	296	147	6	43	333	5545635	5546468	1.21e-51	197
Query_1	1034889_LT607803.1	36.246	309	163	11	43	335	626179	627051	1.54e-38	159
Query_1	1437360_FSRD01000003.1	41.214	313	149	10	43	333	1146718	1145819	1.26e-51	197
Query_1	34073_LKTY01000079.1	41.447	304	154	7	43	339	34738	33878	1.80e-51	197
Query_1	34073_LKTZ01000067.1	41.447	304	154	7	43	339	28371	27511	1.80e-51	197
Query_1	34073_LKTV01000055.1	41.447	304	154	7	43	339	5069	5929	1.80e-51	197
Query_1	34073_LKTX01000014.1	41.447	304	154	7	43	339	5069	5929	1.82e-51	197
Query_1	34073_LKTW01000015.1	41.447	304	154	7	43	339	58232	59092	1.82e-51	197
Query_1	34073_LKTU01000029.1	41.447	304	154	7	43	339	68096	68956	1.82e-51	197
Query_1	1842533_CP016447.1	42.053	302	150	8	43	336	162606	161752	2.33e-51	196
Query_1	1842533_CP016447.1	35.802	81	35	4	227	307	1633821	1634012	4.0	44.7
Query_1	2135632_RBIT01000001.1	42.053	302	150	8	43	336	2536458	2535604	2.51e-51	196
Query_1	2135632_RBIT01000001.1	35.802	81	35	4	227	307	4409723	4409532	1.1	46.2
Query_1	512030_VFNT01000001.1	42.053	302	150	8	43	336	1258449	1259303	2.59e-51	196
Query_1	1690268_LHUP01000194.1	42.053	302	150	8	43	336	12861	13715	3.03e-51	196
Query_1	1882741_RKMB01000008.1	42.000	300	151	6	43	336	97957	97109	3.86e-51	196
Query_1	2035206_PJMZ01000001.1	42.295	305	151	8	43	339	2062085	2062948	4.34e-51	196
Query_1	2035206_PJMZ01000001.1	30.275	109	56	5	227	335	406486	406752	0.31	48.1
Query_1	2035204_PEET01000001.1	42.295	305	151	8	43	339	2891754	2890891	4.34e-51	196
Query_1	2035204_PEET01000001.1	30.275	109	56	5	227	335	4547366	4547100	0.31	48.1
Query_1	2135633_RBJA01000001.1	41.722	302	151	8	43	336	470107	470961	6.68e-51	195
Query_1	2135633_RBJA01000001.1	35.802	81	35	4	227	307	4000257	4000448	1.7	45.8
Query_1	866564_KL448323.1	42.193	301	149	8	43	336	2813092	2813940	7.57e-51	195
Query_1	2491057_RQYR01000020.1	38.411	302	159	8	43	336	20344	21192	7.68e-51	195
Query_1	2666084_WKJK01000004.1	38.188	309	158	7	43	333	78989	79870	9.88e-51	194
Query_1	2491343_VIVL01000006.1	40.067	297	155	6	43	334	373864	374700	1.27e-50	194
Query_1	1150395_KB905070.1	40.203	296	154	6	43	333	38414	37581	1.32e-50	194
Query_1	1321610_BCUT01000001.1	40.203	296	154	6	43	333	87923	87090	1.34e-50	194
Query_1	2692172_WWCQ01000002.1	38.961	308	156	7	43	333	770328	771206	1.69e-50	194
Query_1	1678028_CP012201.1	39.806	309	155	7	43	333	4514595	4515482	1.74e-50	194
Query_1	1678028_CP012201.1	35.806	310	167	10	43	336	5362388	5361507	1.44e-37	156
Query_1	1678028_CP012201.1	31.949	313	177	10	43	333	4848961	4848065	1.09e-31	139
Query_1	2004485_NOIG01000004.1	41.639	305	153	8	43	339	627585	628448	2.03e-50	194
Query_1	2056863_QAIH01000228.1	41.311	305	154	8	43	339	21320	20457	2.29e-50	193
Query_1	2135643_QEKM01000001.1	40.532	301	156	6	43	336	219556	220410	3.31e-50	193
Query_1	2135640_QUMV01000001.1	40.532	301	156	6	43	336	563811	564665	3.31e-50	193
Query_1	1736513_LMCQ01000023.1	39.731	297	156	6	43	334	210104	210940	3.53e-50	193
Query_1	2587049_VIWE01000001.1	40.000	300	151	7	43	334	333584	332748	3.57e-50	193
Query_1	2153365_QAJR01000043.1	41.639	305	153	8	43	339	17683	16820	3.76e-50	193
Query_1	1943571_BJHU01000035.1	41.967	305	152	8	43	339	441451	440588	4.36e-50	192
