Query_1	1269943_ASAJ01000001.1	99.664	298	1	0	1	298	253448	252555	0.0	581
Query_1	687_CP018835.1	99.664	298	1	0	1	298	727938	728831	0.0	581
Query_1	687_FULF01000029.1	94.631	298	16	0	1	298	27365	26472	8.44e-177	555
Query_1	1123492_FQUH01000018.1	94.631	298	16	0	1	298	105342	106235	8.44e-177	555
Query_1	1918945_FSSB01000018.1	93.266	297	20	0	1	297	62589	61699	8.79e-175	549
Query_1	1123498_FULE01000047.1	89.226	297	32	0	1	297	72579	73469	1.14e-166	526
Query_1	1123498_FULE01000047.1	22.433	263	165	7	46	277	111734	112498	1.0	45.8
Query_1	2479546_CP033078.1	81.208	298	56	0	1	298	486857	487750	1.59e-151	482
Query_1	2479546_CP033078.1	25.581	258	164	8	46	277	937096	936329	0.78	46.2
Query_1	1918946_FUFT01000008.1	79.933	299	58	1	2	298	130793	131689	7.01e-147	469
Query_1	1176257_RFFM01000002.1	59.596	297	116	1	1	297	105004	104126	9.54e-106	351
Query_1	316_DLIV01000058.1	58.746	303	111	2	5	297	277340	278236	4.02e-103	343
Query_1	316_POUU01000003.1	61.702	282	104	1	16	297	338865	338032	5.49e-103	343
Query_1	287_NSNL01000021.1	61.268	284	106	1	14	297	2028	2867	1.49e-102	342
Query_1	316_POUW01000006.1	58.416	303	112	2	5	297	280238	281134	3.24e-102	341
Query_1	2602738_VRKW01000006.1	67.681	263	83	2	37	297	137669	138457	4.08e-102	340
Query_1	2602738_VRKW01000006.1	62.162	296	110	2	4	297	136274	137161	6.26e-100	334
Query_1	1333856_ATAR01000037.1	61.348	282	105	1	16	297	62325	63158	2.10e-101	338
Query_1	1917421_CP022684.1	66.160	263	89	0	35	297	2040502	2039714	2.74e-101	338
Query_1	1917421_CP022684.1	26.087	253	160	5	51	279	2756917	2757666	1.08e-11	79.7
Query_1	1917421_CP022684.1	27.734	256	172	8	30	277	1628276	1629028	6.68e-10	74.3
Query_1	316_DKEM01000014.1	60.215	279	107	1	19	297	34211	35035	1.85e-100	336
Query_1	1215092_BATI01000009.1	58.781	279	111	1	19	297	2923	3747	5.13e-99	332
Query_1	43263_UGUP01000002.1	58.781	279	111	1	19	297	2756983	2757807	5.15e-99	332
Query_1	316_JYHV01000025.1	59.574	282	110	1	16	297	8918	8085	1.21e-98	330
Query_1	1523503_JPMY01000003.1	59.498	279	109	1	19	297	42412	41588	2.81e-98	330
Query_1	1796033_LSOF01000002.1	58.423	279	112	1	19	297	102136	101312	1.72e-97	327
Query_1	1796033_LSOF01000002.1	59.707	273	106	1	25	297	103281	102475	1.76e-95	322
Query_1	2502240_SCOM01000002.1	58.781	279	111	1	19	297	1103175	1103999	2.22e-97	327
Query_1	2685906_WSSA01000002.1	54.730	296	130	2	2	297	1727105	1727980	7.69e-88	300
Query_1	2201898_QGEH01000001.1	54.730	296	130	2	2	297	1106247	1105372	7.69e-88	300
Query_1	2586906_VTVA01000003.1	51.307	306	137	4	1	296	84843	85754	6.90e-86	294
Query_1	1981513_VTPZ01000007.1	56.107	262	113	1	35	296	105820	106599	9.66e-86	293
Query_1	2706126_CP048629.1	56.107	262	113	1	35	296	2627456	2626677	9.69e-86	293
Query_1	2706126_CP048629.1	48.944	284	139	2	16	295	10068	9223	3.70e-77	269
Query_1	1461581_LM997413.1	54.355	287	124	3	16	297	2194658	2193804	4.28e-85	292
Query_1	1461581_LK391969.1	54.355	287	124	3	16	297	2194658	2193804	4.28e-85	292
Query_1	1848729_PCQD01000004.1	54.296	291	128	2	10	297	415387	416253	4.40e-85	291
Query_1	797277_LT629748.1	53.199	297	135	3	1	297	1786310	1785432	6.30e-85	291
Query_1	650891_JAAFYR010000001.1	50.637	314	135	4	1	297	1864108	1863176	9.54e-85	291
Query_1	650891_FOYW01000001.1	50.637	314	135	4	1	297	1325354	1326286	9.54e-85	291
Query_1	1761797_SODW01000001.1	52.716	313	129	4	2	297	1817216	1818148	3.65e-84	289
Query_1	1323744_VTTI01000003.1	56.274	263	113	1	35	297	244524	245306	3.23e-83	286
Query_1	1415571_PJNC01000001.1	52.396	313	130	4	2	297	120370	119438	3.39e-83	286
Query_1	653930_FOUA01000001.1	53.310	287	127	3	16	297	46295	45441	6.66e-83	285
Query_1	653930_FOGN01000001.1	53.310	287	127	3	16	297	1333484	1334338	6.66e-83	285
Query_1	653930_JFHS01000001.1	52.174	299	135	4	5	297	1353303	1354193	8.98e-83	285
Query_1	472181_LT629763.1	53.788	264	122	0	34	297	2939271	2940062	2.10e-82	284
Query_1	472181_LT629763.1	49.135	289	140	1	16	297	2940632	2941498	1.72e-78	273
Query_1	472181_DRHT01000063.1	49.175	303	141	2	4	295	27390	28292	2.44e-82	284
Query_1	472181_DRHT01000063.1	54.580	262	117	1	35	296	28875	29654	9.01e-81	279
Query_1	472181_DRHT01000063.1	54.198	262	118	1	34	295	30191	30970	1.79e-79	276
Query_1	2268758_QOVF01000001.1	54.340	265	121	0	33	297	872651	873445	2.72e-82	284
Query_1	487184_LT629736.1	56.654	263	112	1	35	297	991885	992667	5.36e-82	283
Query_1	698738_FO203512.1	56.250	272	118	1	26	297	862274	861462	2.76e-81	281
Query_1	430453_FOHZ01000005.1	53.532	269	123	1	29	297	58151	58951	6.56e-81	280
Query_1	626887_KB822693.1	51.316	304	127	3	2	297	2439384	2438512	8.71e-81	279
Query_1	1002526_FOYD01000004.1	54.851	268	111	2	35	297	243841	244629	1.60e-80	278
Query_1	1323663_AROI01000031.1	54.478	268	117	2	34	297	22480	23280	6.29e-80	277
Query_1	1708783_PPSK01000001.1	50.658	304	143	3	1	297	62769	61858	3.40e-79	275
Query_1	1720063_FOUI01000004.1	50.167	299	137	4	9	297	1322	432	7.79e-79	274
Query_1	2586906_VTVA01000002.1	48.966	290	140	3	10	295	240680	239823	9.21e-78	271
Query_1	2487347_RKKV01000002.1	55.849	265	117	0	33	297	275442	276236	1.60e-77	270
Query_1	2487346_RKKU01000002.1	55.849	265	117	0	33	297	275449	276243	1.60e-77	270
Query_1	1434072_LT629787.1	52.632	266	123	1	35	297	3061100	3060303	3.53e-77	269
Query_1	1434072_LT629787.1	51.301	269	128	1	32	297	3062313	3061507	1.20e-76	268
Query_1	351052_NFZW01000008.1	52.899	276	127	3	24	297	48463	49287	3.58e-77	269
Query_1	351052_NFZV01000008.1	52.899	276	127	3	24	297	48464	49288	3.58e-77	269
Query_1	1981513_VTPZ01000002.1	48.944	284	139	2	16	295	204254	205099	3.70e-77	269
Query_1	351052_NFZV01000009.1	52.985	268	124	1	30	297	125666	126463	4.14e-77	269
Query_1	351052_NFZW01000010.1	52.985	268	124	1	30	297	125673	126470	4.14e-77	269
Query_1	1914538_REBY01000193.1	53.008	266	122	1	35	297	4488	3691	4.72e-77	268
Query_1	2032629_NSKG01000007.1	52.632	266	123	1	35	297	42407	41610	7.55e-76	265
Query_1	2078689_QJSA01000011.1	52.632	266	123	1	35	297	40986	40189	1.07e-75	265
Query_1	553151_NWMT01000065.1	53.532	269	125	0	29	297	95813	96619	1.19e-75	265
Query_1	553151_CP033116.1	53.532	269	125	0	29	297	2346785	2347591	1.19e-75	265
Query_1	254161_MUBC01000006.1	49.032	310	140	5	1	297	78424	77510	1.73e-75	264
Query_1	254161_FOUD01000014.1	49.032	310	140	5	1	297	56493	57407	1.73e-75	264
Query_1	1914538_REBY01000156.1	50.350	286	138	2	16	297	932	75	3.96e-75	263
Query_1	1931241_CP020100.1	52.256	266	124	1	35	297	807657	806860	1.44e-74	261
Query_1	857227_LMAZ01000010.1	48.136	295	145	1	11	297	25346	26230	2.40e-74	261
Query_1	170540_NTMR01000022.1	48.475	295	144	1	11	297	68416	67532	9.92e-74	259
Query_1	857252_FNVE01000007.1	49.508	305	146	3	1	297	105179	106093	2.73e-73	258
Query_1	857252_NBYK01000007.1	49.508	305	146	3	1	297	105366	106280	2.73e-73	258
Query_1	1891238_SXSZ01000128.1	53.333	270	120	4	33	297	4046	3240	2.37e-69	246
Query_1	2546219_SMNZ01000006.1	43.730	311	160	3	1	297	229420	230349	1.42e-68	244
Query_1	644221_QNRT01000002.1	46.129	310	153	3	2	297	117216	116287	2.96e-68	243
Query_1	413882_CP011371.1	51.111	270	126	4	32	297	2790829	2790026	5.44e-67	239
Query_1	946333_CP015118.1	48.507	268	131	5	35	297	2151793	2152590	3.30e-66	238
Query_1	946333_CP015118.1	54.023	261	109	7	38	296	718426	717671	7.20e-65	234
Query_1	946333_CP015118.1	47.955	269	134	4	32	297	1325401	1324604	6.97e-60	219
Query_1	946333_CP015118.1	47.925	265	131	6	33	292	1161156	1160368	1.28e-56	210
Query_1	946333_CP015118.1	43.820	267	142	5	33	294	5526336	5527127	6.59e-53	199
Query_1	946333_CP015118.1	45.020	251	132	5	32	279	5527356	5528099	7.25e-49	187
Query_1	946333_CP024645.1	48.507	268	131	5	35	297	2151794	2152591	3.30e-66	238
Query_1	946333_CP024645.1	54.023	261	109	7	38	296	718427	717672	7.20e-65	234
Query_1	946333_CP024645.1	47.955	269	134	4	32	297	1325402	1324605	6.97e-60	219
Query_1	946333_CP024645.1	47.925	265	131	6	33	292	1161157	1160369	1.28e-56	210
Query_1	946333_CP024645.1	43.820	267	142	5	33	294	5526340	5527131	6.59e-53	199
Query_1	946333_CP024645.1	45.020	251	132	5	32	279	5527360	5528103	7.25e-49	187
Query_1	1547922_BBYR01000074.1	48.410	283	139	7	16	296	1387	2220	7.55e-63	228
Query_1	1169414_AOSG01000022.1	47.842	278	133	8	23	297	62853	62047	3.74e-60	220
Query_1	1169414_AOSG01000022.1	47.122	278	135	8	23	297	61388	60582	5.74e-58	214
Query_1	1223522_BCWB01000017.1	47.842	278	133	8	23	297	65671	66477	3.76e-60	220
Query_1	1223522_BCWB01000017.1	47.482	278	134	8	23	297	67136	67942	6.18e-58	214
Query_1	269800_CP000088.1	47.842	278	133	8	23	297	1043226	1042420	3.77e-60	220
Query_1	269800_CP000088.1	47.122	278	135	8	23	297	1041761	1040955	5.79e-58	214
Query_1	2021_QGVG01000081.1	47.842	278	133	8	23	297	14547	15353	1.00e-59	219
Query_1	1223522_BBGT01000846.1	48.810	252	118	7	49	297	1083	352	1.08e-59	206
Query_1	1708_LR134387.1	43.000	300	155	8	1	297	412697	411837	1.51e-59	218
Query_1	590998_CP002666.1	43.000	300	155	8	1	297	412781	411921	1.51e-59	218
Query_1	402600_FOFR01000006.1	43.706	286	149	6	14	297	141356	140529	4.64e-59	217
Query_1	43354_JOIJ01000007.1	47.925	265	125	6	35	297	157490	156729	7.36e-59	216
Query_1	43354_VLJV01000001.1	47.925	265	125	6	35	297	3229455	3230216	7.38e-59	216
Query_1	1519492_LGDY01000098.1	46.442	267	131	6	33	297	61992	61222	7.47e-59	216
Query_1	1408250_AXNT01000035.1	45.878	279	137	7	22	297	25570	24767	7.74e-59	216
Query_1	1408250_AXNT01000035.1	45.522	268	133	7	31	295	31266	30493	4.46e-54	202
Query_1	43670_BJLR01000016.1	45.878	279	137	7	22	297	153638	154441	7.88e-59	216
Query_1	43670_BJLR01000016.1	45.522	268	133	7	31	295	147942	148715	4.54e-54	202
Query_1	1906739_MKXA01000749.1	45.926	270	133	7	31	297	849	70	1.01e-58	205
Query_1	66373_JOFQ01000001.1	44.932	296	149	8	5	297	821626	820772	1.84e-58	215
Query_1	1894_JODU01000017.1	44.966	298	148	9	6	297	29534	30397	1.89e-58	215
Query_1	1928_JAAGMZ010000814.1	47.015	268	129	7	33	297	108	881	2.15e-58	208
Query_1	1848329_SMKP01000150.1	49.430	263	122	6	35	295	4089	3328	2.24e-58	215
Query_1	882083_CM001439.1	47.566	267	129	6	33	297	3949380	3950153	2.60e-58	215
Query_1	1128677_JAAOYM010000001.1	43.522	301	146	8	7	297	1547837	1546977	2.76e-58	214
Query_1	47761_JOAX01000005.1	44.932	296	149	8	5	297	50741	51595	2.81e-58	214
Query_1	1055806_AYXM01000010.1	43.533	317	143	12	1	291	14382	15302	2.99e-58	214
Query_1	1055815_AYYA01000006.1	43.533	317	143	12	1	291	38414	39334	2.99e-58	214
Query_1	1220563_BCQS01000049.1	47.584	269	126	8	31	295	30540	31313	3.10e-58	214
Query_1	2021_JEMR01000070.1	47.482	278	134	8	23	297	4304	3498	3.93e-58	214
Query_1	1848319_JAAAHR010000375.1	47.348	264	127	7	35	295	770	6	4.98e-58	204
Query_1	2706021_JAAGLJ010000239.1	45.896	268	132	7	33	297	540	1313	5.70e-58	208
Query_1	2058325_PJBY01000110.1	43.218	317	144	12	1	291	143210	144130	6.80e-58	214
Query_1	284042_JODM01000014.1	44.295	298	150	9	6	297	67403	66540	6.86e-58	213
Query_1	1956_NMQX01000456.1	45.896	268	132	7	33	297	1333	560	7.65e-58	208
Query_1	1848324_VBUN01000453.1	47.348	264	127	7	35	295	550	1314	7.88e-58	203
Query_1	2714351_JAAMPJ010000010.1	46.816	267	130	6	33	297	317604	316834	1.00e-57	213
Query_1	128104_FNET01000001.1	46.442	267	131	6	33	297	593560	592790	1.05e-57	213
Query_1	128104_FNET01000001.1	36.149	296	159	13	8	295	334171	333350	2.57e-26	122
Query_1	485602_MSIF01000030.1	44.333	300	154	7	1	297	37686	38555	1.15e-57	213
Query_1	281738_VZIZ01000007.1	49.606	254	111	9	45	291	11942	12673	1.43e-57	213
Query_1	84724_FOYL01000009.1	46.442	267	131	6	33	297	67101	67871	1.44e-57	213
Query_1	1437453_LFEH01000296.1	47.037	270	130	7	31	297	658	1437	1.50e-57	209
Query_1	66377_JOBH01000016.1	44.000	300	154	8	1	297	101391	100525	1.63e-57	213
Query_1	543527_RBXR01000001.1	46.067	267	132	6	33	297	7982263	7981493	1.64e-57	213
Query_1	543527_RBXR01000001.1	45.522	268	132	7	33	297	6418981	6418211	2.30e-54	203
Query_1	543527_RBXR01000001.1	43.003	293	151	9	9	297	695775	696617	5.51e-54	202
Query_1	45611_VORZ01000001.1	50.769	260	110	10	44	295	320572	321321	2.06e-57	212
Query_1	194673_JAAGMQ010000217.1	45.185	270	135	7	31	297	68	847	2.07e-57	203
Query_1	1316147_BDDE01000012.1	47.744	266	126	7	33	295	622921	622154	2.18e-57	212
Query_1	1699623_CM003596.1	50.196	255	108	10	45	291	1986959	1987690	2.25e-57	212
Query_1	103733_JNYO01000029.1	45.926	270	132	7	31	297	102026	102802	2.31e-57	212
Query_1	103733_CP034550.1	45.926	270	132	7	31	297	9833702	9834478	2.32e-57	212
Query_1	103733_CP034550.1	43.985	266	135	7	35	297	4499147	4498383	2.36e-51	195
Query_1	103733_CP034550.1	43.446	267	137	7	33	295	5380432	5379662	5.26e-47	182
Query_1	882440_VCKZ01000080.1	45.714	280	135	9	20	295	2497	1697	2.48e-57	212
Query_1	2219224_VDLX02000020.1	44.218	294	148	7	4	295	98159	98998	2.88e-57	212
Query_1	2656914_CP045572.1	44.218	294	148	7	4	295	8401046	8400207	2.89e-57	212
Query_1	1848322_SMKO01000035.1	48.669	263	124	6	35	295	34534	33773	3.18e-57	211
Query_1	2591108_CP041244.1	47.744	266	126	7	33	295	6789943	6789176	3.18e-57	212
Query_1	2591108_CP041244.1	36.364	264	155	7	35	295	5679498	5680259	5.75e-38	156
Query_1	1144883_MRYD01000381.1	47.037	270	130	7	31	297	3737	4516	3.20e-57	211
Query_1	1605990_SNYN01000010.1	44.569	267	139	5	31	295	48182	47403	3.26e-57	211
Query_1	1907_MUND01000845.1	47.037	270	130	7	31	297	859	80	3.28e-57	211
Query_1	665004_KQ950180.1	46.840	269	133	6	31	297	125183	125965	3.43e-57	211
Query_1	665004_KQ950180.1	46.691	272	134	7	29	297	126561	127352	1.47e-56	210
Query_1	1909395_CP017717.1	45.051	293	147	8	6	295	7191197	7192042	3.97e-57	211
Query_1	2555884_SNVH01000007.1	49.213	254	112	9	45	291	49153	48422	4.30e-57	211
Query_1	68170_JOFI01000009.1	44.981	269	136	6	31	297	31492	32268	4.44e-57	211
Query_1	68170_BBOJ01000012.1	44.981	269	136	6	31	297	74932	75708	4.45e-57	211
Query_1	1890_LGUX01000054.1	47.778	270	128	7	31	297	9688	10467	4.83e-57	211
Query_1	1463933_JOJH01000066.1	47.778	270	128	7	31	297	18373	19152	4.91e-57	211
Query_1	66370_JOCU01000021.1	47.778	270	128	7	31	297	6194	5415	5.02e-57	211
Query_1	1463849_JOIC01000024.1	47.778	270	128	7	31	297	6228	5449	5.02e-57	211
Query_1	67297_JNWV01000017.1	47.778	270	128	7	31	297	49278	48499	5.03e-57	211
Query_1	1851914_RAIH01000101.1	47.037	270	130	7	31	297	1751	972	5.13e-57	206
Query_1	200379_QQAU01000009.1	45.693	267	133	6	33	297	273983	274753	5.60e-57	211
Query_1	200379_FOFT01000001.1	45.693	267	133	6	33	297	1031914	1032684	5.61e-57	211
Query_1	453573_SMJW01000280.1	46.816	267	127	8	33	295	5011	5778	5.99e-57	211
Query_1	2497561_RXXG01000733.1	46.296	270	132	7	31	297	1302	523	6.16e-57	209
Query_1	1586287_CP016793.1	44.853	272	138	6	28	297	6877955	6877170	6.87e-57	211
Query_1	1586287_CP016793.1	38.577	267	146	9	33	297	5756962	5757714	3.41e-37	154
Query_1	1463884_JOAW01001091.1	44.403	268	136	7	33	297	34	807	7.33e-57	196
Query_1	2058308_PJBD01000038.1	49.804	255	109	10	45	291	1927	1196	8.43e-57	210
Query_1	2058310_PJBF01000047.1	49.804	255	109	10	45	291	1927	1196	8.50e-57	210
Query_1	2058322_PJBU01000112.1	49.804	255	109	10	45	291	110691	109960	8.53e-57	210
Query_1	1144548_QKUA01000004.1	47.232	271	130	6	29	297	297859	297080	8.64e-57	210
Query_1	1144548_FNYV01000002.1	47.232	271	130	6	29	297	297637	296858	8.65e-57	210
Query_1	240840_FZOR01000054.1	46.617	266	129	7	33	295	32122	32889	8.78e-57	210
Query_1	2080745_PQSU01000008.1	47.778	270	128	7	31	297	211883	212662	8.89e-57	210
Query_1	1940758_MULI01000068.1	47.388	268	128	7	33	297	1774	1001	1.06e-56	210
Query_1	1803913_LSRW01000089.1	44.406	286	147	6	16	297	22796	21963	1.12e-56	210
Query_1	52695_SNWR01000002.1	46.863	271	131	6	27	295	347624	346845	1.25e-56	210
Query_1	2719381_JAASAC010000010.1	47.761	268	127	7	33	297	139856	140629	1.36e-56	210
Query_1	453573_JAAGLI010001014.1	46.816	267	127	8	33	295	2435	1668	1.39e-56	210
Query_1	134959_FZNP01000001.1	47.015	268	129	7	31	295	874362	875135	1.54e-56	209
Query_1	1463882_JOHU01000016.1	47.778	270	128	7	31	297	205926	206705	1.60e-56	209
Query_1	2690263_WWJU01000333.1	46.296	270	132	7	31	297	13768	14547	1.61e-56	209
Query_1	888437_PJAT01000095.1	49.213	254	112	9	45	291	7614	6883	1.61e-56	209
Query_1	1839778_FMCB01000148.1	46.296	270	132	7	31	297	2571	1792	1.62e-56	209
Query_1	1839771_FMBZ01000134.1	46.296	270	132	7	31	297	2800	2021	1.63e-56	209
Query_1	2690282_WWJB01000140.1	46.296	270	132	7	31	297	2800	2021	1.63e-56	209
Query_1	2690281_WWJC01000085.1	46.296	270	132	7	31	297	21458	22237	1.63e-56	209
Query_1	1839770_FMIG01000080.1	46.296	270	132	7	31	297	21458	22237	1.63e-56	209
Query_1	1305822_QLLU01000009.1	46.296	270	132	7	31	297	273013	272234	1.68e-56	209
Query_1	2690344_WWGR01000020.1	46.296	270	132	7	31	297	273013	272234	1.68e-56	209
Query_1	1305832_QLLS01000009.1	46.296	270	132	7	31	297	114323	115102	1.68e-56	209
Query_1	2690341_WWGU01000010.1	46.296	270	132	7	31	297	656431	657210	1.68e-56	209
Query_1	1155717_ARPI01000002.1	46.296	270	132	7	31	297	656431	657210	1.68e-56	209
Query_1	1305824_QKZP01000001.1	46.296	270	132	7	31	297	656507	657286	1.68e-56	209
Query_1	2690342_WWGT01000011.1	46.296	270	132	7	31	297	663726	664505	1.68e-56	209
Query_1	1305825_QKUG01000001.1	46.296	270	132	7	31	297	663726	664505	1.68e-56	209
Query_1	862751_CP002993.1	46.296	270	132	7	31	297	1652395	1651616	1.68e-56	209
Query_1	2690252_WWKF01000001.1	46.296	270	132	7	31	297	1652395	1651616	1.68e-56	209
Query_1	1284664_AOHP01000067.1	48.134	268	126	7	33	297	150212	150985	1.72e-56	209
Query_1	1463862_JOHL01000020.1	48.134	268	126	7	33	297	205982	206755	1.86e-56	209
Query_1	1642303_VCKX01000598.1	47.348	264	127	7	35	295	937	173	1.88e-56	207
Query_1	2512128_SLVZ01000023.1	47.407	270	129	7	31	297	84063	83284	2.03e-56	209
Query_1	304899_JAAGMC010000150.1	47.388	268	128	7	33	297	359	1132	2.06e-56	205
Query_1	1112209_AHVZ01000034.1	42.947	319	143	12	5	296	26727	25807	2.16e-56	209
Query_1	2203198_QHJJ01000007.1	44.147	299	149	8	2	297	409704	408853	2.16e-56	209
Query_1	2203198_QHJJ01000007.1	41.700	247	130	8	35	278	283222	282515	1.21e-40	164
Query_1	2203198_QHJJ01000007.1	28.729	181	111	7	104	281	104718	105215	1.8	45.1
Query_1	1561022_CP009754.1	46.269	268	131	7	33	297	482902	482129	2.29e-56	209
Query_1	2305221_CP034353.1	45.896	268	132	7	33	297	460671	459898	2.33e-56	209
Query_1	1220561_BCQR01000013.1	44.765	277	139	7	24	297	1100	303	2.34e-56	209
Query_1	65499_FOFV01000021.1	46.067	267	132	6	33	297	95008	95778	2.46e-56	209
Query_1	2541723_SOPG01000002.1	45.522	268	133	7	33	297	187461	188234	2.52e-56	209
Query_1	1437453_LN831790.1	47.037	270	130	7	31	297	546558	545779	2.69e-56	209
Query_1	1437453_LN831790.1	42.268	291	155	7	10	297	243138	242296	2.20e-53	201
Query_1	1306406_ASHX02000001.1	45.361	291	145	8	11	297	6056076	6055234	2.72e-56	209
Query_1	68277_MUMF01000291.1	47.407	270	129	7	31	297	32766	31987	2.78e-56	209
Query_1	1463935_JNXK01000025.1	48.134	268	126	7	33	297	6289	5516	2.87e-56	209
Query_1	1463935_JOCJ01000026.1	48.134	268	126	7	33	297	6322	5549	2.87e-56	209
Query_1	2486853_RJAC01000030.1	47.232	271	130	6	27	295	58629	59408	2.94e-56	209
Query_1	1913101_VFNM01000001.1	45.926	270	133	7	31	297	7972489	7973268	3.11e-56	209
Query_1	31958_CP016174.1	43.478	299	151	8	2	297	5886102	5886953	3.23e-56	209
Query_1	1897621_BDHJ01000010.1	45.318	267	134	6	33	297	261460	260690	3.29e-56	209
Query_1	2512150_SOAV01000001.1	47.388	268	128	7	33	297	442157	441384	3.36e-56	209
Query_1	2682780_WPIR01000471.1	47.407	270	129	7	31	297	2266	1487	3.39e-56	206
Query_1	1519491_LGDX01000309.1	48.134	268	126	7	33	297	6055	5282	3.46e-56	209
Query_1	1463893_JOIV01000019.1	48.134	268	126	7	33	297	93700	92927	3.48e-56	209
Query_1	2015515_NPKF01000002.1	47.407	270	129	7	31	297	187111	187890	3.49e-56	209
Query_1	1284240_AOHO01000054.1	43.813	299	150	8	2	297	38527	37676	3.56e-56	209
Query_1	2604466_VSEY01000010.1	44.710	293	148	8	6	295	134740	135585	3.69e-56	209
Query_1	2597355_VOAZ01000001.1	50.193	259	111	10	45	295	942829	942083	3.84e-56	208
Query_1	882085_KB912672.1	46.067	267	133	7	33	297	90782	90009	4.01e-56	208
Query_1	882085_KB912672.1	40.000	295	164	6	7	297	89653	88796	3.49e-50	191
Query_1	227715_LQMT02000013.1	44.147	299	149	8	2	297	169697	168846	4.03e-56	208
Query_1	227715_LQMT02000013.1	39.245	265	148	7	33	295	51939	51178	1.90e-39	160
Query_1	2026341_NQOS01000022.1	46.667	270	131	7	31	297	1904	1125	4.11e-56	208
Query_1	2690313_WWHW01000556.1	46.642	268	130	7	33	297	1468	2241	4.13e-56	208
Query_1	2080748_PQSQ01000102.1	46.642	268	130	7	33	297	2438	1665	4.17e-56	208
Query_1	1265502_KB905937.1	47.388	268	134	5	35	297	30681	31478	4.50e-56	208
Query_1	653930_SWAV01000003.1	55.612	196	85	1	102	297	198470	197889	4.57e-56	208
Query_1	653930_SWAV01000003.1	45.133	113	53	4	5	108	198778	198440	1.56e-13	85.1
Query_1	1932_JAAIFS010000001.1	46.642	268	130	7	33	297	1120690	1121463	4.57e-56	208
Query_1	129921_CP003410.1	44.147	299	149	8	2	297	5809737	5810588	4.71e-56	208
Query_1	129921_CP003410.1	39.194	273	153	7	25	295	3272072	3271287	9.28e-41	164
Query_1	1203460_CP003720.1	46.290	283	138	8	19	297	9496069	9496887	5.04e-56	208
Query_1	1133850_CP003275.1	46.290	283	138	8	19	297	9801801	9802619	5.04e-56	208
Query_1	2058312_PJBH01000056.1	48.819	254	113	9	45	291	78713	79444	5.10e-56	208
Query_1	2203197_QHJI01000004.1	44.147	299	149	8	2	297	195859	196710	5.23e-56	208
Query_1	2203197_QHJI01000004.1	37.895	285	164	7	13	295	314871	315692	5.42e-41	165
Query_1	1770211_LOSR01000068.1	47.015	268	129	7	33	297	1961	1188	5.42e-56	208
Query_1	208442_MQUP01000010.1	44.147	299	149	8	2	297	106188	105337	5.42e-56	208
Query_1	129921_LT629789.1	44.147	299	149	8	2	297	636751	635900	5.44e-56	208
Query_1	129921_LT629789.1	39.245	265	148	7	33	295	517325	516564	2.32e-39	160
Query_1	531939_QGHB01000004.1	42.657	286	152	6	14	297	369957	369130	5.65e-56	208
Query_1	1488357_LARV01000209.1	47.015	268	129	7	33	297	6267	7040	5.66e-56	208
Query_1	1956_JAAGMO010000303.1	46.269	268	131	7	33	297	1630	857	5.70e-56	207
Query_1	641025_FNIX01000018.1	45.318	267	134	6	33	297	63453	64223	5.79e-56	208
Query_1	1427749_JPLW01000006.1	43.813	299	150	8	2	297	582183	581332	5.93e-56	208
Query_1	1427749_JPLW01000006.1	39.114	271	152	7	27	295	461981	461202	6.44e-41	164
Query_1	2651869_WBXN01000004.1	47.015	268	129	7	33	297	7120845	7121618	5.93e-56	208
Query_1	1885_CP029788.1	47.037	270	130	7	31	297	7706962	7707741	5.93e-56	208
Query_1	264445_CP013219.1	46.290	283	138	8	19	297	8418622	8419440	6.10e-56	208
Query_1	2487417_RPSB01000022.1	47.015	268	129	7	33	297	2070	1297	6.13e-56	208
Query_1	2487412_RPRU01000021.1	47.015	268	129	7	33	297	32299	31526	6.14e-56	208
Query_1	2487414_RPRW01000010.1	47.015	268	129	7	33	297	17378	16605	6.15e-56	208
Query_1	2487422_RPSD01000003.1	47.015	268	129	7	33	297	601892	602665	6.16e-56	208
Query_1	2588707_CP042278.1	47.015	268	129	7	33	297	426995	426222	6.16e-56	208
Query_1	2109593_CP027297.1	47.015	268	129	7	33	297	7349753	7350526	6.16e-56	208
Query_1	2563602_CP039123.1	47.015	268	129	7	33	297	7441963	7442736	6.16e-56	208
Query_1	1932_RSEG01000037.1	46.269	268	131	7	33	297	30830	31603	6.26e-56	208
Query_1	1889_CP012949.1	44.599	287	145	8	15	297	7166571	7167401	6.34e-56	208
Query_1	278992_CP012382.1	44.599	287	145	8	15	297	7366206	7367036	6.72e-56	208
Query_1	208439_CP008953.1	43.813	299	150	8	2	297	2766071	2765220	7.12e-56	207
Query_1	208439_CP008953.1	38.246	285	163	7	13	295	2642006	2641185	3.46e-42	168
Query_1	1903_KQ948362.1	46.290	283	138	8	19	297	283203	282385	7.31e-56	207
Query_1	2487426_RPSC01000008.1	47.015	268	129	7	33	297	129283	130056	7.39e-56	207
Query_1	2487411_RPRT01000002.1	47.015	268	129	7	33	297	892366	891593	7.40e-56	207
Query_1	285562_WFLH01000013.1	45.896	268	132	7	33	297	159006	159779	7.45e-56	207
Query_1	2203199_QHJK01000005.1	43.813	299	150	8	2	297	192135	192986	7.53e-56	207
Query_1	2203199_QHJK01000005.1	39.114	271	152	7	27	295	309799	310578	6.44e-41	164
Query_1	2487413_RPRV01000001.1	47.015	268	129	7	33	297	625571	626344	7.54e-56	207
Query_1	2714844_CP049780.1	46.667	270	131	7	31	297	7146170	7146949	7.62e-56	207
Query_1	1073567_AGNH01000318.1	46.642	268	130	7	33	297	16003	16776	8.53e-56	207
Query_1	1703945_LIWC01000007.1	43.813	299	150	8	2	297	621531	620680	8.71e-56	207
Query_1	1703945_LIWC01000007.1	39.114	271	152	7	27	295	487662	486883	6.44e-41	164
Query_1	1982761_KZ195574.1	45.926	270	133	7	31	297	684012	683233	8.71e-56	207
Query_1	200378_FNCC01000003.1	43.860	285	147	7	14	295	129326	130150	8.79e-56	207
Query_1	147825_QLKS01000001.1	48.819	254	113	9	45	291	351801	352532	8.79e-56	207
Query_1	111802_CAACUY010000314.1	46.642	268	130	7	33	297	3721	2948	8.88e-56	207
Query_1	1907_CP009438.1	46.296	270	132	7	31	297	6902919	6903698	9.06e-56	207
Query_1	1519489_LGDU01000036.1	48.134	268	126	7	33	297	29661	28888	9.84e-56	207
Query_1	2184053_CP030073.1	48.134	268	126	7	33	297	1388497	1387724	9.88e-56	207
Query_1	1851909_RAIF01000006.1	46.269	268	131	7	33	297	565683	564910	1.03e-55	207
Query_1	1928_MUMD01000102.1	46.642	268	130	7	33	297	5084	4311	1.04e-55	207
Query_1	882080_KE387135.1	43.493	292	153	6	11	297	121495	120641	1.10e-55	207
Query_1	882080_KE387135.1	45.318	267	137	5	33	297	122595	121816	4.81e-55	205
Query_1	1470176_CP022521.1	43.960	298	151	7	2	297	4372536	4373387	1.32e-55	207
Query_1	1463890_JOGT01000018.1	46.269	268	131	7	33	297	30380	31153	1.53e-55	207
Query_1	1463865_JOGJ01000022.1	46.269	268	131	7	33	297	30370	31143	1.53e-55	207
Query_1	1519498_LGEH01000105.1	46.269	268	131	7	33	297	103778	103005	1.53e-55	207
Query_1	1519496_LGEF01000114.1	46.269	268	131	7	33	297	103813	103040	1.53e-55	207
Query_1	285564_BEWC01000001.1	46.269	268	131	7	33	297	1078504	1079277	1.54e-55	207
Query_1	1463863_JOHJ01000020.1	46.269	268	131	7	33	297	30295	31068	1.59e-55	207
Query_1	1519476_LGCX01000037.1	46.269	268	131	7	33	297	103725	102952	1.59e-55	207
Query_1	477245_CP010849.1	45.926	270	133	7	31	297	7557214	7557993	1.60e-55	207
Query_1	477245_CP010849.1	36.364	198	104	5	49	237	120910	120356	3.13e-21	107
Query_1	1125971_ASJB01000069.1	43.813	299	150	8	2	297	196334	197185	1.64e-55	207
Query_1	2026340_NQNW01000433.1	46.269	268	131	7	33	297	2493	3266	1.73e-55	206
Query_1	1300344_CP014209.1	41.667	300	157	7	1	297	694264	695118	1.81e-55	206
Query_1	1121926_AXWO01000008.1	41.869	289	151	7	13	295	163558	164391	1.82e-55	206
Query_1	2697029_WYCT01000373.1	46.269	268	131	7	33	297	6270	5497	1.83e-55	206
Query_1	1550033_BBOK01000018.1	45.896	268	132	7	33	297	82153	81380	1.89e-55	206
Query_1	1463938_JOCG01000004.1	47.015	268	129	7	33	297	92453	91680	1.99e-55	206
Query_1	2485145_RJKF01000001.1	45.896	268	132	7	33	297	7841145	7841918	2.01e-55	206
Query_1	2530382_SMLD01000006.1	47.148	263	128	6	35	295	79680	78919	2.02e-55	206
Query_1	1851983_RAIG01000391.1	45.896	268	132	7	33	297	6634	5861	2.03e-55	206
Query_1	549798_MQUH01000001.1	45.896	268	132	7	33	297	622570	621797	2.15e-55	206
Query_1	58343_LQCG01000001.1	45.896	268	132	7	33	297	451535	450762	2.15e-55	206
Query_1	1932_CP043959.1	46.642	268	130	7	33	297	3757408	3758181	2.28e-55	206
Query_1	1349753_BCWK01000011.1	47.015	268	135	5	35	297	102831	102034	2.29e-55	206
Query_1	531938_QLTT01000001.1	42.308	286	153	6	14	297	362307	363134	2.51e-55	206
Query_1	531938_QLTT01000001.1	38.491	265	145	9	35	297	1710815	1710069	1.05e-35	149
Query_1	531938_QLTT01000001.1	36.531	271	146	12	33	295	785243	786001	7.03e-23	112
Query_1	1828156_RDBP01000030.1	47.037	270	130	7	31	297	45435	44656	2.54e-55	206
Query_1	1828156_RDBP01000030.1	45.522	268	133	7	33	297	46595	45822	1.45e-54	204
Query_1	477697_VIUV01000001.1	46.642	268	130	7	33	297	371036	370263	2.84e-55	206
Query_1	573566_FKJH01000051.1	47.015	268	129	7	33	297	22999	23772	2.86e-55	206
Query_1	1200984_CM001889.1	45.556	270	134	7	31	297	704046	703267	3.04e-55	206
Query_1	1679753_BBYG01000010.1	44.218	294	149	9	8	297	617178	618026	3.10e-55	206
Query_1	1703922_LIPF01000005.1	46.296	270	132	7	31	297	478887	479666	3.28e-55	206
Query_1	683260_FNFB01000001.1	43.537	294	151	7	4	295	322762	323604	3.38e-55	206
Query_1	1938837_QUNN01000001.1	45.896	268	132	7	33	297	837068	836295	3.55e-55	206
Query_1	55952_JFCB01000002.1	46.642	268	130	7	33	297	147915	148688	3.86e-55	206
Query_1	1935_JOCE01000051.1	45.556	270	134	7	31	297	5493	4714	4.02e-55	206
Query_1	1662446_LDZX01000001.1	47.388	268	128	7	33	297	125611	124838	4.02e-55	206
Query_1	2563107_SSBN01000031.1	45.556	270	134	7	31	297	2041	1262	4.03e-55	206
Query_1	1945515_MUYY01000021.1	45.556	270	134	7	31	297	87423	88202	4.03e-55	206
Query_1	1415559_JXWX01000019.1	45.556	270	134	7	31	297	53486	52707	4.04e-55	206
Query_1	2203208_QHJM01000013.1	43.813	299	151	8	2	297	196529	197383	4.05e-55	206
Query_1	1902_VNIH01000004.1	45.556	270	134	7	31	297	302911	303690	4.06e-55	206
Query_1	1902_VNII01000005.1	45.556	270	134	7	31	297	302911	303690	4.06e-55	206
Query_1	1902_VNIF01000004.1	45.556	270	134	7	31	297	146805	146026	4.06e-55	206
Query_1	1902_VNIG01000004.1	45.556	270	134	7	31	297	146805	146026	4.06e-55	206
Query_1	1902_VNIE01000004.1	45.556	270	134	7	31	297	146805	146026	4.06e-55	206
Query_1	1902_VNIC01000004.1	45.556	270	134	7	31	297	302911	303690	4.06e-55	206
Query_1	1902_SORP01000001.1	45.556	270	134	7	31	297	146805	146026	4.06e-55	206
Query_1	1902_SORM01000001.1	45.556	270	134	7	31	297	146805	146026	4.06e-55	206
Query_1	100226_VNID01000004.1	45.556	270	134	7	31	297	146805	146026	4.06e-55	206
Query_1	492785_QXDG01000002.1	45.556	270	134	7	31	297	692649	693428	4.06e-55	206
Query_1	457428_GG657756.1	45.556	270	134	7	31	297	7588324	7589103	4.06e-55	206
Query_1	457428_CP009124.1	45.556	270	134	7	31	297	7615318	7616097	4.06e-55	206
Query_1	1881022_LT629768.1	45.556	270	134	7	31	297	839503	838724	4.06e-55	206
Query_1	2690330_WWHF01000001.1	45.556	270	134	7	31	297	757102	756323	4.06e-55	206
Query_1	100226_AL645882.2	45.556	270	134	7	31	297	757102	756323	4.06e-55	206
Query_1	100226_CP042324.1	45.556	270	134	7	31	297	757102	756323	4.06e-55	206
Query_1	1079985_JH162011.1	47.388	268	128	7	33	297	566	1339	4.08e-55	205
Query_1	2070368_POUD01000144.1	47.212	269	131	6	29	295	1878	2657	4.10e-55	206
Query_1	304899_JAAGLZ010000013.1	47.388	268	128	7	33	297	1716	943	4.16e-55	205
Query_1	2651189_WBKG01000010.1	45.818	275	136	7	26	297	149673	150467	4.17e-55	206
Query_1	68231_KQ948552.1	46.296	270	132	7	31	297	30884	30105	4.22e-55	206
Query_1	1609103_LLZN01000102.1	47.015	268	129	7	33	297	71041	70268	4.25e-55	206
Query_1	1609102_LLZM01000013.1	47.015	268	129	7	33	297	103042	103815	4.25e-55	206
Query_1	1415542_LGED01000125.1	43.902	287	147	8	14	297	134967	134140	4.42e-55	205
Query_1	2021410_NOKT01000001.1	47.015	268	129	7	33	297	132416	133189	4.47e-55	205
Query_1	2203194_QHHW01000040.1	43.813	299	150	8	2	297	111290	110439	4.50e-55	205
Query_1	2203196_QHHX01000007.1	43.813	299	150	8	2	297	383085	382234	4.51e-55	205
Query_1	2203196_QHHX01000007.1	36.131	274	160	8	25	295	257760	256975	7.19e-37	153
Query_1	1538294_KQ058839.1	48.872	266	122	7	33	295	3362	4126	4.57e-55	205
Query_1	2203195_QHKL01000006.1	44.147	299	149	8	2	297	585305	584454	4.92e-55	205
Query_1	2203195_QHKL01000006.1	37.500	264	150	8	35	295	447528	446773	1.13e-36	152
Query_1	1172181_KB911710.1	43.878	294	150	9	8	297	140402	141250	5.05e-55	205
Query_1	1028416_LT799838.1	48.425	254	114	9	45	291	1399980	1399249	5.07e-55	205
Query_1	2069440_PNRA02000006.1	47.037	270	130	7	31	297	125713	124934	5.16e-55	205
Query_1	1827580_CP029043.1	47.388	268	128	7	33	297	7112907	7113680	5.47e-55	205
Query_1	28447_JROD01000014.1	46.992	266	128	7	33	295	134748	133981	5.50e-55	205
Query_1	28447_JROD01000014.1	37.500	216	123	7	66	278	49097	49717	5.19e-18	98.2
Query_1	1938_MUML01000221.1	47.015	268	129	7	33	297	17342	18115	5.67e-55	205
Query_1	38300_CP011340.1	46.642	268	130	7	33	297	6356743	6357516	5.69e-55	205
Query_1	457429_CM000950.1	46.642	268	130	7	33	297	5958363	5959136	5.80e-55	205
Query_1	2072509_PPFB01000001.1	46.642	268	130	7	33	297	676193	675420	5.86e-55	205
Query_1	1904044_MKCP01000045.1	47.388	268	128	7	33	297	576334	577107	6.02e-55	205
Query_1	1911175_MVFD01000015.1	46.642	268	129	7	33	297	137366	136596	6.43e-55	205
Query_1	1911175_CP017780.1	46.642	268	129	7	33	297	4414282	4415052	6.45e-55	205
Query_1	1911175_CP017780.1	35.906	298	170	9	8	295	2117079	2116219	1.03e-40	164
Query_1	218821_MUMK01000039.1	44.604	278	141	7	23	297	402	1205	6.49e-55	205
Query_1	1028414_NEXU01000078.1	50.000	252	110	9	50	295	3673	2948	6.52e-55	205
Query_1	218821_FNUJ01000017.1	44.604	278	141	7	23	297	115609	116412	6.54e-55	205
Query_1	1295626_LNTD01000138.1	45.833	264	130	6	36	297	454	1212	7.25e-55	202
Query_1	1592329_LJCX01000019.1	43.878	294	150	9	8	297	359326	358478	7.29e-55	205
Query_1	2690290_WWIT01000253.1	46.269	268	131	7	33	297	3279	4052	7.33e-55	204
Query_1	403935_FOET01000018.1	43.506	308	148	10	5	297	55158	54268	7.55e-55	205
Query_1	1157639_KB891542.1	46.269	268	131	7	33	297	110067	110840	8.18e-55	204
Query_1	2690356_WWGF01000018.1	46.269	268	131	7	33	297	110067	110840	8.18e-55	204
Query_1	1449077_JMLN01000004.1	46.269	268	131	7	33	297	5331	4558	8.19e-55	204
Query_1	2563106_SSHQ01000002.1	46.269	268	131	7	33	297	253615	252842	8.19e-55	204
Query_1	2692621_WUUF01000068.1	46.269	268	131	7	33	297	349431	348658	8.19e-55	204
Query_1	1257026_PDKQ02000022.1	42.857	308	145	10	5	295	13131	12250	8.47e-55	204
Query_1	1257026_PGSG01000043.1	42.857	308	145	10	5	295	29040	29921	8.47e-55	204
Query_1	1703942_LIVZ01000003.1	46.642	268	130	7	33	297	404012	403239	8.52e-55	204
Query_1	40571_JOEA01000030.1	44.944	267	135	6	33	297	91213	90443	8.57e-55	204
Query_1	115433_FORP01000004.1	43.960	298	143	9	3	297	125579	126409	8.59e-55	204
Query_1	40571_FWYC01000005.1	44.944	267	135	6	33	297	233199	232429	8.60e-55	204
Query_1	68170_KL590526.1	44.610	269	137	6	31	297	16188	16964	8.97e-55	204
Query_1	1867_VTPA01000013.1	46.043	278	136	7	21	295	106711	105911	9.36e-55	204
Query_1	1911_MDKB01000003.1	45.185	270	135	7	31	297	309533	308754	9.38e-55	204
Query_1	1867_VIWY01000002.1	46.043	278	136	7	21	295	1643411	1644211	9.38e-55	204
Query_1	1867_VIWY01000002.1	41.156	294	156	9	7	297	1047986	1047147	1.58e-52	198
Query_1	457423_CP023865.1	46.043	278	136	7	21	295	2957714	2958514	9.38e-55	204
Query_1	457423_CP023865.1	41.156	294	156	9	7	297	2362635	2361796	1.58e-52	198
Query_1	1851876_RAII01000001.1	47.407	270	129	7	31	297	3824596	3823817	9.57e-55	204
Query_1	2596826_VKLR01000001.1	49.213	254	112	9	45	291	221252	221983	9.83e-55	204
Query_1	2200760_QFRX01000009.1	45.522	268	133	7	33	297	22403	21630	1.00e-54	204
Query_1	1917143_BDJC01000008.1	45.522	268	133	7	33	297	103977	104750	1.08e-54	204
Query_1	2487423_RQIR01001824.1	44.403	268	136	7	33	297	125	898	1.08e-54	196
Query_1	67257_JOID01000033.1	45.353	269	135	6	31	297	41139	41915	1.12e-54	204
Query_1	498_QGGM01000002.1	50.198	253	110	9	50	296	345016	345744	1.12e-54	204
Query_1	1960_MUAZ01000651.1	46.667	270	131	7	31	297	185	964	1.17e-54	202
Query_1	304899_JNYX01000045.1	45.896	268	132	7	33	297	294	1067	1.19e-54	204
Query_1	2200761_QFWW01000008.1	41.259	286	156	6	14	297	473805	472978	1.23e-54	204
Query_1	2696565_JAAALL010000212.1	41.837	294	158	7	7	297	7759	6908	1.26e-54	204
Query_1	66897_KL503830.1	45.896	268	132	7	33	297	7231260	7232033	1.31e-54	204
Query_1	282669_CZJV02000145.1	49.802	253	111	9	50	296	6648	5920	1.32e-54	204
Query_1	385957_AFWY03000040.1	47.761	268	126	7	33	297	60274	59504	1.39e-54	204
Query_1	587909_SOEP01000004.1	45.185	270	134	7	31	297	528027	527251	1.45e-54	204
Query_1	587909_FOWW01000001.1	45.185	270	134	7	31	297	904463	903687	1.45e-54	204
Query_1	2058324_PJBX01000169.1	49.213	254	112	9	45	291	1037	306	1.59e-54	204
Query_1	1849383_LXWA01000028.1	49.213	254	112	9	45	291	1206	475	1.59e-54	204
Query_1	928724_CM001484.1	43.820	267	139	6	33	297	3301770	3302543	1.75e-54	204
Query_1	2530383_SMKQ01000004.1	47.909	263	126	6	35	295	43897	44658	1.94e-54	204
Query_1	1915400_KN039948.1	45.556	270	134	7	31	297	256500	255721	2.08e-54	203
Query_1	1280637_PYAX01000004.1	42.612	291	146	8	10	297	411081	411899	2.14e-54	203
Query_1	67315_JOBD01000002.1	46.642	268	130	7	33	297	206506	207279	2.16e-54	203
Query_1	2721173_CP050504.1	46.642	268	130	7	33	297	725516	724743	2.17e-54	203
Query_1	1462558_NAVC01000043.1	44.218	294	149	9	8	297	43698	42850	2.17e-54	203
Query_1	882081_CM001466.1	42.907	289	150	8	15	297	1619801	1620640	2.19e-54	203
Query_1	1246995_CP006272.1	44.444	270	136	7	31	297	4336065	4335289	2.23e-54	203
Query_1	1246995_CP006272.1	44.565	276	139	8	26	297	6360065	6360862	7.39e-53	199
Query_1	1246995_CP006272.1	44.891	274	137	7	25	295	5349962	5350750	4.47e-50	191
Query_1	1114959_AHBX01000045.1	42.907	289	150	8	15	297	38193	39032	2.30e-54	203
Query_1	888436_PJAS01000061.1	48.031	254	115	9	45	291	103465	102734	2.33e-54	203
Query_1	1460371_JFBM01000025.1	46.992	266	127	7	33	295	99577	100341	2.33e-54	203
Query_1	31959_FNTA01000004.1	46.992	266	127	7	33	295	7476132	7475368	2.34e-54	203
Query_1	31959_FNTA01000004.1	40.891	247	132	8	35	278	7352889	7352182	1.37e-38	158
Query_1	944491_PQHY01000044.1	47.761	268	126	7	33	297	3812	3042	2.45e-54	203
Query_1	1240696_VFMT01000001.1	43.878	294	150	9	8	297	5989975	5990823	2.50e-54	203
Query_1	58123_JOFJ01000013.1	45.113	266	132	7	33	295	4916	5680	2.54e-54	203
Query_1	193461_JNZD01000023.1	44.727	275	139	7	26	297	109647	110441	2.72e-54	203
Query_1	2018303_NMUK01000087.1	47.761	268	126	7	33	297	23332	24102	2.75e-54	203
Query_1	944492_PQHX01000065.1	47.761	268	126	7	33	297	31481	32251	2.76e-54	203
Query_1	944492_PQHW01000061.1	47.761	268	126	7	33	297	8265	7495	2.76e-54	203
Query_1	2530367_SMKM01000044.1	46.642	268	130	7	33	297	10895	11668	2.80e-54	203
Query_1	2690310_WWHZ01000022.1	46.642	268	130	7	33	297	891	118	2.81e-54	200
Query_1	1137271_AZUM01000007.1	44.944	267	136	6	33	297	95205	95978	2.83e-54	203
Query_1	1914461_JAAHBZ010000002.1	45.149	268	133	7	31	295	340064	340834	2.83e-54	203
Query_1	223556_NHMK01000009.1	47.244	254	122	6	28	278	692099	691365	2.84e-54	203
Query_1	1914461_CP045309.1	45.149	268	133	7	31	295	3118632	3117862	2.84e-54	203
Query_1	1851996_RAIE01000702.1	45.185	270	135	7	31	297	1907	1128	2.92e-54	203
Query_1	882084_KI912241.1	45.318	267	137	5	33	297	3869	3090	2.93e-54	203
Query_1	1463937_KL585248.1	45.149	268	134	7	33	297	70388	71161	2.95e-54	203
Query_1	67350_KQ948151.1	45.149	268	134	7	33	297	430448	431221	2.97e-54	203
Query_1	67350_KQ948151.1	35.154	293	166	11	17	297	160785	161627	3.05e-29	131
Query_1	1223509_BCRB01000153.1	43.197	294	150	8	6	297	2176	3012	3.01e-54	203
Query_1	1699621_CM003594.1	49.802	253	111	9	50	296	1925590	1926318	3.03e-54	203
Query_1	2530371_SMKH01000178.1	44.776	268	135	7	33	297	12743	11970	3.14e-54	203
Query_1	2530366_SMKB01000119.1	46.642	268	129	7	33	297	22254	21484	3.15e-54	203
Query_1	28444_BBXG01000016.1	44.637	289	145	8	12	295	29265	28429	3.17e-54	203
Query_1	31965_LQXA01000009.1	46.617	266	129	7	33	295	13632	12865	3.30e-54	203
Query_1	2512144_SLVT01000014.1	47.368	266	126	7	33	295	117400	116636	3.30e-54	203
Query_1	47855_FMHZ01000002.1	47.368	266	126	7	33	295	6246031	6246795	3.31e-54	203
Query_1	47855_FMHZ01000002.1	42.481	266	139	7	35	297	4885731	4884967	8.02e-50	190
Query_1	2512164_SLYY01000013.1	45.149	268	134	7	33	297	214983	214210	3.37e-54	203
Query_1	1463898_JOCB01000076.1	45.926	270	133	7	31	297	50163	49384	3.37e-54	203
Query_1	67304_KQ948192.1	45.149	268	134	7	33	297	98834	99607	3.39e-54	203
Query_1	487165_NGFN01000032.1	43.902	287	147	8	15	297	26995	26165	3.41e-54	203
Query_1	479435_CP001736.1	43.493	292	146	10	12	295	1209638	1210480	3.44e-54	203
Query_1	2080746_PQSS01000017.1	45.926	270	133	7	31	297	112233	113012	3.45e-54	203
Query_1	1612552_CP016076.1	43.945	289	146	7	11	297	4908608	4909432	3.54e-54	203
Query_1	1612551_CP016077.1	43.945	289	146	7	11	297	4967582	4968406	3.54e-54	203
Query_1	255705_QRAK01000002.1	46.269	268	131	7	33	297	600403	599630	3.64e-54	203
Query_1	1736452_LMEQ01000023.1	43.197	294	152	9	8	297	181013	180165	4.05e-54	202
Query_1	67304_KQ948743.1	45.149	268	134	7	33	297	95912	96685	4.08e-54	202
Query_1	194673_BEWD01000004.1	45.522	268	133	7	33	297	870826	871599	4.17e-54	202
Query_1	56810_LIQB01000005.1	49.407	253	112	9	50	296	140255	140983	4.20e-54	202
Query_1	76862_NFZP01000067.1	43.197	294	150	8	6	297	2096	1260	4.49e-54	202
Query_1	113571_JZKF01000106.1	48.106	264	123	7	35	295	14012	14770	4.57e-54	202
Query_1	2339229_QZEY01000001.1	45.522	268	133	7	33	297	934665	935438	4.72e-54	202
Query_1	1874630_CP048047.1	46.241	266	130	7	33	295	265045	265812	4.77e-54	202
Query_1	1874630_CP048047.1	36.111	216	126	7	66	278	327626	327006	1.04e-17	97.4
Query_1	1874630_CP048047.1	34.728	239	136	8	52	278	2004163	2004855	7.19e-15	89.0
Query_1	1874630_CP048047.1	31.466	232	127	7	66	278	211366	210710	4.00e-13	84.0
Query_1	2203202_QHKK01000006.1	45.149	268	134	7	33	297	114725	115498	4.79e-54	202
Query_1	1520580_FOSG01000019.1	42.623	305	150	9	5	295	53323	52442	4.88e-54	202
Query_1	2690307_WWIC01000120.1	45.896	268	132	7	33	297	22743	23516	4.91e-54	202
Query_1	68239_KN050734.1	44.776	268	135	7	33	297	211729	212502	5.10e-54	202
Query_1	417292_FNFF01000004.1	44.097	288	148	7	13	297	421983	422816	5.56e-54	202
Query_1	35620_LIQT01000281.1	45.926	270	133	7	31	297	815	1594	5.59e-54	202
Query_1	67304_CP041168.1	45.149	268	134	7	33	297	8971005	8970232	5.67e-54	202
Query_1	47716_CP016795.1	45.522	268	133	7	33	297	7589818	7590591	5.84e-54	202
Query_1	1821625_CP036534.1	45.522	268	133	7	33	297	7724552	7725325	5.84e-54	202
Query_1	1463903_JOIZ01000013.1	46.296	270	132	7	31	297	128595	127816	6.11e-54	202
Query_1	1198245_FTNF01000004.1	45.588	272	134	7	27	295	38067	37285	6.23e-54	202
Query_1	47872_JOEU01000001.1	44.097	288	146	8	12	295	491341	492171	6.36e-54	202
Query_1	47760_LIPP01000071.1	42.612	291	153	8	11	297	88917	89759	6.40e-54	202
Query_1	88382_QEKX01000001.1	41.528	301	162	8	1	297	1616828	1617700	6.43e-54	202
Query_1	88382_QEKX01000001.1	42.391	276	141	8	25	295	5594987	5594199	9.13e-49	187
Query_1	31965_MZMQ01000001.1	46.617	266	129	7	33	295	877587	876820	6.49e-54	202
Query_1	31965_MZMQ01000001.1	37.799	209	118	7	66	271	777690	778289	2.20e-21	108
Query_1	31965_MZMQ01000001.1	30.612	245	142	7	50	278	2255107	2254409	3.11e-17	95.9
Query_1	31965_MZMQ01000001.1	30.045	223	126	7	66	270	929419	930051	3.65e-06	62.8
Query_1	2690346_JAAGNB010001553.1	44.000	275	141	7	27	298	1357	563	6.49e-54	202
Query_1	2690346_WWGP01001553.1	44.000	275	141	7	27	298	1357	563	6.49e-54	202
Query_1	1346710_LBMY01000001.1	43.537	294	149	8	6	297	484105	484941	6.68e-54	202
Query_1	1874630_CP048045.1	46.241	266	130	7	33	295	267057	267824	6.81e-54	202
Query_1	1874630_CP048045.1	36.111	216	126	7	66	278	328478	327858	2.13e-18	99.4
Query_1	1874630_CP048045.1	34.728	239	136	8	52	278	2066191	2066883	3.67e-15	89.7
Query_1	1874630_CP048045.1	30.973	226	136	6	66	278	214125	213469	3.79e-13	84.0
Query_1	76862_QOHN01000177.1	43.537	294	149	8	6	297	432	1268	6.83e-54	202
Query_1	1068979_KI421511.1	47.388	268	127	7	33	297	10775	11545	6.94e-54	202
Query_1	65497_JODV01000009.1	43.333	300	154	8	1	297	206426	207286	6.99e-54	202
Query_1	47716_JOFH01000003.1	45.149	268	134	7	33	297	181507	180734	7.06e-54	202
Query_1	2203207_QHJL01000496.1	45.522	268	133	7	33	297	125	898	7.23e-54	202
Query_1	67256_JODT01000002.1	45.556	270	134	7	31	297	264396	263617	7.27e-54	202
Query_1	68182_VIWV01000001.1	44.251	287	146	8	15	297	415776	414946	7.28e-54	202
Query_1	1463881_KL591003.1	45.522	268	133	7	33	297	422254	423027	7.63e-54	202
Query_1	688067_BBXD01000010.1	47.727	264	126	7	34	295	361031	360270	7.71e-54	202
Query_1	1114962_AGVX02000390.1	43.000	300	155	8	1	297	20899	20039	8.15e-54	202
Query_1	1120930_KE386857.1	43.333	300	154	8	1	297	167684	166824	8.40e-54	202
Query_1	2530364_SMLC01000019.1	45.522	268	133	7	33	297	42819	43592	8.91e-54	202
Query_1	1709476_MWIF01000236.1	45.149	268	134	7	33	297	38601	39374	9.15e-54	202
Query_1	103734_RJKM01000001.1	45.421	273	137	6	27	297	8750658	8749870	9.17e-54	202
Query_1	103734_RJKM01000001.1	43.333	270	139	7	31	297	6469302	6468526	4.62e-53	199
Query_1	1828112_VDFC01000010.1	44.086	279	142	8	23	297	11336	12142	9.19e-54	202
Query_1	1709476_LJBR01000022.1	45.149	268	134	7	33	297	84475	85248	9.20e-54	202
Query_1	1577588_BBRS01000012.1	46.269	268	131	7	33	297	174598	175371	9.60e-54	201
Query_1	579932_APIV01000009.1	45.522	268	133	7	33	297	163522	162749	9.60e-54	201
Query_1	1969_CP023689.1	45.522	268	133	7	33	297	9448177	9448950	9.72e-54	201
Query_1	2696284_WXEW01000007.1	47.727	264	126	7	34	295	289608	288847	9.80e-54	201
Query_1	2690324_WWHL01000931.1	45.522	268	133	7	33	297	2337	1564	9.94e-54	201
Query_1	1911_JAAGMI010000570.1	45.522	268	133	7	33	297	1876	1103	9.95e-54	201
Query_1	47871_FMIC01000002.1	47.368	266	126	7	33	295	4853741	4854505	1.01e-53	201
Query_1	1911_MDDK01000460.1	45.522	268	133	7	33	297	2133	1360	1.01e-53	201
Query_1	67263_MDDL01000369.1	45.522	268	133	7	33	297	11071	11844	1.02e-53	201
Query_1	68249_LIQD01000005.1	45.149	268	134	7	33	297	443949	444722	1.02e-53	201
Query_1	1874630_CP048049.1	46.241	266	130	7	33	295	264736	265503	1.02e-53	201
Query_1	1874630_CP048049.1	35.648	216	127	7	66	278	329061	328441	6.48e-18	97.8
Query_1	1874630_CP048049.1	34.728	239	136	8	52	278	2007590	2008282	8.67e-15	88.6
Query_1	1874630_CP048049.1	31.466	232	127	7	66	278	211530	210874	3.72e-13	84.0
Query_1	1874630_CP012573.1	46.241	266	130	7	33	295	264729	265496	1.02e-53	201
Query_1	1874630_CP012573.1	35.648	216	127	7	66	278	329055	328435	6.48e-18	97.8
Query_1	1874630_CP012573.1	34.728	239	136	8	52	278	2007548	2008240	8.67e-15	88.6
Query_1	1874630_CP012573.1	31.466	232	127	7	66	278	211524	210868	3.72e-13	84.0
Query_1	68249_CP019724.1	45.149	268	134	7	33	297	681386	680613	1.02e-53	201
Query_1	285570_CP022310.1	42.857	287	150	8	15	297	7508220	7509050	1.05e-53	201
Query_1	1911_UAVD01000032.1	45.522	268	133	7	33	297	256199	256972	1.07e-53	201
Query_1	1911_ML956148.1	45.522	268	133	7	33	297	42048	41275	1.07e-53	201
Query_1	1911_FNTW01000002.1	45.522	268	133	7	33	297	2298209	2297436	1.07e-53	201
Query_1	455632_AP009493.1	45.522	268	133	7	33	297	6415034	6415807	1.07e-53	201
Query_1	2690333_WWHC01000001.1	45.522	268	133	7	33	297	6415034	6415807	1.07e-53	201
Query_1	1223522_BBGT01000284.1	48.800	250	117	7	51	297	3794	3069	1.08e-53	201
Query_1	909613_AYXG01000127.1	44.565	276	138	8	25	297	17360	18151	1.14e-53	201
Query_1	1969_QVOF01000016.1	45.522	268	133	7	33	297	193232	192459	1.20e-53	201
Query_1	340345_CP014859.1	45.318	267	133	6	33	297	4119604	4120371	1.22e-53	201
Query_1	402600_FOFR01000010.1	44.444	270	136	7	31	297	191927	191151	1.23e-53	201
Query_1	324855_VSKS01000021.1	45.926	270	133	7	31	297	6991	7770	1.25e-53	201
