Query_1	1428_WJCY01000006.1	100.000	305	0	0	1	305	130986	130072	0.0	633
Query_1	1428_WJCH01000008.1	100.000	305	0	0	1	305	130986	130072	0.0	633
Query_1	1428_WJCG01000010.1	100.000	305	0	0	1	305	102878	103792	0.0	633
Query_1	1428_ML762287.1	100.000	305	0	0	1	305	619109	618195	0.0	633
Query_1	1428_ML762287.1	25.517	290	181	9	19	301	120125	120910	9.37e-06	58.9
Query_1	1428_CP045030.1	100.000	305	0	0	1	305	3178030	3177116	0.0	633
Query_1	1428_CP045030.1	23.607	305	178	6	3	304	1040728	1041486	7.13e-11	74.3
Query_1	1428_CP045030.1	26.241	282	165	9	14	284	4907281	4908030	2.14e-07	63.9
Query_1	1428_CP045030.1	25.517	290	181	9	19	301	2679199	2679984	9.38e-06	58.9
Query_1	1428_CP045030.1	28.571	133	89	3	5	134	4387102	4387491	1.99e-05	57.8
Query_1	1428_CP045030.1	22.115	312	182	10	10	302	4789903	4790712	4.47e-05	56.6
Query_1	1428_CP045030.1	23.588	301	171	12	32	305	2249049	2249855	2.58e-04	54.3
Query_1	1428_CP045030.1	28.713	101	70	2	37	135	1673562	1673260	0.10	46.2
Query_1	1428_CP045030.1	26.957	115	73	4	6	116	4766201	4765878	1.3	42.7
Query_1	1428_VIWB01000002.1	100.000	305	0	0	1	305	619095	618181	0.0	633
Query_1	1428_VIWB01000002.1	25.517	290	181	9	19	301	120144	120929	9.37e-06	58.9
Query_1	1428_CP039721.1	100.000	305	0	0	1	305	700298	701212	0.0	633
Query_1	1428_CP039721.1	23.607	305	178	6	3	304	2839127	2838369	7.13e-11	74.3
Query_1	1428_CP039721.1	26.241	282	165	9	14	284	4471014	4470265	2.14e-07	63.9
Query_1	1428_CP039721.1	25.517	290	181	9	19	301	1199289	1198504	9.38e-06	58.9
Query_1	1428_CP039721.1	28.571	133	89	3	5	134	4991301	4990912	1.99e-05	57.8
Query_1	1428_CP039721.1	22.115	312	182	10	10	302	4588148	4587339	4.47e-05	56.6
Query_1	1428_CP039721.1	23.588	301	171	12	32	305	1629463	1628657	2.58e-04	54.3
Query_1	1428_CP039721.1	28.713	101	70	2	37	135	2204566	2204868	0.10	46.2
Query_1	1428_CP039721.1	26.957	115	73	4	6	116	4611848	4612171	1.3	42.7
Query_1	1428_CP037890.1	100.000	305	0	0	1	305	3178079	3177165	0.0	633
Query_1	1428_CP037890.1	23.607	305	178	6	3	304	1039914	1040672	7.13e-11	74.3
Query_1	1428_CP037890.1	26.241	282	165	9	14	284	4822561	4823310	2.14e-07	63.9
Query_1	1428_CP037890.1	25.517	290	181	9	19	301	2678995	2679780	9.38e-06	58.9
Query_1	1428_CP037890.1	28.571	133	89	3	5	134	4302149	4302538	1.99e-05	57.8
Query_1	1428_CP037890.1	23.588	301	171	12	32	305	2249254	2250060	2.58e-04	54.3
Query_1	1428_CP037890.1	28.713	101	70	2	37	135	1674152	1673850	0.10	46.2
Query_1	1428_CP037890.1	26.957	115	73	4	6	116	4681483	4681160	1.3	42.7
Query_1	1428_RBKQ01000001.1	100.000	305	0	0	1	305	431941	431027	0.0	633
Query_1	1428_RBKQ01000001.1	28.713	101	70	2	37	135	1123610	1123912	0.10	46.2
Query_1	1428_CP035737.1	100.000	305	0	0	1	305	3177405	3176491	0.0	633
Query_1	1428_CP035737.1	23.607	305	178	6	3	304	1039522	1040280	7.13e-11	74.3
Query_1	1428_CP035737.1	26.241	282	165	9	14	284	4821498	4822247	2.14e-07	63.9
Query_1	1428_CP035737.1	25.517	290	181	9	19	301	2678419	2679204	9.38e-06	58.9
Query_1	1428_CP035737.1	28.571	133	89	3	5	134	4301183	4301572	1.99e-05	57.8
Query_1	1428_CP035737.1	22.115	312	182	10	10	302	4704120	4704929	4.47e-05	56.6
Query_1	1428_CP035737.1	23.588	301	171	12	32	305	2248668	2249474	2.58e-04	54.3
Query_1	1428_CP035737.1	28.713	101	70	2	37	135	1673566	1673264	0.10	46.2
Query_1	1428_CP035737.1	26.957	115	73	4	6	116	4680420	4680097	1.3	42.7
Query_1	1428_CP035736.1	100.000	305	0	0	1	305	3177407	3176493	0.0	633
Query_1	1428_CP035736.1	23.607	305	178	6	3	304	1039524	1040282	7.13e-11	74.3
Query_1	1428_CP035736.1	26.241	282	165	9	14	284	4821500	4822249	2.14e-07	63.9
Query_1	1428_CP035736.1	25.517	290	181	9	19	301	2678420	2679205	9.38e-06	58.9
Query_1	1428_CP035736.1	28.571	133	89	3	5	134	4301185	4301574	1.99e-05	57.8
Query_1	1428_CP035736.1	22.115	312	182	10	10	302	4704122	4704931	4.47e-05	56.6
Query_1	1428_CP035736.1	23.588	301	171	12	32	305	2248670	2249476	2.58e-04	54.3
Query_1	1428_CP035736.1	28.713	101	70	2	37	135	1673568	1673266	0.10	46.2
Query_1	1428_CP035736.1	26.957	115	73	4	6	116	4680422	4680099	1.3	42.7
Query_1	1428_CP035735.1	100.000	305	0	0	1	305	3177406	3176492	0.0	633
Query_1	1428_CP035735.1	23.607	305	178	6	3	304	1039523	1040281	7.13e-11	74.3
Query_1	1428_CP035735.1	26.241	282	165	9	14	284	4821500	4822249	2.14e-07	63.9
Query_1	1428_CP035735.1	25.517	290	181	9	19	301	2678419	2679204	9.38e-06	58.9
Query_1	1428_CP035735.1	28.571	133	89	3	5	134	4301186	4301575	1.99e-05	57.8
Query_1	1428_CP035735.1	22.115	312	182	10	10	302	4704122	4704931	4.47e-05	56.6
Query_1	1428_CP035735.1	23.588	301	171	12	32	305	2248669	2249475	2.58e-04	54.3
Query_1	1428_CP035735.1	28.713	101	70	2	37	135	1673567	1673265	0.10	46.2
Query_1	1428_CP035735.1	26.957	115	73	4	6	116	4680422	4680099	1.3	42.7
Query_1	1428_DGCX01000034.1	100.000	305	0	0	1	305	272712	273626	0.0	633
Query_1	1428_LIIT01000058.1	100.000	305	0	0	1	305	102817	103731	0.0	633
Query_1	1428_LFXM01000037.1	100.000	305	0	0	1	305	463318	464232	0.0	633
Query_1	1396_WBOZ01000059.1	99.344	305	2	0	1	305	46451	47365	0.0	630
Query_1	1396_WBPC01000030.1	99.344	305	2	0	1	305	114357	113443	0.0	630
Query_1	1396_WBPE01000029.1	99.344	305	2	0	1	305	98989	99903	0.0	630
Query_1	1396_WBPH01000031.1	99.344	305	2	0	1	305	1444081	1444995	0.0	630
Query_1	1396_WBPH01000031.1	23.279	305	179	6	3	304	2596563	2595805	1.94e-10	73.2
Query_1	1396_WBPH01000031.1	28.571	133	89	3	5	134	374036	373647	1.99e-05	57.8
Query_1	1396_WBPH01000031.1	28.713	101	70	2	37	135	1981998	1982300	0.10	46.2
Query_1	1396_WBPJ01000037.1	99.344	305	2	0	1	305	133435	132521	0.0	630
Query_1	1396_WBPK01000012.1	99.344	305	2	0	1	305	98924	99838	0.0	630
Query_1	1396_WBPK01000012.1	24.031	258	163	9	36	285	253337	254035	2.86e-04	54.3
Query_1	1396_WBPM01000022.1	99.344	305	2	0	1	305	426448	425534	0.0	630
Query_1	1396_WBPM01000022.1	23.256	258	165	10	36	285	272981	272283	0.002	51.6
Query_1	1396_QSNA01000001.1	99.344	305	2	0	1	305	1546075	1546989	0.0	630
Query_1	1396_QSNA01000001.1	23.934	305	177	6	3	304	3750949	3750191	2.98e-11	75.5
Query_1	1396_QSNA01000001.1	26.241	282	165	9	14	284	4612225	4611476	2.14e-07	63.9
Query_1	1396_QSNA01000001.1	25.517	290	181	9	19	301	2055736	2054951	9.63e-06	58.9
Query_1	1396_QSNA01000001.1	28.571	133	89	3	5	134	508129	507740	1.99e-05	57.8
Query_1	1396_QSNA01000001.1	22.115	312	182	10	10	302	104186	103377	4.47e-05	56.6
Query_1	1396_QSNA01000001.1	23.256	258	165	10	36	285	1699530	1700228	0.002	51.6
Query_1	1396_QSNA01000001.1	28.713	101	70	2	37	135	3138503	3138805	0.10	46.2
Query_1	1396_QSNA01000001.1	26.957	115	73	4	6	116	128579	128902	1.2	42.7
Query_1	1396_QSNB01000003.1	99.344	305	2	0	1	305	425791	426705	0.0	630
Query_1	1396_QSNB01000003.1	23.256	258	165	10	36	285	579258	579956	0.002	51.6
Query_1	1396_QSMZ01000032.1	99.344	305	2	0	1	305	20202	19288	0.0	630
Query_1	1396_NIQX01000020.1	99.672	305	1	0	1	305	99361	98447	0.0	630
Query_1	1428_WJCM01000014.1	99.344	305	2	0	1	305	5288	4374	0.0	630
Query_1	1428_WJCN01000001.1	99.344	305	2	0	1	305	130960	131874	0.0	630
Query_1	1428_WJCL01000001.1	99.344	305	2	0	1	305	142126	141212	0.0	630
Query_1	1428_VEAP01000003.1	99.344	305	2	0	1	305	418816	419730	0.0	630
Query_1	1428_VEAP01000003.1	23.643	258	164	9	36	285	573520	574218	0.001	52.4
Query_1	1428_CP044978.1	99.344	305	2	0	1	305	4009385	4008471	0.0	630
Query_1	1428_CP044978.1	23.279	305	179	6	3	304	1801372	1802130	2.29e-10	72.8
Query_1	1428_CP044978.1	27.241	290	176	11	19	301	3442382	3443167	1.47e-08	67.4
Query_1	1428_CP044978.1	24.000	275	180	6	14	284	222622	223371	4.18e-07	63.2
Query_1	1428_CP044978.1	24.399	291	181	11	32	305	3096664	3097470	5.48e-07	62.8
Query_1	1428_CP044978.1	28.571	133	89	3	5	134	4998105	4998494	1.99e-05	57.8
Query_1	1428_CP044978.1	22.115	312	182	10	10	302	107791	108600	4.47e-05	56.6
Query_1	1428_CP044978.1	23.256	258	165	9	36	285	3830078	3829380	0.002	51.6
Query_1	1428_CP044978.1	28.713	101	70	2	37	135	2427739	2427437	0.14	45.8
Query_1	1428_CP044978.1	30.233	86	56	3	35	116	84916	84659	1.3	42.7
Query_1	1428_CP044978.1	31.193	109	65	3	37	136	2640957	2640634	2.0	42.0
Query_1	1428_NUOL01000006.1	99.344	305	2	0	1	305	122472	123386	0.0	630
Query_1	1428_NUNG01000022.1	99.344	305	2	0	1	305	43998	43084	0.0	630
Query_1	1428_NULW01000005.1	99.344	305	2	0	1	305	122331	123245	0.0	630
Query_1	1428_NULW01000005.1	23.256	258	165	9	36	285	291818	292516	0.003	51.2
Query_1	1428_NUKR01000037.1	99.344	305	2	0	1	305	193714	194628	0.0	630
Query_1	1428_NUKP01000016.1	99.344	305	2	0	1	305	251489	252403	0.0	630
Query_1	1428_NUJM01000037.1	99.344	305	2	0	1	305	193881	194795	0.0	630
Query_1	1428_NUII01000016.1	99.344	305	2	0	1	305	568036	567122	0.0	630
Query_1	1428_NUII01000016.1	25.517	290	181	9	19	301	43786	44571	9.63e-06	58.9
Query_1	1428_NUII01000016.1	23.256	258	165	9	36	285	398575	397877	0.003	51.2
Query_1	1428_NUHF01000020.1	99.344	305	2	0	1	305	239374	238460	0.0	630
Query_1	1428_NUHF01000020.1	23.256	258	165	9	36	285	69916	69218	0.003	51.2
Query_1	1428_NUHC01000019.1	99.344	305	2	0	1	305	122596	123510	0.0	630
Query_1	1428_NUHC01000019.1	23.256	258	165	9	36	285	292064	292762	0.003	51.2
Query_1	1428_NUHD01000012.1	99.344	305	2	0	1	305	10672	9758	0.0	630
Query_1	1428_NUGY01000050.1	99.344	305	2	0	1	305	51139	50225	0.0	630
Query_1	1428_NUGP01000436.1	99.344	305	2	0	1	305	12083	11169	0.0	630
Query_1	1428_NUGA01000106.1	99.344	305	2	0	1	305	5935	5021	0.0	630
Query_1	1428_NVEA01000004.1	99.344	305	2	0	1	305	417567	418481	0.0	630
Query_1	1428_NVEA01000004.1	23.256	258	165	9	36	285	587039	587737	0.003	51.2
Query_1	1428_NVDH01000002.1	99.344	305	2	0	1	305	50562	51476	0.0	630
Query_1	1428_NVDH01000002.1	23.256	258	165	9	36	285	183341	184039	0.003	51.2
Query_1	1428_NVCF01000011.1	99.344	305	2	0	1	305	197588	198502	0.0	630
Query_1	1428_NVBX01000017.1	99.344	305	2	0	1	305	339094	338180	0.0	630
Query_1	1428_NVBX01000017.1	23.256	258	165	9	36	285	169624	168926	0.003	51.2
Query_1	1428_NVBW01000012.1	99.344	305	2	0	1	305	122525	123439	0.0	630
Query_1	1428_NVBW01000012.1	25.517	290	181	9	19	301	646774	645989	9.63e-06	58.9
Query_1	1428_NVBW01000012.1	23.256	258	165	9	36	285	291983	292681	0.003	51.2
Query_1	1428_NVBU01000019.1	99.344	305	2	0	1	305	170579	169665	0.0	630
Query_1	1428_NVBU01000019.1	23.256	258	165	9	36	285	1110	412	0.003	51.2
Query_1	1428_NVAT01000062.1	99.344	305	2	0	1	305	10671	9757	0.0	630
Query_1	1428_NUZE01000019.1	99.344	305	2	0	1	305	122526	123440	0.0	630
Query_1	1428_NUZE01000019.1	23.256	258	165	9	36	285	291998	292696	0.003	51.2
Query_1	1428_NTSD01000014.1	99.344	305	2	0	1	305	14249	15163	0.0	630
Query_1	1428_NTUJ01000011.1	99.344	305	2	0	1	305	102626	101712	0.0	630
Query_1	1428_NTTD01000026.1	99.344	305	2	0	1	305	113899	112985	0.0	630
Query_1	1428_NTSC01000047.1	99.344	305	2	0	1	305	122526	123440	0.0	630
Query_1	1428_NTZW01000033.1	99.344	305	2	0	1	305	249589	248675	0.0	630
Query_1	1428_NTZW01000033.1	23.256	258	165	9	36	285	80117	79419	0.003	51.2
Query_1	1428_NVMF01000007.1	99.344	305	2	0	1	305	210797	209883	0.0	630
Query_1	1428_NVMF01000007.1	23.256	258	165	9	36	285	41325	40627	0.003	51.2
Query_1	1428_NVNL01000005.1	99.344	305	2	0	1	305	15716	16630	0.0	630
Query_1	1428_NVNL01000005.1	23.256	258	165	9	36	285	149540	150238	0.001	52.4
Query_1	1428_NVLS01000010.1	99.344	305	2	0	1	305	43815	42901	0.0	630
Query_1	1396_CP046511.1	99.016	305	3	0	1	305	2805254	2806168	0.0	629
Query_1	1396_CP046511.1	23.279	305	179	6	3	304	4968818	4968060	1.94e-10	73.2
Query_1	1396_CP046511.1	26.241	282	165	9	14	284	1259575	1258826	2.14e-07	63.9
Query_1	1396_CP046511.1	25.517	290	181	9	19	301	3328143	3327358	9.99e-06	58.9
Query_1	1396_CP046511.1	28.571	133	89	3	5	134	1783356	1782967	1.99e-05	57.8
Query_1	1396_CP046511.1	22.115	312	182	10	10	302	1378124	1377315	5.16e-05	56.6
Query_1	1396_CP046511.1	23.256	258	165	9	36	285	2962484	2963182	0.001	52.4
Query_1	1396_CP046511.1	28.713	101	70	2	37	135	4347513	4347815	0.11	46.2
Query_1	1396_CP046511.1	26.957	115	73	4	6	116	1401775	1402098	1.2	42.7
Query_1	1396_MIFK01000012.1	99.016	305	3	0	1	305	114207	115121	0.0	629
Query_1	1428_SSWY01000061.1	99.016	305	3	0	1	305	5543	6457	0.0	629
Query_1	1428_CP040782.1	99.016	305	3	0	1	305	3238255	3237341	0.0	629
Query_1	1428_CP040782.1	23.607	305	178	6	3	304	1031121	1031879	8.03e-11	74.3
Query_1	1428_CP040782.1	22.442	303	178	8	5	303	4367100	4367849	1.93e-07	63.9
Query_1	1428_CP040782.1	25.532	282	167	9	14	284	4882325	4883074	4.74e-07	62.8
Query_1	1428_CP040782.1	25.517	290	181	9	19	301	2771719	2772504	9.99e-06	58.9
Query_1	1428_CP040782.1	21.818	275	155	9	33	289	4774174	4774872	2.60e-04	54.3
Query_1	1428_CP040782.1	23.166	259	164	10	36	285	3106991	3106293	0.002	52.0
Query_1	1428_CP040782.1	26.957	115	73	4	6	116	4758107	4757784	0.87	43.1
Query_1	1428_CP020002.1	99.344	305	2	0	1	305	3512275	3511361	0.0	629
Query_1	1428_CP020002.1	23.279	305	179	6	3	304	1031196	1031954	2.25e-10	72.8
Query_1	1428_CP020002.1	26.241	282	165	9	14	284	5122274	5123023	2.14e-07	63.9
Query_1	1428_CP020002.1	25.517	290	181	9	19	301	2951445	2952230	9.99e-06	58.9
Query_1	1428_CP020002.1	28.571	133	89	3	5	134	4538192	4538581	1.99e-05	57.8
Query_1	1428_CP020002.1	22.115	312	182	10	10	302	5007411	5008220	5.16e-05	56.6
Query_1	1428_CP020002.1	23.256	258	165	9	36	285	3352186	3351488	0.001	52.4
Query_1	1428_CP020002.1	26.957	115	73	4	6	116	4983721	4983398	1.2	42.7
Query_1	1396_FWYX01000046.1	99.344	305	2	0	1	305	79891	80805	0.0	629
Query_1	1396_JAASAB010000001.1	99.344	305	2	0	1	305	1094290	1093376	0.0	629
Query_1	1396_JAASAB010000001.1	26.897	290	177	11	19	301	522898	523683	7.07e-08	65.5
Query_1	1396_JAASAB010000001.1	24.399	291	181	11	32	305	195083	195889	5.48e-07	62.8
Query_1	1396_JAASAB010000001.1	23.256	258	165	9	36	285	905095	904397	0.001	52.4
Query_1	1396_NJPY01000005.1	99.344	305	2	0	1	305	421686	422600	0.0	629
Query_1	1396_NJQI01000003.1	99.344	305	2	0	1	305	174723	173809	0.0	629
Query_1	1396_NJQI01000003.1	23.256	258	165	9	36	285	42871	42173	8.49e-04	52.8
Query_1	1396_NJQI01000003.1	24.221	289	178	11	23	301	195108	194335	0.010	49.3
Query_1	1396_PVON01000006.1	99.344	305	2	0	1	305	350959	351873	0.0	629
Query_1	1396_WBPB01000039.1	99.344	305	2	0	1	305	13248	12334	0.0	629
Query_1	1396_VTQW01000003.1	99.344	305	2	0	1	305	534355	535269	0.0	629
Query_1	1396_VTQQ01000005.1	99.344	305	2	0	1	305	338139	337225	0.0	629
Query_1	1396_VTQQ01000005.1	23.256	258	165	9	36	285	180728	180030	0.001	52.0
Query_1	1396_VECM01000004.1	99.344	305	2	0	1	305	130517	131431	0.0	629
Query_1	1396_VECM01000004.1	23.256	258	165	9	36	285	299937	300635	0.001	52.4
Query_1	1396_VEBL01000004.1	99.344	305	2	0	1	305	413483	414397	0.0	629
Query_1	1396_VDSM01000005.1	99.344	305	2	0	1	305	204661	205575	0.0	629
Query_1	1396_VDSM01000005.1	22.878	271	174	10	23	285	384881	385612	0.004	50.8
Query_1	1396_VDSJ01000005.1	99.344	305	2	0	1	305	204661	205575	0.0	629
Query_1	1396_VDSJ01000005.1	22.878	271	174	10	23	285	384881	385612	0.004	50.8
Query_1	1396_VDRM01000001.1	99.344	305	2	0	1	305	1086355	1085441	0.0	629
Query_1	1396_VDRM01000001.1	26.897	290	177	11	19	301	532230	533015	7.07e-08	65.5
Query_1	1396_VDRM01000001.1	24.399	291	181	11	32	305	195532	196338	3.04e-07	63.5
Query_1	1396_VDRM01000001.1	23.256	258	165	9	36	285	902713	902015	0.001	52.4
Query_1	1396_VDQD01000001.1	99.344	305	2	0	1	305	282654	283568	0.0	629
Query_1	1396_VDQD01000001.1	26.897	290	177	11	19	301	836779	835994	7.07e-08	65.5
Query_1	1396_VDQD01000001.1	23.256	258	165	9	36	285	466296	466994	0.001	52.4
Query_1	1396_QFWR01000012.1	99.344	305	2	0	1	305	172567	171653	0.0	629
Query_1	1396_QFWR01000012.1	23.256	258	165	9	36	285	14298	13600	0.001	52.4
Query_1	1396_VEPP01000003.1	99.344	305	2	0	1	305	135852	134938	0.0	629
Query_1	1396_VEPP01000003.1	23.256	258	165	9	36	285	4096	3398	8.49e-04	52.8
Query_1	1396_VEPT01000014.1	99.344	305	2	0	1	305	76077	75163	0.0	629
Query_1	1396_VDDR01000001.1	99.344	305	2	0	1	305	470473	471387	0.0	629
Query_1	1396_VDDR01000001.1	23.256	258	165	9	36	285	673717	674415	0.003	50.8
Query_1	1396_SZOI01000544.1	99.344	305	2	0	1	305	3470	2556	0.0	629
Query_1	1396_SZOA01000093.1	99.344	305	2	0	1	305	8882	7968	0.0	629
Query_1	1396_SZOA01000093.1	24.221	289	178	11	23	301	29139	28366	0.009	49.7
Query_1	1396_CP028516.1	99.344	305	2	0	1	305	3195196	3194282	0.0	629
Query_1	1396_CP028516.1	23.432	303	177	6	3	302	1086341	1087093	4.94e-10	72.0
Query_1	1396_CP028516.1	23.179	302	177	8	5	303	4228852	4229601	8.80e-09	68.2
Query_1	1396_CP028516.1	26.897	290	177	11	19	301	2687836	2688621	1.13e-07	64.7
Query_1	1396_CP028516.1	25.887	282	166	9	14	284	4745985	4746734	1.93e-07	63.9
Query_1	1396_CP028516.1	21.875	288	165	9	33	302	4635578	4636315	8.74e-05	55.8
Query_1	1396_CP028516.1	23.256	258	165	9	36	285	3057742	3057044	0.001	52.4
Query_1	1396_CP028516.1	29.703	101	69	2	37	135	1709234	1708932	0.017	48.9
Query_1	1396_CP028516.1	30.233	86	56	3	35	116	4619702	4619445	1.3	42.7
Query_1	1396_CP028516.1	31.193	109	65	3	37	136	1847292	1846969	2.0	42.0
Query_1	1396_SNQO01000074.1	99.344	305	2	0	1	305	30925	31839	0.0	629
Query_1	1396_BIYE01000011.1	99.344	305	2	0	1	305	111837	112751	0.0	629
Query_1	1396_BIYE01000011.1	23.643	258	164	9	36	285	250848	251546	6.21e-04	53.1
Query_1	1396_BIYE01000011.1	24.126	286	176	11	26	301	91970	92734	0.023	48.1
Query_1	1396_CP023245.1	99.344	305	2	0	1	305	3367434	3366520	0.0	629
Query_1	1396_CP023245.1	23.934	305	177	6	3	304	1021026	1021784	7.40e-12	77.4
Query_1	1396_CP023245.1	23.179	302	177	8	5	303	4366463	4367212	8.80e-09	68.2
Query_1	1396_CP023245.1	27.241	290	176	11	19	301	2798470	2799255	1.62e-08	67.4
Query_1	1396_CP023245.1	24.000	275	180	6	14	284	4907097	4907846	4.18e-07	63.2
Query_1	1396_CP023245.1	21.875	288	165	9	33	302	4789964	4790701	9.31e-05	55.8
Query_1	1396_CP023245.1	23.256	258	165	9	36	285	3188970	3188272	0.001	52.4
Query_1	1396_CP023245.1	29.703	101	69	2	37	135	1651360	1651058	0.018	48.5
Query_1	1396_CP023245.1	30.233	86	56	3	35	116	4772065	4771808	1.3	42.7
Query_1	1396_CP020383.1	99.344	305	2	0	1	305	3129015	3128101	0.0	629
Query_1	1396_CP020383.1	23.432	303	177	6	3	302	994559	995311	4.94e-10	72.0
Query_1	1396_CP020383.1	23.179	302	177	8	5	303	4279536	4280285	7.47e-09	68.2
Query_1	1396_CP020383.1	24.000	275	180	6	14	284	4787880	4788629	2.08e-07	63.9
Query_1	1396_CP020383.1	26.897	290	177	11	19	301	2606306	2607091	1.25e-06	61.6
Query_1	1396_CP020383.1	24.573	293	178	11	32	305	2224995	2225801	1.48e-05	58.2
Query_1	1396_CP020383.1	21.875	288	165	9	33	302	4681322	4682059	7.12e-05	56.2
Query_1	1396_CP020383.1	23.643	258	164	9	36	285	2988535	2987837	6.22e-04	53.1
Query_1	1396_CP020383.1	29.703	101	69	2	37	135	1622200	1621898	0.020	48.5
Query_1	1396_CP020383.1	24.126	286	176	11	26	301	3148881	3148117	0.023	48.1
Query_1	1396_CP020383.1	30.233	86	56	3	35	116	4665407	4665150	1.3	42.7
Query_1	1396_CP020383.1	31.193	109	65	3	37	136	1760391	1760068	2.0	42.0
Query_1	1396_NMYG01000008.1	99.344	305	2	0	1	305	299793	298879	0.0	629
Query_1	1396_NMYG01000008.1	23.256	258	165	9	36	285	109703	109005	0.001	52.4
Query_1	1396_NMYE01000002.1	99.344	305	2	0	1	305	204376	205290	0.0	629
Query_1	1396_NMYE01000002.1	25.517	290	181	9	19	301	764437	763652	1.17e-05	58.5
Query_1	1396_NMYE01000002.1	22.878	271	174	10	23	285	377451	378182	0.004	50.8
Query_1	1396_NMYY01001917.1	99.344	305	2	0	1	305	90	1004	0.0	629
Query_1	1396_NMYR01003034.1	99.344	305	2	0	1	305	1148	234	0.0	629
Query_1	1396_NMYP01000084.1	99.344	305	2	0	1	305	99650	100564	0.0	629
Query_1	1396_NMYP01000084.1	24.126	286	176	11	26	301	79783	80547	0.023	48.1
Query_1	1396_NMYK01000259.1	99.344	305	2	0	1	305	897394	898308	0.0	629
Query_1	1396_NUPL01000008.1	99.344	305	2	0	1	305	11983	11069	0.0	629
Query_1	1396_NUPL01000008.1	24.126	286	176	11	26	301	31855	31091	0.023	48.1
Query_1	1396_NULI01000040.1	99.344	305	2	0	1	305	21859	22773	0.0	629
Query_1	1396_NULI01000040.1	24.221	289	178	11	23	301	1578	2351	0.009	49.7
Query_1	1396_NUIQ01000081.1	99.344	305	2	0	1	305	27584	28498	0.0	629
Query_1	1396_NVAS01000017.1	99.344	305	2	0	1	305	38028	38942	0.0	629
Query_1	1396_NVAS01000017.1	23.256	258	165	9	36	285	180433	181131	0.001	52.4
Query_1	1396_NUWJ01000125.1	99.344	305	2	0	1	305	14690	15604	0.0	629
Query_1	1396_NTUY01000004.1	99.344	305	2	0	1	305	244905	243991	0.0	629
Query_1	1396_NTUY01000004.1	23.256	258	165	9	36	285	107302	106604	0.001	52.0
Query_1	1396_NTYM01000018.1	99.344	305	2	0	1	305	183890	182976	0.0	629
Query_1	1396_NTYM01000018.1	23.256	258	165	9	36	285	42584	41886	0.001	52.4
Query_1	1396_NTYM01000018.1	24.126	286	176	11	26	301	204162	203398	0.023	48.1
Query_1	1396_NVMY01000002.1	99.344	305	2	0	1	305	36651	37565	0.0	629
Query_1	1396_NVMY01000002.1	24.126	286	176	11	26	301	16277	17041	0.023	48.1
Query_1	1396_NVKL01000001.1	99.344	305	2	0	1	305	7105	8019	0.0	629
Query_1	1396_NVKL01000001.1	23.256	258	165	9	36	285	137613	138311	0.001	52.0
Query_1	1396_CP023727.1	99.344	305	2	0	1	305	3097824	3096910	0.0	629
Query_1	1396_CP023727.1	23.279	305	179	6	3	304	934136	934894	1.53e-10	73.6
Query_1	1396_CP023727.1	27.241	290	176	11	19	301	2495116	2495901	9.04e-09	68.2
Query_1	1396_CP023727.1	24.000	275	180	6	14	284	4616879	4617628	2.08e-07	63.9
Query_1	1396_CP023727.1	24.000	300	169	12	32	304	2112406	2113209	7.29e-06	59.3
Query_1	1396_CP023727.1	28.571	133	89	3	5	134	4110887	4111276	1.89e-05	57.8
Query_1	1396_CP023727.1	21.875	288	165	9	33	302	4508365	4509102	9.31e-05	55.8
Query_1	1396_CP023727.1	23.256	258	165	9	36	285	2881854	2881156	0.001	52.0
Query_1	1396_CP023727.1	29.703	101	69	2	37	135	1536957	1536655	0.019	48.5
Query_1	1396_CP023727.1	30.233	86	56	3	35	116	4491541	4491284	1.3	42.7
Query_1	1396_CP017234.1	99.344	305	2	0	1	305	3195620	3194706	0.0	629
Query_1	1396_CP017234.1	23.432	303	177	6	3	302	1007031	1007783	4.94e-10	72.0
Query_1	1396_CP017234.1	23.179	302	177	8	5	303	4276780	4277529	8.80e-09	68.2
Query_1	1396_CP017234.1	24.000	275	180	6	14	284	4789668	4790417	2.08e-07	63.9
Query_1	1396_CP017234.1	26.897	290	177	11	19	301	2685793	2686578	1.21e-06	61.6
Query_1	1396_CP017234.1	24.915	293	177	11	32	305	2280210	2281016	3.81e-06	60.1
Query_1	1396_CP017234.1	21.875	288	165	9	33	302	4677734	4678471	8.74e-05	55.8
Query_1	1396_CP017234.1	22.878	271	174	10	23	285	3053301	3052570	0.008	49.7
Query_1	1396_CP017234.1	29.703	101	69	2	37	135	1642140	1641838	0.016	48.9
Query_1	1396_CP017234.1	24.126	286	176	10	26	301	3215901	3215137	0.020	48.5
Query_1	1396_CP017234.1	30.233	86	56	3	35	116	4661860	4661603	1.2	42.7
Query_1	1396_CP017234.1	31.193	109	65	3	37	136	1781760	1781437	1.9	42.4
Query_1	1396_NINJ01000028.1	99.344	305	2	0	1	305	89799	90713	0.0	629
Query_1	1396_NINJ01000028.1	23.256	258	165	9	36	285	231615	232313	0.001	52.4
Query_1	1396_NIRC01000030.1	99.344	305	2	0	1	305	62851	63765	0.0	629
Query_1	1396_NIRC01000030.1	23.247	271	173	10	23	285	205031	205762	0.001	52.8
Query_1	1396_CP020804.1	99.344	305	2	0	1	305	3514943	3514029	0.0	629
Query_1	1396_CP020804.1	23.432	303	177	6	3	302	1724583	1723831	4.94e-10	72.0
Query_1	1396_CP020804.1	23.179	302	177	8	5	303	349627	350376	7.47e-09	68.2
Query_1	1396_CP020804.1	25.887	282	166	9	14	284	3171442	3170693	1.93e-07	63.9
Query_1	1396_CP020804.1	21.875	288	165	9	33	302	4311096	4311833	8.74e-05	55.8
Query_1	1396_CP020804.1	23.333	270	172	10	23	284	3419660	3420388	0.002	52.0
Query_1	1396_CP020804.1	29.703	101	69	2	37	135	1636530	1636832	0.014	48.9
Query_1	1396_CP020804.1	24.126	286	176	11	26	301	3535216	3534452	0.023	48.1
Query_1	1396_CP020804.1	30.233	86	56	3	35	116	4288993	4288736	1.3	42.7
Query_1	1396_CP020804.1	30.252	119	78	4	19	132	3031206	3031562	1.5	42.7
Query_1	1396_CP020804.1	31.193	109	65	3	37	136	1758648	1758325	2.0	42.0
Query_1	1396_CP020803.1	99.344	305	2	0	1	305	171672	172586	0.0	629
Query_1	1396_CP020803.1	23.432	303	177	6	3	302	4261088	4260336	4.94e-10	72.0
Query_1	1396_CP020803.1	23.179	302	177	8	5	303	1305817	1306566	7.47e-09	68.2
Query_1	1396_CP020803.1	26.897	290	177	11	19	301	2638046	2638831	1.21e-06	61.6
Query_1	1396_CP020803.1	23.247	271	173	10	23	285	3113117	3113848	0.001	52.4
Query_1	1396_CP020803.1	29.703	101	69	2	37	135	2029835	2029533	0.016	48.9
Query_1	1396_CP020803.1	24.126	286	176	11	26	301	151397	152161	0.023	48.1
Query_1	1396_CP020803.1	24.126	286	176	11	26	301	308222	307458	0.023	48.1
Query_1	1396_CP020803.1	30.233	86	56	3	35	116	3403185	3402928	1.3	42.7
Query_1	1396_CP020803.1	31.193	109	65	3	37	136	2923375	2923052	2.0	42.0
Query_1	1396_MTAT01000017.1	99.344	305	2	0	1	305	170863	171777	0.0	629
Query_1	1396_MTAT01000017.1	23.256	258	165	9	36	285	363020	363718	0.001	52.4
Query_1	1396_MQTJ01000011.1	99.344	305	2	0	1	305	144283	145197	0.0	629
Query_1	1396_MUAU01000042.1	99.344	305	2	0	1	305	18732	19646	0.0	629
Query_1	1396_CP014486.1	99.344	305	2	0	1	305	3170505	3169591	0.0	629
Query_1	1396_CP014486.1	23.934	305	177	6	3	304	1028752	1029510	8.04e-12	77.4
Query_1	1396_CP014486.1	23.179	302	177	8	5	303	4203814	4204563	6.88e-09	68.6
Query_1	1396_CP014486.1	26.897	290	177	11	19	301	2609247	2610032	7.07e-08	65.5
Query_1	1396_CP014486.1	24.000	275	180	6	14	284	4748118	4748867	2.08e-07	63.9
Query_1	1396_CP014486.1	24.399	291	181	11	32	305	2272654	2273460	3.04e-07	63.5
Query_1	1396_CP014486.1	21.528	288	166	9	33	302	4635570	4636307	1.26e-04	55.5
Query_1	1396_CP014486.1	23.256	258	165	9	36	285	2986825	2986127	0.001	52.4
Query_1	1396_CP014486.1	29.703	101	69	2	37	135	1675571	1675269	0.017	48.9
Query_1	1396_CP014486.1	30.233	86	56	3	35	116	4618769	4618512	1.3	42.7
Query_1	1396_MNKZ01000470.1	99.344	305	2	0	1	305	3138	2224	0.0	629
Query_1	1396_MIFG01000042.1	99.344	305	2	0	1	305	127222	126308	0.0	629
Query_1	1396_MIFP01000004.1	99.344	305	2	0	1	305	36225	37139	0.0	629
Query_1	1396_MIFP01000004.1	22.878	271	174	10	23	285	181468	182199	0.008	49.7
Query_1	1396_MIFP01000004.1	24.126	286	176	11	26	301	16353	17117	0.023	48.1
Query_1	1396_LZOD01000066.1	99.344	305	2	0	1	305	8846	7932	0.0	629
Query_1	1396_MLYK01000002.1	99.344	305	2	0	1	305	26295	27209	0.0	629
Query_1	1396_LZRB01000032.1	99.344	305	2	0	1	305	184746	183832	0.0	629
Query_1	1396_LZRB01000032.1	23.256	258	165	9	36	285	42377	41679	0.001	52.4
Query_1	1396_LZRB01000032.1	24.126	286	176	11	26	301	204613	203849	0.022	48.5
Query_1	1396_LEBX01000048.1	99.344	305	2	0	1	305	19677	20591	0.0	629
Query_1	1396_LJKH01000035.1	99.344	305	2	0	1	305	11283	10369	0.0	629
Query_1	1396_LJKH01000035.1	24.126	286	176	11	26	301	31641	30877	0.023	48.1
Query_1	1396_LJKC01000002.1	99.344	305	2	0	1	305	225239	226153	0.0	629
Query_1	1396_LJKC01000002.1	24.221	289	178	11	23	301	205021	205794	0.009	49.7
Query_1	1396_LJKI01000064.1	99.344	305	2	0	1	305	146128	147042	0.0	629
Query_1	1396_LJKI01000064.1	23.256	258	165	9	36	285	316953	317651	0.001	52.4
Query_1	1396_LOMO01000090.1	99.344	305	2	0	1	305	68728	69642	0.0	629
Query_1	1396_LOMO01000090.1	24.221	289	178	11	23	301	48471	49244	0.009	49.7
Query_1	1396_LRRP01000326.1	99.344	305	2	0	1	305	3846	4760	0.0	629
Query_1	1396_CP011145.1	99.344	305	2	0	1	305	1863041	1863955	0.0	629
Query_1	1396_CP011145.1	24.092	303	175	6	5	304	4101950	4101198	2.62e-11	75.9
Query_1	1396_CP011145.1	23.179	302	177	8	5	303	821543	820794	6.88e-09	68.6
Query_1	1396_CP011145.1	27.241	290	176	11	19	301	2428959	2428174	1.62e-08	67.4
Query_1	1396_CP011145.1	24.000	275	180	6	14	284	4830933	4831682	2.08e-07	63.9
Query_1	1396_CP011145.1	24.399	291	181	11	32	305	2874042	2873236	5.48e-07	62.8
Query_1	1396_CP011145.1	22.115	312	182	10	10	302	419310	418501	4.47e-05	56.6
Query_1	1396_CP011145.1	23.256	258	165	9	36	285	2047266	2047964	0.001	52.8
Query_1	1396_CP011145.1	29.703	101	69	2	37	135	3463354	3463656	0.017	48.9
Query_1	1396_CP011145.1	30.233	86	56	3	35	116	436058	436315	1.3	42.7
Query_1	1396_CP011145.1	31.193	109	65	3	37	136	3319254	3319577	2.0	42.0
Query_1	1396_LABI01000009.1	99.344	305	2	0	1	305	48804	49718	0.0	629
Query_1	1396_LABI01000009.1	27.241	290	176	11	19	301	565914	565129	1.60e-08	67.4
Query_1	1396_LABI01000009.1	23.256	258	165	9	36	285	191204	191902	0.001	52.4
Query_1	1396_JYPK01000357.1	99.344	305	2	0	1	305	5304	4390	0.0	629
Query_1	1396_LABH01000021.1	99.344	305	2	0	1	305	74919	74005	0.0	629
Query_1	1396_LABH01000021.1	24.126	286	176	11	26	301	94791	94027	0.023	48.1
Query_1	1396_JYFW01000008.1	99.344	305	2	0	1	305	423621	424535	0.0	629
Query_1	1396_JYFW01000008.1	24.126	286	176	11	26	301	403749	404513	0.023	48.1
Query_1	1396_JXDH01000146.1	99.344	305	2	0	1	305	21856	22770	0.0	629
Query_1	1396_JXDH01000146.1	24.126	286	176	11	26	301	1554	2318	0.008	49.7
Query_1	1409_DPNW01000219.1	99.344	305	2	0	1	305	9195	8281	0.0	629
Query_1	1409_DPER01000028.1	99.344	305	2	0	1	305	3622	4536	0.0	629
Query_1	1428_WWJQ01000081.1	99.344	305	2	0	1	305	16967	17881	0.0	629
Query_1	1428_WJCI01000009.1	99.344	305	2	0	1	305	191731	190817	0.0	629
Query_1	1428_WJCI01000009.1	22.878	271	174	10	23	285	47729	46998	0.004	50.8
Query_1	1428_CP042270.1	99.344	305	2	0	1	305	4324033	4323119	0.0	629
Query_1	1428_CP042270.1	23.279	305	179	6	3	304	2211314	2212072	1.53e-10	73.6
Query_1	1428_CP042270.1	23.179	302	177	8	5	303	120872	121621	6.88e-09	68.6
Query_1	1428_CP042270.1	27.241	290	176	11	19	301	3788045	3788830	9.04e-09	68.2
Query_1	1428_CP042270.1	24.000	275	180	6	14	284	631215	631964	2.08e-07	63.9
Query_1	1428_CP042270.1	24.000	300	169	12	32	304	3403056	3403859	7.29e-06	59.3
Query_1	1428_CP042270.1	21.875	288	165	9	33	302	519112	519849	9.31e-05	55.8
Query_1	1428_CP042270.1	23.256	258	165	9	36	285	4170542	4169844	0.001	52.4
Query_1	1428_CP042270.1	29.703	101	69	2	37	135	2824561	2824259	0.018	48.5
Query_1	1428_CP042270.1	30.233	86	56	3	35	116	502213	501956	1.3	42.7
Query_1	1428_SEIU01000028.1	99.344	305	2	0	1	305	23728	22814	0.0	629
Query_1	1428_CP021436.1	99.344	305	2	0	1	305	3409284	3408370	0.0	629
Query_1	1428_CP021436.1	23.279	305	179	6	3	304	1096884	1097642	3.39e-10	72.4
Query_1	1428_CP021436.1	27.241	290	176	11	19	301	2813315	2814100	4.28e-09	68.9
Query_1	1428_CP021436.1	23.179	302	177	8	5	303	4489221	4489970	6.88e-09	68.6
Query_1	1428_CP021436.1	24.000	275	180	6	14	284	5030367	5031116	2.08e-07	63.9
Query_1	1428_CP021436.1	24.000	300	169	12	32	304	2368963	2369766	7.29e-06	59.3
Query_1	1428_CP021436.1	21.875	288	165	9	33	302	4909726	4910463	9.31e-05	55.8
Query_1	1428_CP021436.1	23.256	258	165	9	36	285	3224576	3223878	0.001	52.0
Query_1	1428_CP021436.1	29.703	101	69	2	37	135	1759956	1759654	0.016	48.9
Query_1	1428_CP021436.1	30.233	86	56	3	35	116	4892845	4892588	1.3	42.7
Query_1	1428_CP017577.1	99.344	305	2	0	1	305	2059066	2058152	0.0	629
Query_1	1428_CP017577.1	23.934	305	177	6	3	304	5235928	5236686	8.04e-12	77.4
Query_1	1428_CP017577.1	23.179	302	177	8	5	303	3082927	3083676	3.73e-09	69.3
Query_1	1428_CP017577.1	26.897	290	177	11	19	301	1482055	1482840	7.07e-08	65.5
Query_1	1428_CP017577.1	24.000	275	180	6	14	284	3598174	3598923	2.08e-07	63.9
Query_1	1428_CP017577.1	24.000	275	180	6	14	284	3608174	3608923	2.08e-07	63.9
Query_1	1428_CP017577.1	22.115	312	182	10	10	302	3487843	3488652	4.47e-05	56.6
Query_1	1428_CP017577.1	23.256	258	165	9	36	285	1859019	1858321	0.001	52.4
Query_1	1428_CP017577.1	29.703	101	69	2	37	135	494159	493857	0.018	48.5
Query_1	1428_CP017577.1	30.233	86	56	3	35	116	3465343	3465086	1.3	42.7
Query_1	1428_LXLH01000033.1	99.344	305	2	0	1	305	68157	67243	0.0	629
Query_1	1428_LXLH01000033.1	24.126	286	176	11	26	301	88024	87260	0.023	48.1
Query_1	1428_LILG01000029.1	99.344	305	2	0	1	305	15185	14271	0.0	629
Query_1	1396_UAPY01000006.1	99.016	305	3	0	1	305	261728	260814	0.0	628
Query_1	1396_UAPY01000006.1	23.643	258	164	9	36	285	75623	74925	9.84e-07	62.0
Query_1	1396_NJQF01000004.1	99.016	305	3	0	1	305	183129	182215	0.0	628
Query_1	1396_NJQF01000004.1	22.878	271	174	10	23	285	48528	47797	0.004	50.8
Query_1	1396_NJQF01000004.1	24.221	289	178	11	23	301	202571	201798	0.009	49.7
Query_1	1396_NJQE01000016.1	99.016	305	3	0	1	305	164027	164941	0.0	628
Query_1	1396_NJQE01000016.1	22.878	271	174	10	23	285	298630	299361	0.004	50.8
Query_1	1396_NJQE01000016.1	24.221	289	178	11	23	301	144585	145358	0.009	49.7
Query_1	1396_NJQN01000007.1	99.016	305	3	0	1	305	164027	164941	0.0	628
Query_1	1396_NJQN01000007.1	22.878	271	174	10	23	285	298631	299362	0.004	50.8
Query_1	1396_NJQN01000007.1	24.221	289	178	11	23	301	144585	145358	0.009	49.7
Query_1	1396_NJQQ01000019.1	99.016	305	3	0	1	305	164027	164941	0.0	628
Query_1	1396_NJQQ01000019.1	22.878	271	174	10	23	285	298630	299361	0.004	50.8
Query_1	1396_NJQQ01000019.1	24.221	289	178	11	23	301	144585	145358	0.009	49.7
Query_1	1396_NJQP01000017.1	99.016	305	3	0	1	305	164027	164941	0.0	628
Query_1	1396_NJQP01000017.1	22.878	271	174	10	23	285	298630	299361	0.004	50.8
Query_1	1396_NJQP01000017.1	24.221	289	178	11	23	301	144585	145358	0.009	49.7
Query_1	1396_NJQR01000008.1	99.016	305	3	0	1	305	164027	164941	0.0	628
Query_1	1396_NJQR01000008.1	22.878	271	174	10	23	285	298630	299361	0.004	50.8
Query_1	1396_NJQR01000008.1	24.221	289	178	11	23	301	144585	145358	0.009	49.7
Query_1	1396_NJQM01000002.1	99.016	305	3	0	1	305	183131	182217	0.0	628
Query_1	1396_NJQM01000002.1	22.878	271	174	10	23	285	48528	47797	0.004	50.8
Query_1	1396_NJQM01000002.1	24.221	289	178	11	23	301	202573	201800	0.009	49.7
Query_1	1396_NJQL01000015.1	99.016	305	3	0	1	305	164027	164941	0.0	628
Query_1	1396_NJQL01000015.1	22.878	271	174	10	23	285	298630	299361	0.004	50.8
Query_1	1396_NJQL01000015.1	24.221	289	178	11	23	301	144585	145358	0.009	49.7
Query_1	1396_VEIG01000005.1	99.016	305	3	0	1	305	215686	216600	0.0	628
Query_1	1396_VEIG01000005.1	22.878	271	174	10	23	285	350308	351039	0.004	50.8
Query_1	1396_VEIG01000005.1	24.221	289	178	11	23	301	196256	197029	0.009	49.7
Query_1	1396_VEPQ01000001.1	99.016	305	3	0	1	305	509111	510025	0.0	628
Query_1	1396_VEPQ01000001.1	25.172	290	182	9	19	301	1030393	1029608	3.91e-05	57.0
Query_1	1396_VEPQ01000001.1	22.878	271	174	10	23	285	647470	648201	0.004	50.8
Query_1	1396_NMYH01000943.1	99.016	305	3	0	1	305	14700	13786	0.0	628
Query_1	1396_NMYH01001356.1	99.016	305	3	0	1	305	99012	98098	0.0	628
Query_1	1396_NMYH01001536.1	99.016	305	3	0	1	305	174310	175224	0.0	628
Query_1	1396_NMYS01001384.1	99.344	305	2	0	1	305	1079	165	0.0	628
Query_1	1396_NUPV01000009.1	99.016	305	3	0	1	305	182901	181987	0.0	628
Query_1	1396_NUPV01000009.1	22.878	271	174	10	23	285	48240	47509	0.004	50.8
Query_1	1396_NUPV01000009.1	24.221	289	178	11	23	301	202331	201558	0.009	49.7
Query_1	1396_NUNB01000030.1	99.016	305	3	0	1	305	112319	111405	0.0	628
Query_1	1396_NUOZ01000004.1	99.016	305	3	0	1	305	183038	182124	0.0	628
Query_1	1396_NUOZ01000004.1	22.878	271	174	10	23	285	48378	47647	0.004	50.8
Query_1	1396_NUOZ01000004.1	24.221	289	178	11	23	301	202468	201695	0.009	49.7
Query_1	1396_NUNM01000166.1	99.016	305	3	0	1	305	12629	11715	0.0	628
Query_1	1396_NUNM01000166.1	24.221	289	178	11	23	301	32059	31286	0.009	49.7
Query_1	1396_NUOR01000003.1	99.016	305	3	0	1	305	127101	126187	0.0	628
Query_1	1396_NULU01000041.1	99.016	305	3	0	1	305	146392	147306	0.0	628
Query_1	1396_NULU01000041.1	24.221	289	178	11	23	301	126978	127751	0.009	49.7
Query_1	1396_NUIH01000037.1	99.016	305	3	0	1	305	163152	164066	0.0	628
Query_1	1396_NUIH01000037.1	24.221	289	178	11	23	301	143722	144495	0.009	49.7
Query_1	1396_NUJN01000034.1	99.016	305	3	0	1	305	90059	90973	0.0	628
Query_1	1396_NUJN01000034.1	22.878	271	174	10	23	285	224701	225432	0.004	50.8
Query_1	1396_NUJN01000034.1	24.221	289	178	11	23	301	70644	71417	0.009	49.7
Query_1	1396_NUJJ01000023.1	99.016	305	3	0	1	305	164042	164956	0.0	628
Query_1	1396_NUJJ01000023.1	22.878	271	174	10	23	285	298705	299436	0.004	50.8
Query_1	1396_NUJJ01000023.1	24.221	289	178	11	23	301	144612	145385	0.009	49.7
Query_1	1396_NUIW01000002.1	99.016	305	3	0	1	305	163146	164060	0.0	628
Query_1	1396_NUIW01000002.1	24.221	289	178	11	23	301	143716	144489	0.009	49.7
Query_1	1396_NUIE01000016.1	99.016	305	3	0	1	305	127101	126187	0.0	628
Query_1	1396_NUIE01000016.1	24.221	289	178	11	23	301	146531	145758	0.009	49.7
Query_1	1396_NUIC01000005.1	99.016	305	3	0	1	305	178204	177290	0.0	628
Query_1	1396_NUIC01000005.1	23.256	258	165	9	36	285	41034	40336	0.003	51.2
Query_1	1396_NVDQ01000026.1	99.016	305	3	0	1	305	513039	513953	0.0	628
Query_1	1396_NVDQ01000026.1	22.878	271	174	10	23	285	647681	648412	0.004	50.8
Query_1	1396_NVDQ01000026.1	24.221	289	178	11	23	301	493600	494373	0.009	49.7
Query_1	1396_NVDO01000054.1	99.016	305	3	0	1	305	136574	137488	0.0	628
Query_1	1396_NVDO01000054.1	24.221	289	178	11	23	301	117132	117905	0.009	49.7
Query_1	1396_NVCW01000029.1	99.016	305	3	0	1	305	135779	134865	0.0	628
Query_1	1396_NVCW01000029.1	22.878	271	174	10	23	285	1137	406	0.004	50.8
Query_1	1396_NVCW01000029.1	24.221	289	178	11	23	301	155228	154455	0.009	49.7
Query_1	1396_NUZO01000089.1	99.016	305	3	0	1	305	17577	18491	0.0	628
Query_1	1396_NUZI01000002.1	99.016	305	3	0	1	305	163831	162917	0.0	628
Query_1	1396_NUZI01000002.1	24.221	289	178	11	23	301	183261	182488	0.009	49.7
Query_1	1396_NUYM01000022.1	99.016	305	3	0	1	305	20234	21148	0.0	628
Query_1	1396_NUYM01000022.1	22.878	271	174	10	23	285	154410	155141	0.004	50.8
Query_1	1396_NUYM01000022.1	24.221	289	178	11	23	301	798	1571	0.009	49.7
Query_1	1396_NUVI01000042.1	99.016	305	3	0	1	305	29154	30068	0.0	628
Query_1	1396_NUVI01000042.1	22.878	271	174	10	23	285	163815	164546	0.004	50.8
Query_1	1396_NUVI01000042.1	24.221	289	178	11	23	301	9724	10497	0.009	49.7
Query_1	1396_NUYE01000014.1	99.016	305	3	0	1	305	183063	182149	0.0	628
Query_1	1396_NUYE01000014.1	22.878	271	174	10	23	285	48406	47675	0.004	50.8
Query_1	1396_NUXR01000014.1	99.016	305	3	0	1	305	208291	209205	0.0	628
Query_1	1396_NUXR01000014.1	22.878	271	174	10	23	285	342973	343704	0.004	50.8
Query_1	1396_NUXR01000014.1	24.221	289	178	11	23	301	188849	189622	0.009	49.7
Query_1	1396_NUWT01000040.1	99.016	305	3	0	1	305	163152	164066	0.0	628
Query_1	1396_NUWT01000040.1	24.221	289	178	11	23	301	143722	144495	0.009	49.7
Query_1	1396_NTSN01000012.1	99.016	305	3	0	1	305	164042	164956	0.0	628
Query_1	1396_NTSN01000012.1	24.221	289	178	11	23	301	144612	145385	0.009	49.7
Query_1	1396_NTXG01000010.1	99.016	305	3	0	1	305	127082	126168	0.0	628
Query_1	1396_NTXG01000010.1	24.221	289	178	11	23	301	146512	145739	0.009	49.7
Query_1	1396_NTXA01000003.1	99.016	305	3	0	1	305	76960	77874	0.0	628
Query_1	1396_NTXA01000003.1	24.221	289	178	11	23	301	57530	58303	0.009	49.7
Query_1	1396_NTWO01000042.1	99.016	305	3	0	1	305	163995	164909	0.0	628
Query_1	1396_NTWO01000042.1	22.878	271	174	10	23	285	298677	299408	0.004	50.8
Query_1	1396_NTWO01000042.1	24.221	289	178	11	23	301	144553	145326	0.009	49.7
Query_1	1396_NTWM01000004.1	99.016	305	3	0	1	305	185973	185059	0.0	628
Query_1	1396_NTWM01000004.1	22.878	271	174	10	23	285	47615	46884	0.004	50.8
Query_1	1396_NTVY01000006.1	99.016	305	3	0	1	305	163179	164093	0.0	628
Query_1	1396_NTVY01000006.1	22.878	271	174	10	23	285	297821	298552	0.004	50.8
Query_1	1396_NTVY01000006.1	24.221	289	178	11	23	301	143749	144522	0.009	49.7
Query_1	1396_NTUX01000001.1	99.016	305	3	0	1	305	15832	14918	0.0	628
Query_1	1396_NTUX01000001.1	24.221	289	178	11	23	301	35262	34489	0.009	49.7
Query_1	1396_NTTH01000232.1	99.016	305	3	0	1	305	5758	4844	0.0	628
Query_1	1396_NTRL01000011.1	99.016	305	3	0	1	305	162962	163876	0.0	628
Query_1	1396_NTRL01000011.1	22.878	271	174	10	23	285	297604	298335	0.004	50.8
Query_1	1396_NTRL01000011.1	24.221	289	178	11	23	301	143532	144305	0.009	49.7
Query_1	1396_NTRB01000019.1	99.016	305	3	0	1	305	183288	182374	0.0	628
Query_1	1396_NTRB01000019.1	22.878	271	174	10	23	285	48648	47917	0.004	50.8
Query_1	1396_NTRB01000019.1	24.221	289	178	11	23	301	202652	201879	0.009	49.7
Query_1	1396_NTQX01000001.1	99.016	305	3	0	1	305	163152	164066	0.0	628
Query_1	1396_NTQX01000001.1	24.221	289	178	11	23	301	143722	144495	0.009	49.7
Query_1	1396_NTQQ01000085.1	99.016	305	3	0	1	305	17989	17075	0.0	628
Query_1	1396_NTQL01000052.1	99.016	305	3	0	1	305	127082	126168	0.0	628
Query_1	1396_NTQL01000052.1	24.221	289	178	11	23	301	146512	145739	0.009	49.7
Query_1	1396_NTSW01000036.1	99.016	305	3	0	1	305	208210	209124	0.0	628
Query_1	1396_NTSW01000036.1	24.221	289	178	11	23	301	188768	189541	0.009	49.7
Query_1	1396_NTSX01000043.1	99.016	305	3	0	1	305	163795	164709	0.0	628
Query_1	1396_NTSX01000043.1	24.221	289	178	11	23	301	144365	145138	0.009	49.7
Query_1	1396_NTZZ01000022.1	99.016	305	3	0	1	305	78991	79905	0.0	628
Query_1	1396_NTZZ01000022.1	24.221	289	178	11	23	301	59561	60334	0.009	49.7
Query_1	1396_NTYJ01000040.1	99.016	305	3	0	1	305	40025	39111	0.0	628
Query_1	1396_NTYJ01000040.1	24.221	289	178	11	23	301	59467	58694	0.009	49.7
Query_1	1396_NTXV01000016.1	99.016	305	3	0	1	305	2760	1846	0.0	628
Query_1	1396_NTXV01000016.1	24.221	289	178	11	23	301	22190	21417	0.009	49.7
Query_1	1396_NTYS01000142.1	99.016	305	3	0	1	305	20387	19473	0.0	628
Query_1	1396_NTYP01000043.1	99.016	305	3	0	1	305	111598	112512	0.0	628
Query_1	1396_NTXN01000012.1	99.016	305	3	0	1	305	23832	24746	0.0	628
Query_1	1396_NTXN01000012.1	22.878	271	174	10	23	285	158477	159208	0.004	50.8
Query_1	1396_NTXN01000012.1	24.221	289	178	11	23	301	4402	5175	0.009	49.7
Query_1	1396_NVMR01000051.1	99.016	305	3	0	1	305	119141	118227	0.0	628
Query_1	1396_NVLA01000009.1	99.016	305	3	0	1	305	205041	205955	0.0	628
Query_1	1396_NVLA01000009.1	23.256	258	165	9	36	285	342455	343153	0.003	51.2
Query_1	1396_NVNC01000047.1	99.016	305	3	0	1	305	170908	171822	0.0	628
Query_1	1396_NVNC01000047.1	22.878	271	174	10	23	285	305590	306321	0.004	50.8
Query_1	1396_NVNC01000047.1	24.221	289	178	11	23	301	151466	152239	0.009	49.7
Query_1	1396_NVMM01000020.1	99.016	305	3	0	1	305	182861	181947	0.0	628
Query_1	1396_NVMM01000020.1	22.878	271	174	10	23	285	48219	47488	0.004	50.8
Query_1	1396_NVMM01000020.1	24.221	289	178	11	23	301	202291	201518	0.009	49.7
Query_1	1396_NVMB01000017.1	99.016	305	3	0	1	305	163179	164093	0.0	628
Query_1	1396_NVMB01000017.1	24.221	289	178	11	23	301	143749	144522	0.009	49.7
Query_1	1396_NVMJ01000037.1	99.016	305	3	0	1	305	183066	182152	0.0	628
Query_1	1396_NVMJ01000037.1	22.878	271	174	10	23	285	48406	47675	0.004	50.8
Query_1	1396_NVMJ01000037.1	24.221	289	178	11	23	301	202496	201723	0.009	49.7
Query_1	1396_NHTY01000046.1	99.016	305	3	0	1	305	20386	19472	0.0	628
Query_1	1396_NHTY01000046.1	24.221	289	178	11	23	301	39816	39043	0.009	49.7
Query_1	1396_MUAO01000040.1	99.016	305	3	0	1	305	21440	20526	0.0	628
Query_1	1396_MUAP01000060.1	99.016	305	3	0	1	305	19786	18872	0.0	628
Query_1	1396_CP011155.1	99.344	305	2	0	1	305	3246893	3245979	0.0	628
Query_1	1396_CP011155.1	24.561	285	174	8	14	294	2991136	2991879	1.59e-11	76.3
Query_1	1396_CP011155.1	23.934	305	177	6	3	304	1005298	1006056	4.30e-11	75.1
Query_1	1396_CP011155.1	23.179	302	177	8	5	303	4332896	4333645	8.80e-09	68.2
Query_1	1396_CP011155.1	26.573	286	175	11	23	301	2650419	2651192	4.18e-07	63.2
Query_1	1396_CP011155.1	25.090	279	172	8	14	284	4848275	4849024	1.34e-05	58.5
Query_1	1396_CP011155.1	22.045	313	183	10	10	303	4742685	4743497	3.51e-05	57.0
Query_1	1396_CP011155.1	23.256	258	165	9	36	285	3067708	3067010	0.002	51.6
Query_1	1396_CP011155.1	30.693	101	68	2	37	135	1623331	1623029	0.006	50.1
Query_1	1396_CP011155.1	24.126	286	176	11	26	301	3275521	3274757	0.023	48.1
Query_1	1396_CP011155.1	30.233	86	56	3	35	116	4720741	4720484	1.3	42.7
Query_1	1396_LJKJ01000065.1	99.016	305	3	0	1	305	96387	97301	0.0	628
Query_1	1396_ASPZ01000032.1	99.016	305	3	0	1	305	21785	22699	0.0	628
Query_1	1396_ASPZ01000032.1	23.256	258	165	9	36	285	188104	188802	0.001	52.4
Query_1	1428_NKAU01000006.1	99.016	305	3	0	1	305	164027	164941	0.0	628
Query_1	1428_NKAU01000006.1	22.878	271	174	10	23	285	298630	299361	0.004	50.8
Query_1	1428_NKAU01000006.1	24.221	289	178	11	23	301	144585	145358	0.009	49.7
Query_1	1428_WJDA01000003.1	99.016	305	3	0	1	305	181331	180417	0.0	628
Query_1	1428_WJDA01000003.1	22.878	271	174	10	23	285	42236	41505	0.004	50.8
Query_1	1428_WJCZ01000047.1	99.344	305	2	0	1	305	42225	41311	0.0	628
Query_1	1428_WJCP01000015.1	99.016	305	3	0	1	305	13090	14004	0.0	628
Query_1	1428_WJCQ01000010.1	99.016	305	3	0	1	305	89889	88975	0.0	628
Query_1	1428_WJCO01000014.1	99.016	305	3	0	1	305	13090	14004	0.0	628
Query_1	1396_CP031778.1	99.344	305	2	0	1	305	3020533	3019619	0.0	628
Query_1	1396_CP031778.1	23.934	305	177	6	3	304	963995	964753	1.36e-11	76.6
Query_1	1396_CP031778.1	23.179	302	177	8	5	303	4072096	4072845	8.80e-09	68.2
Query_1	1396_CP031778.1	25.532	282	167	9	14	284	4573397	4574146	2.30e-07	63.9
Query_1	1396_CP031778.1	22.491	289	164	9	33	303	4471853	4472593	4.33e-06	59.7
Query_1	1396_CP031778.1	22.761	268	178	8	23	285	2889616	2888885	5.98e-06	59.3
Query_1	1396_CP031778.1	25.517	290	181	9	19	301	2535143	2535928	9.13e-06	58.9
Query_1	1396_CP031778.1	24.252	301	169	12	32	305	2152484	2153290	1.34e-05	58.5
Query_1	1396_CP031778.1	30.233	86	56	3	35	116	4456234	4455977	1.3	42.7
Query_1	1428_WJDS01000007.1	99.344	305	2	0	1	305	95267	96181	0.0	628
Query_1	1428_CP022345.1	99.344	305	2	0	1	305	1676673	1677587	0.0	628
Query_1	1428_CP022345.1	23.934	305	177	6	3	304	3832691	3831933	1.36e-11	76.6
Query_1	1428_CP022345.1	23.179	302	177	8	5	303	664632	663883	8.80e-09	68.2
Query_1	1428_CP022345.1	25.532	282	167	9	14	284	158016	157267	2.52e-07	63.5
Query_1	1428_CP022345.1	22.491	289	164	9	33	303	265805	265065	4.33e-06	59.7
Query_1	1428_CP022345.1	22.761	268	178	8	23	285	1811248	1811979	5.98e-06	59.3
Query_1	1428_CP022345.1	25.517	290	181	9	19	301	2184420	2183635	9.55e-06	58.9
Query_1	1428_CP022345.1	24.252	301	169	12	32	305	2616783	2615977	1.34e-05	58.5
Query_1	1428_CP022345.1	30.233	86	56	3	35	116	281424	281681	1.3	42.7
Query_1	1396_VEPR01000002.1	99.016	305	3	0	1	305	283462	284376	0.0	627
Query_1	1396_PKRK01000017.1	99.016	305	3	0	1	305	26107	25193	0.0	627
Query_1	1396_NBNG01000022.1	99.016	305	3	0	1	305	84223	85137	0.0	627
Query_1	1428_NUPB01000148.1	99.016	305	3	0	1	305	18374	17460	0.0	627
Query_1	1428_NTTO01000093.1	99.016	305	3	0	1	305	20704	21618	0.0	627
Query_1	1428_NVMU01000069.1	99.016	305	3	0	1	305	78347	79261	0.0	627
Query_1	1396_FWYT01000124.1	99.016	305	3	0	1	305	88096	89010	0.0	627
Query_1	1396_JAAAWR010000006.1	98.689	305	4	0	1	305	171949	171035	0.0	627
Query_1	1396_JAAAWR010000006.1	23.256	258	165	9	36	285	44396	43698	8.64e-04	52.8
Query_1	1396_CP028009.1	99.016	305	3	0	1	305	4426499	4427413	0.0	627
Query_1	1396_CP028009.1	23.607	305	178	6	3	304	925798	925040	1.33e-10	73.6
Query_1	1396_CP028009.1	23.179	302	177	8	5	303	3253965	3253216	8.80e-09	68.2
Query_1	1396_CP028009.1	25.532	282	167	9	14	284	2748964	2748215	2.52e-07	63.5
Query_1	1396_CP028009.1	25.517	290	181	9	19	301	5055364	5054579	6.55e-06	59.3
Query_1	1396_CP028009.1	22.222	288	164	9	33	302	2854562	2853825	1.54e-05	58.2
Query_1	1396_CP028009.1	23.256	258	165	9	36	285	4595835	4596533	0.001	52.0
Query_1	1396_CP028009.1	30.233	86	56	3	35	116	2870184	2870441	1.3	42.7
Query_1	1396_CP027920.1	99.016	305	3	0	1	305	3594534	3593620	0.0	627
Query_1	1396_CP027920.1	23.607	305	178	6	3	304	1149299	1150057	1.33e-10	73.6
Query_1	1396_CP027920.1	23.179	302	177	8	5	303	4767066	4767815	8.80e-09	68.2
Query_1	1396_CP027920.1	25.532	282	167	9	14	284	5273293	5274042	2.52e-07	63.5
Query_1	1396_CP027920.1	25.517	290	181	9	19	301	2965672	2966457	6.55e-06	59.3
Query_1	1396_CP027920.1	22.222	288	164	9	33	302	5167696	5168433	1.54e-05	58.2
Query_1	1396_CP027920.1	23.256	258	165	9	36	285	3425198	3424500	0.001	52.0
Query_1	1396_CP027920.1	30.233	86	56	3	35	116	5152074	5151817	1.3	42.7
Query_1	1396_CP040342.1	98.689	305	4	0	1	305	3332019	3332933	0.0	627
Query_1	1396_CP040342.1	23.934	305	177	6	3	304	146979	146221	3.81e-11	75.1
Query_1	1396_CP040342.1	23.179	302	177	8	5	303	2241842	2241093	7.47e-09	68.2
Query_1	1396_CP040342.1	24.000	275	180	6	14	284	1725360	1724611	2.08e-07	63.9
Query_1	1396_CP040342.1	26.897	290	177	11	19	301	3848492	3847707	1.21e-06	61.6
Query_1	1396_CP040342.1	21.875	288	165	9	33	302	1838244	1837507	8.74e-05	55.8
Query_1	1396_CP040342.1	24.658	292	173	11	23	301	4155714	4154941	5.30e-04	53.5
Query_1	1396_CP040342.1	23.643	258	164	9	36	285	3478128	3478826	6.22e-04	53.1
Query_1	1396_CP040342.1	29.703	101	69	2	37	135	4809950	4810252	0.011	49.3
Query_1	1396_CP040342.1	30.233	86	56	3	35	116	1860337	1860594	1.3	42.7
Query_1	1396_CP040342.1	31.193	109	65	3	37	136	4671394	4671717	1.9	42.4
Query_1	1396_CP040340.1	99.016	305	3	0	1	305	3997009	3996095	0.0	627
Query_1	1396_CP040340.1	24.092	303	175	6	5	304	1708151	1708903	2.62e-11	75.9
Query_1	1396_CP040340.1	23.179	302	177	8	5	303	5049484	5050233	6.88e-09	68.6
Query_1	1396_CP040340.1	27.241	290	176	11	19	301	3406796	3407581	9.04e-09	68.2
Query_1	1396_CP040340.1	24.000	275	180	6	14	284	30321	31070	2.08e-07	63.9
Query_1	1396_CP040340.1	22.115	312	182	10	10	302	5461483	5462292	4.47e-05	56.6
Query_1	1396_CP040340.1	23.256	258	165	9	36	285	3806930	3806232	0.001	52.4
Query_1	1396_CP040340.1	29.703	101	69	2	37	135	2332042	2331740	0.017	48.9
Query_1	1396_CP040340.1	30.233	86	56	3	35	116	5444753	5444496	1.3	42.7
Query_1	1396_CP042929.1	99.016	305	3	0	1	305	3379579	3378665	0.0	627
Query_1	1396_CP042929.1	24.092	303	175	6	5	304	1093097	1093849	2.62e-11	75.9
Query_1	1396_CP042929.1	23.179	302	177	8	5	303	4432195	4432944	6.88e-09	68.6
Query_1	1396_CP042929.1	27.241	290	176	11	19	301	2789349	2790134	9.04e-09	68.2
Query_1	1396_CP042929.1	24.000	275	180	6	14	284	4958612	4959361	2.08e-07	63.9
Query_1	1396_CP042929.1	22.115	312	182	10	10	302	4847613	4848422	4.47e-05	56.6
Query_1	1396_CP042929.1	23.256	258	165	9	36	285	3189494	3188796	0.001	52.4
Query_1	1396_CP042929.1	29.703	101	69	2	37	135	1714316	1714014	0.017	48.9
Query_1	1396_CP042929.1	30.233	86	56	3	35	116	4830883	4830626	1.3	42.7
Query_1	1396_VEGO01000012.1	99.016	305	3	0	1	305	123922	124836	0.0	627
Query_1	1396_VDRL01000003.1	99.016	305	3	0	1	305	509624	510538	0.0	627
Query_1	1396_VDRL01000003.1	22.878	271	174	10	23	285	662913	663644	0.006	50.1
Query_1	1396_SZOG01000040.1	99.016	305	3	0	1	305	14187	15101	0.0	627
Query_1	1396_NUPC01000032.1	99.016	305	3	0	1	305	122800	121886	0.0	627
Query_1	1396_NUPC01000032.1	22.878	271	174	10	23	285	12094	11363	0.004	50.8
Query_1	1396_NUOO01000007.1	99.016	305	3	0	1	305	116506	117420	0.0	627
Query_1	1396_NUOO01000007.1	22.878	271	174	10	23	285	242857	243588	0.004	50.8
Query_1	1396_NUNQ01000001.1	99.016	305	3	0	1	305	321390	320476	0.0	627
Query_1	1396_NUNQ01000001.1	22.878	271	174	10	23	285	195040	194309	0.004	50.8
Query_1	1396_NUPD01000005.1	99.016	305	3	0	1	305	321417	320503	0.0	627
Query_1	1396_NUPD01000005.1	22.878	271	174	10	23	285	195040	194309	0.004	50.8
Query_1	1396_NUOJ01000028.1	99.016	305	3	0	1	305	168384	167470	0.0	627
Query_1	1396_NUOJ01000028.1	23.256	258	165	9	36	285	22261	21563	0.001	52.0
Query_1	1396_NUPX01000037.1	99.016	305	3	0	1	305	19655	20569	0.0	627
Query_1	1396_NUOE01000024.1	99.016	305	3	0	1	305	153731	152817	0.0	627
Query_1	1396_NUOE01000024.1	22.878	271	174	10	23	285	43115	42384	0.004	50.8
Query_1	1396_NUNJ01000041.1	99.016	305	3	0	1	305	14535	13621	0.0	627
Query_1	1396_NUMV01000032.1	99.016	305	3	0	1	305	78163	79077	0.0	627
Query_1	1396_NUMT01000018.1	99.016	305	3	0	1	305	218942	219856	0.0	627
Query_1	1396_NUMU01000022.1	99.016	305	3	0	1	305	204756	205670	0.0	627
Query_1	1396_NUMO01000341.1	99.016	305	3	0	1	305	15106	16020	0.0	627
Query_1	1396_NULK01000014.1	99.016	305	3	0	1	305	195919	195005	0.0	627
Query_1	1396_NULK01000014.1	22.878	271	174	10	23	285	47633	46902	0.004	50.8
Query_1	1396_NULF01000013.1	99.016	305	3	0	1	305	78163	79077	0.0	627
Query_1	1396_NUJP01000065.1	99.016	305	3	0	1	305	78163	79077	0.0	627
Query_1	1396_NUJB01000016.1	99.016	305	3	0	1	305	321389	320475	0.0	627
Query_1	1396_NUJB01000016.1	22.878	271	174	10	23	285	195039	194308	0.004	50.8
Query_1	1396_NUKS01000009.1	99.016	305	3	0	1	305	229033	229947	0.0	627
Query_1	1396_NUKM01000034.1	99.016	305	3	0	1	305	19609	20523	0.0	627
Query_1	1396_NUKL01000016.1	99.016	305	3	0	1	305	165981	165067	0.0	627
Query_1	1396_NUKL01000016.1	22.878	271	174	10	23	285	3594	2863	0.004	50.8
Query_1	1396_NUKB01000002.1	99.016	305	3	0	1	305	411464	412378	0.0	627
Query_1	1396_NUKB01000002.1	22.878	271	174	10	23	285	573707	574438	0.004	50.8
Query_1	1396_NUJZ01000006.1	99.016	305	3	0	1	305	662393	661479	0.0	627
Query_1	1396_NUJZ01000006.1	25.517	290	181	9	19	301	153655	154440	7.83e-06	58.9
Query_1	1396_NUJZ01000006.1	22.878	271	174	10	23	285	536070	535339	0.004	50.8
Query_1	1396_NUJL01000025.1	99.016	305	3	0	1	305	64084	63170	0.0	627
Query_1	1396_NUJH01000060.1	99.016	305	3	0	1	305	8821	7907	0.0	627
Query_1	1396_NUGN01000003.1	99.016	305	3	0	1	305	321363	320449	0.0	627
Query_1	1396_NUGN01000003.1	22.878	271	174	10	23	285	195040	194309	0.004	50.8
Query_1	1396_NUGH01000023.1	99.016	305	3	0	1	305	36543	37457	0.0	627
Query_1	1396_NUGH01000023.1	23.875	289	179	11	23	301	16280	17053	0.16	45.8
Query_1	1396_NUHB01000015.1	99.016	305	3	0	1	305	321330	320416	0.0	627
Query_1	1396_NUHB01000015.1	22.878	271	174	10	23	285	195040	194309	0.004	50.8
Query_1	1396_NUHA01000075.1	99.016	305	3	0	1	305	19500	20414	0.0	627
Query_1	1396_NUFR01000057.1	99.016	305	3	0	1	305	19546	20460	0.0	627
Query_1	1396_NVJP01000021.1	99.016	305	3	0	1	305	201320	202234	0.0	627
Query_1	1396_NVJP01000021.1	22.878	271	174	10	23	285	363717	364448	0.004	50.8
Query_1	1396_NVDC01000025.1	99.016	305	3	0	1	305	304965	304051	0.0	627
Query_1	1396_NVDC01000025.1	22.878	271	174	10	23	285	190938	190207	0.003	50.8
Query_1	1396_NVCG01000025.1	98.689	305	4	0	1	305	117178	118092	0.0	627
Query_1	1396_NVCG01000025.1	24.221	289	178	11	23	301	97736	98509	0.009	49.7
Query_1	1396_NVCH01000073.1	99.016	305	3	0	1	305	155391	154477	0.0	627
Query_1	1396_NVCH01000073.1	22.878	271	174	10	23	285	6823	6092	0.004	50.8
Query_1	1396_NVAR01000011.1	99.016	305	3	0	1	305	86137	85223	0.0	627
Query_1	1396_NVAM01000016.1	99.016	305	3	0	1	305	233458	234372	0.0	627
Query_1	1396_NUZV01000020.1	99.016	305	3	0	1	305	19801	20715	0.0	627
Query_1	1396_NUZV01000020.1	23.256	258	165	9	36	285	189894	190592	0.001	52.0
Query_1	1396_NUZM01000004.1	99.016	305	3	0	1	305	204768	205682	0.0	627
Query_1	1396_NUZK01000006.1	99.016	305	3	0	1	305	99730	98816	0.0	627
Query_1	1396_NUWM01000005.1	99.016	305	3	0	1	305	200555	201469	0.0	627
Query_1	1396_NUWF01000032.1	99.016	305	3	0	1	305	19500	20414	0.0	627
Query_1	1396_NUWF01000032.1	23.256	258	165	9	36	285	189529	190227	0.001	52.0
Query_1	1396_NUYA01000049.1	99.016	305	3	0	1	305	34062	34976	0.0	627
Query_1	1396_NUXG01000006.1	99.016	305	3	0	1	305	411445	412359	0.0	627
Query_1	1396_NUXG01000006.1	22.878	271	174	10	23	285	573706	574437	0.004	50.8
Query_1	1396_NUXF01000023.1	99.016	305	3	0	1	305	111621	110707	0.0	627
Query_1	1396_NUWV01000017.1	99.016	305	3	0	1	305	143691	144605	0.0	627
Query_1	1396_NUWV01000017.1	24.126	286	176	11	26	301	123430	124194	0.023	48.1
Query_1	1396_NUVV01000004.1	99.016	305	3	0	1	305	409446	410360	0.0	627
Query_1	1396_NUVB01000174.1	99.016	305	3	0	1	305	17533	18447	0.0	627
Query_1	1396_NUYD01000018.1	99.016	305	3	0	1	305	34101	35015	0.0	627
Query_1	1396_NUVC01000025.1	99.016	305	3	0	1	305	14175	15089	0.0	627
Query_1	1396_NUUV01000018.1	99.016	305	3	0	1	305	135422	134508	0.0	627
Query_1	1396_NTSA01000047.1	99.016	305	3	0	1	305	15106	16020	0.0	627
Query_1	1396_NTST01000075.1	99.016	305	3	0	1	305	8821	7907	0.0	627
Query_1	1396_NTXJ01000050.1	99.016	305	3	0	1	305	34062	34976	0.0	627
Query_1	1396_NTWL01000001.1	99.016	305	3	0	1	305	201309	202223	0.0	627
Query_1	1396_NTWL01000001.1	22.878	271	174	10	23	285	363695	364426	0.004	50.8
Query_1	1396_NTUQ01000054.1	99.016	305	3	0	1	305	34062	34976	0.0	627
Query_1	1396_NTTI01000013.1	99.016	305	3	0	1	305	34208	35122	0.0	627
Query_1	1396_NTWA01000255.1	99.016	305	3	0	1	305	8821	7907	0.0	627
Query_1	1396_NTVX01000017.1	99.016	305	3	0	1	305	79325	80239	0.0	627
Query_1	1396_NTVX01000017.1	23.256	258	165	9	36	285	232829	233527	0.001	52.0
Query_1	1396_NTUK01000269.1	99.016	305	3	0	1	305	15106	16020	0.0	627
Query_1	1396_NTTS01000012.1	99.016	305	3	0	1	305	148504	147590	0.0	627
Query_1	1396_NTTL01000001.1	99.016	305	3	0	1	305	202418	201504	0.0	627
Query_1	1396_NTTL01000001.1	22.878	271	174	10	23	285	40032	39301	0.004	50.8
Query_1	1396_NTRH01000146.1	99.016	305	3	0	1	305	15106	16020	0.0	627
Query_1	1396_NTRG01000006.1	99.016	305	3	0	1	305	116501	117415	0.0	627
Query_1	1396_NTRG01000006.1	22.878	271	174	10	23	285	242851	243582	0.004	50.8
Query_1	1396_NTQZ01000014.1	99.016	305	3	0	1	305	230166	231080	0.0	627
Query_1	1396_NTQS01000013.1	99.016	305	3	0	1	305	127477	126563	0.0	627
Query_1	1396_NTQS01000013.1	22.878	271	174	10	23	285	1147	416	0.004	50.8
Query_1	1396_NTQH01000023.1	99.016	305	3	0	1	305	181393	182307	0.0	627
Query_1	1396_NTTB01000010.1	99.016	305	3	0	1	305	204266	205180	0.0	627
Query_1	1396_NTTA01000066.1	99.016	305	3	0	1	305	19591	20505	0.0	627
Query_1	1396_NTZS01000017.1	99.016	305	3	0	1	305	8802	7888	0.0	627
Query_1	1396_NTZM01000252.1	99.016	305	3	0	1	305	15106	16020	0.0	627
Query_1	1396_NTYK01000001.1	99.016	305	3	0	1	305	206419	207333	0.0	627
Query_1	1396_NTYK01000001.1	22.878	271	174	10	23	285	332755	333486	0.004	50.8
Query_1	1396_NTXW01000003.1	99.016	305	3	0	1	305	102020	101106	0.0	627
Query_1	1396_NTZL01000026.1	99.016	305	3	0	1	305	64090	63176	0.0	627
Query_1	1396_NTZR01000002.1	99.016	305	3	0	1	305	36543	37457	0.0	627
Query_1	1396_NTZR01000002.1	23.875	289	179	11	23	301	16280	17053	0.16	45.8
Query_1	1396_NTZJ01000002.1	99.016	305	3	0	1	305	86205	85291	0.0	627
Query_1	1396_NTYZ01000010.1	99.016	305	3	0	1	305	321390	320476	0.0	627
Query_1	1396_NTYZ01000010.1	22.878	271	174	10	23	285	195040	194309	0.004	50.8
Query_1	1396_NTYC01000038.1	99.016	305	3	0	1	305	118014	117100	0.0	627
Query_1	1396_NTYC01000038.1	23.875	289	179	11	23	301	138277	137504	0.16	45.8
Query_1	1396_NTXZ01000022.1	99.016	305	3	0	1	305	8952	8038	0.0	627
Query_1	1396_NTXY01000021.1	99.016	305	3	0	1	305	202038	202952	0.0	627
Query_1	1396_NTXS01000015.1	98.689	305	4	0	1	305	208293	209207	0.0	627
Query_1	1396_NTXS01000015.1	22.878	271	174	10	23	285	342972	343703	0.004	50.8
Query_1	1396_NTXS01000015.1	24.221	289	178	11	23	301	188851	189624	0.009	49.7
Query_1	1396_NTVT01000036.1	99.016	305	3	0	1	305	25541	24627	0.0	627
Query_1	1396_NTVF01000030.1	99.016	305	3	0	1	305	9026	8112	0.0	627
Query_1	1396_NTVR01000036.1	99.016	305	3	0	1	305	19357	20271	0.0	627
Query_1	1396_NTVE01000002.1	99.016	305	3	0	1	305	34058	34972	0.0	627
Query_1	1396_NVNM01000169.1	99.016	305	3	0	1	305	8822	7908	0.0	627
Query_1	1396_NVLL01000006.1	99.016	305	3	0	1	305	118186	117272	0.0	627
Query_1	1396_NVLG01000027.1	99.016	305	3	0	1	305	116929	117843	0.0	627
Query_1	1396_NVKT01000003.1	99.016	305	3	0	1	305	106394	107308	0.0	627
Query_1	1396_NVKT01000003.1	22.868	258	166	9	36	285	250319	251017	0.002	51.6
Query_1	1396_NVKM01000007.1	99.016	305	3	0	1	305	207944	208858	0.0	627
Query_1	1396_NVKM01000007.1	23.875	289	179	11	23	301	187681	188454	0.16	45.8
Query_1	1396_NVKP01000059.1	99.016	305	3	0	1	305	19365	20279	0.0	627
Query_1	1396_NHVI01000021.1	99.016	305	3	0	1	305	91680	90766	0.0	627
Query_1	1396_NHVI01000021.1	24.126	286	176	11	26	301	111570	110806	0.023	48.1
Query_1	1396_MLKE01000004.1	99.016	305	3	0	1	305	38914	38000	0.0	627
Query_1	1396_MLKE01000004.1	24.126	286	176	11	26	301	58786	58022	0.023	48.1
Query_1	1396_LZPN01000002.1	99.016	305	3	0	1	305	120397	119483	0.0	627
Query_1	1396_LOBE01000132.1	99.016	305	3	0	1	305	18089	17175	0.0	627
Query_1	1396_LOQD01000203.1	99.016	305	3	0	1	305	4518	3604	0.0	627
Query_1	1396_JYPI01000050.1	99.016	305	3	0	1	305	124608	125522	0.0	627
Query_1	1396_JYPI01000050.1	22.878	271	174	10	23	285	266900	267631	0.004	50.8
Query_1	1396_KN321910.1	99.016	305	3	0	1	305	126880	125966	0.0	627
Query_1	1396_KN321910.1	23.875	289	179	11	23	301	147143	146370	0.16	45.8
Query_1	1428_WJCK01000022.1	99.016	305	3	0	1	305	59726	58812	0.0	627
Query_1	1428_VDZK01000003.1	99.016	305	3	0	1	305	285977	285063	0.0	627
Query_1	1428_VDZK01000003.1	23.183	289	180	11	23	296	121396	120611	0.004	50.4
Query_1	1428_NHNS01000010.1	99.016	305	3	0	1	305	110798	109884	0.0	627
Query_1	1428_NHNS01000010.1	24.126	286	176	11	26	301	130688	129924	0.023	48.1
Query_1	1428_NHNN01000006.1	99.016	305	3	0	1	305	110798	109884	0.0	627
Query_1	1428_NHNN01000006.1	24.126	286	176	11	26	301	130688	129924	0.023	48.1
Query_1	1428_NTGL01000006.1	99.016	305	3	0	1	305	123323	122409	0.0	627
Query_1	1428_NUOS01000011.1	99.016	305	3	0	1	305	297107	296193	0.0	627
Query_1	1428_NUOS01000011.1	22.868	258	166	9	36	285	149386	148688	0.002	51.6
Query_1	1428_NUNW01000028.1	99.016	305	3	0	1	305	14138	15052	0.0	627
Query_1	1428_NUNW01000028.1	22.868	258	166	9	36	285	162751	163449	0.002	51.6
Query_1	1428_NUNV01000026.1	99.016	305	3	0	1	305	59560	58646	0.0	627
Query_1	1428_NUNR01000033.1	99.016	305	3	0	1	305	59665	58751	0.0	627
Query_1	1428_NUMA01000054.1	99.016	305	3	0	1	305	59661	58747	0.0	627
Query_1	1428_NULM01000044.1	99.016	305	3	0	1	305	36243	37157	0.0	627
Query_1	1428_NUJT01000016.1	99.016	305	3	0	1	305	59966	59052	0.0	627
Query_1	1428_NUGL01000027.1	99.016	305	3	0	1	305	36227	37141	0.0	627
Query_1	1428_NUGL01000027.1	22.868	258	166	9	36	285	175050	175748	0.002	51.6
Query_1	1428_NUFW01000004.1	99.016	305	3	0	1	305	227296	228210	0.0	627
Query_1	1428_NVME01000034.1	99.016	305	3	0	1	305	59662	58748	0.0	627
Query_1	1428_NVEL01000012.1	99.016	305	3	0	1	305	14120	15034	0.0	627
Query_1	1428_NVEL01000012.1	22.868	258	166	9	36	285	163388	164086	0.002	51.6
Query_1	1428_NVEO01000006.1	99.016	305	3	0	1	305	83661	84575	0.0	627
Query_1	1428_NVGY01000041.1	99.016	305	3	0	1	305	18378	19292	0.0	627
Query_1	1428_NVBH01000003.1	99.016	305	3	0	1	305	36227	37141	0.0	627
Query_1	1428_NVBH01000003.1	22.868	258	166	9	36	285	175054	175752	0.002	51.6
Query_1	1428_NUXE01000030.1	99.016	305	3	0	1	305	36225	37139	0.0	627
Query_1	1428_NUWA01000014.1	99.016	305	3	0	1	305	36224	37138	0.0	627
Query_1	1428_NUYP01000019.1	99.016	305	3	0	1	305	36213	37127	0.0	627
Query_1	1428_NUVF01000024.1	99.016	305	3	0	1	305	83508	82594	0.0	627
Query_1	1428_NTVW01000016.1	99.016	305	3	0	1	305	59664	58750	0.0	627
Query_1	1428_NTTJ01000006.1	99.016	305	3	0	1	305	196460	195546	0.0	627
Query_1	1428_NTTJ01000006.1	22.868	258	166	9	36	285	47145	46447	0.002	51.6
Query_1	1428_NTSB01000015.1	99.016	305	3	0	1	305	36100	37014	0.0	627
Query_1	1428_NVKG01000002.1	99.016	305	3	0	1	305	138150	137236	0.0	627
Query_1	1428_CP019230.1	99.016	305	3	0	1	305	2659340	2658426	0.0	627
Query_1	1428_CP019230.1	23.432	303	177	6	3	302	507659	508411	4.94e-10	72.0
Query_1	1428_CP019230.1	23.179	302	177	8	5	303	3731186	3731935	8.80e-09	68.2
Query_1	1428_CP019230.1	25.532	282	167	9	14	284	4229679	4230428	2.52e-07	63.5
Query_1	1428_CP019230.1	22.491	289	164	9	33	303	4125595	4126335	4.33e-06	59.7
Query_1	1428_CP019230.1	25.517	290	181	9	19	301	2142362	2143147	1.64e-05	58.2
Query_1	1428_CP019230.1	23.891	293	180	11	32	305	1759928	1760734	1.67e-05	58.2
Query_1	1428_CP019230.1	22.878	271	174	10	23	285	2515516	2514785	0.004	50.8
Query_1	1428_CP019230.1	30.233	86	56	3	35	116	4110018	4109761	1.3	42.7
Query_1	1396_UFSU01000001.1	99.016	305	3	0	1	305	369937	369023	0.0	626
Query_1	1396_UFSU01000001.1	23.279	305	179	6	3	304	3638528	3639286	4.00e-10	72.0
Query_1	1396_UFSU01000001.1	23.179	302	177	8	5	303	1502473	1503222	1.51e-08	67.4
Query_1	1396_UFSU01000001.1	25.532	282	167	9	14	284	2021483	2022232	2.52e-07	63.5
Query_1	1396_UFSU01000001.1	23.920	301	170	12	32	305	4820858	4821664	1.61e-05	58.2
Query_1	1396_UFSU01000001.1	25.175	286	179	9	23	301	5283356	5284129	3.24e-05	57.0
Query_1	1396_UFSU01000001.1	22.045	313	183	10	10	303	1915414	1916226	5.54e-05	56.6
Query_1	1396_UFSU01000001.1	22.868	258	166	9	36	285	251162	250464	0.003	51.2
Query_1	1396_UFSU01000001.1	24.221	289	178	11	23	301	390305	389532	0.016	48.9
Query_1	1396_UFSU01000001.1	28.713	101	70	2	37	135	4256885	4256583	0.043	47.4
Query_1	1396_UFSU01000001.1	30.233	86	56	3	35	116	1899134	1898877	1.3	42.7
Query_1	1396_VEBY01000004.1	99.016	305	3	0	1	305	120353	121267	0.0	626
Query_1	1396_VEBY01000004.1	24.126	286	176	11	26	301	99985	100749	0.023	48.1
Query_1	1396_VEBY01000004.1	22.481	258	167	9	36	285	266137	266835	0.11	46.2
Query_1	1396_CP029468.1	99.016	305	3	0	1	305	3202386	3201472	0.0	626
Query_1	1396_CP029468.1	23.432	303	177	6	3	302	1071019	1071771	4.94e-10	72.0
Query_1	1396_CP029468.1	23.179	302	177	8	5	303	4232681	4233430	8.80e-09	68.2
Query_1	1396_CP029468.1	24.000	275	180	6	14	284	4752745	4753494	2.08e-07	63.9
Query_1	1396_CP029468.1	26.897	290	177	11	19	301	2675954	2676739	1.21e-06	61.6
Query_1	1396_CP029468.1	21.875	288	165	9	33	302	4642440	4643177	9.91e-05	55.8
Query_1	1396_CP029468.1	22.878	271	174	10	23	285	3043218	3042487	0.008	49.7
Query_1	1396_CP029468.1	29.703	101	69	2	37	135	1698638	1698336	0.017	48.9
Query_1	1396_CP029468.1	24.126	286	176	11	26	301	3222739	3221975	0.023	48.1
Query_1	1396_CP029468.1	30.233	86	56	3	35	116	4617979	4617722	1.3	42.7
Query_1	1396_CP029468.1	31.193	109	65	3	37	136	1836696	1836373	2.0	42.0
Query_1	1396_SZNZ01000407.1	98.689	305	4	0	1	305	1938	2852	0.0	626
Query_1	1396_SZOB01000122.1	98.689	305	4	0	1	305	14219	15133	0.0	626
Query_1	1396_SZNV01000378.1	99.016	305	3	0	1	305	8847	9761	0.0	626
Query_1	1396_CP030982.1	98.689	305	4	0	1	305	3162523	3161609	0.0	626
Query_1	1396_CP030982.1	23.607	305	178	6	3	304	964870	965628	1.24e-10	73.6
Query_1	1396_CP030982.1	26.241	282	165	9	14	284	4769101	4769850	2.14e-07	63.9
Query_1	1396_CP030982.1	25.517	290	181	9	19	301	2651193	2651978	9.64e-06	58.9
Query_1	1396_CP030982.1	28.571	133	89	3	5	134	4246878	4247267	1.99e-05	57.8
Query_1	1396_CP030982.1	22.115	312	182	10	10	302	4654112	4654921	5.16e-05	56.6
Query_1	1396_CP030982.1	23.256	258	165	9	36	285	3020246	3019548	0.001	52.4
Query_1	1396_CP030982.1	28.713	101	70	2	37	135	1595682	1595380	0.11	46.2
Query_1	1396_CP030982.1	26.957	115	73	4	6	116	4629705	4629382	1.00	43.1
Query_1	1396_NULQ01000003.1	99.016	305	3	0	1	305	232365	233279	0.0	626
Query_1	1396_NULQ01000003.1	22.878	271	174	10	23	285	380183	380914	0.004	50.8
Query_1	1396_NUIM01000004.1	99.016	305	3	0	1	305	404627	405541	0.0	626
Query_1	1396_NUIM01000004.1	23.256	258	165	9	36	285	542233	542931	0.001	52.4
Query_1	1396_NUIM01000004.1	24.126	286	176	11	26	301	384752	385516	0.023	48.1
Query_1	1396_NVAO01000011.1	99.016	305	3	0	1	305	115080	115994	0.0	626
Query_1	1396_NVAO01000011.1	22.878	271	174	10	23	285	253456	254187	0.004	50.8
Query_1	1396_NUVN01000001.1	99.016	305	3	0	1	305	88063	87149	0.0	626
Query_1	1396_NTSU01000003.1	99.016	305	3	0	1	305	506763	507677	0.0	626
Query_1	1396_NTSU01000003.1	22.878	271	174	10	23	285	654563	655294	0.004	50.8
Query_1	1396_NTWI01000028.1	99.016	305	3	0	1	305	120278	121192	0.0	626
Query_1	1396_NTWI01000028.1	24.126	286	176	11	26	301	99910	100674	0.023	48.1
Query_1	1396_DJAX01000026.1	99.016	305	3	0	1	305	97240	96326	0.0	626
Query_1	1396_DJAX01000026.1	24.126	286	176	11	26	301	117599	116835	0.023	48.1
Query_1	1396_CP016315.1	99.016	305	3	0	1	305	3227168	3226254	0.0	626
Query_1	1396_CP016315.1	23.432	303	177	6	3	302	1077297	1078049	4.94e-10	72.0
Query_1	1396_CP016315.1	23.179	302	177	8	5	303	4257039	4257788	7.47e-09	68.2
Query_1	1396_CP016315.1	26.897	290	177	11	19	301	2687138	2687923	1.13e-07	64.7
Query_1	1396_CP016315.1	24.000	275	180	6	14	284	4779887	4780636	2.08e-07	63.9
Query_1	1396_CP016315.1	21.875	288	165	9	33	302	4669581	4670318	9.91e-05	55.8
Query_1	1396_CP016315.1	22.878	271	174	10	23	285	3061248	3060517	0.006	50.1
Query_1	1396_CP016315.1	29.703	101	69	2	37	135	1702211	1701909	0.017	48.9
Query_1	1396_CP016315.1	24.126	286	176	11	26	301	3247521	3246757	0.023	48.1
Query_1	1396_CP016315.1	30.233	86	56	3	35	116	4645120	4644863	1.3	42.7
Query_1	1396_CP016315.1	31.193	109	65	3	37	136	1841321	1840998	2.0	42.0
Query_1	1396_MIFI01000094.1	99.016	305	3	0	1	305	12612	11698	0.0	626
Query_1	1396_MAID01000178.1	99.016	305	3	0	1	305	17559	18473	0.0	626
Query_1	1396_CP009686.1	99.016	305	3	0	1	305	3235007	3234093	0.0	626
Query_1	1396_CP009686.1	23.279	305	179	6	3	304	1006372	1007130	2.83e-10	72.8
Query_1	1396_CP009686.1	23.179	302	177	8	5	303	4266640	4267389	7.47e-09	68.2
Query_1	1396_CP009686.1	25.887	282	166	9	14	284	4777787	4778536	1.93e-07	63.9
Query_1	1396_CP009686.1	26.552	290	178	11	19	301	2720390	2721175	5.53e-07	62.8
Query_1	1396_CP009686.1	21.875	288	165	9	33	302	4665814	4666551	8.74e-05	55.8
Query_1	1396_CP009686.1	23.247	271	173	10	23	285	3102701	3101970	0.001	52.4
Query_1	1396_CP009686.1	24.126	286	176	10	26	301	3255265	3254501	0.020	48.5
Query_1	1396_CP009686.1	29.703	101	69	2	37	135	1657907	1657605	0.029	48.1
Query_1	1396_CP009686.1	30.233	86	56	3	35	116	4649940	4649683	1.2	42.7
Query_1	1396_CP009686.1	31.193	109	65	3	37	136	1868754	1868431	1.9	42.4
Query_1	1396_CP015727.1	99.016	305	3	0	1	305	2452811	2451897	0.0	626
Query_1	1396_CP015727.1	23.607	305	178	6	3	304	364317	365075	1.72e-10	73.2
Query_1	1396_CP015727.1	23.179	302	177	8	5	303	3589707	3590456	8.80e-09	68.2
Query_1	1396_CP015727.1	25.532	282	167	9	14	284	4094412	4095161	2.52e-07	63.5
Query_1	1396_CP015727.1	24.252	301	169	12	32	305	1555887	1556693	7.03e-06	59.3
Query_1	1396_CP015727.1	22.222	288	164	9	33	302	3987200	3987937	1.24e-05	58.5
Query_1	1396_CP015727.1	25.172	290	182	9	19	301	1935501	1936286	3.57e-05	57.0
Query_1	1396_CP015727.1	22.878	271	174	10	23	285	2308893	2308162	0.004	50.8
Query_1	1396_CP015727.1	25.256	293	170	12	23	301	2472570	2471797	0.004	50.4
Query_1	1396_CP015727.1	28.713	101	70	2	37	135	978638	978336	0.043	47.4
Query_1	1396_CP015727.1	30.233	86	56	3	35	116	3971626	3971369	1.3	42.7
Query_1	1396_AZNI01000001.1	99.016	305	3	0	1	305	204212	203298	0.0	626
Query_1	1396_AZNI01000001.1	22.878	271	174	10	23	285	45043	44312	0.008	49.7
Query_1	1396_AZNI01000001.1	24.126	286	176	11	26	301	224565	223801	0.023	48.1
Query_1	1428_FNYB01000004.1	98.689	305	4	0	1	305	181841	180927	0.0	626
Query_1	1428_FNYB01000004.1	23.256	258	165	9	36	285	40852	40154	0.001	52.4
Query_1	1428_WJCT01000004.1	98.689	305	4	0	1	305	182618	181704	0.0	626
Query_1	1428_WJCT01000004.1	23.256	258	165	9	36	285	40902	40204	0.001	52.4
Query_1	1428_WJCJ01000003.1	99.016	305	3	0	1	305	308624	307710	0.0	626
Query_1	1428_WJCJ01000003.1	22.868	258	166	9	36	285	169917	169219	0.007	50.1
Query_1	1428_VEBE01000002.1	99.016	305	3	0	1	305	188493	187579	0.0	626
Query_1	1428_VEBE01000002.1	24.221	289	178	11	23	301	208795	208022	0.003	51.2
Query_1	1428_VEBE01000002.1	22.868	258	166	9	36	285	46129	45431	0.004	50.8
Query_1	1428_VDNA01000001.1	99.016	305	3	0	1	305	572795	571881	0.0	626
Query_1	1428_VDNA01000001.1	25.517	290	181	9	19	301	80223	81008	1.14e-05	58.5
Query_1	1428_VDNA01000001.1	22.878	271	174	10	23	285	456398	455667	0.002	51.2
Query_1	1428_SJQG01000004.1	98.689	305	4	0	1	305	297981	297067	0.0	626
Query_1	1428_SJQG01000004.1	22.780	259	165	10	36	285	158275	157577	0.003	50.8
Query_1	1428_NVBZ01000097.1	98.689	305	4	0	1	305	36360	37274	0.0	626
Query_1	1428_NTXR01000034.1	98.689	305	4	0	1	305	59086	60000	0.0	626
Query_1	1396_FWZE01000052.1	99.016	305	3	0	1	305	96035	95121	0.0	626
Query_1	1396_FWYY01000044.1	99.016	305	3	0	1	305	121035	121949	0.0	626
Query_1	1396_VEIQ01000003.1	98.689	305	4	0	1	305	197652	196738	0.0	626
Query_1	1396_VEIQ01000003.1	23.247	271	173	10	23	285	45901	45170	0.001	52.4
Query_1	1396_VEIQ01000003.1	24.221	289	178	11	23	301	217954	217181	0.009	49.7
Query_1	1396_SZOJ01000276.1	98.689	305	4	0	1	305	8908	7994	0.0	626
Query_1	1396_NMYF01000074.1	99.016	305	3	0	1	305	96126	95212	0.0	626
Query_1	1396_NULH01000053.1	99.016	305	3	0	1	305	198332	199246	0.0	626
Query_1	1396_NULH01000053.1	24.126	286	176	11	26	301	178139	178903	0.034	47.8
Query_1	1396_NUGO01000088.1	99.016	305	3	0	1	305	20712	21626	0.0	626
Query_1	1396_NUGO01000088.1	24.126	286	176	11	26	301	519	1283	0.034	47.8
Query_1	1396_NTZU01000028.1	99.016	305	3	0	1	305	15661	14747	0.0	626
Query_1	1396_NTZU01000028.1	24.126	286	176	11	26	301	35889	35125	0.034	47.8
Query_1	1396_NTYU01000057.1	99.016	305	3	0	1	305	47353	48267	0.0	626
Query_1	1396_NTYU01000057.1	24.126	286	176	11	26	301	27125	27889	0.034	47.8
Query_1	1396_NVNK01000056.1	99.016	305	3	0	1	305	72241	71327	0.0	626
Query_1	1396_NVNK01000056.1	24.126	286	176	11	26	301	92422	91658	0.034	47.8
Query_1	1396_NVML01000011.1	99.016	305	3	0	1	305	18505	19419	0.0	626
Query_1	1396_CP016360.1	99.016	305	3	0	1	305	3252488	3251574	0.0	626
Query_1	1396_CP016360.1	22.951	305	180	7	3	304	1000925	1001683	2.01e-09	70.1
Query_1	1396_CP016360.1	23.179	302	177	8	5	303	4338057	4338806	8.80e-09	68.2
Query_1	1396_CP016360.1	27.241	290	176	11	19	301	2705252	2706037	9.04e-09	68.2
Query_1	1396_CP016360.1	24.000	275	180	6	14	284	4889057	4889806	2.08e-07	63.9
Query_1	1396_CP016360.1	24.252	301	169	12	32	305	2298449	2299255	3.07e-06	60.5
Query_1	1396_CP016360.1	22.115	312	182	10	10	302	4777766	4778575	4.47e-05	56.6
Query_1	1396_CP016360.1	23.256	258	165	9	36	285	3103996	3103298	0.001	52.4
Query_1	1396_CP016360.1	29.703	101	69	2	37	135	1636033	1635731	0.017	48.9
Query_1	1396_CP016360.1	30.233	86	56	3	35	116	4761018	4760761	1.3	42.7
Query_1	1396_NINK01000008.1	99.016	305	3	0	1	305	96504	95590	0.0	626
Query_1	1396_LOQB01000109.1	99.016	305	3	0	1	305	18025	18939	0.0	626
Query_1	1396_JYCM01000012.1	98.689	305	4	0	1	305	179979	179065	0.0	626
Query_1	1396_JYCM01000012.1	23.247	271	173	10	23	285	45839	45108	0.001	52.4
Query_1	1396_JYCM01000012.1	24.221	289	178	11	23	301	200284	199511	0.009	49.7
Query_1	1428_MRZW01000092.1	99.016	305	3	0	1	305	96968	96054	0.0	626
Query_1	1428_PYAP01000004.1	98.689	305	4	0	1	305	207654	208568	0.0	626
Query_1	1428_PYAP01000004.1	22.878	271	174	10	23	285	346046	346777	0.003	50.8
Query_1	1428_PYAP01000004.1	24.221	289	178	11	23	301	187388	188161	0.009	49.7
Query_1	1396_FWZJ01000048.1	99.016	305	3	0	1	305	87096	88010	0.0	625
Query_1	1396_SZOF01000246.1	99.016	305	3	0	1	305	8877	7963	0.0	625
Query_1	1396_SZOE01000044.1	99.016	305	3	0	1	305	9019	8105	0.0	625
Query_1	1396_NMYM01000012.1	99.016	305	3	0	1	305	310401	309487	0.0	625
Query_1	1396_NMYM01000012.1	23.643	258	164	9	36	285	191388	190690	6.22e-04	53.1
Query_1	1396_NUHJ01000018.1	99.016	305	3	0	1	305	229880	230794	0.0	625
Query_1	1396_NUGX01000014.1	98.689	305	4	0	1	305	20484	21398	0.0	625
Query_1	1396_NUGX01000014.1	22.878	271	174	10	23	285	137336	138067	0.003	50.8
Query_1	1396_NVBN01000016.1	99.016	305	3	0	1	305	255411	254497	0.0	625
Query_1	1396_NVBN01000016.1	22.868	258	166	9	36	285	115446	114748	0.004	50.8
Query_1	1396_NVBN01000016.1	24.221	289	178	11	23	301	275713	274940	0.009	49.7
Query_1	1396_NVBG01000013.1	98.689	305	4	0	1	305	95621	96535	0.0	625
Query_1	1396_NVBG01000013.1	22.878	271	174	10	23	285	212431	213162	0.003	50.8
Query_1	1396_NUZP01000003.1	98.689	305	4	0	1	305	20195	21109	0.0	625
Query_1	1396_NUZP01000003.1	22.878	271	174	10	23	285	147782	148513	0.003	50.8
Query_1	1396_NUYT01000023.1	98.689	305	4	0	1	305	14974	15888	0.0	625
Query_1	1396_NTVO01000001.1	99.016	305	3	0	1	305	191444	192358	0.0	625
Query_1	1396_MQTH01000008.1	99.016	305	3	0	1	305	92217	91303	0.0	625
Query_1	1396_LZRI01000031.1	99.016	305	3	0	1	305	411459	412373	0.0	625
Query_1	1396_LOMS01000021.1	99.016	305	3	0	1	305	166084	166998	0.0	625
Query_1	1396_JURL01000049.1	99.016	305	3	0	1	305	25660	26574	0.0	625
Query_1	1396_JURK01000057.1	99.016	305	3	0	1	305	162009	161095	0.0	625
Query_1	1396_JURK01000057.1	23.643	258	164	9	36	285	42995	42297	6.21e-04	53.1
Query_1	1396_JURN01000133.1	99.016	305	3	0	1	305	1302	388	0.0	625
Query_1	1428_WJCR01000010.1	99.016	305	3	0	1	305	6329	5415	0.0	625
Query_1	1428_VEIE01000005.1	99.016	305	3	0	1	305	340217	339303	0.0	625
Query_1	1428_VEIE01000005.1	23.256	258	165	9	36	285	180036	179338	0.001	52.4
Query_1	1428_NUPW01000164.1	99.016	305	3	0	1	305	20411	21325	0.0	625
Query_1	1428_NUNK01000031.1	99.016	305	3	0	1	305	16420	17334	0.0	625
Query_1	1428_NUHZ01000022.1	99.016	305	3	0	1	305	179711	180625	0.0	625
Query_1	1428_NUHZ01000022.1	27.586	290	175	11	19	301	646218	645433	1.63e-08	67.4
Query_1	1428_NUHZ01000022.1	23.256	258	165	9	36	285	319215	319913	0.001	52.4
Query_1	1428_NUHZ01000022.1	24.126	286	176	11	26	301	158008	158772	0.023	48.1
Query_1	1428_NUHG01000002.1	99.016	305	3	0	1	305	157310	158224	0.0	625
Query_1	1428_NUHG01000002.1	23.776	286	177	11	26	301	134940	135704	0.25	45.1
Query_1	1428_NVDK01000012.1	99.016	305	3	0	1	305	29547	28633	0.0	625
Query_1	1428_NUUT01000032.1	99.016	305	3	0	1	305	144679	145593	0.0	625
Query_1	1428_NUUT01000032.1	24.126	286	176	11	26	301	122935	123699	0.023	48.1
Query_1	1428_NVKI01000024.1	99.016	305	3	0	1	305	204787	205701	0.0	625
Query_1	1428_NVKI01000024.1	24.126	286	176	11	26	301	183093	183857	0.023	48.1
Query_1	1428_LXLG01000022.1	99.016	305	3	0	1	305	95904	94990	0.0	625
Query_1	1428_LXLF01000016.1	99.016	305	3	0	1	305	95904	94990	0.0	625
Query_1	1396_WBPL01000002.1	98.689	305	4	0	1	305	87103	88017	0.0	625
Query_1	1396_WBPN01000040.1	98.689	305	4	0	1	305	135183	134269	0.0	625
Query_1	1396_WBPN01000040.1	25.517	290	181	9	19	301	527940	527155	9.98e-06	58.9
Query_1	1396_WBPP01000016.1	98.689	305	4	0	1	305	134893	133979	0.0	625
Query_1	1396_NUNO01000002.1	98.689	305	4	0	1	305	204264	203350	0.0	625
Query_1	1396_NUNO01000002.1	22.878	271	174	10	23	285	42003	41272	0.004	50.8
Query_1	1396_NULD01000008.1	98.689	305	4	0	1	305	204263	203349	0.0	625
Query_1	1396_NULD01000008.1	22.878	271	174	10	23	285	42003	41272	0.004	50.8
Query_1	1396_NUHM01000025.1	98.689	305	4	0	1	305	70791	69877	0.0	625
Query_1	1396_NUGF01000042.1	98.689	305	4	0	1	305	19243	20157	0.0	625
Query_1	1396_NVEB01000001.1	98.689	305	4	0	1	305	240956	240042	0.0	625
Query_1	1396_NVEB01000001.1	22.878	271	174	10	23	285	42003	41272	0.004	50.8
Query_1	1396_NVBE01000045.1	98.689	305	4	0	1	305	70542	69628	0.0	625
Query_1	1396_NVBA01000017.1	98.689	305	4	0	1	305	70750	69836	0.0	625
Query_1	1396_NVAQ01000021.1	98.689	305	4	0	1	305	70750	69836	0.0	625
Query_1	1396_NUXP01000014.1	98.689	305	4	0	1	305	217680	218594	0.0	625
Query_1	1396_NUXP01000014.1	22.878	271	174	10	23	285	379941	380672	0.004	50.8
Query_1	1396_NUVA01000001.1	98.689	305	4	0	1	305	415613	416527	0.0	625
Query_1	1396_NTSG01000013.1	98.689	305	4	0	1	305	70750	69836	0.0	625
Query_1	1396_NTXC01000217.1	98.689	305	4	0	1	305	4293	5207	0.0	625
Query_1	1396_NTWP01000004.1	98.689	305	4	0	1	305	400685	401599	0.0	625
Query_1	1396_NTUA01000012.1	98.689	305	4	0	1	305	213522	214436	0.0	625
Query_1	1396_NTYA01000015.1	98.689	305	4	0	1	305	70750	69836	0.0	625
Query_1	1396_NVKF01000007.1	98.689	305	4	0	1	305	204264	203350	0.0	625
Query_1	1396_NVKF01000007.1	22.878	271	174	10	23	285	42003	41272	0.004	50.8
Query_1	1396_NVMI01000012.1	98.689	305	4	0	1	305	204264	203350	0.0	625
Query_1	1396_NVMI01000012.1	22.878	271	174	10	23	285	42003	41272	0.004	50.8
Query_1	1396_MQTI01000114.1	98.689	305	4	0	1	305	16850	17764	0.0	625
Query_1	1396_LZQY01000044.1	98.689	305	4	0	1	305	29579	30493	0.0	625
Query_1	1396_LJJZ01000033.1	98.689	305	4	0	1	305	252833	251919	0.0	625
Query_1	1396_LOQA01000111.1	98.689	305	4	0	1	305	147962	147048	0.0	625
Query_1	1396_LOQA01000111.1	22.878	271	174	10	23	285	1141	410	0.004	50.8
Query_1	1396_LDUP01000051.1	98.689	305	4	0	1	305	68688	69602	0.0	625
Query_1	1428_CP032608.1	98.361	305	5	0	1	305	4393778	4394692	0.0	625
Query_1	1428_CP032608.1	23.607	305	178	6	3	304	1209378	1208620	9.57e-11	73.9
Query_1	1428_CP032608.1	25.887	282	166	9	14	284	2812154	2811405	1.64e-07	64.3
Query_1	1428_CP032608.1	22.442	303	178	8	5	303	3354924	3354175	2.43e-07	63.5
Query_1	1428_CP032608.1	25.517	290	181	9	19	301	4852960	4852175	9.99e-06	58.9
Query_1	1428_CP032608.1	23.667	300	170	12	32	304	5265283	5264480	3.32e-05	57.0
Query_1	1428_CP032608.1	21.818	275	155	9	33	289	2919855	2919157	2.31e-04	54.7
Query_1	1428_CP032608.1	23.166	259	164	10	36	285	4514935	4515633	0.002	52.0
Query_1	1428_CP032608.1	26.957	115	73	4	6	116	2935922	2936245	0.87	43.1
Query_1	1428_QKVU01000493.1	98.361	305	5	0	1	305	12848	11934	0.0	625
Query_1	1428_NHNO01000004.1	98.361	305	5	0	1	305	132459	133373	0.0	625
Query_1	1428_NHNO01000004.1	23.166	259	164	10	36	285	253616	254314	0.002	52.0
Query_1	1428_NUVS01000004.1	98.689	305	4	0	1	305	146314	145400	0.0	625
Query_1	1428_NVKW01000017.1	98.689	305	4	0	1	305	59594	58680	0.0	625
Query_1	1428_CP014282.1	98.361	305	5	0	1	305	3110831	3109917	0.0	625
Query_1	1428_CP014282.1	23.607	305	178	6	3	304	1004572	1005330	9.57e-11	73.9
Query_1	1428_CP014282.1	25.887	282	166	9	14	284	4692152	4692901	1.64e-07	64.3
Query_1	1428_CP014282.1	22.442	303	178	8	5	303	4149523	4150272	2.43e-07	63.5
Query_1	1428_CP014282.1	25.517	290	181	9	19	301	2651703	2652488	9.99e-06	58.9
Query_1	1428_CP014282.1	23.667	300	170	12	32	304	2239536	2240339	3.32e-05	57.0
Query_1	1428_CP014282.1	21.818	275	155	9	33	289	4584463	4585161	2.31e-04	54.7
Query_1	1428_CP014282.1	23.166	259	164	10	36	285	2989684	2988986	0.002	52.0
Query_1	1428_CP014282.1	26.957	115	73	4	6	116	4568396	4568073	0.87	43.1
Query_1	1396_NJPZ01000006.1	98.361	305	5	0	1	305	391569	390655	0.0	625
Query_1	1396_NJPZ01000006.1	23.166	259	164	10	36	285	235419	234721	0.002	52.0
Query_1	1396_VDYX01000001.1	98.689	305	4	0	1	305	1612698	1613612	0.0	625
Query_1	1396_VDYX01000001.1	23.179	302	177	8	5	303	490833	490084	8.80e-09	68.2
Query_1	1396_VDYX01000001.1	25.172	290	182	9	19	301	2143714	2142929	3.91e-05	57.0
Query_1	1396_VDYX01000001.1	21.799	289	166	9	33	303	89422	88682	5.39e-05	56.6
Query_1	1396_VDYX01000001.1	22.878	271	174	10	23	285	1760904	1761635	0.004	50.8
Query_1	1396_VDYX01000001.1	30.233	86	56	3	35	116	105043	105300	1.3	42.7
Query_1	1396_NMYO01001681.1	98.689	305	4	0	1	305	173838	172924	0.0	625
Query_1	1396_NMYO01001681.1	22.878	271	174	10	23	285	25631	24900	0.004	50.8
Query_1	1396_NUPH01000013.1	98.689	305	4	0	1	305	19688	20602	0.0	625
Query_1	1396_NUNX01000001.1	98.689	305	4	0	1	305	204551	203637	0.0	625
Query_1	1396_NUNX01000001.1	22.878	271	174	10	23	285	47549	46818	0.004	50.8
Query_1	1396_NUNZ01000011.1	98.689	305	4	0	1	305	19666	20580	0.0	625
Query_1	1396_NUMY01000005.1	98.689	305	4	0	1	305	213365	214279	0.0	625
Query_1	1396_NUID01000004.1	98.689	305	4	0	1	305	81779	80865	0.0	625
Query_1	1396_NVDB01000009.1	98.689	305	4	0	1	305	195834	194920	0.0	625
Query_1	1396_NVDB01000009.1	22.878	271	174	10	23	285	47627	46896	0.004	50.8
Query_1	1396_NVDT01000008.1	98.689	305	4	0	1	305	211699	212613	0.0	625
Query_1	1396_NVDT01000008.1	22.878	271	174	10	23	285	368350	369081	0.004	50.8
Query_1	1396_NVDA01000036.1	98.689	305	4	0	1	305	8828	7914	0.0	625
Query_1	1396_NVCQ01000001.1	98.689	305	4	0	1	305	114740	115654	0.0	625
Query_1	1396_NVCQ01000001.1	22.878	271	174	10	23	285	271741	272472	0.004	50.8
Query_1	1396_NVAZ01000015.1	98.689	305	4	0	1	305	109114	108200	0.0	625
Query_1	1396_NVAV01000047.1	98.689	305	4	0	1	305	8828	7914	0.0	625
Query_1	1396_NVAG01000011.1	98.689	305	4	0	1	305	105382	104468	0.0	625
Query_1	1396_NUZY01000112.1	98.689	305	4	0	1	305	20600	19686	0.0	625
Query_1	1396_NUYZ01000019.1	98.689	305	4	0	1	305	130433	131347	0.0	625
Query_1	1396_NUWG01000005.1	98.689	305	4	0	1	305	211962	212876	0.0	625
Query_1	1396_NUXM01000009.1	98.689	305	4	0	1	305	95442	94528	0.0	625
Query_1	1396_NUVQ01000007.1	98.689	305	4	0	1	305	109177	108263	0.0	625
Query_1	1396_NTXI01000015.1	98.689	305	4	0	1	305	211702	212616	0.0	625
Query_1	1396_NTWZ01000013.1	98.689	305	4	0	1	305	19482	20396	0.0	625
Query_1	1396_NTVA01000016.1	98.689	305	4	0	1	305	81676	80762	0.0	625
Query_1	1396_NTWB01000048.1	98.689	305	4	0	1	305	27379	28293	0.0	625
Query_1	1396_NTTU01000003.1	98.689	305	4	0	1	305	211622	212536	0.0	625
Query_1	1396_NTQW01000010.1	98.689	305	4	0	1	305	199498	198584	0.0	625
Query_1	1396_NTQW01000010.1	22.878	271	174	10	23	285	47626	46895	0.004	50.8
Query_1	1396_NTQN01000044.1	98.689	305	4	0	1	305	8828	7914	0.0	625
Query_1	1396_NTZV01000015.1	98.689	305	4	0	1	305	211963	212877	0.0	625
Query_1	1396_NTZI01000006.1	98.689	305	4	0	1	305	509103	510017	0.0	625
Query_1	1396_NTYT01000029.1	98.689	305	4	0	1	305	8828	7914	0.0	625
Query_1	1396_NTYR01000013.1	98.689	305	4	0	1	305	509104	510018	0.0	625
Query_1	1396_NTYR01000013.1	22.878	271	174	10	23	285	666075	666806	0.004	50.8
Query_1	1396_NVNQ01000005.1	98.689	305	4	0	1	305	105198	104284	0.0	625
Query_1	1396_NVNI01000027.1	98.689	305	4	0	1	305	211702	212616	0.0	625
Query_1	1396_NVLZ01000013.1	98.689	305	4	0	1	305	213389	214303	0.0	625
Query_1	1396_NVLZ01000013.1	22.878	271	174	10	23	285	406804	407535	0.004	50.8
Query_1	1396_NVLD01000017.1	98.689	305	4	0	1	305	105382	104468	0.0	625
