Query_1	1491_SXEY01000007.1	100.000	419	0	0	2	420	131846	130590	0.0	868
Query_1	1491_SXEQ01000006.1	100.000	419	0	0	2	420	62600	63856	0.0	868
Query_1	1491_SXEM01000009.1	100.000	419	0	0	2	420	131768	130512	0.0	868
Query_1	1491_SXDO01000008.1	100.000	419	0	0	2	420	73845	72589	0.0	868
Query_1	1491_SXCV01000005.1	100.000	419	0	0	2	420	42462	43718	0.0	868
Query_1	1491_SXCT01000015.1	100.000	419	0	0	2	420	6321	5065	0.0	868
Query_1	1491_SXCC01000003.1	100.000	419	0	0	2	420	15839	17095	0.0	868
Query_1	1491_SXBT01000003.1	100.000	419	0	0	2	420	15840	17096	0.0	868
Query_1	1491_SXAQ01000010.1	100.000	419	0	0	2	420	59516	58260	0.0	868
Query_1	1491_SXAP01000002.1	100.000	419	0	0	2	420	238249	236993	0.0	868
Query_1	1491_SXAN01000010.1	100.000	419	0	0	2	420	62052	63308	0.0	868
Query_1	1491_SXFP01000009.1	100.000	419	0	0	2	420	130089	128833	0.0	868
Query_1	1491_SXFI01000008.1	100.000	419	0	0	2	420	59158	57902	0.0	868
Query_1	1491_SXFF01000001.1	100.000	419	0	0	2	420	372844	374100	0.0	868
Query_1	1491_SXFF01000001.1	48.333	360	176	5	68	418	1598948	1597872	4.82e-98	332
Query_1	1491_SXDU01000015.1	100.000	419	0	0	2	420	15840	17096	0.0	868
Query_1	1491_SXCM01000020.1	100.000	419	0	0	2	420	15839	17095	0.0	868
Query_1	1491_SXAA01000004.1	100.000	419	0	0	2	420	62684	63940	0.0	868
Query_1	1491_SWZU01000004.1	100.000	419	0	0	2	420	436815	435559	0.0	868
Query_1	1491_SWZC01000001.1	100.000	419	0	0	2	420	372799	374055	0.0	868
Query_1	1491_SWYN01000017.1	100.000	419	0	0	2	420	59573	58317	0.0	868
Query_1	1491_SWYD01000007.1	100.000	419	0	0	2	420	62636	63892	0.0	868
Query_1	1491_SWYA01000012.1	100.000	419	0	0	2	420	44984	46240	0.0	868
Query_1	1491_SWXU01000006.1	100.000	419	0	0	2	420	131743	130487	0.0	868
Query_1	1491_SWXV01000016.1	100.000	419	0	0	2	420	57750	56494	0.0	868
Query_1	1491_SWXS01000014.1	100.000	419	0	0	2	420	15839	17095	0.0	868
Query_1	1491_SWXP01000006.1	100.000	419	0	0	2	420	62559	63815	0.0	868
Query_1	1491_SWXO01000010.1	100.000	419	0	0	2	420	15839	17095	0.0	868
Query_1	1491_SWWL01000032.1	100.000	419	0	0	2	420	23781	22525	0.0	868
Query_1	1491_SWRF01000011.1	100.000	419	0	0	2	420	59570	58314	0.0	868
Query_1	1491_SWRE01000004.1	100.000	419	0	0	2	420	131821	130565	0.0	868
Query_1	1491_SWRC01000010.1	100.000	419	0	0	2	420	62707	63963	0.0	868
Query_1	1491_SWRB01000004.1	100.000	419	0	0	2	420	131798	130542	0.0	868
Query_1	1491_SWRA01000016.1	100.000	419	0	0	2	420	57876	56620	0.0	868
Query_1	1491_SWQZ01000011.1	100.000	419	0	0	2	420	15839	17095	0.0	868
Query_1	1491_SWPZ01000011.1	100.000	419	0	0	2	420	62712	63968	0.0	868
Query_1	1491_SWPY01000006.1	100.000	419	0	0	2	420	129990	128734	0.0	868
Query_1	1491_SWPU01000006.1	100.000	419	0	0	2	420	236320	235064	0.0	868
Query_1	1491_SWOS01000007.1	100.000	419	0	0	2	420	59509	58253	0.0	868
Query_1	1491_CP046450.1	100.000	419	0	0	2	420	1538912	1537656	0.0	868
Query_1	1491_CP046450.1	48.333	360	176	5	68	418	305911	306987	3.58e-98	332
Query_1	1491_CP028859.1	100.000	419	0	0	2	420	972206	973462	0.0	868
Query_1	1491_CP028859.1	48.333	360	176	5	68	418	2197939	2196863	4.82e-98	332
Query_1	1491_CP028842.1	100.000	419	0	0	2	420	976785	978041	0.0	868
Query_1	1491_CP028842.1	48.333	360	176	5	68	418	2204801	2203725	3.58e-98	332
Query_1	1491_LFPI01000011.1	100.000	419	0	0	2	420	400181	398925	0.0	868
Query_1	1491_LFOZ01000013.1	100.000	419	0	0	2	420	33959	35215	0.0	868
Query_1	1491_LFOY01000001.1	100.000	419	0	0	2	420	378247	376991	0.0	868
Query_1	1491_LFOW01000034.1	100.000	419	0	0	2	420	404931	406187	0.0	868
Query_1	1491_LFOV01000003.1	100.000	419	0	0	2	420	404798	406054	0.0	868
Query_1	1491_LFOU01000002.1	100.000	419	0	0	2	420	123209	124465	0.0	868
Query_1	1491_LFOO01000011.1	100.000	419	0	0	2	420	30195	31451	0.0	868
Query_1	1491_LFRD01000018.1	100.000	419	0	0	2	420	46393	45137	0.0	868
Query_1	1491_LHUL01000004.1	100.000	419	0	0	2	420	477470	478726	0.0	868
Query_1	1491_LGIK01000019.1	100.000	419	0	0	2	420	441194	442450	0.0	868
Query_1	1491_SXEU01000002.1	99.761	419	1	0	2	420	287982	286726	0.0	868
Query_1	1491_SXEN01000006.1	99.761	419	1	0	2	420	53455	54711	0.0	868
Query_1	1491_SXDM01000007.1	99.761	419	1	0	2	420	50191	48935	0.0	868
Query_1	1491_SXDN01000001.1	99.761	419	1	0	2	420	103932	102676	0.0	868
Query_1	1491_SXDV01000004.1	99.761	419	1	0	2	420	269116	267860	0.0	868
Query_1	1491_SXCN01000001.1	99.761	419	1	0	2	420	63373	64629	0.0	868
Query_1	1491_SXCE01000005.1	99.761	419	1	0	2	420	63370	64626	0.0	868
Query_1	1491_SWQJ01000003.1	99.761	419	1	0	2	420	133188	131932	0.0	868
Query_1	1491_SWQI01000004.1	99.761	419	1	0	2	420	61414	62670	0.0	868
Query_1	1491_QRAB01000001.1	99.761	419	1	0	2	420	781651	780395	0.0	868
Query_1	1491_MWJE01000210.1	99.761	419	1	0	2	420	9142	10398	0.0	868
Query_1	1491_MWIZ01000003.1	99.761	419	1	0	2	420	526909	528165	0.0	868
Query_1	1491_CP013705.1	99.761	419	1	0	2	420	3172447	3171191	0.0	868
Query_1	1491_CP013705.1	48.333	360	176	5	68	418	1864222	1865298	3.58e-98	332
Query_1	1491_LFOX01000025.1	99.761	419	1	0	2	420	39291	38035	0.0	868
Query_1	1491_AP014696.1	99.761	419	1	0	2	420	1003984	1005240	0.0	867
Query_1	1491_AP014696.1	48.611	360	175	5	68	418	2209071	2207995	2.53e-98	333
Query_1	1491_SWZB01000018.1	99.523	419	2	0	2	420	60787	59531	0.0	866
Query_1	1491_LNSX01000002.1	99.523	419	2	0	2	420	2710343	2709087	0.0	866
Query_1	1491_LNSX01000002.1	48.333	360	176	5	68	418	1467199	1468275	3.58e-98	332
Query_1	1491_CP013843.1	99.523	419	2	0	2	420	992535	993791	0.0	866
Query_1	1491_CP013843.1	48.333	360	176	5	68	418	2202027	2200951	3.10e-98	332
Query_1	1491_MWJH01000001.1	99.523	419	2	0	2	420	372230	370974	0.0	866
Query_1	1491_LFPP01000001.1	99.523	419	2	0	2	420	8196	6940	0.0	865
Query_1	1491_SGNO01000024.1	99.523	419	2	0	2	420	6303	5047	0.0	865
Query_1	1491_SGKN01000020.1	99.523	419	2	0	2	420	62516	63772	0.0	865
Query_1	1491_SGKL01000042.1	99.523	419	2	0	2	420	6303	5047	0.0	865
Query_1	1491_SGKM01000025.1	99.523	419	2	0	2	420	43043	44299	0.0	865
Query_1	1491_SGKK01000029.1	99.523	419	2	0	2	420	6303	5047	0.0	865
Query_1	1491_LFOT01000029.1	99.523	419	2	0	2	420	6231	4975	0.0	865
Query_1	1491_CP013686.1	99.523	419	2	0	2	420	1408651	1409907	0.0	864
Query_1	1491_CP013686.1	48.333	360	176	5	68	418	2640945	2639869	4.17e-98	332
Query_1	1491_SXEK01000001.1	98.807	419	5	0	2	420	698056	699312	0.0	860
Query_1	1491_SXEK01000001.1	98.807	419	5	0	2	420	73699	72443	0.0	860
Query_1	1491_SXEJ01000001.1	98.807	419	5	0	2	420	136835	135579	0.0	860
Query_1	1491_SXCB01000001.1	98.807	419	5	0	2	420	393292	394548	0.0	860
Query_1	1491_SXBM01000015.1	98.807	419	5	0	2	420	45254	43998	0.0	860
Query_1	1491_SWZR01000007.1	98.807	419	5	0	2	420	68699	67443	0.0	860
Query_1	1491_SWZS01000001.1	98.807	419	5	0	2	420	273243	271987	0.0	860
Query_1	1491_SXFE01000001.1	98.807	419	5	0	2	420	227608	228864	0.0	860
Query_1	1491_SXCH01000001.1	98.807	419	5	0	2	420	68437	67181	0.0	860
Query_1	1491_SXCJ01000001.1	98.807	419	5	0	2	420	225913	227169	0.0	860
Query_1	1491_SWZW01000014.1	98.807	419	5	0	2	420	50786	52042	0.0	860
Query_1	1491_SWZV01000002.1	98.807	419	5	0	2	420	350942	352198	0.0	860
Query_1	1491_SWZI01000013.1	98.807	419	5	0	2	420	73692	72436	0.0	860
Query_1	1491_SWYM01000001.1	98.807	419	5	0	2	420	273997	275253	0.0	860
Query_1	1491_SWYL01000008.1	98.807	419	5	0	2	420	62036	60780	0.0	860
Query_1	1491_SWYK01000002.1	98.807	419	5	0	2	420	68610	67354	0.0	860
Query_1	1491_SWXY01000002.1	98.807	419	5	0	2	420	302209	303465	0.0	860
Query_1	1491_SWWM01000030.1	98.807	419	5	0	2	420	35140	36396	0.0	860
Query_1	1491_SWQH01000002.1	98.807	419	5	0	2	420	76801	78057	0.0	860
Query_1	1491_SWQG01000001.1	98.807	419	5	0	2	420	62118	60862	0.0	860
Query_1	1491_SWPR01000005.1	98.807	419	5	0	2	420	62122	60866	0.0	860
Query_1	1491_SWPF01000013.1	98.807	419	5	0	2	420	30449	31705	0.0	860
Query_1	1491_SWOE01000007.1	98.807	419	5	0	2	420	135306	134050	0.0	860
Query_1	1491_SWOA01000002.1	98.807	419	5	0	2	420	445660	446916	0.0	860
Query_1	1491_SWNX01000001.1	98.807	419	5	0	2	420	68687	67431	0.0	860
Query_1	1491_SWNU01000010.1	98.807	419	5	0	2	420	17387	18643	0.0	860
Query_1	1491_SWNK01000002.1	98.807	419	5	0	2	420	373706	372450	0.0	860
Query_1	1491_SCKF01000013.1	98.807	419	5	0	2	420	10857	12113	0.0	860
Query_1	1491_POTJ01000031.1	98.807	419	5	0	2	420	202980	204236	0.0	860
Query_1	1491_POTG01000023.1	98.807	419	5	0	2	420	73586	72330	0.0	860
Query_1	1491_POTI01000026.1	98.807	419	5	0	2	420	45231	43975	0.0	860
Query_1	1491_SGKC01000010.1	98.568	419	6	0	2	420	39215	37959	0.0	859
Query_1	1491_CP031097.1	98.568	419	6	0	2	420	1541070	1539814	0.0	859
Query_1	1491_CP031097.1	48.889	360	174	5	68	418	269329	270405	5.44e-100	337
Query_1	1491_CP013857.1	98.568	419	6	0	2	420	1764254	1765510	0.0	859
Query_1	1491_CP013857.1	48.333	360	176	5	68	418	3047705	3046629	2.41e-98	333
Query_1	1491_QVAG01000092.1	98.568	419	6	0	2	420	39173	37917	0.0	859
Query_1	1491_SWXT01000001.1	98.329	419	7	0	2	420	270524	271780	0.0	858
Query_1	1491_SGNM01000005.1	98.329	419	7	0	2	420	101196	102452	0.0	858
Query_1	1491_SGKG01000008.1	98.329	419	7	0	2	420	17695	16439	0.0	858
Query_1	1491_SGKF01000014.1	98.329	419	7	0	2	420	39229	37973	0.0	858
Query_1	1491_SGJI01000002.1	98.329	419	7	0	2	420	347476	348732	0.0	858
Query_1	1491_QVAH01000104.1	98.329	419	7	0	2	420	24201	25457	0.0	858
Query_1	1491_CP014174.1	98.807	419	5	0	2	420	988164	989420	0.0	858
Query_1	1491_CP014174.1	48.333	360	176	5	68	418	2191925	2190849	4.05e-98	332
Query_1	1491_CP014219.1	98.807	419	5	0	2	420	988495	989751	0.0	858
Query_1	1491_CP014219.1	48.333	360	176	5	68	418	2235889	2234813	4.05e-98	332
Query_1	1491_CP013850.1	98.807	419	5	0	2	420	989187	990443	0.0	858
Query_1	1491_CP013850.1	48.056	360	177	5	68	418	2110657	2111733	1.93e-97	330
Query_1	1491_MWIY01000002.1	98.329	419	7	0	2	420	39258	38002	0.0	858
Query_1	1491_MWIW01000001.1	98.807	419	5	0	2	420	495381	496637	0.0	858
Query_1	1491_CP013707.1	98.329	419	7	0	2	420	955415	956671	0.0	858
Query_1	1491_CP013707.1	48.611	360	175	5	68	418	2156310	2155234	2.18e-99	335
Query_1	1491_LFQF01000017.1	98.329	419	7	0	2	420	42529	43785	0.0	858
Query_1	1491_LFON01000018.1	98.329	419	7	0	2	420	39170	37914	0.0	858
Query_1	1491_JXMY01000017.1	98.329	419	7	0	2	420	18506	19762	0.0	857
Query_1	1491_JSCF01000082.1	98.329	419	7	0	2	420	30920	29664	0.0	857
Query_1	1491_CP013845.1	98.091	419	8	0	2	420	955118	956374	0.0	855
Query_1	1491_CP013845.1	48.611	360	175	5	68	418	2224105	2223029	1.05e-98	333
Query_1	1491_LFQG01000004.1	98.091	419	8	0	2	420	107856	109112	0.0	855
Query_1	1491_LFQE01000006.1	98.091	419	8	0	2	420	456517	457773	0.0	855
Query_1	1491_LAGJ01000095.1	97.852	419	9	0	2	420	34262	35518	0.0	855
Query_1	1491_SXAS01000021.1	97.852	419	9	0	2	420	8666	7410	0.0	853
Query_1	1491_SXCO01000001.1	97.852	419	9	0	2	420	152491	151235	0.0	853
Query_1	1491_SWYP01000001.1	97.852	419	9	0	2	420	338062	339318	0.0	853
Query_1	1491_SWYC01000004.1	97.852	419	9	0	2	420	81744	83000	0.0	853
Query_1	1491_SWWH01000001.1	97.852	419	9	0	2	420	506070	507326	0.0	853
Query_1	1491_SWUF01000044.1	97.852	419	9	0	2	420	8488	7232	0.0	853
Query_1	1491_SWTR01000013.1	97.852	419	9	0	2	420	75441	76697	0.0	853
Query_1	1491_SWTQ01000003.1	97.852	419	9	0	2	420	8666	7410	0.0	853
Query_1	1491_SWTP01000003.1	97.852	419	9	0	2	420	8666	7410	0.0	853
Query_1	1491_SWTN01000016.1	97.852	419	9	0	2	420	8666	7410	0.0	853
Query_1	1491_SWTM01000002.1	97.852	419	9	0	2	420	398941	400197	0.0	853
Query_1	1491_SWTK01000015.1	97.852	419	9	0	2	420	8488	7232	0.0	853
Query_1	1491_SWTJ01000017.1	97.852	419	9	0	2	420	75451	76707	0.0	853
Query_1	1491_SWTI01000014.1	97.852	419	9	0	2	420	74186	75442	0.0	853
Query_1	1491_SWTH01000017.1	97.852	419	9	0	2	420	8666	7410	0.0	853
Query_1	1491_SWTE01000001.1	97.852	419	9	0	2	420	398938	400194	0.0	853
Query_1	1491_SWTF01000013.1	97.852	419	9	0	2	420	75405	76661	0.0	853
Query_1	1491_SWTG01000020.1	97.852	419	9	0	2	420	8666	7410	0.0	853
Query_1	1491_SWTC01000014.1	97.852	419	9	0	2	420	8666	7410	0.0	853
Query_1	1491_SWTA01000002.1	97.852	419	9	0	2	420	495881	497137	0.0	853
Query_1	1491_SWTD01000001.1	97.852	419	9	0	2	420	398941	400197	0.0	853
Query_1	1491_SWRD01000001.1	97.852	419	9	0	2	420	221187	219931	0.0	853
Query_1	1491_SWQE01000001.1	97.852	419	9	0	2	420	495785	497041	0.0	853
Query_1	1491_SGNW01000015.1	97.852	419	9	0	2	420	8666	7410	0.0	853
Query_1	1491_SGNX01000019.1	97.852	419	9	0	2	420	8666	7410	0.0	853
Query_1	1491_SGNS01000016.1	97.852	419	9	0	2	420	74350	75606	0.0	853
Query_1	1491_SGNJ01000017.1	97.852	419	9	0	2	420	8666	7410	0.0	853
Query_1	1491_SGNK01000018.1	97.852	419	9	0	2	420	54056	55312	0.0	853
Query_1	1491_SGNI01000001.1	97.852	419	9	0	2	420	448476	449732	0.0	853
Query_1	1491_SGNH01000011.1	97.852	419	9	0	2	420	75438	76694	0.0	853
Query_1	1491_SGNF01000015.1	97.852	419	9	0	2	420	8488	7232	0.0	853
Query_1	1491_SGNE01000004.1	97.852	419	9	0	2	420	8666	7410	0.0	853
Query_1	1491_SGND01000009.1	97.852	419	9	0	2	420	8401	7145	0.0	853
Query_1	1491_SGNC01000020.1	97.852	419	9	0	2	420	8666	7410	0.0	853
Query_1	1491_SGNG01000016.1	97.852	419	9	0	2	420	75582	76838	0.0	853
Query_1	1491_SGNB01000013.1	97.852	419	9	0	2	420	54035	55291	0.0	853
Query_1	1491_SGMR01000041.1	97.852	419	9	0	2	420	8666	7410	0.0	853
Query_1	1491_SGMO01000008.1	97.852	419	9	0	2	420	8488	7232	0.0	853
Query_1	1491_SGMQ01000001.1	97.852	419	9	0	2	420	361879	363135	0.0	853
Query_1	1491_SGMP01000015.1	97.852	419	9	0	2	420	75686	76942	0.0	853
Query_1	1491_SGMN01000001.1	97.852	419	9	0	2	420	504350	505606	0.0	853
Query_1	1491_SGMM01000013.1	97.852	419	9	0	2	420	8666	7410	0.0	853
Query_1	1491_SGMF01000030.1	97.852	419	9	0	2	420	8488	7232	0.0	853
Query_1	1491_SGME01000015.1	97.852	419	9	0	2	420	8666	7410	0.0	853
Query_1	1491_SGMD01000011.1	97.852	419	9	0	2	420	8666	7410	0.0	853
Query_1	1491_SGNA01000005.1	97.852	419	9	0	2	420	151007	149751	0.0	853
Query_1	1491_SGMZ01000003.1	97.852	419	9	0	2	420	104380	103124	0.0	853
Query_1	1491_SGMY01000009.1	97.852	419	9	0	2	420	104380	103124	0.0	853
Query_1	1491_SGMX01000005.1	97.852	419	9	0	2	420	74032	75288	0.0	853
Query_1	1491_SGLM01000018.1	97.852	419	9	0	2	420	8666	7410	0.0	853
Query_1	1491_SGLB01000014.1	97.852	419	9	0	2	420	8666	7410	0.0	853
Query_1	1491_SGJL01000018.1	97.852	419	9	0	2	420	75562	76818	0.0	853
Query_1	1491_LIIS01000003.1	97.852	419	9	0	2	420	504289	505545	0.0	853
Query_1	1491_LAGI01000794.1	97.852	419	9	0	2	420	15532	16788	0.0	853
Query_1	1491_SWTL01000001.1	97.613	419	10	0	2	420	488593	487337	0.0	852
Query_1	1491_SWSI01000012.1	97.852	419	9	0	2	420	59517	58261	0.0	851
Query_1	1491_SXEO01000017.1	97.136	419	12	0	2	420	63137	61881	0.0	848
Query_1	1491_SXDC01000022.1	97.136	419	12	0	2	420	15534	16790	0.0	848
Query_1	1491_SXCQ01000017.1	97.136	419	12	0	2	420	63144	61888	0.0	848
Query_1	1491_SWZD01000013.1	97.136	419	12	0	2	420	63137	61881	0.0	848
Query_1	1491_SWYB01000036.1	97.136	419	12	0	2	420	15534	16790	0.0	848
Query_1	1491_SWRS01000003.1	97.136	419	12	0	2	420	402356	401100	0.0	848
Query_1	1491_SWPN01000009.1	97.136	419	12	0	2	420	49643	48387	0.0	848
Query_1	1491_SWPM01000009.1	97.136	419	12	0	2	420	25387	26643	0.0	848
Query_1	1491_SWPA01000007.1	97.136	419	12	0	2	420	63081	61825	0.0	848
Query_1	1491_SWOZ01000008.1	97.136	419	12	0	2	420	63121	61865	0.0	848
Query_1	1491_SWOU01000011.1	97.136	419	12	0	2	420	63121	61865	0.0	848
Query_1	1491_SWOY01000001.1	97.136	419	12	0	2	420	80230	81486	0.0	848
Query_1	1491_SWOY01000001.1	48.889	360	174	5	68	418	1296724	1295648	1.21e-99	336
Query_1	1491_SWOM01000003.1	97.136	419	12	0	2	420	63114	61858	0.0	848
Query_1	1491_SGNR01000006.1	97.136	419	12	0	2	420	84318	85574	0.0	848
Query_1	1491_SGNQ01000002.1	97.136	419	12	0	2	420	173629	172373	0.0	848
Query_1	1491_SGNP01000001.1	97.136	419	12	0	2	420	272569	271313	0.0	848
Query_1	1491_SGMC01000001.1	97.136	419	12	0	2	420	430481	431737	0.0	848
Query_1	1491_SGMB01000014.1	97.136	419	12	0	2	420	61509	62765	0.0	848
Query_1	1491_SGMU01000003.1	97.136	419	12	0	2	420	63122	61866	0.0	848
Query_1	1491_SGMT01000001.1	97.136	419	12	0	2	420	63122	61866	0.0	848
Query_1	1491_SGMS01000001.1	97.136	419	12	0	2	420	63122	61866	0.0	848
Query_1	1491_SGLW01000001.1	97.136	419	12	0	2	420	63122	61866	0.0	848
Query_1	1491_SGLV01000001.1	97.136	419	12	0	2	420	237136	238392	0.0	848
Query_1	1491_SGLU01000001.1	97.136	419	12	0	2	420	63122	61866	0.0	848
Query_1	1491_SGLS01000014.1	97.136	419	12	0	2	420	45422	46678	0.0	848
Query_1	1491_SGLR01000001.1	97.136	419	12	0	2	420	63122	61866	0.0	848
Query_1	1491_SGLT01000012.1	97.136	419	12	0	2	420	26496	27752	0.0	848
Query_1	1491_SGLP01000001.1	97.136	419	12	0	2	420	63122	61866	0.0	848
Query_1	1491_SGLQ01000001.1	97.136	419	12	0	2	420	23611	22355	0.0	848
Query_1	1491_SGLO01000002.1	97.136	419	12	0	2	420	63122	61866	0.0	848
Query_1	1491_SGLL01000001.1	97.136	419	12	0	2	420	63122	61866	0.0	848
Query_1	1491_SGLN01000001.1	97.136	419	12	0	2	420	63129	61873	0.0	848
Query_1	1491_SGLH01000001.1	97.136	419	12	0	2	420	302947	301691	0.0	848
Query_1	1491_SGLJ01000018.1	97.136	419	12	0	2	420	43460	44716	0.0	848
Query_1	1491_SGLI01000002.1	97.136	419	12	0	2	420	237376	238632	0.0	848
Query_1	1491_SGLG01000001.1	97.136	419	12	0	2	420	205441	204185	0.0	848
Query_1	1491_SGLA01000001.1	97.136	419	12	0	2	420	366733	367989	0.0	848
Query_1	1491_SGKZ01000001.1	97.136	419	12	0	2	420	350224	351480	0.0	848
Query_1	1491_SGKY01000007.1	97.136	419	12	0	2	420	61113	62369	0.0	848
Query_1	1491_SGKX01000003.1	97.136	419	12	0	2	420	58111	56855	0.0	848
Query_1	1491_SGKV01000003.1	97.136	419	12	0	2	420	83791	85047	0.0	848
Query_1	1491_SGKW01000004.1	97.136	419	12	0	2	420	107709	108965	0.0	848
Query_1	1491_SGJK01000001.1	97.136	419	12	0	2	420	660518	659262	0.0	848
Query_1	1491_CP013847.1	97.136	419	12	0	2	420	1058914	1060170	0.0	848
Query_1	1491_CP013847.1	48.333	360	176	5	68	418	2347792	2346716	1.86e-98	333
Query_1	1491_MWIX01000003.1	97.136	419	12	0	2	420	63137	61881	0.0	848
Query_1	1491_MWIV01000008.1	97.136	419	12	0	2	420	63137	61881	0.0	848
Query_1	1491_LIIQ01000075.1	97.136	419	12	0	2	420	80148	81404	0.0	848
Query_1	1491_LIIP01000020.1	97.136	419	12	0	2	420	38300	37044	0.0	848
Query_1	1491_CP013681.1	97.136	419	12	0	2	420	384753	386009	0.0	848
Query_1	1491_CP013681.1	48.333	360	176	5	68	418	1744595	1743519	1.45e-98	333
Query_1	1491_CP013296.1	97.136	419	12	0	2	420	2326301	2327557	0.0	848
Query_1	1491_CP013296.1	48.333	360	176	5	68	418	3686197	3685121	1.45e-98	333
Query_1	1491_LFQD01000003.1	97.136	419	12	0	2	420	84269	85525	0.0	848
Query_1	1491_LFQB01000008.1	97.136	419	12	0	2	420	402535	401279	0.0	848
Query_1	1491_LFQC01000004.1	97.136	419	12	0	2	420	208081	206825	0.0	848
Query_1	1491_LFRC01000011.1	97.136	419	12	0	2	420	30966	29710	0.0	848
Query_1	1491_LFRB01000015.1	97.136	419	12	0	2	420	31683	30427	0.0	848
Query_1	1491_LFQA01000001.1	97.136	419	12	0	2	420	269832	268576	0.0	848
Query_1	1491_LFPZ01000005.1	97.136	419	12	0	2	420	84269	85525	0.0	848
Query_1	1491_LFRA01000021.1	97.136	419	12	0	2	420	15484	16740	0.0	848
Query_1	1491_LFPY01000010.1	97.136	419	12	0	2	420	30966	29710	0.0	848
Query_1	1491_LFPX01000008.1	97.136	419	12	0	2	420	83741	84997	0.0	848
Query_1	1491_LFPW01000001.1	97.136	419	12	0	2	420	208081	206825	0.0	848
Query_1	1491_LFQZ01000001.1	97.136	419	12	0	2	420	208110	206854	0.0	848
Query_1	1491_LFQY01000174.1	97.136	419	12	0	2	420	83741	84997	0.0	848
Query_1	1491_LFQY01000174.1	48.333	360	176	5	68	418	1374460	1373384	1.86e-98	333
Query_1	1491_LFPV01000002.1	97.136	419	12	0	2	420	83824	85080	0.0	848
Query_1	1491_LFPU01000001.1	97.136	419	12	0	2	420	208032	206776	0.0	848
Query_1	1491_LFPT01000016.1	97.136	419	12	0	2	420	36320	35064	0.0	848
Query_1	1491_LFPS01000012.1	97.136	419	12	0	2	420	30948	29692	0.0	848
Query_1	1491_LFPR01000011.1	97.136	419	12	0	2	420	30966	29710	0.0	848
Query_1	1491_LFPQ01000013.1	97.136	419	12	0	2	420	30966	29710	0.0	848
Query_1	1491_LFPO01000022.1	97.136	419	12	0	2	420	83296	84552	0.0	848
Query_1	1491_LFPN01000010.1	97.136	419	12	0	2	420	30948	29692	0.0	848
Query_1	1491_CP027781.1	96.181	419	16	0	2	420	905620	906876	0.0	843
Query_1	1491_CP027781.1	48.333	360	176	5	68	418	3740099	3741175	4.91e-98	332
Query_1	1491_CP027779.1	96.181	419	16	0	2	420	1498854	1500110	0.0	843
Query_1	1491_CP027779.1	48.333	360	176	5	68	418	3539364	3540440	4.91e-98	332
Query_1	1491_LFPK01000005.1	95.704	419	18	0	2	420	470751	472007	0.0	841
Query_1	1491_CP013242.1	95.933	418	17	0	3	420	2420927	2419674	0.0	840
Query_1	1491_CP013242.1	48.611	360	175	5	68	418	1049412	1050488	1.40e-99	336
Query_1	1491_LAGK01000042.1	95.694	418	18	0	3	420	14667	15920	0.0	837
Query_1	1491_LFQV01000016.1	95.465	419	19	0	2	420	38571	39827	0.0	834
Query_1	1491_SWTB01000007.1	95.227	419	20	0	2	420	166778	165522	0.0	834
Query_1	1491_SGNV01000002.1	95.227	419	20	0	2	420	140752	139496	0.0	834
Query_1	1491_SGNN01000010.1	95.227	419	20	0	2	420	66487	65231	0.0	834
Query_1	1491_SGML01000005.1	95.227	419	20	0	2	420	69732	70988	0.0	834
Query_1	1491_SGMG01000003.1	95.227	419	20	0	2	420	69602	70858	0.0	834
Query_1	1491_SGMH01000007.1	95.227	419	20	0	2	420	84034	82778	0.0	834
Query_1	1491_SGLD01000015.1	95.227	419	20	0	2	420	54934	53678	0.0	834
Query_1	1491_SGLC01000013.1	95.227	419	20	0	2	420	20340	19084	0.0	834
Query_1	1491_SGJN01000001.1	95.227	419	20	0	2	420	66299	65043	0.0	834
Query_1	1491_SGJM01000002.1	95.227	419	20	0	2	420	468091	469347	0.0	834
Query_1	1491_LIIW01000019.1	95.227	419	20	0	2	420	246057	247313	0.0	834
Query_1	1491_LIIV01000006.1	95.227	419	20	0	2	420	488680	487424	0.0	834
Query_1	1491_CP027780.1	94.976	418	21	0	3	420	987675	988928	0.0	833
Query_1	1491_CP027780.1	48.333	360	176	5	68	418	2309323	2308247	1.67e-98	333
Query_1	1491_CP027778.1	94.976	418	21	0	3	420	920779	922032	0.0	833
Query_1	1491_CP027778.1	48.333	360	176	5	68	418	3053156	3054232	4.43e-99	335
Query_1	1491_CP027777.1	94.976	418	21	0	3	420	1127816	1126563	0.0	833
Query_1	1491_CP027777.1	48.333	360	176	5	68	418	3114784	3115860	4.43e-99	335
Query_1	1491_CP013701.1	94.976	418	21	0	3	420	987675	988928	0.0	833
Query_1	1491_CP013701.1	48.333	360	176	5	68	418	2309323	2308247	1.67e-98	333
Query_1	1491_LFPJ01000031.1	94.976	418	21	0	3	420	202456	201203	0.0	833
Query_1	1491_LFPH01000012.1	94.976	418	21	0	3	420	145841	147094	0.0	833
Query_1	1491_SXAD01000006.1	94.988	419	21	0	2	420	131599	130343	0.0	833
Query_1	1491_SWSW01000033.1	94.988	419	21	0	2	420	24580	23324	0.0	833
Query_1	1491_SWSV01000017.1	94.988	419	21	0	2	420	13975	15231	0.0	833
Query_1	1491_SWSF01000011.1	94.988	419	21	0	2	420	13975	15231	0.0	833
Query_1	1491_SGJS01000028.1	95.227	419	20	0	2	420	20377	19121	0.0	833
Query_1	1491_SXBW01000008.1	95.227	419	20	0	2	420	27063	25807	0.0	833
Query_1	1491_SXCR01000001.1	94.988	419	21	0	2	420	363073	364329	0.0	833
Query_1	1491_SWZH01000003.1	95.227	419	20	0	2	420	138607	137351	0.0	833
Query_1	1491_SWYH01000001.1	94.988	419	21	0	2	420	136155	134899	0.0	833
Query_1	1491_SWYJ01000001.1	94.988	419	21	0	2	420	1666321	1665065	0.0	833
Query_1	1491_SWYJ01000001.1	49.167	360	173	5	68	418	397935	399011	6.86e-100	337
Query_1	1491_SWYI01000002.1	94.988	419	21	0	2	420	131386	130130	0.0	833
Query_1	1491_SWYG01000007.1	94.988	419	21	0	2	420	48255	49511	0.0	833
Query_1	1491_SWYE01000001.1	94.988	419	21	0	2	420	480496	481752	0.0	833
Query_1	1491_SWYF01000001.1	94.988	419	21	0	2	420	213200	211944	0.0	833
Query_1	1491_SWXX01000002.1	94.988	419	21	0	2	420	480496	481752	0.0	833
Query_1	1491_SWXR01000006.1	95.227	419	20	0	2	420	75232	73976	0.0	833
Query_1	1491_SWXQ01000007.1	95.227	419	20	0	2	420	23220	24476	0.0	833
Query_1	1491_SWXN01000004.1	95.227	419	20	0	2	420	138573	137317	0.0	833
Query_1	1491_SWXK01000002.1	94.988	419	21	0	2	420	480496	481752	0.0	833
Query_1	1491_SWWJ01000044.1	95.227	419	20	0	2	420	15088	16344	0.0	833
Query_1	1491_SWSY01000011.1	95.227	419	20	0	2	420	31701	30445	0.0	833
Query_1	1491_SWSP01000012.1	95.227	419	20	0	2	420	31701	30445	0.0	833
Query_1	1491_SWRX01000009.1	95.227	419	20	0	2	420	68649	67393	0.0	833
Query_1	1491_SWNI01000003.1	94.988	419	21	0	2	420	73085	74341	0.0	833
Query_1	1491_SGNL01000002.1	95.227	419	20	0	2	420	17811	19067	0.0	833
Query_1	1491_SGMK01000004.1	95.227	419	20	0	2	420	212839	211583	0.0	833
Query_1	1491_SGMJ01000002.1	95.227	419	20	0	2	420	31804	30548	0.0	833
Query_1	1491_SGMI01000004.1	95.227	419	20	0	2	420	31804	30548	0.0	833
Query_1	1491_SGLX01000019.1	95.227	419	20	0	2	420	50156	51412	0.0	833
Query_1	1491_SGMV01000015.1	95.227	419	20	0	2	420	50156	51412	0.0	833
Query_1	1491_SGMW01000018.1	95.227	419	20	0	2	420	31804	30548	0.0	833
Query_1	1491_SGLK01000009.1	95.227	419	20	0	2	420	65524	66780	0.0	833
Query_1	1491_SGKT01000019.1	95.227	419	20	0	2	420	27048	25792	0.0	833
Query_1	1491_SGKS01000017.1	95.227	419	20	0	2	420	27048	25792	0.0	833
Query_1	1491_SGKR01000013.1	95.227	419	20	0	2	420	60998	62254	0.0	833
Query_1	1491_SGKQ01000019.1	95.227	419	20	0	2	420	43471	44727	0.0	833
Query_1	1491_SGKP01000016.1	95.227	419	20	0	2	420	61168	62424	0.0	833
Query_1	1491_SGKO01000016.1	95.227	419	20	0	2	420	61120	62376	0.0	833
Query_1	1491_SGKE01000021.1	95.227	419	20	0	2	420	17811	19067	0.0	833
Query_1	1491_SGKD01000008.1	95.227	419	20	0	2	420	17811	19067	0.0	833
Query_1	1491_SGKB01000010.1	95.227	419	20	0	2	420	62290	61034	0.0	833
Query_1	1491_SGKA01000021.1	95.227	419	20	0	2	420	17811	19067	0.0	833
Query_1	1491_SGJY01000006.1	95.227	419	20	0	2	420	17811	19067	0.0	833
Query_1	1491_SGJX01000008.1	95.227	419	20	0	2	420	135286	134030	0.0	833
Query_1	1491_SGJZ01000013.1	95.227	419	20	0	2	420	41813	40557	0.0	833
Query_1	1491_SGJW01000007.1	95.227	419	20	0	2	420	212786	211530	0.0	833
Query_1	1491_SGJV01000002.1	95.227	419	20	0	2	420	17811	19067	0.0	833
Query_1	1491_SGJU01000002.1	95.227	419	20	0	2	420	267393	266137	0.0	833
Query_1	1491_SGJR01000003.1	95.227	419	20	0	2	420	286939	285683	0.0	833
Query_1	1491_SGJT01000004.1	95.227	419	20	0	2	420	156334	155078	0.0	833
Query_1	1491_SGJQ01000003.1	95.227	419	20	0	2	420	17811	19067	0.0	833
Query_1	1491_SGJH01000012.1	95.227	419	20	0	2	420	61093	62349	0.0	833
Query_1	1491_SGJG01000011.1	95.227	419	20	0	2	420	27063	25807	0.0	833
Query_1	1491_SGJF01000006.1	95.227	419	20	0	2	420	17811	19067	0.0	833
Query_1	1491_SGJE01000016.1	95.227	419	20	0	2	420	20374	19118	0.0	833
Query_1	1491_RWKM01000033.1	95.227	419	20	0	2	420	17811	19067	0.0	833
Query_1	1491_RWKN01000003.1	95.227	419	20	0	2	420	268387	267131	0.0	833
Query_1	1491_RWKL01000022.1	95.227	419	20	0	2	420	41910	40654	0.0	833
Query_1	1491_RWKK01000003.1	95.227	419	20	0	2	420	237857	236601	0.0	833
Query_1	1491_CP031098.1	95.227	419	20	0	2	420	1815757	1814501	0.0	833
Query_1	1491_CP031098.1	48.611	360	175	5	68	418	558582	559658	1.25e-98	333
Query_1	1491_PYBM01000043.1	95.227	419	20	0	2	420	27804	29060	0.0	833
Query_1	1491_CP027775.1	94.749	419	22	0	2	420	2981819	2980563	0.0	833
Query_1	1491_CP027775.1	49.008	353	170	5	75	418	3534533	3535588	9.64e-98	331
Query_1	1491_CP013841.1	95.227	419	20	0	2	420	1002564	1003820	0.0	833
Query_1	1491_CP013841.1	48.333	360	176	5	68	418	2208921	2207845	5.53e-99	334
Query_1	1491_BDQO02000009.1	95.227	419	20	0	2	420	4988	6244	0.0	833
Query_1	1491_LIIR01000054.1	94.988	419	21	0	2	420	23699	24955	0.0	833
Query_1	1491_CP014148.1	95.227	419	20	0	2	420	1127037	1128293	0.0	833
Query_1	1491_CP014148.1	48.611	360	175	5	68	418	2384199	2383123	1.25e-98	333
Query_1	1491_CP013246.1	95.227	419	20	0	2	420	3419064	3420320	0.0	833
Query_1	1491_CP013246.1	48.611	360	175	5	68	418	604481	603405	9.04e-99	334
Query_1	1491_LFPF01000010.1	94.988	419	21	0	2	420	34556	35812	0.0	833
Query_1	1491_LFOR01000014.1	95.227	419	20	0	2	420	50084	51340	0.0	833
Query_1	1491_LFOS01000004.1	95.227	419	20	0	2	420	39779	38523	0.0	833
Query_1	1491_LFOQ01000004.1	95.227	419	20	0	2	420	30155	31411	0.0	833
Query_1	1491_LFOP01000021.1	95.227	419	20	0	2	420	32239	30983	0.0	833
Query_1	1491_LFOK01000017.1	95.227	419	20	0	2	420	50084	51340	0.0	833
Query_1	1491_LBFH01000025.1	94.988	419	21	0	2	420	375784	374528	0.0	833
Query_1	1491_JFFZ01000054.1	95.227	419	20	0	2	420	5811	4555	0.0	833
Query_1	1491_JFGA01000197.1	95.227	419	20	0	2	420	404	1660	0.0	833
Query_1	1491_JFGB01000148.1	95.227	419	20	0	2	420	5810	4554	0.0	833
Query_1	1491_JFGJ01000032.1	95.227	419	20	0	2	420	13937	15193	0.0	833
Query_1	1491_JFGK01000003.1	95.227	419	20	0	2	420	18854	20110	0.0	833
Query_1	1491_JFGN01000006.1	95.227	419	20	0	2	420	18898	20154	0.0	833
Query_1	1491_JFGC01000447.1	95.227	419	20	0	2	420	436	1692	0.0	833
Query_1	1491_JFGE01000036.1	95.227	419	20	0	2	420	18881	20137	0.0	833
Query_1	1491_JFGF01000001.1	95.227	419	20	0	2	420	9100	7844	0.0	833
Query_1	1491_JFGG01000042.1	95.227	419	20	0	2	420	5947	7203	0.0	833
Query_1	1491_JFGL01000057.1	95.227	419	20	0	2	420	430	1686	0.0	833
Query_1	1491_JFGM01000016.1	95.227	419	20	0	2	420	25047	23791	0.0	833
Query_1	1491_JFGH01000063.1	95.227	419	20	0	2	420	3585	4841	0.0	833
Query_1	1491_JFGI01000043.1	95.227	419	20	0	2	420	24987	23731	0.0	833
Query_1	1491_SXCD01000001.1	94.988	419	21	0	2	420	312784	314040	0.0	832
Query_1	1491_SWWG01000001.1	94.988	419	21	0	2	420	483137	484393	0.0	832
Query_1	1491_LAGM01000308.1	94.511	419	23	0	2	420	292	1548	0.0	832
Query_1	1491_LAGD01000091.1	94.511	419	23	0	2	420	5978	7234	0.0	832
Query_1	1491_SXGI01000006.1	94.749	419	22	0	2	420	59549	58293	0.0	831
Query_1	1491_SXGJ01000019.1	94.749	419	22	0	2	420	16424	17680	0.0	831
Query_1	1491_SXGE01000001.1	94.749	419	22	0	2	420	151718	152974	0.0	831
Query_1	1491_SXEW01000001.1	94.749	419	22	0	2	420	119102	120358	0.0	831
Query_1	1491_SXBG01000005.1	94.749	419	22	0	2	420	65865	64609	0.0	831
Query_1	1491_SXAO01000007.1	94.749	419	22	0	2	420	123527	122271	0.0	831
Query_1	1491_SXGH01000001.1	94.749	419	22	0	2	420	367506	368762	0.0	831
Query_1	1491_SXGC01000001.1	94.749	419	22	0	2	420	339152	340408	0.0	831
Query_1	1491_SXGD01000007.1	94.749	419	22	0	2	420	87816	86560	0.0	831
Query_1	1491_SXFW01000003.1	94.749	419	22	0	2	420	367429	368685	0.0	831
Query_1	1491_SWYO01000001.1	94.749	419	22	0	2	420	37629	38885	0.0	831
Query_1	1491_SWUI01000001.1	94.749	419	22	0	2	420	59583	58327	0.0	831
Query_1	1491_SWQX01000003.1	94.749	419	22	0	2	420	66670	67926	0.0	831
Query_1	1491_SWQW01000003.1	94.749	419	22	0	2	420	119090	120346	0.0	831
Query_1	1491_SWQV01000001.1	94.749	419	22	0	2	420	368068	369324	0.0	831
Query_1	1491_SWQU01000002.1	94.749	419	22	0	2	420	119075	120331	0.0	831
Query_1	1491_SWQT01000004.1	94.749	419	22	0	2	420	119092	120348	0.0	831
Query_1	1491_SWQS01000004.1	94.749	419	22	0	2	420	60234	61490	0.0	831
Query_1	1491_SWQQ01000001.1	94.749	419	22	0	2	420	273074	274330	0.0	831
Query_1	1491_SWQR01000001.1	94.749	419	22	0	2	420	367613	368869	0.0	831
Query_1	1491_SWQP01000005.1	94.749	419	22	0	2	420	65880	64624	0.0	831
Query_1	1491_SWQO01000003.1	94.749	419	22	0	2	420	119133	120389	0.0	831
Query_1	1491_SWQN01000002.1	94.749	419	22	0	2	420	87769	86513	0.0	831
Query_1	1491_SWQM01000006.1	94.749	419	22	0	2	420	40316	41572	0.0	831
Query_1	1491_SWQL01000002.1	94.749	419	22	0	2	420	65715	64459	0.0	831
Query_1	1491_SWQF01000001.1	94.749	419	22	0	2	420	128322	127066	0.0	831
Query_1	1491_SWQD01000001.1	94.749	419	22	0	2	420	499009	500265	0.0	831
Query_1	1491_SWQA01000001.1	94.749	419	22	0	2	420	128313	127057	0.0	831
Query_1	1491_SWQB01000001.1	94.749	419	22	0	2	420	393003	394259	0.0	831
Query_1	1491_SWPX01000004.1	94.749	419	22	0	2	420	119211	120467	0.0	831
Query_1	1491_SWPS01000001.1	94.749	419	22	0	2	420	339115	340371	0.0	831
Query_1	1491_SWPP01000001.1	94.749	419	22	0	2	420	128286	127030	0.0	831
Query_1	1491_SWPO01000010.1	94.749	419	22	0	2	420	59615	58359	0.0	831
Query_1	1491_SWOW01000001.1	94.749	419	22	0	2	420	55123	53867	0.0	831
Query_1	1491_SWOD01000001.1	94.749	419	22	0	2	420	338777	340033	0.0	831
Query_1	1491_SWOC01000012.1	94.749	419	22	0	2	420	65855	64599	0.0	831
Query_1	1491_SWOB01000001.1	94.749	419	22	0	2	420	242823	241567	0.0	831
Query_1	1491_SWNZ01000002.1	94.749	419	22	0	2	420	119131	120387	0.0	831
Query_1	1491_SWNY01000014.1	94.749	419	22	0	2	420	53760	52504	0.0	831
Query_1	1491_SWNW01000001.1	94.749	419	22	0	2	420	128345	127089	0.0	831
Query_1	1491_SWNE01000001.1	94.749	419	22	0	2	420	368774	370030	0.0	831
Query_1	1491_SWNF01000004.1	94.749	419	22	0	2	420	16446	17702	0.0	831
Query_1	1491_SWND01000001.1	94.749	419	22	0	2	420	267528	266272	0.0	831
Query_1	1491_CP013683.1	94.988	419	21	0	2	420	1173917	1175173	0.0	831
Query_1	1491_CP013683.1	47.778	360	178	5	68	418	2380089	2379013	2.88e-97	330
Query_1	1491_SXEX01000001.1	94.988	419	21	0	2	420	493200	494456	0.0	831
Query_1	1491_SWZZ01000003.1	94.988	419	21	0	2	420	61905	63161	0.0	831
Query_1	1491_SWXZ01000003.1	94.988	419	21	0	2	420	253404	252148	0.0	831
Query_1	1491_SWSD01000009.1	94.988	419	21	0	2	420	50025	48769	0.0	831
Query_1	1491_SWSE01000001.1	94.988	419	21	0	2	420	493200	494456	0.0	831
Query_1	1491_SWSC01000001.1	94.988	419	21	0	2	420	493200	494456	0.0	831
Query_1	1491_SWSC01000001.1	48.333	360	176	5	68	418	1754713	1753637	3.34e-98	332
Query_1	1491_SWRU01000001.1	94.988	419	21	0	2	420	176017	177273	0.0	831
Query_1	1491_SWRT01000001.1	94.988	419	21	0	2	420	295370	296626	0.0	831
Query_1	1491_LFOL01000003.1	94.988	419	21	0	2	420	32185	33441	0.0	831
Query_1	1491_LGIL01000001.1	94.988	419	21	0	2	420	435339	434083	0.0	831
Query_1	1491_LGIH01000009.1	94.988	419	21	0	2	420	491099	492355	0.0	831
Query_1	1491_LGIH01000009.1	48.333	360	176	5	68	418	1752738	1751662	3.34e-98	332
Query_1	1491_LAGE01000086.1	94.988	419	21	0	2	420	61168	62424	0.0	831
Query_1	1491_SXAR01000017.1	94.749	419	22	0	2	420	56634	55378	0.0	830
Query_1	1491_SXGK01000003.1	94.749	419	22	0	2	420	130862	132118	0.0	830
Query_1	1491_SXEP01000026.1	94.749	419	22	0	2	420	42948	41692	0.0	830
Query_1	1491_SXDR01000029.1	94.749	419	22	0	2	420	9796	11052	0.0	830
Query_1	1491_SXDG01000026.1	94.749	419	22	0	2	420	42948	41692	0.0	830
Query_1	1491_SXBP01000027.1	94.988	419	21	0	2	420	25444	26700	0.0	830
Query_1	1491_SXBK01000008.1	94.988	419	21	0	2	420	108082	106826	0.0	830
Query_1	1491_SXAJ01000012.1	94.988	419	21	0	2	420	61018	62274	0.0	830
Query_1	1491_SXGG01000015.1	94.988	419	21	0	2	420	61070	62326	0.0	830
Query_1	1491_SXFV01000002.1	94.988	419	21	0	2	420	470983	472239	0.0	830
Query_1	1491_SXFK01000028.1	94.749	419	22	0	2	420	9796	11052	0.0	830
Query_1	1491_SWXW01000008.1	94.988	419	21	0	2	420	35736	34480	0.0	830
Query_1	1491_SWXG01000028.1	94.749	419	22	0	2	420	42948	41692	0.0	830
Query_1	1491_SWXE01000026.1	94.749	419	22	0	2	420	42948	41692	0.0	830
Query_1	1491_SWXF01000021.1	94.749	419	22	0	2	420	42948	41692	0.0	830
Query_1	1491_SWXD01000025.1	94.749	419	22	0	2	420	9796	11052	0.0	830
Query_1	1491_SWSZ01000004.1	94.749	419	22	0	2	420	53286	54542	0.0	830
Query_1	1491_SWRL01000001.1	94.749	419	22	0	2	420	492358	493614	0.0	830
Query_1	1491_SWQY01000001.1	94.749	419	22	0	2	420	67633	66377	0.0	830
Query_1	1491_SWPW01000028.1	94.749	419	22	0	2	420	9796	11052	0.0	830
Query_1	1491_SWNH01000002.1	94.988	419	21	0	2	420	470753	472009	0.0	830
Query_1	1491_SGNU01000002.1	94.988	419	21	0	2	420	9282	8026	0.0	830
Query_1	1491_SGNT01000012.1	94.988	419	21	0	2	420	35736	34480	0.0	830
Query_1	1491_SGMA01000011.1	94.988	419	21	0	2	420	61081	62337	0.0	830
Query_1	1491_SGLZ01000012.1	94.988	419	21	0	2	420	35736	34480	0.0	830
Query_1	1491_SGLY01000013.1	94.988	419	21	0	2	420	61075	62331	0.0	830
Query_1	1491_SGKJ01000002.1	94.988	419	21	0	2	420	61141	62397	0.0	830
Query_1	1491_SGKI01000008.1	94.988	419	21	0	2	420	43896	45152	0.0	830
Query_1	1491_SGKH01000011.1	94.988	419	21	0	2	420	36178	34922	0.0	830
Query_1	1491_SGJJ01000005.1	94.749	419	22	0	2	420	245788	244532	0.0	830
Query_1	1491_CP013849.1	94.749	419	22	0	2	420	1020516	1021772	0.0	830
Query_1	1491_CP013849.1	48.056	360	177	5	68	418	2277007	2275931	2.57e-97	330
Query_1	1491_MWJF01000015.1	94.988	419	21	0	2	420	35594	34338	0.0	830
Query_1	1491_CP013247.1	94.749	419	22	0	2	420	3582711	3583967	0.0	830
Query_1	1491_CP013247.1	48.056	360	177	5	68	418	927556	926480	2.57e-97	330
Query_1	1491_LFPL01000025.1	94.749	419	22	0	2	420	14724	15980	0.0	830
Query_1	1491_LAGN01000010.1	94.988	419	21	0	2	420	43936	45192	0.0	830
Query_1	1491_CP014151.1	94.749	419	22	0	2	420	1021278	1022534	0.0	830
Query_1	1491_CP014151.1	48.333	360	176	5	68	418	2231963	2230887	1.45e-98	333
Query_1	1491_MWJA01000007.1	94.749	419	22	0	2	420	43606	42350	0.0	830
Query_1	1491_CABMIC010000009.1	94.511	419	23	0	2	420	479605	480861	0.0	828
Query_1	1491_CABMIC010000009.1	47.778	360	178	5	68	418	1675413	1674337	6.92e-97	328
Query_1	1491_SXAE01000002.1	94.511	419	23	0	2	420	206266	205010	0.0	828
Query_1	1491_SXDX01000001.1	94.511	419	23	0	2	420	585267	584011	0.0	828
Query_1	1491_SWRJ01000001.1	94.511	419	23	0	2	420	445209	446465	0.0	828
Query_1	1491_SWRK01000001.1	94.511	419	23	0	2	420	1506799	1505543	0.0	828
Query_1	1491_SWRK01000001.1	48.611	360	175	5	68	418	317248	318324	6.70e-99	334
Query_1	1491_SXBI01000001.1	94.749	419	22	0	2	420	61483	60227	0.0	828
Query_1	1491_SXBX01000002.1	94.749	419	22	0	2	420	209522	208266	0.0	828
Query_1	1491_QVOC01000583.1	94.737	418	22	0	3	420	25027	23774	0.0	828
Query_1	1491_CP027776.1	94.033	419	25	0	2	420	3026853	3028109	0.0	827
Query_1	1491_CP027776.1	49.008	353	170	5	75	418	2851551	2850496	9.64e-98	331
Query_1	1491_CP013243.1	91.866	418	33	1	3	420	1304718	1303468	0.0	806
Query_1	1491_CP013243.1	48.611	360	175	5	68	418	4368845	4369921	7.67e-99	334
Query_1	1491_JFGD01000449.1	95.349	387	18	0	2	388	1163	3	0.0	769
Query_1	1491_SGJO01000040.1	85.680	419	59	1	2	420	32378	31125	0.0	761
Query_1	1491_SGJP01000023.1	85.680	419	59	1	2	420	30156	31409	0.0	761
Query_1	1491_SXFS01000049.1	69.512	410	115	4	12	419	23236	22031	0.0	588
Query_1	1491_SXFS01000049.1	62.304	382	133	2	39	419	24838	23723	7.96e-159	506
Query_1	1491_SXFN01000016.1	69.512	410	115	4	12	419	5231	4026	0.0	588
Query_1	1491_SXFN01000016.1	62.304	382	133	2	39	419	6833	5718	8.19e-159	506
Query_1	1491_SXFN01000016.1	65.507	345	118	1	76	419	9207	8173	9.25e-150	481
Query_1	1491_SXAB01000007.1	69.512	410	115	4	12	419	112421	111216	0.0	588
Query_1	1491_SXAB01000007.1	62.304	382	133	2	39	419	114023	112908	1.65e-158	506
Query_1	1491_SXAB01000007.1	65.507	345	118	1	76	419	116364	115330	9.29e-150	481
Query_1	1491_SWYZ01000085.1	69.512	410	115	4	12	419	2069	3274	0.0	588
Query_1	1491_SWYZ01000085.1	62.042	382	134	2	39	419	467	1582	1.13e-158	506
Query_1	1491_SWWD01000060.1	69.512	410	115	4	12	419	11167	9962	0.0	588
Query_1	1491_SWWD01000060.1	62.304	382	133	2	39	419	12769	11654	7.67e-159	506
Query_1	1491_SWWA01000001.1	69.512	410	115	4	12	419	713981	712776	0.0	588
Query_1	1491_SWWA01000001.1	62.304	382	133	2	39	419	715583	714468	8.26e-159	506
Query_1	1491_SWWA01000001.1	65.507	345	118	1	76	419	717940	716906	9.33e-150	481
Query_1	1491_SWVZ01000012.1	69.512	410	115	4	12	419	62303	61098	0.0	588
Query_1	1491_SWVZ01000012.1	62.304	382	133	2	39	419	63905	62790	8.20e-159	506
Query_1	1491_SWVZ01000012.1	65.507	345	118	1	76	419	66278	65244	9.26e-150	481
Query_1	1491_SWVX01000010.1	69.512	410	115	4	12	419	7919	6714	0.0	588
Query_1	1491_SWVX01000010.1	62.042	382	134	2	39	419	9521	8406	1.24e-158	506
Query_1	1491_SWVX01000010.1	65.507	345	118	1	76	419	11795	10761	9.26e-150	481
Query_1	1491_SWVV01000086.1	69.512	410	115	4	12	419	2016	3221	0.0	588
Query_1	1491_SWVV01000086.1	62.042	382	134	2	39	419	414	1529	1.13e-158	506
Query_1	1491_SWVB01000001.1	69.512	410	115	4	12	419	364758	363553	0.0	588
Query_1	1491_SWVB01000001.1	62.304	382	133	2	39	419	366360	365245	8.26e-159	506
Query_1	1491_SWVB01000001.1	65.507	345	118	1	76	419	368718	367684	9.32e-150	481
Query_1	1491_SWUZ01000015.1	69.512	410	115	4	12	419	5345	4140	0.0	588
Query_1	1491_SWUZ01000015.1	62.304	382	133	2	39	419	6947	5832	8.19e-159	506
Query_1	1491_SWUZ01000015.1	65.507	345	118	1	76	419	9321	8287	9.25e-150	481
Query_1	1491_SWUM01000008.1	69.512	410	115	4	12	419	91117	92322	0.0	588
Query_1	1491_SWUM01000008.1	62.304	382	133	2	39	419	89515	90630	8.23e-159	506
Query_1	1491_SWUM01000008.1	65.507	345	118	1	76	419	87158	88192	9.30e-150	481
Query_1	1491_SWPI01000112.1	69.512	410	115	4	12	419	5239	4034	0.0	588
Query_1	1491_SWPI01000112.1	62.304	382	133	2	39	419	6841	5726	2.95e-159	506
Query_1	1491_SWOP01000008.1	69.512	410	115	4	12	419	80844	79639	0.0	588
Query_1	1491_SWOP01000008.1	62.304	382	133	2	39	419	82446	81331	1.65e-158	506
Query_1	1491_SWOP01000008.1	64.928	345	120	1	76	419	84783	83749	1.66e-148	477
Query_1	1491_SWOK01000017.1	69.512	410	115	4	12	419	7914	6709	0.0	588
Query_1	1491_SWOK01000017.1	62.042	382	134	2	39	419	9516	8401	1.23e-158	506
Query_1	1491_SWOK01000017.1	65.507	345	118	1	76	419	11890	10856	9.20e-150	481
Query_1	1491_LFQX01000008.1	69.512	410	115	4	12	419	713931	712726	0.0	588
Query_1	1491_LFQX01000008.1	62.304	382	133	2	39	419	715533	714418	8.26e-159	506
Query_1	1491_LFQX01000008.1	65.507	345	118	1	76	419	717890	716856	9.33e-150	481
Query_1	1491_LFPE01000064.1	69.512	410	115	4	12	419	713905	712700	0.0	588
Query_1	1491_LFPE01000064.1	62.304	382	133	2	39	419	715507	714392	8.26e-159	506
Query_1	1491_LFPE01000064.1	65.507	345	118	1	76	419	717864	716830	9.33e-150	481
Query_1	1491_SXGN01000022.1	69.268	410	116	4	12	419	20136	18931	0.0	587
Query_1	1491_SXGN01000022.1	62.304	382	133	2	39	419	21738	20623	8.14e-159	506
Query_1	1491_SXGN01000022.1	65.217	345	119	1	76	419	24094	23060	2.23e-149	479
Query_1	1491_SXFB01000007.1	69.268	410	116	4	12	419	91322	92527	0.0	587
Query_1	1491_SXFB01000007.1	62.042	382	134	2	39	419	89720	90835	1.52e-158	506
Query_1	1491_SXFB01000007.1	65.217	345	119	1	76	419	87363	88397	1.22e-148	477
