Query_1	84753_DF830068.1	99.655	290	1	0	1	290	1170983	1170114	2.74e-157	496
Query_1	84753_OOIQ01000001.1	99.655	290	1	0	1	290	1177679	1176810	2.74e-157	496
Query_1	5599_KV441508.1	46.835	158	81	1	104	258	37891	38364	1.25e-19	100
Query_1	5507_WESS01000200.1	43.605	172	93	2	104	275	33469	33972	2.01e-19	99.4
Query_1	5599_LPVP01000015.1	46.835	158	81	1	104	258	41004	41477	3.37e-19	99.0
Query_1	5580_QZBF01000534.1	45.665	173	90	3	107	277	599	1111	5.59e-18	95.1
Query_1	746128_QCYI01000005.1	41.935	186	100	3	104	284	2249558	2249010	1.14e-17	94.4
Query_1	5599_VZUP01000003.1	41.935	186	100	3	104	284	2867673	2867125	1.14e-17	94.4
Query_1	5599_VEOK01000003.1	41.935	186	100	3	104	284	2857631	2857083	1.14e-17	94.4
Query_1	5599_WIRD01000003.1	41.935	186	100	3	104	284	2891504	2890956	1.14e-17	94.4
Query_1	5599_LSHC01000468.1	41.935	186	100	3	104	284	19347	19895	4.04e-17	92.8
Query_1	61235_MTPY01000068.1	39.037	187	108	2	104	287	4305	3754	5.96e-17	92.0
Query_1	5599_SJDQ01000603.1	44.304	158	85	1	104	258	1307	1780	9.09e-17	91.7
Query_1	5599_VEOJ01000003.1	44.304	158	85	1	104	258	420972	421445	9.17e-17	91.7
Query_1	5599_PDXD01000011.1	39.891	183	108	1	104	284	694482	693934	8.07e-16	89.0
Query_1	5599_BJEP01000003.1	39.891	183	108	1	104	284	2880411	2879863	8.07e-16	89.0
Query_1	5599_LMXP01000003.1	39.891	183	108	1	104	284	447121	447669	8.07e-16	89.0
Query_1	5580_QZAS01000023.1	42.941	170	94	2	107	275	82289	82792	2.22e-15	87.4
Query_1	61235_QGEB01000013.1	41.096	146	86	0	106	251	122825	122388	4.06e-15	86.7
Query_1	5580_QZAO01000703.1	47.945	146	75	1	107	251	8474	8037	5.60e-15	86.3
Query_1	5580_QZBE01000125.1	47.945	146	75	1	107	251	53911	54348	5.66e-15	86.3
Query_1	5580_QZBL01000024.1	47.945	146	75	1	107	251	51938	52375	8.53e-15	85.9
Query_1	61235_QJGT01000015.1	40.411	146	87	0	106	251	161583	162020	1.18e-13	82.4
Query_1	61235_QOHM01000003.1	40.411	146	87	0	106	251	274365	274802	1.19e-13	82.4
Query_1	5580_QZBD01000521.1	46.243	173	89	3	107	277	823	1335	1.89e-12	79.0
Query_1	29917_NOXB01000017.1	42.342	111	63	1	106	216	749128	749457	4.22e-12	72.0
Query_1	29917_NOXB01000017.1	35.821	67	41	1	219	285	749463	749657	4.22e-12	28.9
Query_1	5580_QZCA01000129.1	50.515	97	47	1	106	202	22605	22892	1.87e-11	59.3
Query_1	5580_QZCA01000129.1	46.552	58	31	0	203	260	22951	23124	1.87e-11	39.3
Query_1	5580_QZBD01000160.1	46.667	105	55	1	106	210	23352	23041	2.24e-11	53.1
Query_1	5580_QZBD01000160.1	50.000	58	29	0	203	260	23006	22833	2.24e-11	45.4
Query_1	5580_KZ851818.1	49.206	63	32	0	198	260	102741	102929	2.67e-11	51.2
Query_1	5580_KZ851818.1	50.000	84	41	1	106	189	102410	102658	2.67e-11	46.6
Query_1	5580_QZBR01000079.1	49.485	97	48	1	106	202	46169	45882	3.84e-11	60.1
Query_1	5580_QZBR01000079.1	44.262	61	34	0	200	260	45832	45650	3.84e-11	37.7
Query_1	5580_QZBJ01000086.1	49.485	97	48	1	106	202	44846	44559	3.84e-11	60.1
Query_1	5580_QZBJ01000086.1	44.262	61	34	0	200	260	44509	44327	3.84e-11	37.7
Query_1	5580_QZBQ01000182.1	49.485	97	48	1	106	202	7310	7597	3.90e-11	60.1
Query_1	5580_QZBQ01000182.1	44.262	61	34	0	200	260	7647	7829	3.90e-11	37.7
Query_1	5580_QZBP01000834.1	49.485	97	48	1	106	202	7243	7530	4.04e-11	60.1
Query_1	5580_QZBP01000834.1	44.262	61	34	0	200	260	7580	7762	4.04e-11	37.7
Query_1	5580_QZAI01002523.1	49.485	97	48	1	106	202	1836	1549	4.15e-11	60.1
Query_1	5580_QZAI01002523.1	44.262	61	34	0	200	260	1499	1317	4.15e-11	37.7
Query_1	5580_QZAQ01002782.1	49.485	97	48	1	106	202	1767	1480	4.20e-11	60.1
Query_1	5580_QZAQ01002782.1	44.262	61	34	0	200	260	1430	1248	4.20e-11	37.7
Query_1	5580_QZAT01000067.1	49.485	97	48	1	106	202	43030	42743	4.42e-11	53.9
Query_1	5580_QZAT01000067.1	50.000	58	29	0	203	260	42684	42511	4.42e-11	43.5
Query_1	5580_QZAL01000123.1	49.485	97	48	1	106	202	31078	31365	4.48e-11	53.9
Query_1	5580_QZAL01000123.1	50.000	58	29	0	203	260	31424	31597	4.48e-11	43.5
Query_1	5580_LVWM01000184.1	49.485	97	48	1	106	202	16555	16842	4.56e-11	53.9
Query_1	5580_LVWM01000184.1	50.000	58	29	0	203	260	16901	17074	4.56e-11	43.5
Query_1	5580_QZAE01000344.1	49.485	97	48	1	106	202	22840	22553	4.59e-11	53.9
Query_1	5580_QZAE01000344.1	50.000	58	29	0	203	260	22494	22321	4.59e-11	43.5
Query_1	5580_QZCB01000648.1	49.485	97	48	1	106	202	7095	6808	4.65e-11	53.9
Query_1	5580_QZCB01000648.1	50.000	58	29	0	203	260	6749	6576	4.65e-11	43.5
Query_1	5580_QZBU01000870.1	49.485	97	48	1	106	202	5250	5537	4.72e-11	53.9
Query_1	5580_QZBU01000870.1	50.000	58	29	0	203	260	5596	5769	4.72e-11	43.5
Query_1	5580_QZAU01001453.1	49.485	97	48	1	106	202	3503	3216	4.78e-11	53.9
Query_1	5580_QZAU01001453.1	50.000	58	29	0	203	260	3157	2984	4.78e-11	43.5
Query_1	5516_PVEM01000006.1	33.514	185	119	2	106	287	1474783	1475334	6.53e-11	74.3
Query_1	5516_LT598660.1	33.514	185	119	2	106	287	4945442	4945993	8.46e-11	73.9
Query_1	5507_WGQP01000147.1	40.496	121	72	0	131	251	12717	13079	1.40e-10	73.2
Query_1	5507_WGRU01000032.1	40.496	121	72	0	131	251	75701	76063	1.40e-10	73.2
Query_1	5580_QZBC01000109.1	48.485	132	68	0	120	251	34977	35372	1.86e-10	72.8
Query_1	5507_WETZ01000001.1	36.464	181	109	2	108	284	1021293	1020757	2.03e-10	72.8
Query_1	5580_QZAR01000097.1	47.945	146	75	1	107	251	17331	16894	2.14e-10	72.8
Query_1	5580_QZBB01000246.1	49.485	97	48	1	106	202	8566	8279	2.49e-10	53.5
Query_1	5580_QZBB01000246.1	48.276	58	30	0	203	260	8220	8047	2.49e-10	41.2
Query_1	5580_QZAH01001393.1	49.315	146	73	1	107	251	6043	5606	2.68e-10	72.4
Query_1	5580_QZBT01000055.1	44.509	173	92	3	107	277	96828	97340	2.85e-10	72.4
Query_1	5580_LVWM01000057.1	49.485	97	48	1	106	202	23015	23302	2.86e-10	53.1
Query_1	5580_LVWM01000057.1	48.276	58	30	0	203	260	23361	23534	2.86e-10	41.6
Query_1	5580_QZAH01000107.1	51.613	93	44	1	106	198	7512	7787	3.03e-10	53.5
Query_1	5580_QZAH01000107.1	48.276	58	30	0	203	260	7858	8031	3.03e-10	41.2
Query_1	5580_QZAJ01000289.1	51.613	93	44	1	106	198	7256	7531	3.03e-10	53.5
Query_1	5580_QZAJ01000289.1	48.276	58	30	0	203	260	7602	7775	3.03e-10	41.2
Query_1	29917_NOXB01000002.1	48.125	160	76	2	104	260	38516	38049	3.44e-10	72.0
Query_1	5580_QZAU01000515.1	47.260	146	76	1	107	251	566	1003	3.45e-10	72.0
Query_1	5580_QZAT01000061.1	47.260	146	76	1	107	251	81713	82150	3.55e-10	72.0
Query_1	5580_LVWM01000263.1	49.315	146	73	1	107	251	17433	16996	3.86e-10	72.0
Query_1	5580_KZ851817.1	45.455	154	77	2	104	253	4236474	4236022	5.40e-10	71.6
Query_1	1105325_LUKN01002551.1	33.529	170	80	3	104	241	3869	4375	5.82e-10	71.2
Query_1	5580_QZBG01000127.1	49.485	97	48	1	106	202	7414	7701	7.76e-10	53.9
Query_1	5580_QZBG01000127.1	46.552	58	31	0	203	260	7760	7933	7.76e-10	39.3
Query_1	5580_QZBN01000158.1	49.485	97	48	1	106	202	27933	27646	7.93e-10	53.9
Query_1	5580_QZBN01000158.1	46.552	58	31	0	203	260	27587	27414	7.93e-10	39.3
Query_1	5580_QZBK01000864.1	49.485	97	48	1	106	202	9760	9473	8.05e-10	53.9
Query_1	5580_QZBK01000864.1	46.552	58	31	0	203	260	9414	9241	8.05e-10	39.3
Query_1	5580_QZAX01000620.1	49.485	97	48	1	106	202	13374	13087	8.07e-10	53.9
Query_1	5580_QZAX01000620.1	46.552	58	31	0	203	260	13028	12855	8.07e-10	39.3
Query_1	5580_QZBM01000411.1	49.485	97	48	1	106	202	22154	21867	8.11e-10	53.9
Query_1	5580_QZBM01000411.1	46.552	58	31	0	203	260	21808	21635	8.11e-10	39.3
Query_1	5580_QZAF01000545.1	49.315	146	73	1	107	251	523	960	8.28e-10	70.9
Query_1	5507_WGPG01000078.1	35.811	148	95	0	104	251	67437	67880	9.06e-10	70.9
Query_1	5507_WGRZ01000130.1	35.811	148	95	0	104	251	71710	72153	9.09e-10	70.9
Query_1	5507_MRCZ01000001.1	35.811	148	95	0	104	251	654032	653589	9.13e-10	70.9
Query_1	5580_QZAK01000075.1	49.485	97	48	1	106	202	57355	57642	1.03e-09	53.5
Query_1	5580_QZAK01000075.1	46.552	58	31	0	203	260	57701	57874	1.03e-09	39.3
Query_1	5580_QZAN01000121.1	49.485	97	48	1	106	202	31538	31825	1.04e-09	53.5
Query_1	5580_QZAN01000121.1	46.552	58	31	0	203	260	31884	32057	1.04e-09	39.3
Query_1	5580_QZBV01000208.1	49.485	97	48	1	106	202	22805	23092	1.05e-09	53.5
Query_1	5580_QZBV01000208.1	46.552	58	31	0	203	260	23151	23324	1.05e-09	39.3
Query_1	5580_QZAZ01000038.1	46.575	146	77	1	107	251	74825	75262	1.05e-09	70.5
Query_1	5580_QZBC01000198.1	49.485	97	48	1	106	202	919	1206	1.05e-09	53.5
Query_1	5580_QZBC01000198.1	46.552	58	31	0	203	260	1265	1438	1.05e-09	39.3
Query_1	5580_QZBS01000436.1	49.485	97	48	1	106	202	8307	8020	1.07e-09	53.5
Query_1	5580_QZBS01000436.1	46.552	58	31	0	203	260	7961	7788	1.07e-09	39.3
Query_1	5580_QZAP01001040.1	49.485	97	48	1	106	202	8863	8576	1.09e-09	53.5
Query_1	5580_QZAP01001040.1	46.552	58	31	0	203	260	8517	8344	1.09e-09	39.3
Query_1	5580_LVWM01000091.1	48.485	132	68	0	120	251	23040	23435	1.44e-09	70.1
Query_1	5507_WGQA01000069.1	39.669	121	73	0	131	251	122756	122394	1.60e-09	70.1
Query_1	5580_QZBW01000090.1	47.260	146	76	1	107	251	32068	32505	1.62e-09	70.1
Query_1	5580_QZBG01000565.1	46.575	146	77	1	107	251	596	1033	1.67e-09	70.1
Query_1	5580_QNUU01000107.1	44.375	160	86	2	120	278	13577	13104	1.76e-09	70.1
Query_1	5580_QZAM01000094.1	49.485	97	48	1	106	202	45873	46160	2.13e-09	53.9
Query_1	5580_QZAM01000094.1	44.828	58	32	0	203	260	46219	46392	2.13e-09	37.7
Query_1	5580_QZAI01003002.1	50.000	132	66	0	120	251	2540	2145	2.16e-09	69.3
Query_1	5580_KZ851825.1	37.615	109	51	1	130	221	1376479	1376153	2.28e-09	67.8
Query_1	5580_KZ851825.1	39.394	33	20	0	217	249	1376117	1376019	2.28e-09	23.9
Query_1	5580_QZAY01000140.1	46.575	146	77	1	107	251	32308	32745	2.29e-09	69.7
Query_1	5507_WEVN01004313.1	37.190	121	76	0	131	251	3191	2829	2.44e-09	69.3
Query_1	5507_WGRY01001928.1	39.669	121	73	0	131	251	2835	3197	2.61e-09	69.3
Query_1	5580_QZAO01000414.1	49.485	97	48	1	106	202	7381	7668	2.64e-09	53.9
Query_1	5580_QZAO01000414.1	44.828	58	32	0	203	260	7727	7900	2.64e-09	37.7
Query_1	5507_WETC01002067.1	37.190	121	76	0	131	251	6646	6284	2.64e-09	69.3
Query_1	5507_WESH01001389.1	37.190	121	76	0	131	251	9263	9625	2.64e-09	69.3
Query_1	5507_JNNQ01001104.1	39.669	121	73	0	131	251	100987	100625	2.67e-09	69.3
Query_1	5507_WESO01000129.1	37.190	121	76	0	131	251	100682	101044	2.69e-09	69.3
Query_1	5507_WGPE01001245.1	37.190	121	76	0	131	251	10252	10614	2.70e-09	69.3
Query_1	5507_WGPZ01000980.1	37.190	121	76	0	131	251	2336	2698	2.71e-09	69.3
Query_1	5507_WEYS01000001.1	37.190	121	76	0	131	251	1805	1443	2.76e-09	69.3
Query_1	5507_WETB01000315.1	37.190	121	76	0	131	251	25801	26163	2.76e-09	69.3
Query_1	5507_WIKY01000166.1	37.190	121	76	0	131	251	27766	27404	2.77e-09	69.3
Query_1	5507_WILC01000427.1	37.190	121	76	0	131	251	22558	22920	2.77e-09	69.3
Query_1	5507_WGQR01000178.1	37.190	121	76	0	131	251	47053	46691	2.78e-09	69.3
Query_1	5507_WGOX01000124.1	37.190	121	76	0	131	251	57526	57164	2.79e-09	69.3
Query_1	5507_WGPC01000019.1	37.190	121	76	0	131	251	81034	80672	2.79e-09	69.3
Query_1	5507_WIKW01000007.1	37.190	121	76	0	131	251	51111	50749	2.79e-09	69.3
Query_1	5507_WETP01000080.1	37.190	121	76	0	131	251	15543	15181	2.79e-09	69.3
Query_1	5507_WEWG01000063.1	37.190	121	76	0	131	251	86925	86563	2.80e-09	69.3
Query_1	5507_WEWH01000453.1	37.190	121	76	0	131	251	177583	177221	2.80e-09	69.3
Query_1	5507_WGRM01000037.1	37.190	121	76	0	131	251	31933	32295	2.80e-09	69.3
Query_1	5507_WEYP01000475.1	37.190	121	76	0	131	251	68113	67751	2.80e-09	69.3
Query_1	5580_QZBK01000603.1	48.630	146	74	1	107	251	555	992	2.85e-09	69.3
Query_1	5580_QZAY01000144.1	49.485	97	48	1	106	202	41012	40725	2.93e-09	53.5
Query_1	5580_QZAY01000144.1	44.828	58	32	0	203	260	40666	40493	2.93e-09	37.7
Query_1	5580_QZAZ01000127.1	49.485	97	48	1	106	202	35078	34791	2.94e-09	53.5
Query_1	5580_QZAZ01000127.1	44.828	58	32	0	203	260	34732	34559	2.94e-09	37.7
Query_1	5580_QZAR01000151.1	49.485	97	48	1	106	202	44346	44059	2.98e-09	53.5
Query_1	5580_QZAR01000151.1	44.828	58	32	0	203	260	44000	43827	2.98e-09	37.7
Query_1	5580_QZBA01000231.1	49.485	97	48	1	106	202	22393	22680	3.01e-09	53.5
Query_1	5580_QZBA01000231.1	44.828	58	32	0	203	260	22739	22912	3.01e-09	37.7
Query_1	5580_QZBT01000125.1	49.485	97	48	1	106	202	31673	31960	3.01e-09	53.5
Query_1	5580_QZBT01000125.1	44.828	58	32	0	203	260	32019	32192	3.01e-09	37.7
Query_1	5507_WGPO01000295.1	39.669	121	73	0	131	251	9959	10321	3.06e-09	69.3
Query_1	5507_WGPT01000221.1	39.669	121	73	0	131	251	32306	31944	3.06e-09	69.3
Query_1	5507_WGRE01000072.1	39.669	121	73	0	131	251	64482	64844	3.08e-09	69.3
Query_1	5507_WGQK01000123.1	39.669	121	73	0	131	251	71441	71803	3.09e-09	69.3
Query_1	5507_WGRH01000135.1	39.669	121	73	0	131	251	71552	71914	3.09e-09	69.3
Query_1	5507_WGQW01000091.1	39.669	121	73	0	131	251	67391	67753	3.09e-09	69.3
Query_1	5507_WGRG01000053.1	39.669	121	73	0	131	251	67671	68033	3.10e-09	69.3
Query_1	5507_QUWZ01000019.1	39.669	121	73	0	131	251	149205	149567	3.10e-09	69.3
Query_1	5507_QUXA01000018.1	39.669	121	73	0	131	251	149205	149567	3.10e-09	69.3
Query_1	5507_MRDA01000001.1	39.669	121	73	0	131	251	1905590	1905228	3.10e-09	69.3
Query_1	5580_QZBZ01000029.1	48.630	146	74	1	107	251	124619	125056	3.12e-09	69.3
Query_1	5507_WGQF01000083.1	39.669	121	73	0	131	251	67501	67863	3.12e-09	69.3
Query_1	5507_MALU01000108.1	39.669	121	73	0	131	251	267998	268360	3.13e-09	69.3
Query_1	5580_QZBY01000292.1	49.485	97	48	1	106	202	11429	11716	3.19e-09	53.5
Query_1	5580_QZBY01000292.1	44.828	58	32	0	203	260	11775	11948	3.19e-09	37.7
Query_1	5580_QZBI01000356.1	49.485	97	48	1	106	202	6796	7083	3.24e-09	53.5
Query_1	5580_QZBI01000356.1	43.750	64	36	0	197	260	7124	7315	3.24e-09	37.7
Query_1	5580_QZAV01000118.1	49.485	97	48	1	106	202	41756	41469	3.28e-09	53.5
Query_1	5580_QZAV01000118.1	44.828	58	32	0	203	260	41410	41237	3.28e-09	37.7
Query_1	5580_QZAP01001855.1	47.727	132	69	0	120	251	615	1010	3.40e-09	68.9
Query_1	5580_QZAJ01000496.1	48.630	146	74	1	107	251	17396	16959	3.51e-09	68.9
Query_1	5580_QZAS01000069.1	51.685	89	42	1	106	194	41829	41566	3.64e-09	50.8
Query_1	5580_QZAS01000069.1	45.000	60	33	0	203	262	41483	41304	3.64e-09	40.0
Query_1	5580_QZBB01000304.1	49.315	146	73	1	107	251	534	971	3.84e-09	68.9
Query_1	5580_QZBS01000084.1	48.630	146	74	1	107	251	35553	35990	3.94e-09	68.9
Query_1	5580_QZAN01000085.1	47.727	132	69	0	120	251	73973	74368	4.26e-09	68.9
Query_1	5580_QZBZ01000101.1	49.485	97	48	1	106	202	43382	43095	4.48e-09	53.9
Query_1	5580_QZBZ01000101.1	44.643	56	31	0	205	260	43030	42863	4.48e-09	37.0
Query_1	5580_QZBH01000002.1	48.630	146	74	1	107	251	6233	5796	5.22e-09	68.6
Query_1	5507_WGPW01000648.1	37.190	121	76	0	131	251	15462	15100	5.46e-09	68.6
Query_1	5507_WGPL01000042.1	37.190	121	76	0	131	251	99364	99726	5.57e-09	68.6
Query_1	5507_WGOH01000017.1	37.190	121	76	0	131	251	275600	275962	5.57e-09	68.6
Query_1	5580_QNUU01000069.1	48.454	97	49	1	106	202	93111	93398	7.50e-09	52.4
Query_1	5580_QNUU01000069.1	44.828	58	32	0	203	260	93457	93630	7.50e-09	37.7
Query_1	1105325_LUKN01001669.1	31.754	211	97	4	104	267	51445	50813	8.21e-09	67.8
Query_1	5580_QZBO01000280.1	48.454	97	49	1	106	202	11998	11711	8.50e-09	52.0
Query_1	5580_QZBO01000280.1	44.828	58	32	0	203	260	11652	11479	8.50e-09	37.7
Query_1	5580_QZBX01000121.1	48.454	97	49	1	106	202	47059	46772	8.70e-09	52.0
Query_1	5580_QZBX01000121.1	44.828	58	32	0	203	260	46713	46540	8.70e-09	37.7
Query_1	5580_QZAG01000144.1	48.454	97	49	1	106	202	22919	22632	9.09e-09	52.0
Query_1	5580_QZAG01000144.1	44.828	58	32	0	203	260	22573	22400	9.09e-09	37.7
Query_1	5507_WGPP01000308.1	38.843	121	74	0	131	251	9920	10282	1.33e-08	67.4
Query_1	5580_QZBI01001535.1	47.727	132	69	0	120	251	6036	5641	1.33e-08	67.0
Query_1	5507_WGPQ01000037.1	38.843	121	74	0	131	251	81932	81570	1.34e-08	67.4
Query_1	5507_WGPK01000067.1	38.843	121	74	0	131	251	95244	94882	1.34e-08	67.4
Query_1	5507_MRCY01000011.1	38.843	121	74	0	131	251	12673	13035	1.35e-08	67.4
Query_1	5507_NJBW01000071.1	38.843	121	74	0	131	251	630768	630406	1.35e-08	67.4
Query_1	5580_QZBF01000065.1	49.485	97	48	1	106	202	7396	7683	1.39e-08	53.5
Query_1	5580_QZBF01000065.1	43.103	58	33	0	203	260	7742	7915	1.39e-08	35.4
Query_1	48100_KZ478109.1	35.484	186	112	3	104	284	2811115	2810567	1.46e-08	67.0
Query_1	48100_CP022026.1	35.484	186	112	3	104	284	2825377	2824829	1.46e-08	67.0
Query_1	5580_QZBE01000105.1	47.423	97	50	1	106	202	33133	32846	1.54e-08	49.3
Query_1	5580_QZBE01000105.1	46.552	58	31	0	203	260	32787	32614	1.54e-08	39.3
Query_1	5507_WEUS01001113.1	36.364	121	77	0	131	251	19325	19687	1.90e-08	66.6
Query_1	5507_WEWF01000160.1	36.364	121	77	0	131	251	9372	9734	1.93e-08	66.6
Query_1	5507_WEWA01000126.1	36.364	121	77	0	131	251	89104	88742	1.93e-08	66.6
Query_1	5507_WEUL01000095.1	36.364	121	77	0	131	251	114287	114649	1.94e-08	66.6
Query_1	5507_WEXZ01000020.1	36.364	121	77	0	131	251	211355	211717	1.94e-08	66.6
Query_1	5507_WEXW01009753.1	35.537	121	78	0	131	251	637	999	2.05e-08	66.2
Query_1	5507_WEVP01008539.1	35.537	121	78	0	131	251	922	560	2.08e-08	66.2
Query_1	5580_QZBU01000851.1	47.260	146	76	1	107	251	1623	1186	2.56e-08	66.2
Query_1	5507_WEUW01000839.1	35.537	121	78	0	131	251	2581	2943	2.57e-08	66.2
Query_1	5507_WEUQ01009383.1	35.537	121	78	0	131	251	533	171	2.61e-08	65.9
Query_1	5580_QZAL01000076.1	47.260	146	76	1	107	251	88776	89213	2.76e-08	66.2
Query_1	5507_RBCG01000292.1	35.537	121	78	0	131	251	49962	49600	2.87e-08	66.2
Query_1	5507_WEXK01000011.1	35.537	121	78	0	131	251	419762	419400	2.90e-08	66.2
Query_1	5507_WESG01000003.1	35.537	121	78	0	131	251	307995	307633	2.90e-08	66.2
Query_1	5507_WEXB01000310.1	35.537	121	78	0	131	251	6921	6559	2.93e-08	66.2
Query_1	5507_WIKU01000045.1	35.537	121	78	0	131	251	23597	23959	3.08e-08	66.2
Query_1	5507_WEVU01000105.1	35.537	121	78	0	131	251	127085	127447	3.09e-08	66.2
Query_1	5507_WGQB01000063.1	35.537	121	78	0	131	251	121060	121422	3.09e-08	66.2
Query_1	5507_WEYD01000004.1	35.537	121	78	0	131	251	327299	326937	3.09e-08	66.2
Query_1	5507_WEUT01000006.1	35.537	121	78	0	131	251	302535	302173	3.10e-08	66.2
Query_1	5507_WESM01001837.1	32.432	148	100	0	104	251	1811	1368	4.02e-08	65.5
Query_1	5580_QZAX01001803.1	49.242	132	67	0	120	251	878	1273	4.03e-08	65.5
Query_1	5507_WEYC01016089.1	35.537	121	78	0	131	251	493	855	4.74e-08	63.9
Query_1	5507_WEXH01000726.1	36.364	121	77	0	131	251	2095	1733	5.04e-08	65.5
Query_1	5507_WEWC01001541.1	32.432	148	100	0	104	251	1152	1595	6.60e-08	65.1
Query_1	5507_WEXL01002392.1	32.432	148	100	0	104	251	8874	8431	6.64e-08	65.1
Query_1	5507_WGRK01000242.1	32.432	148	100	0	104	251	21666	22109	7.18e-08	65.1
Query_1	5580_QZBN01000451.1	49.242	132	67	0	120	251	585	980	7.55e-08	65.1
Query_1	5580_QZAE01000531.1	49.242	132	67	0	120	251	789	1184	7.56e-08	65.1
Query_1	5580_QZBA01000117.1	49.242	132	67	0	120	251	41350	40955	7.74e-08	65.1
Query_1	5580_QZCA01000198.1	47.945	146	75	1	107	251	32100	31663	9.09e-08	64.7
Query_1	5580_QZBP01001974.1	45.977	174	90	3	107	278	665	1180	9.34e-08	64.7
Query_1	5580_QZBJ01000122.1	45.977	174	90	3	107	278	27615	28130	1.05e-07	64.7
Query_1	5580_QZBQ01000126.1	45.977	174	90	3	107	278	27631	28146	1.06e-07	64.7
Query_1	5580_QZBR01000045.1	45.977	174	90	3	107	278	161991	161476	1.06e-07	64.7
Query_1	5580_QZBM01000342.1	47.260	146	76	1	107	251	582	1019	1.07e-07	64.3
Query_1	5507_WILF01007163.1	35.537	121	78	0	131	251	1953	1591	1.13e-07	63.9
Query_1	5580_QZCB01001270.1	49.242	132	67	0	120	251	2476	2081	1.15e-07	64.3
Query_1	5507_WIKZ01002565.1	35.537	121	78	0	131	251	3613	3251	1.18e-07	64.3
Query_1	5507_RBCA01000043.1	32.432	148	100	0	104	251	183081	182638	1.27e-07	64.3
Query_1	5507_WEYW01000088.1	35.537	121	78	0	131	251	163	525	1.36e-07	63.9
Query_1	5507_WEXJ01001032.1	35.537	121	78	0	131	251	4694	4332	1.37e-07	63.9
Query_1	5507_WEUU01000131.1	35.537	121	78	0	131	251	44623	44985	1.45e-07	63.9
Query_1	5507_WESI01000056.1	35.537	121	78	0	131	251	3226	2864	1.45e-07	63.9
Query_1	5507_WEWS01000259.1	35.537	121	78	0	131	251	46156	45794	1.45e-07	63.9
Query_1	5507_WESW01000226.1	35.537	121	78	0	131	251	10070	10432	1.45e-07	63.9
Query_1	5507_WEUB01000147.1	35.537	121	78	0	131	251	62420	62782	1.46e-07	63.9
Query_1	5507_WETH01000077.1	35.537	121	78	0	131	251	21564	21926	1.46e-07	63.9
Query_1	5507_WEVT01000569.1	35.537	121	78	0	131	251	65491	65853	1.46e-07	63.9
Query_1	5507_WEYF01000093.1	35.537	121	78	0	131	251	126868	127230	1.46e-07	63.9
Query_1	5507_WEYR01000073.1	35.537	121	78	0	131	251	153107	153469	1.46e-07	63.9
Query_1	5507_WEYT01000058.1	35.537	121	78	0	131	251	109257	109619	1.46e-07	63.9
Query_1	5507_WEXQ01000036.1	35.537	121	78	0	131	251	289433	289795	1.46e-07	63.9
Query_1	5507_WEYB01000001.1	35.537	121	78	0	131	251	267832	267470	1.46e-07	63.9
Query_1	5507_WEXA01000019.1	35.537	121	78	0	131	251	224867	224505	1.46e-07	63.9
Query_1	5507_WEXF01000006.1	35.537	121	78	0	131	251	288554	288916	1.46e-07	63.9
Query_1	5507_WEWI01000432.1	35.537	121	78	0	131	251	14157	14519	1.46e-07	63.9
Query_1	5507_WEXV01000002.1	35.537	121	78	0	131	251	226751	227113	1.46e-07	63.9
Query_1	5507_WEVH01000019.1	35.537	121	78	0	131	251	109263	109625	1.46e-07	63.9
Query_1	5507_WEZA01005041.1	35.537	121	78	0	131	251	541	179	1.60e-07	63.5
Query_1	5507_WEXO01010209.1	35.537	121	78	0	131	251	450	88	1.67e-07	63.5
Query_1	5507_WEWQ01000190.1	35.537	121	78	0	131	251	23571	23209	1.69e-07	63.9
Query_1	5507_WEVX01000470.1	35.537	121	78	0	131	251	29773	29411	1.69e-07	63.9
Query_1	5507_WESF01000147.1	32.432	148	100	0	104	251	23707	24150	1.70e-07	63.9
Query_1	5507_WETU01000116.1	32.432	148	100	0	104	251	86551	86108	1.70e-07	63.9
Query_1	5507_WETO01000091.1	32.432	148	100	0	104	251	55562	56005	1.70e-07	63.9
Query_1	5507_WEUI01000027.1	32.432	148	100	0	104	251	55450	55893	1.71e-07	63.9
Query_1	5507_WESK01000011.1	32.432	148	100	0	104	251	841435	840992	1.71e-07	63.9
Query_1	5580_QZAM01000111.1	47.260	146	76	1	107	251	22031	21594	1.71e-07	63.9
Query_1	5507_WEXC01000475.1	35.537	121	78	0	131	251	4073	4435	1.71e-07	63.9
Query_1	5507_WGQH01000077.1	35.537	121	78	0	131	251	38348	38710	1.72e-07	63.9
Query_1	5507_WEXT01000042.1	35.537	121	78	0	131	251	131633	131995	1.72e-07	63.9
Query_1	5507_WEYG01000437.1	35.537	121	78	0	131	251	124047	123685	1.72e-07	63.9
Query_1	5507_WEUX01000009.1	35.537	121	78	0	131	251	87935	87573	1.72e-07	63.9
Query_1	5507_WGON01000992.1	35.537	121	78	0	131	251	5763	5401	1.77e-07	63.9
Query_1	5507_WGRS01000079.1	35.537	121	78	0	131	251	132188	132550	1.83e-07	63.9
Query_1	5507_WESP01003633.1	35.537	121	78	0	131	251	1634	1272	1.85e-07	63.5
Query_1	5507_WEVO01000359.1	35.537	121	78	0	131	251	1105	743	2.01e-07	63.5
Query_1	5507_WEVE01000069.1	35.537	121	78	0	131	251	6049	6411	2.29e-07	63.5
Query_1	5507_WEVA01000100.1	35.537	121	78	0	131	251	51821	51459	2.30e-07	63.5
Query_1	5507_WGPN01000094.1	35.537	121	78	0	131	251	92121	92483	2.30e-07	63.5
Query_1	5507_WGPN01000094.1	35.537	121	78	0	131	251	9086	8724	2.30e-07	63.5
Query_1	5507_WETA01000100.1	35.537	121	78	0	131	251	82064	82426	2.30e-07	63.5
Query_1	5507_WEXR01000110.1	35.537	121	78	0	131	251	2911	3273	2.30e-07	63.5
Query_1	5507_WEVI01000084.1	35.537	121	78	0	131	251	87582	87944	2.30e-07	63.5
Query_1	5507_WGOT01000022.1	35.537	121	78	0	131	251	100711	101073	2.30e-07	63.5
Query_1	5507_WEVZ01000063.1	35.537	121	78	0	131	251	213235	212873	2.30e-07	63.5
Query_1	5507_WESQ01000040.1	35.537	121	78	0	131	251	237746	237384	2.31e-07	63.5
Query_1	5507_WEVR01000030.1	35.537	121	78	0	131	251	28283	27921	2.31e-07	63.5
Query_1	5507_WETL01000012.1	35.537	121	78	0	131	251	232110	232472	2.31e-07	63.5
Query_1	5507_WGRL01000106.1	33.108	148	99	0	104	251	109067	109510	2.43e-07	63.5
Query_1	5507_WGQX01000103.1	33.108	148	99	0	104	251	101748	102191	2.43e-07	63.5
Query_1	5507_WGOW01000132.1	34.711	121	79	0	131	251	3054	3416	3.07e-07	63.2
Query_1	5507_WGQL01000077.1	34.711	121	79	0	131	251	70019	69657	3.08e-07	63.2
Query_1	5507_WGQG01000005.1	34.711	121	79	0	131	251	48774	49136	3.09e-07	63.2
Query_1	5507_WGRW01000001.1	34.711	121	79	0	131	251	618916	618554	3.09e-07	63.2
Query_1	5507_MTPZ01000001.1	34.711	121	79	0	131	251	1414326	1414688	3.09e-07	63.2
Query_1	5507_WGQZ01000042.1	35.537	121	78	0	131	251	64945	64583	3.38e-07	63.2
Query_1	5507_WGRA01000002.1	35.537	121	78	0	131	251	583043	582681	3.38e-07	63.2
Query_1	5507_WGQU01000002.1	35.537	121	78	0	131	251	637043	636681	3.38e-07	63.2
Query_1	5507_WGQV01000003.1	35.537	121	78	0	131	251	637272	636910	3.38e-07	63.2
Query_1	5580_QZBV01000155.1	46.575	146	77	1	107	251	41549	41986	3.51e-07	62.8
Query_1	5580_QZBO01000068.1	46.575	146	77	1	107	251	74913	75350	3.53e-07	62.8
Query_1	5580_QZAK01000057.1	46.575	146	77	1	107	251	75804	76241	3.53e-07	62.8
Query_1	5580_QZAG01001693.1	46.575	146	77	1	107	251	5615	5178	3.73e-07	62.8
Query_1	5507_WESS01007153.1	35.537	121	78	0	131	251	1473	1111	3.99e-07	62.4
Query_1	5580_QZBX01000099.1	48.485	132	68	0	120	251	17877	17482	4.47e-07	62.8
Query_1	5580_QZAV01000116.1	46.970	132	70	0	120	251	33295	33690	4.97e-07	62.4
Query_1	5580_QZAQ01001465.1	48.485	132	68	0	120	251	6140	5745	5.05e-07	62.4
Query_1	5507_WEUV01000280.1	35.537	121	78	0	131	251	27775	27413	5.39e-07	62.4
Query_1	5507_WEUZ01000064.1	35.537	121	78	0	131	251	32906	32544	5.42e-07	62.4
Query_1	5507_WEXM01000043.1	35.537	121	78	0	131	251	283652	284014	5.43e-07	62.4
Query_1	5507_WEYY01000439.1	35.537	121	78	0	131	251	19720	19358	5.43e-07	62.4
Query_1	5507_WGPV01000692.1	34.711	121	79	0	131	251	18345	17983	5.43e-07	62.4
Query_1	5507_WEVJ01002985.1	35.537	121	78	0	131	251	836	1198	6.94e-07	62.0
Query_1	5507_WEVD01002570.1	35.537	121	78	0	131	251	6452	6090	7.07e-07	62.0
Query_1	5507_WEWZ01000319.1	35.537	121	78	0	131	251	9660	10022	7.28e-07	62.0
Query_1	5507_WEWM01000142.1	35.537	121	78	0	131	251	53637	53275	7.63e-07	62.0
Query_1	5507_WEYL01000507.1	35.537	121	78	0	131	251	31630	31992	7.64e-07	62.0
Query_1	5507_WEUH01000072.1	35.537	121	78	0	131	251	1309	1671	7.65e-07	62.0
Query_1	5507_WETN01000097.1	35.537	121	78	0	131	251	71410	71048	7.66e-07	62.0
Query_1	5507_WEUJ01000070.1	35.537	121	78	0	131	251	154538	154176	7.66e-07	62.0
Query_1	5507_WEUP01000054.1	35.537	121	78	0	131	251	227680	228042	7.67e-07	62.0
Query_1	5507_WEYK01000009.1	35.537	121	78	0	131	251	305329	305691	7.67e-07	62.0
Query_1	5507_WEXS01000375.1	35.537	121	78	0	131	251	220993	220631	7.67e-07	62.0
Query_1	5507_WETR01000010.1	35.537	121	78	0	131	251	297994	298356	7.67e-07	62.0
Query_1	5507_WGOL01000187.1	35.537	121	78	0	131	251	41001	40639	8.57e-07	61.6
Query_1	5507_WGOQ01000238.1	35.537	121	78	0	131	251	29746	30108	8.76e-07	61.6
Query_1	5507_WEYV01001169.1	34.746	118	77	0	131	248	12462	12815	1.00e-06	61.6
Query_1	5507_WETM01000126.1	35.537	121	78	0	131	251	105970	105608	1.02e-06	61.6
Query_1	5507_WGOM01000260.1	35.537	121	78	0	131	251	22418	22056	1.13e-06	61.2
Query_1	5507_WGOR01000038.1	35.537	121	78	0	131	251	212200	212562	1.59e-06	60.8
Query_1	5507_WETS01005824.1	34.711	121	79	0	131	251	3136	2774	1.70e-06	60.5
Query_1	5507_WGOI01000354.1	35.537	121	78	0	131	251	5195	5557	1.77e-06	60.8
Query_1	5507_WGOO01000217.1	35.537	121	78	0	131	251	44253	43891	2.12e-06	60.5
Query_1	5507_WGOP01000008.1	35.537	121	78	0	131	251	262515	262877	2.14e-06	60.5
Query_1	5507_WEVY01000150.1	34.711	121	79	0	131	251	17622	17984	2.56e-06	60.5
Query_1	5507_RBJF01000030.1	34.711	121	79	0	131	251	78777	79139	2.56e-06	60.5
Query_1	5507_WEWJ01000068.1	34.711	121	79	0	131	251	148325	147963	2.56e-06	60.5
Query_1	5507_RBCF01000070.1	34.711	121	79	0	131	251	94887	95249	2.56e-06	60.5
Query_1	5507_WILB01000064.1	34.711	121	79	0	131	251	259196	259558	2.57e-06	60.5
Query_1	5507_WEWK01000020.1	34.711	121	79	0	131	251	12683	13045	2.57e-06	60.5
Query_1	5507_WEWB01000032.1	34.711	121	79	0	131	251	12788	13150	2.57e-06	60.5
Query_1	5507_WEWE01000022.1	34.711	121	79	0	131	251	35886	36248	2.57e-06	60.5
Query_1	5507_WEVV01000050.1	34.711	121	79	0	131	251	211985	212347	2.57e-06	60.5
Query_1	5507_WILA01000019.1	34.711	121	79	0	131	251	289912	290274	2.57e-06	60.5
Query_1	5507_WEXN01000025.1	34.711	121	79	0	131	251	290122	290484	2.57e-06	60.5
Query_1	5507_WEYE01000057.1	41.509	106	62	0	146	251	50403	50720	2.65e-06	60.1
Query_1	5507_WEWL01000020.1	41.509	106	62	0	146	251	305607	305290	2.66e-06	60.1
Query_1	117187_CM010996.1	41.509	106	62	0	146	251	2690853	2690536	2.66e-06	60.1
Query_1	5507_WETQ01000714.1	29.054	148	105	0	104	251	21282	20839	3.04e-06	60.1
Query_1	5507_WEXD01000142.1	29.054	148	105	0	104	251	20874	20431	3.09e-06	60.1
Query_1	5507_WEXE01000511.1	29.054	148	105	0	104	251	63836	63393	3.10e-06	60.1
Query_1	5507_WEWD01000365.1	34.711	121	79	0	131	251	74397	74759	3.31e-06	60.1
Query_1	5507_WEYU01001009.1	34.815	135	88	0	114	248	3325	3729	3.36e-06	59.7
Query_1	5507_WESY01000793.1	34.711	121	79	0	131	251	2909	3271	3.41e-06	60.1
Query_1	5507_WEUC01000353.1	34.711	121	79	0	131	251	5304	4942	3.43e-06	60.1
Query_1	5507_WETT01000488.1	34.711	121	79	0	131	251	26768	26406	3.44e-06	60.1
Query_1	5507_MRCX01000733.1	34.711	121	79	0	131	251	5961	5599	3.61e-06	59.7
Query_1	5580_QZBA01000159.1	40.000	95	56	1	104	198	36746	37027	3.70e-06	53.5
Query_1	5580_QZBA01000159.1	50.000	28	13	1	190	217	37053	37133	3.70e-06	26.9
Query_1	5507_WEUD01000707.1	34.711	121	79	0	131	251	11980	12342	3.84e-06	59.7
Query_1	5507_WGPX01000332.1	34.711	121	79	0	131	251	1171	1533	3.85e-06	59.7
Query_1	5507_WEVF01000251.1	34.711	121	79	0	131	251	6763	6401	3.86e-06	59.7
Query_1	5507_WEUA01000028.1	34.711	121	79	0	131	251	130020	130382	3.88e-06	59.7
Query_1	5507_WEYI01000029.1	34.711	121	79	0	131	251	102010	101648	3.89e-06	59.7
Query_1	5507_FMJY01000010.1	34.711	121	79	0	131	251	2453268	2452906	3.90e-06	59.7
Query_1	5507_WGPR01000513.1	34.711	121	79	0	131	251	17179	16817	3.93e-06	59.7
Query_1	5580_QZBY01000528.1	47.059	136	72	0	120	255	17319	16912	4.34e-06	59.7
Query_1	5507_WEUF01002351.1	34.711	121	79	0	131	251	3072	3434	4.64e-06	59.3
Query_1	5507_WGQY01001407.1	34.711	121	79	0	131	251	3382	3020	4.72e-06	59.3
Query_1	5507_WGOJ01000707.1	34.711	121	79	0	131	251	1188	1550	4.78e-06	59.3
Query_1	5507_WEWR01000901.1	34.711	121	79	0	131	251	2044	1682	4.79e-06	59.3
Query_1	5507_WGRQ01001591.1	34.711	121	79	0	131	251	5302	5664	4.79e-06	59.3
Query_1	5507_WGOG01000477.1	34.711	121	79	0	131	251	9906	10268	4.81e-06	59.3
Query_1	117187_CM010974.1	40.566	106	63	0	146	251	2629843	2629526	4.85e-06	59.3
Query_1	5507_WGQE01000256.1	34.711	121	79	0	131	251	59106	58744	4.85e-06	59.3
Query_1	5507_WGOZ01000648.1	34.711	121	79	0	131	251	9970	10332	4.92e-06	59.3
Query_1	5507_WGOV01000374.1	34.711	121	79	0	131	251	33409	33047	4.96e-06	59.3
Query_1	5507_WGOS01000129.1	34.711	121	79	0	131	251	29121	29483	4.98e-06	59.3
Query_1	5507_WGOY01000159.1	34.711	121	79	0	131	251	4429	4791	4.98e-06	59.3
Query_1	5507_WGRO01000099.1	34.711	121	79	0	131	251	47989	47627	4.99e-06	59.3
Query_1	5507_WGPD01000151.1	34.711	121	79	0	131	251	29154	29516	4.99e-06	59.3
Query_1	5507_WGRN01000122.1	34.711	121	79	0	131	251	2592	2230	5.00e-06	59.3
Query_1	5507_WGRX01000116.1	34.711	121	79	0	131	251	12348	11986	5.00e-06	59.3
Query_1	5507_WGPJ01000054.1	34.711	121	79	0	131	251	31007	31369	5.01e-06	59.3
Query_1	5507_WGQQ01000098.1	34.711	121	79	0	131	251	29942	30304	5.01e-06	59.3
Query_1	5507_WGPA01000070.1	34.711	121	79	0	131	251	29154	29516	5.01e-06	59.3
Query_1	5507_WGPB01000061.1	34.711	121	79	0	131	251	29154	29516	5.01e-06	59.3
Query_1	5507_WGOU01000075.1	34.711	121	79	0	131	251	29327	29689	5.01e-06	59.3
Query_1	5507_WGPM01000048.1	34.711	121	79	0	131	251	85507	85869	5.01e-06	59.3
Query_1	5507_WGRF01000071.1	34.711	121	79	0	131	251	125451	125813	5.01e-06	59.3
Query_1	5507_WGRV01000052.1	34.711	121	79	0	131	251	89249	88887	5.01e-06	59.3
Query_1	5507_WGQC01000058.1	34.711	121	79	0	131	251	85555	85917	5.01e-06	59.3
Query_1	5507_WGRT01000053.1	34.711	121	79	0	131	251	174359	174721	5.01e-06	59.3
Query_1	5507_WGRR01000047.1	34.711	121	79	0	131	251	12544	12182	5.01e-06	59.3
Query_1	117187_CM010985.1	40.566	106	63	0	146	251	3043257	3042940	5.21e-06	59.3
Query_1	5507_WEXY01002217.1	34.711	121	79	0	131	251	1571	1209	5.34e-06	59.3
Query_1	5580_QZBD01000113.1	38.947	95	57	1	104	198	16209	16490	5.39e-06	49.7
Query_1	5580_QZBD01000113.1	29.577	71	33	1	198	251	16537	16749	5.39e-06	30.4
Query_1	5507_WGPY01000325.1	34.711	121	79	0	131	251	31628	31990	5.44e-06	59.3
Query_1	5507_WETG01000015.1	34.711	121	79	0	131	251	172919	172557	5.49e-06	59.3
Query_1	5507_WEVK01000627.1	34.711	121	79	0	131	251	31298	30936	5.64e-06	59.3
Query_1	5507_WEXX01000835.1	34.711	121	79	0	131	251	15619	15981	5.64e-06	59.3
Query_1	5507_WEZE01000102.1	34.711	121	79	0	131	251	9932	10294	5.65e-06	59.3
Query_1	5507_WEVS01000130.1	34.711	121	79	0	131	251	70209	70571	5.67e-06	59.3
Query_1	5507_WEVW01000166.1	34.711	121	79	0	131	251	9509	9147	5.67e-06	59.3
Query_1	5507_WEYM01000553.1	34.711	121	79	0	131	251	15661	16023	5.67e-06	59.3
Query_1	5507_WEVL01000114.1	34.711	121	79	0	131	251	95150	94788	5.68e-06	59.3
Query_1	5507_WEUR01000128.1	34.711	121	79	0	131	251	48234	47872	5.68e-06	59.3
Query_1	5507_WGRB01000122.1	34.711	121	79	0	131	251	31675	32037	5.68e-06	59.3
Query_1	5507_WIKV01000126.1	34.711	121	79	0	131	251	70397	70035	5.68e-06	59.3
Query_1	5507_WEWN01000089.1	34.711	121	79	0	131	251	95226	94864	5.69e-06	59.3
Query_1	5507_WGRC01000004.1	34.711	121	79	0	131	251	490884	490522	5.70e-06	59.3
Query_1	5507_WGOK01000210.1	34.711	121	79	0	131	251	33824	33462	6.23e-06	59.3
Query_1	5507_WGQN01000131.1	34.711	121	79	0	131	251	70860	71222	6.27e-06	59.3
Query_1	5507_WGRD01000019.1	34.711	121	79	0	131	251	218349	218711	6.29e-06	59.3
Query_1	5507_WETE01006703.1	34.711	121	77	1	131	251	469	825	6.96e-06	58.5
Query_1	5507_WESL01001240.1	38.525	122	69	1	136	251	6875	6510	7.34e-06	58.9
Query_1	5507_WESL01001240.1	31.395	86	59	0	131	216	7106	6849	0.52	43.9
Query_1	5580_QZBH01000325.1	38.947	95	57	1	104	198	3679	3960	9.14e-06	52.4
Query_1	5580_QZBH01000325.1	50.000	28	13	1	190	217	3986	4066	9.14e-06	26.9
Query_1	5507_WEUF01008276.1	33.884	121	80	0	131	251	850	488	1.33e-05	57.4
Query_1	5580_QZBL01000308.1	38.947	95	57	1	104	198	11524	11805	1.78e-05	51.6
Query_1	5580_QZBL01000308.1	53.846	26	11	1	192	217	11837	11911	1.78e-05	26.6
Query_1	5580_QZCB01000553.1	38.947	95	57	1	104	198	13419	13138	1.83e-05	52.8
Query_1	5580_QZCB01000553.1	50.000	28	13	1	190	217	13112	13032	1.83e-05	25.8
Query_1	5507_WETK01001499.1	31.081	148	102	0	104	251	14458	14015	1.86e-05	57.8
Query_1	5507_WEXU01000989.1	33.884	121	80	0	131	251	12943	13305	2.27e-05	57.4
Query_1	5507_WESJ01000176.1	33.884	121	80	0	131	251	8539	8901	2.29e-05	57.4
Query_1	5507_WETV01000492.1	33.884	121	80	0	131	251	12890	13252	2.31e-05	57.4
Query_1	5507_WGRI01000636.1	33.884	121	80	0	131	251	20795	20433	2.31e-05	57.4
Query_1	5507_WGPI01000436.1	33.884	121	80	0	131	251	4976	5338	2.33e-05	57.4
Query_1	5507_WEYO01000008.1	33.884	121	80	0	131	251	35619	35981	2.33e-05	57.4
Query_1	5507_WETW01000197.1	33.884	121	80	0	131	251	48767	48405	2.34e-05	57.4
Query_1	5507_WGPH01000091.1	33.884	121	80	0	131	251	54939	54577	2.35e-05	57.4
Query_1	5507_WGRP01000078.1	33.884	121	80	0	131	251	110971	111333	2.35e-05	57.4
Query_1	5507_WETX01000081.1	33.884	121	80	0	131	251	109826	110188	2.35e-05	57.4
Query_1	5507_WGQO01000018.1	33.884	121	80	0	131	251	203364	203726	2.35e-05	57.4
Query_1	5507_WGQO01000018.1	33.884	121	80	0	131	251	54984	54622	2.35e-05	57.4
Query_1	5507_WEWV01000039.1	33.884	121	80	0	131	251	44395	44033	2.35e-05	57.4
Query_1	5507_WGPF01000007.1	33.884	121	80	0	131	251	151803	152165	2.35e-05	57.4
Query_1	5507_WGQJ01000001.1	33.884	121	80	0	131	251	625327	624965	2.36e-05	57.4
Query_1	5507_WEUE01007495.1	37.736	106	66	0	146	251	1617	1300	3.41e-05	56.6
Query_1	5507_WEUG01000324.1	33.884	121	80	0	131	251	10768	10406	3.53e-05	56.6
Query_1	5580_QZAK01000130.1	38.947	95	57	1	104	198	32386	32105	3.56e-05	52.0
Query_1	5580_QZAK01000130.1	52.000	25	11	1	193	217	32070	31999	3.56e-05	25.4
Query_1	5580_QZCA01000072.1	40.206	97	53	2	104	198	52228	52509	3.59e-05	51.6
Query_1	5580_QZCA01000072.1	50.000	28	13	1	190	217	52535	52615	3.59e-05	25.8
Query_1	5580_QZBW01000115.1	38.947	95	57	1	104	198	52094	52375	3.63e-05	50.4
Query_1	5580_QZBW01000115.1	53.846	26	11	1	192	217	52407	52481	3.63e-05	26.6
Query_1	5580_QZAT01000115.1	40.000	95	56	1	104	198	25982	25701	4.37e-05	53.5
Query_1	5580_QZAT01000115.1	48.000	25	12	1	193	217	25666	25595	4.37e-05	23.5
Query_1	5580_QZBN01000031.1	40.000	95	56	1	104	198	35771	36052	4.45e-05	53.5
Query_1	5580_QZBN01000031.1	48.000	25	12	1	193	217	36087	36158	4.45e-05	23.5
Query_1	5580_QZBF01000227.1	40.000	95	56	1	104	198	18377	18658	4.51e-05	53.5
Query_1	5580_QZBF01000227.1	48.000	25	12	1	193	217	18693	18764	4.51e-05	23.5
Query_1	5580_QZAX01000283.1	40.000	95	56	1	104	198	15483	15764	4.57e-05	53.5
Query_1	5580_QZAX01000283.1	48.000	25	12	1	193	217	15799	15870	4.57e-05	23.5
Query_1	5580_QZAU01000675.1	40.000	95	56	1	104	198	13320	13039	4.63e-05	53.5
Query_1	5580_QZAU01000675.1	48.000	25	12	1	193	217	13004	12933	4.63e-05	23.5
Query_1	5507_WGOF01000147.1	33.884	121	80	0	131	251	34177	33815	4.87e-05	56.2
Query_1	5507_WGPS01003317.1	38.017	121	75	0	131	251	8136	7774	4.93e-05	56.2
Query_1	5580_QZAM01000151.1	40.000	95	56	1	104	198	37914	37633	5.44e-05	54.7
Query_1	5580_QZAM01000151.1	48.000	25	12	1	193	217	37598	37527	5.44e-05	21.9
Query_1	5507_WGRJ01000652.1	38.017	121	75	0	131	251	9915	10277	5.55e-05	56.2
Query_1	5507_PXUO01000103.1	38.017	121	75	0	131	251	51435	51797	5.63e-05	56.2
Query_1	5507_PXUN01000042.1	38.017	121	75	0	131	251	75203	74841	5.64e-05	56.2
Query_1	5507_VLJC01000034.1	38.017	121	75	0	131	251	238119	237757	5.65e-05	56.2
Query_1	5507_MSJJ02000467.1	38.017	121	75	0	131	251	260144	260506	5.65e-05	56.2
Query_1	5580_LVWM01000106.1	38.947	95	57	1	104	198	28292	28011	9.12e-05	52.8
Query_1	5580_LVWM01000106.1	48.000	25	12	1	193	217	27976	27905	9.12e-05	23.5
Query_1	5580_QZAF01000068.1	41.053	95	55	1	104	198	40548	40829	9.29e-05	55.5
Query_1	5580_QZBC01000044.1	40.000	95	56	1	104	198	56942	57223	1.00e-04	53.5
Query_1	5580_QZBC01000044.1	48.000	25	12	1	193	217	57258	57329	1.00e-04	21.9
Query_1	5580_QZAJ01000047.1	40.000	95	56	1	104	198	38595	38876	1.01e-04	53.5
Query_1	5580_QZAJ01000047.1	48.000	25	12	1	193	217	38911	38982	1.01e-04	21.9
Query_1	5580_QZBO01000144.1	40.000	95	56	1	104	198	53233	53514	1.02e-04	53.5
Query_1	5580_QZBO01000144.1	48.000	25	12	1	193	217	53549	53620	1.02e-04	21.9
Query_1	5580_QZAN01000179.1	40.000	95	56	1	104	198	22758	23039	1.03e-04	53.5
Query_1	5580_QZAN01000179.1	48.000	25	12	1	193	217	23074	23145	1.03e-04	21.9
Query_1	5580_QZBS01000170.1	40.000	95	56	1	104	198	20356	20637	1.03e-04	53.5
Query_1	5580_QZBS01000170.1	48.000	25	12	1	193	217	20672	20743	1.03e-04	21.9
Query_1	5580_QZBV01000280.1	40.000	95	56	1	104	198	10070	10351	1.04e-04	53.5
Query_1	5580_QZBV01000280.1	48.000	25	12	1	193	217	10386	10457	1.04e-04	21.9
Query_1	5580_QZBG01000254.1	40.000	95	56	1	104	198	20328	20609	1.04e-04	53.5
Query_1	5580_QZBG01000254.1	48.000	25	12	1	193	217	20644	20715	1.04e-04	21.9
Query_1	5580_QZAP01000029.1	36.842	95	59	1	104	198	22597	22878	1.32e-04	51.2
Query_1	5580_QZAP01000029.1	52.000	25	11	1	193	217	22913	22984	1.32e-04	23.9
Query_1	5580_QZBW01000377.1	50.515	97	47	1	106	202	13816	13529	1.38e-04	55.1
Query_1	5580_QZBU01005331.1	38.144	97	55	2	104	198	796	1077	1.40e-04	49.7
Query_1	5580_QZBU01005331.1	53.846	26	11	1	192	217	1109	1183	1.40e-04	25.8
Query_1	5580_QZBL01000215.1	50.515	97	47	1	106	202	22543	22256	1.47e-04	55.1
Query_1	5580_QZAF01000135.1	50.515	97	47	1	106	202	41008	40721	1.48e-04	55.1
Query_1	5580_QZAH01001678.1	39.175	97	54	2	104	198	1120	1401	1.82e-04	49.3
Query_1	5580_QZAH01001678.1	50.000	28	13	1	190	217	1427	1507	1.82e-04	25.8
Query_1	5580_QZBZ01000120.1	39.175	97	54	2	104	198	37506	37787	1.92e-04	49.3
Query_1	5580_QZBZ01000120.1	52.000	25	11	1	193	217	37822	37893	1.92e-04	25.4
Query_1	5580_QZAR01000064.1	37.895	95	58	1	104	198	99509	99228	2.35e-04	52.4
Query_1	5580_QZAR01000064.1	48.000	25	12	1	193	217	99193	99122	2.35e-04	21.9
Query_1	5580_QZAE01000541.1	38.144	97	55	2	104	198	13366	13085	2.55e-04	47.4
Query_1	5580_QZAE01000541.1	50.000	28	13	1	190	217	13059	12979	2.55e-04	26.9
Query_1	5580_QZAQ01002605.1	40.000	95	56	1	104	198	1273	992	3.00e-04	53.5
Query_1	5507_WEVQ01015293.1	40.426	94	56	0	146	239	287	6	3.23e-04	52.8
Query_1	5580_QZBH01000215.1	49.485	97	48	1	106	202	28077	27790	3.34e-04	53.9
Query_1	5580_QZAZ01000313.1	38.947	95	57	1	104	198	4084	4365	3.92e-04	51.6
Query_1	5580_QZAZ01000313.1	48.000	25	12	1	193	217	4400	4471	3.92e-04	21.9
Query_1	5580_QNUU01000071.1	39.000	100	60	1	104	203	25427	25723	4.45e-04	53.5
Query_1	5507_WGOH01004716.1	38.372	86	53	0	148	233	259	2	4.92e-04	48.9
Query_1	5580_QZBM01000429.1	37.895	95	58	1	104	198	8580	8861	5.09e-04	50.1
Query_1	5580_QZBM01000429.1	48.000	25	12	1	193	217	8896	8967	5.09e-04	23.5
Query_1	5580_QZBE01000050.1	38.947	95	57	1	104	198	60106	60387	5.40e-04	51.2
Query_1	5580_QZBE01000050.1	48.000	25	12	1	193	217	60422	60493	5.40e-04	21.9
Query_1	5580_QZAO01000144.1	38.947	95	57	1	104	198	15505	15224	5.66e-04	51.2
Query_1	5580_QZAO01000144.1	48.000	25	12	1	193	217	15189	15118	5.66e-04	21.9
Query_1	89141_LUFE01000036.1	48.276	58	30	0	129	186	24385	24558	7.29e-04	52.8
Query_1	5507_WGQI01001465.1	37.190	121	76	0	131	251	4947	5309	8.81e-04	52.4
Query_1	5507_WGQT01000046.1	37.190	121	76	0	131	251	99764	99402	0.001	52.4
Query_1	5507_WGQM01000041.1	37.190	121	76	0	131	251	79329	79691	0.001	52.4
Query_1	5507_NJBU01000254.1	37.190	121	76	0	131	251	55643	56005	0.001	52.4
Query_1	5507_NJBV01000166.1	37.190	121	76	0	131	251	55646	56008	0.001	52.4
Query_1	5507_NJBT01000087.1	37.190	121	76	0	131	251	55695	56057	0.001	52.4
Query_1	5580_QZAL01000112.1	36.842	95	59	1	104	198	40004	40285	0.001	48.9
Query_1	5580_QZAL01000112.1	50.000	26	12	1	192	217	40317	40391	0.001	23.5
Query_1	5507_WGPU01000738.1	39.394	99	60	0	153	251	17625	17329	0.001	52.0
Query_1	5507_WGQD01000281.1	35.345	116	75	0	136	251	36251	35904	0.002	51.6
Query_1	5507_WGQS01000273.1	35.345	116	75	0	136	251	114	461	0.002	51.6
Query_1	5580_QZAS01000073.1	36.842	95	59	1	104	198	37996	37715	0.002	48.1
Query_1	5580_QZAS01000073.1	48.000	25	12	1	193	217	37680	37609	0.002	23.5
Query_1	5580_QZBT01000075.1	39.175	97	54	2	104	198	70609	70890	0.002	49.3
Query_1	5580_QZBT01000075.1	48.000	25	12	1	193	217	70925	70996	0.002	21.9
Query_1	5580_QZBB01000146.1	36.842	95	59	1	104	198	9613	9332	0.002	48.1
Query_1	5580_QZBB01000146.1	48.000	25	12	1	193	217	9297	9226	0.002	23.5
Query_1	5580_QZAG01000314.1	35.789	95	60	1	104	198	13909	14190	0.002	47.8
Query_1	5580_QZAG01000314.1	41.379	29	16	1	193	221	14225	14308	0.002	23.5
Query_1	5580_QZBI01001839.1	39.175	97	54	2	104	198	1117	1398	0.002	49.3
Query_1	5580_QZBI01001839.1	48.000	25	12	1	193	217	1433	1504	0.002	21.9
Query_1	5580_QZBY01000155.1	36.842	95	59	1	104	198	8536	8817	0.002	45.8
Query_1	5580_QZBY01000155.1	55.000	20	9	0	198	217	8864	8923	0.002	25.0
Query_1	5580_QZBX01000079.1	39.326	89	49	2	104	190	35643	35386	0.003	47.4
Query_1	5580_QZBX01000079.1	48.000	25	12	1	193	217	35327	35256	0.003	23.5
Query_1	5580_QZBP01002637.1	36.036	111	63	3	104	212	1698	2012	0.004	50.4
Query_1	5507_WETF01005607.1	30.882	136	91	1	131	263	727	1134	0.004	50.4
Query_1	5580_QZAV01000199.1	36.036	111	63	3	104	212	19026	19340	0.005	50.4
Query_1	5580_QZBQ01000088.1	36.036	111	63	3	104	212	40856	41170	0.005	50.4
Query_1	5580_QZBR01000028.1	36.036	111	63	3	104	212	40911	41225	0.005	50.4
Query_1	5580_QZBJ01000034.1	36.036	111	63	3	104	212	40951	41265	0.005	50.4
Query_1	5507_WEZD01030788.1	42.222	90	52	0	162	251	380	111	0.005	47.4
Query_1	89141_LUFE01000012.1	36.709	79	50	0	104	182	721680	721444	0.007	49.7
Query_1	5580_QZAY01000103.1	39.175	97	54	2	104	198	26213	25932	0.009	49.3
Query_1	5580_QZBK01000244.1	35.789	95	60	1	104	198	1152	1433	0.009	47.0
Query_1	5580_QZBK01000244.1	48.000	25	12	1	193	217	1468	1539	0.009	21.9
Query_1	5580_QZAI01002938.1	29.545	176	86	5	104	244	172	690	0.010	48.9
Query_1	5507_WEUM01006452.1	41.667	96	54	1	156	251	9777	10058	0.023	48.1
Query_1	5507_WEVM01003627.1	32.692	104	70	0	131	234	2219	1908	0.027	47.8
Query_1	1105325_LUKN01003067.1	33.945	109	65	3	104	209	4584	4270	0.061	46.6
Query_1	5507_WIKT01007139.1	42.222	90	52	0	162	251	2029	1760	0.067	46.2
Query_1	5507_WETY01010602.1	30.476	105	73	0	135	239	3169	2855	0.42	43.9
Query_1	5580_QZAK01000033.1	30.070	143	92	3	110	249	53924	53511	0.65	43.5
Query_1	29917_NOXB01000004.1	31.737	167	105	3	115	274	54482	54976	0.80	43.1
Query_1	5580_QZAP01000113.1	29.371	143	93	3	110	249	16564	16977	0.92	43.1
Query_1	40324_CABGDU010000833.1	28.788	198	99	8	107	282	2538	3071	4.2	40.8
Query_1	40324_CABGDU010000240.1	28.788	198	99	8	107	282	2538	3071	4.2	40.8
Query_1	40324_CABGBP010000670.1	28.788	198	99	8	107	282	3960	3427	4.5	40.8
Query_1	40324_CABGBP010000222.1	28.788	198	99	8	107	282	3960	3427	4.5	40.8
Query_1	40324_CABGEK010000575.1	28.788	198	99	8	107	282	686	153	4.6	40.8
Query_1	40324_CABGEK010000164.1	28.788	198	99	8	107	282	686	153	4.6	40.8
Query_1	40324_JVNZ01000091.1	28.788	198	99	8	107	282	12368	11835	4.6	40.8
Query_1	40324_NERE01000003.1	28.788	198	99	8	107	282	235944	235411	4.7	40.8
Query_1	40324_NEQW01000001.1	28.788	198	99	8	107	282	350366	350899	4.7	40.8
Query_1	40324_NEQP01000001.1	28.788	198	99	8	107	282	350366	350899	4.7	40.8
Query_1	5580_QZBE01000099.1	29.907	107	70	2	109	215	27679	27984	4.9	40.8
