Query_1	29443_SLZQ01000003.1	99.769	433	1	0	1	433	112649	111351	0.0	735
Query_1	29443_SLZQ01000003.1	74.695	328	83	0	1	328	379317	380300	4.25e-159	508
Query_1	29443_SLZQ01000003.1	73.684	57	14	1	377	433	114172	114005	5.80e-14	86.3
Query_1	29443_SLZQ01000003.1	25.692	253	167	7	58	297	127473	126739	7.73e-13	82.4
Query_1	29443_SLZQ01000003.1	27.652	264	174	7	47	297	115168	114389	2.18e-12	81.3
Query_1	29443_SLZQ01000003.1	24.498	249	167	7	58	293	75182	74460	7.70e-11	76.3
Query_1	29443_SLZQ01000003.1	62.712	59	19	2	377	433	74273	74100	2.75e-08	68.2
Query_1	29443_SLZQ01000001.1	70.886	395	112	1	39	433	311601	312776	3.46e-174	551
Query_1	1871049_PKDG01000004.1	67.586	290	92	2	39	327	56764	57630	1.53e-129	423
Query_1	1881_LT607411.1	53.827	392	149	5	39	428	1942759	1943844	5.17e-118	390
Query_1	1881_LT607411.1	30.081	123	68	4	141	250	6919437	6919084	9.7	40.8
Query_1	1877_NGNT01000001.1	50.639	391	164	4	39	428	407496	408584	3.34e-115	382
Query_1	1877_LT607413.1	50.639	391	164	4	39	428	4144244	4145332	3.35e-115	382
Query_1	1877_LT607413.1	40.304	263	148	6	39	295	6938366	6939145	2.18e-50	194
Query_1	1877_LT607413.1	37.786	262	156	4	39	293	5788922	5789707	7.68e-46	181
Query_1	1877_LT607413.1	33.898	236	134	5	66	293	5129373	5130038	1.33e-27	127
Query_1	1877_LT607413.1	26.829	123	82	4	53	172	1454271	1453918	0.018	49.7
Query_1	1877_LT607413.1	30.000	110	70	3	53	159	6094689	6095006	0.75	44.3
Query_1	103733_JNYO01000025.1	61.938	289	100	4	40	327	3791	4630	1.67e-114	380
Query_1	103733_CP034550.1	61.938	289	100	4	40	327	5772774	5771935	1.69e-114	380
Query_1	103733_CP034550.1	41.985	262	145	4	39	293	5090129	5089344	2.32e-51	197
Query_1	103733_CP034550.1	39.163	263	149	6	39	293	4252030	4252809	4.03e-43	173
Query_1	103733_CP034550.1	34.733	262	160	5	40	293	6927692	6928468	1.71e-37	156
Query_1	103733_CP034550.1	33.083	133	68	3	126	255	1273153	1272809	1.63e-19	75.9
Query_1	103733_CP034550.1	39.706	68	40	1	39	105	1273347	1273144	1.63e-19	50.8
Query_1	103733_CP034550.1	24.870	193	105	7	66	256	6974616	6975080	2.96e-04	55.5
Query_1	1877_VLJU01000004.1	49.872	391	167	4	39	428	1694794	1693706	1.29e-113	377
Query_1	1877_VLJU01000004.1	37.786	262	156	4	39	293	170435	169650	8.20e-46	181
Query_1	1877_VLJU01000004.1	34.746	236	132	5	66	293	856949	856284	1.17e-28	130
Query_1	1911_UHID01000009.1	61.379	290	111	1	39	327	644225	645094	5.39e-112	372
Query_1	103734_RJKM01000001.1	60.208	289	106	4	40	327	445935	446777	6.40e-110	367
Query_1	103734_RJKM01000001.1	41.288	264	147	5	39	294	8493478	8494269	1.95e-50	194
Query_1	103734_RJKM01000001.1	34.733	262	157	5	39	293	1499771	1500535	2.69e-37	156
Query_1	103734_RJKM01000001.1	40.310	258	140	7	39	290	4074786	4075535	4.14e-36	152
Query_1	103734_RJKM01000001.1	33.613	119	77	2	106	222	7937366	7937722	4.10e-07	55.5
Query_1	103734_RJKM01000001.1	38.095	42	26	0	39	80	7937235	7937360	4.10e-07	29.3
Query_1	1887_CP042594.1	58.131	289	120	1	40	327	2682386	2681520	9.14e-106	355
Query_1	1396_VTQW01000026.1	52.320	388	178	5	40	426	36829	35684	1.23e-104	351
Query_1	1892_JAAGMK010000240.1	45.226	398	183	4	40	433	77	1177	8.62e-101	340
Query_1	1892_JAAGMS010000263.1	45.477	398	182	4	40	433	303	1403	8.75e-101	340
Query_1	1892_JAAGNH010000939.1	45.477	398	182	4	40	433	70	1170	1.01e-100	340
Query_1	1892_CM003601.1	45.477	398	182	4	40	433	7269498	7268398	3.88e-100	338
Query_1	1892_JAAGLK010000289.1	44.975	398	184	4	40	433	5331	4231	5.33e-100	337
Query_1	1911_MDDK01000199.1	45.729	398	180	5	40	433	4681	5778	7.68e-99	334
Query_1	1911_LRMW01000062.1	45.729	398	180	5	40	433	80433	81530	8.75e-99	334
Query_1	1911_UAVD01000024.1	45.729	398	180	5	40	433	259042	257945	8.82e-99	334
Query_1	1911_FNTW01000001.1	45.729	398	180	5	40	433	1258717	1257620	8.84e-99	334
Query_1	1911_JAAGMI010000769.1	45.729	398	180	5	40	433	26	1123	1.59e-98	333
Query_1	1941_LWMQ01000001.1	44.888	401	181	5	40	433	913489	914592	1.84e-98	333
Query_1	1941_LWMP01000001.1	44.888	401	181	5	40	433	920497	921600	1.84e-98	333
Query_1	1911_JYBE02000001.1	44.888	401	181	5	40	433	923090	924193	1.84e-98	333
Query_1	2065_JNWZ01000097.1	47.222	396	198	5	40	432	8707	7544	1.43e-97	331
Query_1	66867_MUAX01000087.1	44.638	401	182	5	40	433	8410	7307	3.88e-97	330
Query_1	1852_JRZE01000001.1	52.069	290	137	2	39	327	447712	448578	1.89e-96	328
Query_1	1852_FOWS01000003.1	52.069	290	137	2	39	327	46870	46004	1.89e-96	328
Query_1	58117_FTNI01000003.1	46.465	396	190	6	40	432	100470	101600	8.87e-96	326
Query_1	2021_ONLN01000105.1	44.949	396	193	4	39	432	378	1496	2.74e-94	321
Query_1	2021_CADBTT010000018.1	44.949	396	193	4	39	432	7504	6386	2.91e-94	321
Query_1	2021_QGVG01000016.1	44.949	396	193	4	39	432	10406	11524	3.35e-94	321
Query_1	2021_JEMR01000030.1	44.949	396	193	4	39	432	36638	37756	3.35e-94	321
Query_1	208445_FNSO01000004.1	45.823	395	177	6	40	432	5162427	5163506	1.58e-91	313
Query_1	208445_FNSO01000004.1	41.825	263	140	6	39	293	4375364	4374591	1.10e-49	192
Query_1	208445_FNSO01000004.1	40.684	263	145	6	39	293	5110260	5109481	3.31e-42	170
Query_1	208445_FNSO01000004.1	38.745	271	152	6	39	301	6448070	6447276	6.72e-42	169
Query_1	208445_FNSO01000004.1	35.741	263	158	6	39	293	1881789	1881010	1.04e-35	151
Query_1	58343_KQ948325.1	54.296	291	130	3	39	327	24814	23945	1.88e-91	313
Query_1	58343_KQ948325.1	42.248	258	140	6	39	290	135601	136365	3.94e-53	202
Query_1	58343_KQ948325.1	50.000	58	28	1	377	433	23653	23480	4.27e-05	58.2
Query_1	2065_JNYE01000164.1	55.862	290	125	3	40	327	4774	3908	4.47e-91	312
Query_1	2065_JNYE01000164.1	59.649	57	22	1	377	432	3595	3425	5.15e-08	67.4
Query_1	58343_KQ948662.1	53.608	291	132	3	39	327	185693	186562	4.58e-91	312
Query_1	58343_KQ948662.1	42.248	258	140	6	39	290	64191	63427	2.57e-52	200
Query_1	58343_KQ948662.1	50.000	58	28	1	377	433	186854	187027	6.10e-06	60.8
Query_1	483545_JRUV01000266.1	42.677	396	204	4	39	432	2443	3567	9.18e-90	308
Query_1	483545_LIZN01000015.1	42.677	396	204	4	39	432	94442	93318	9.29e-90	308
Query_1	33910_JMQJ01000015.1	46.954	394	179	6	41	432	39636	40733	3.18e-89	307
Query_1	33910_JMQG01000103.1	46.954	394	179	6	41	432	134149	135246	3.21e-89	307
Query_1	33910_JMQG01000103.1	39.544	263	148	6	39	293	67623	66844	1.96e-41	168
Query_1	33910_JPRA01000032.1	46.954	394	179	6	41	432	96510	95413	3.22e-89	307
Query_1	33910_JPRA01000032.1	39.544	263	148	6	39	293	163036	163815	1.96e-41	168
Query_1	1893_JQJU01000021.1	53.448	290	132	3	40	327	27538	26672	9.14e-89	305
Query_1	1893_JQJU01000021.1	57.895	57	23	1	377	432	26368	26198	1.03e-08	69.7
Query_1	1892_JOEZ01000022.1	50.515	291	141	2	40	327	103068	103940	3.83e-87	301
Query_1	1892_JOEZ01000022.1	48.276	58	29	1	377	433	104232	104405	1.86e-05	59.3
Query_1	1892_JNXS01000022.1	50.515	291	141	2	40	327	103157	104029	3.83e-87	301
Query_1	1892_JNXS01000022.1	48.276	58	29	1	377	433	104321	104494	1.86e-05	59.3
Query_1	28214_SEGE01002281.1	47.423	291	151	2	39	328	674	1543	7.66e-87	285
Query_1	28214_SEGE01002836.1	47.079	291	152	2	39	328	154	1023	4.42e-86	281
Query_1	2030_QHKI01000015.1	52.265	287	105	3	41	327	39770	40534	3.85e-85	295
Query_1	1911_MDKB01000003.1	51.379	290	138	3	40	327	602860	603726	4.02e-85	295
Query_1	1911_MDKB01000003.1	56.140	57	24	1	377	432	604021	604191	2.29e-08	68.6
Query_1	2030_FWXV01000001.1	51.916	287	106	3	41	327	437468	436704	8.67e-85	294
Query_1	47763_CP017157.1	49.147	293	141	4	40	327	3654507	3653638	1.29e-83	291
Query_1	47763_JNZA01000004.1	49.829	293	139	4	40	327	11692	12561	3.62e-83	289
Query_1	47763_RDTD01000001.1	49.829	293	139	4	40	327	3851283	3852152	3.63e-83	289
Query_1	1934_MUME01000359.1	48.464	293	146	4	39	327	138	1013	1.33e-82	284
Query_1	1934_MUME01000359.1	50.877	57	27	1	377	432	1305	1475	9.70e-07	63.2
Query_1	67581_MSGP01000015.1	48.464	293	146	4	39	327	42994	43869	1.24e-81	285
Query_1	67581_MSGP01000015.1	49.123	57	28	1	377	432	44158	44328	1.06e-05	60.1
Query_1	47763_CP019457.1	49.147	293	141	4	40	327	739607	740476	3.39e-81	284
Query_1	28214_PAIS01000030.1	45.238	294	150	5	39	327	27668	28531	1.16e-78	276
Query_1	316_QFQO01000017.1	47.586	290	138	6	44	328	30963	31805	2.51e-78	275
Query_1	28214_SEGC01000151.1	46.021	289	153	3	40	327	5589	4729	4.83e-76	268
Query_1	28214_SEGF01000725.1	46.528	288	148	5	44	328	1474	620	6.98e-75	254
Query_1	589330_NMQT01000151.1	47.222	288	113	6	41	327	14718	13969	1.82e-73	261
Query_1	76021_MQUQ01000003.1	46.875	288	114	6	41	327	258821	258072	7.01e-72	257
Query_1	31958_CP016174.1	46.875	288	114	6	41	327	536870	537619	4.50e-71	254
Query_1	31958_CP016174.1	34.831	267	155	7	39	293	5280696	5279917	1.43e-34	148
Query_1	28214_QFNL01000002.1	44.291	289	148	5	41	328	159147	159977	2.27e-65	238
Query_1	28214_QFNL01000002.1	29.167	144	89	5	47	179	9565	9990	0.059	48.1
Query_1	1931_DOWQ01000722.1	51.777	197	94	1	40	235	7274	7864	1.03e-57	216
Query_1	33910_JMQG01000058.1	42.586	263	143	4	39	293	112831	113619	8.29e-53	201
Query_1	33910_JPRA01000105.1	42.586	263	143	4	39	293	21220	22008	8.30e-53	201
Query_1	33910_JMQJ01000085.1	42.586	263	143	4	39	293	112825	113613	8.30e-53	201
Query_1	2030_FWXV01000011.1	41.985	262	145	4	39	293	335789	335004	1.13e-51	198
Query_1	2030_FWXV01000011.1	29.134	127	69	5	66	179	349812	349456	0.72	44.7
Query_1	2030_QHKI01000144.1	41.762	261	145	4	40	293	6183	6965	1.99e-51	197
Query_1	103733_JNYO01000008.1	41.985	262	145	4	39	293	353688	354473	2.31e-51	197
Query_1	1877_NGNT01000002.1	40.304	263	148	6	39	295	433738	432959	2.18e-50	194
Query_1	1877_VLJU01000003.1	39.924	263	149	6	39	295	932668	933447	9.41e-50	192
Query_1	1877_VLJU01000003.1	27.642	123	81	4	53	172	3084857	3084504	0.005	51.6
Query_1	1877_VLJU01000003.1	30.909	110	69	3	53	159	127129	127446	0.12	47.0
Query_1	58117_FTNI01000030.1	40.996	261	146	5	39	294	31978	31205	3.63e-49	191
Query_1	2065_JNWZ01000041.1	40.684	263	147	5	39	295	3712	4491	4.18e-49	191
Query_1	84724_FOYL01000002.1	40.230	261	145	5	40	293	188518	189288	9.17e-49	189
Query_1	84724_FOYL01000002.1	37.023	262	151	7	40	293	943349	944116	9.73e-37	154
Query_1	2065_JNYE01000040.1	40.684	263	147	5	39	295	14300	13521	1.34e-48	189
Query_1	1877_NGNT01000007.1	37.786	262	156	4	39	293	147827	147042	7.66e-46	181
Query_1	1404_DFVC01000097.1	42.105	266	133	8	44	290	2131	2922	2.99e-45	179
Query_1	412384_LDUV01000042.1	42.481	266	132	8	44	290	2410	3201	3.02e-45	179
Query_1	412384_LDWN01000013.1	42.481	266	132	8	44	290	2474	1683	3.03e-45	179
Query_1	1404_NUKI01000091.1	42.481	266	132	8	44	290	2025	2816	3.24e-45	179
Query_1	1404_NUVO01000084.1	42.481	266	132	8	44	290	12298	11507	3.91e-45	179
Query_1	1404_SSWM01000016.1	42.105	266	133	8	44	290	134916	134125	4.07e-45	179
Query_1	1404_SSWM01000016.1	26.619	139	79	6	56	180	124232	123843	0.18	46.6
Query_1	1404_UFSS01000001.1	42.105	266	133	8	44	290	2143423	2142632	4.10e-45	179
Query_1	1404_UFSS01000001.1	36.410	195	119	4	56	247	709509	708931	2.47e-24	117
Query_1	1404_UFSS01000001.1	26.619	139	79	6	56	180	2132739	2132350	0.18	46.6
Query_1	1404_UFSS01000001.1	36.735	49	31	0	132	180	684291	684145	1.0	43.9
Query_1	1404_KN125581.1	42.105	266	133	8	44	290	4840642	4839851	4.10e-45	179
Query_1	1404_KN125581.1	34.440	241	140	4	66	290	2148874	2149590	2.06e-32	141
Query_1	1404_KN125581.1	36.410	195	119	4	56	247	3412027	3411449	2.47e-24	117
Query_1	1404_KN125581.1	26.619	139	79	6	56	180	4829958	4829569	0.18	46.6
Query_1	1404_KN125581.1	36.735	49	31	0	132	180	3386809	3386663	1.0	43.9
Query_1	1404_RYZX01000016.1	42.105	266	133	8	44	290	2361	3152	5.26e-45	179
Query_1	1404_RYZX01000016.1	26.619	139	79	6	56	180	12848	13237	0.36	45.4
Query_1	2030_QHKI01000046.1	39.689	257	143	6	39	290	41999	42748	5.29e-45	179
Query_1	2030_FWXV01000009.1	39.300	257	144	6	39	290	208821	208072	5.76e-45	178
Query_1	1404_PRKV01000012.1	42.007	269	135	8	44	293	32165	31365	1.18e-44	177
Query_1	1404_PRKV01000012.1	25.899	139	80	6	56	180	21315	20926	3.9	42.0
Query_1	1404_WTKH01000014.1	42.105	266	133	8	44	290	13936	13145	1.28e-44	177
Query_1	1404_WTKH01000014.1	26.619	139	79	6	56	180	3402	3013	0.35	45.4
Query_1	1404_NVLN01000011.1	42.105	266	133	8	44	290	2026	2817	1.42e-44	177
Query_1	1404_NVLN01000011.1	26.619	139	79	6	56	180	12429	12818	0.21	46.2
Query_1	1404_LDPJ01000010.1	42.105	266	133	8	44	290	1994	2785	1.50e-44	177
Query_1	1404_LDPJ01000010.1	26.619	139	79	6	56	180	12474	12863	0.18	46.6
Query_1	58117_FTNI01000060.1	39.245	265	150	6	39	295	1493	708	1.56e-44	177
Query_1	1404_NQLQ01000062.1	41.729	266	134	8	44	290	1917	2708	1.78e-44	177
Query_1	1404_PQWM01000055.1	42.105	266	133	8	44	290	15047	14256	2.00e-44	177
Query_1	412384_NUEC01000045.1	42.105	266	133	8	44	290	2631	1840	2.66e-44	176
Query_1	412384_JPIE01000019.1	42.105	266	133	8	44	290	2243	3034	2.66e-44	176
Query_1	412384_MVJH01000244.1	42.007	269	135	8	44	293	2759	3559	2.81e-44	176
Query_1	412384_NHZZ01000011.1	42.007	269	135	8	44	293	135403	134603	3.14e-44	176
Query_1	412384_NHZZ01000011.1	41.176	51	27	1	130	180	125330	125187	2.6	42.7
Query_1	412384_MCAN01000022.1	42.007	269	135	8	44	293	135830	135030	3.14e-44	176
Query_1	412384_MCAN01000022.1	41.176	51	27	1	130	180	125457	125314	2.6	42.7
Query_1	1404_VEAU01000008.1	42.105	266	133	8	44	290	2218	3009	3.29e-44	176
Query_1	1404_VEAU01000008.1	47.368	38	20	0	143	180	13116	13229	3.8	42.0
Query_1	1404_VEEA01000005.1	42.105	266	133	8	44	290	2231	3022	3.29e-44	176
Query_1	1404_VEEA01000005.1	28.058	139	77	6	56	180	12938	13327	0.057	48.1
Query_1	412384_LQQQ01000027.1	42.105	266	133	8	44	290	2481	1690	3.31e-44	176
Query_1	1404_CP023317.1	42.105	266	133	8	44	290	449637	450428	3.32e-44	176
Query_1	1404_CP023317.1	34.440	241	140	4	66	290	2951309	2950593	2.06e-32	141
Query_1	1404_CP023317.1	31.660	259	161	7	47	291	1795394	1796164	4.09e-24	117
Query_1	1404_CP023317.1	36.735	49	31	0	132	180	1822992	1823138	0.67	44.7
Query_1	1404_CP023317.1	47.368	38	20	0	143	180	460580	460693	3.8	42.0
Query_1	412384_CP024035.1	42.105	266	133	8	44	290	460076	460867	3.32e-44	176
Query_1	412384_CP024035.1	34.440	241	140	4	66	290	2958775	2958059	2.06e-32	141
Query_1	412384_CP024035.1	32.046	259	160	7	47	291	1778627	1779397	4.41e-25	120
Query_1	412384_CP024035.1	47.368	38	20	0	143	180	471024	471137	3.8	42.0
Query_1	412384_NUTZ01000005.1	42.105	266	133	8	44	290	135808	135017	3.36e-44	176
Query_1	412384_NUTZ01000005.1	47.368	38	20	0	143	180	125139	125026	3.8	42.0
Query_1	1404_VECD01000007.1	42.105	266	133	8	44	290	136134	135343	3.36e-44	176
Query_1	1404_VECD01000007.1	26.619	139	79	6	56	180	125556	125167	3.2	42.4
Query_1	1404_VDTN01000006.1	42.105	266	133	8	44	290	136508	135717	3.36e-44	176
Query_1	1404_VDTN01000006.1	41.176	51	27	1	130	180	126352	126209	9.0	40.8
Query_1	1404_VDST01000007.1	42.105	266	133	8	44	290	2215	3006	3.49e-44	176
Query_1	1404_VDST01000007.1	46.154	39	21	0	142	180	12322	12438	3.7	42.4
Query_1	412384_NVGV01000004.1	42.105	266	133	8	44	290	137060	136269	3.80e-44	176
Query_1	412384_NVGV01000004.1	26.619	139	79	6	56	180	126756	126367	3.4	42.4
Query_1	28214_SEGE01004927.1	45.274	201	108	2	128	328	1184	588	4.09e-44	168
Query_1	1404_CP022674.1	42.007	269	135	8	44	293	5288818	5289618	4.13e-44	176
Query_1	1404_CP022674.1	34.440	241	140	4	66	290	2689341	2688625	1.20e-32	142
Query_1	1404_CP022674.1	36.744	215	127	6	47	254	1396909	1397547	1.64e-25	121
Query_1	1404_CP022674.1	26.619	139	79	6	56	180	5299275	5299664	0.15	46.6
Query_1	1404_CP022674.1	26.471	136	73	4	66	180	1435758	1436147	1.9	43.1
Query_1	1931_DOWQ01000614.1	38.314	261	152	6	39	293	7687	6914	4.71e-44	176
Query_1	1404_NVKN01000048.1	41.729	266	134	8	44	290	2586	1795	5.02e-44	175
Query_1	1404_LFQJ01000132.1	41.729	266	134	8	44	290	2024	2815	5.34e-44	175
Query_1	1404_NUON01000059.1	41.729	266	134	8	44	290	2501	1710	6.09e-44	175
Query_1	1404_NUIR01000058.1	41.729	266	134	8	44	290	1936	2727	6.21e-44	175
Query_1	1404_NUKK01000033.1	41.729	266	134	8	44	290	2494	1703	6.23e-44	175
Query_1	1404_NVDJ01000033.1	41.729	266	134	8	44	290	1997	2788	6.24e-44	175
Query_1	1404_NVKD01000045.1	41.729	266	134	8	44	290	2452	1661	6.24e-44	175
Query_1	1404_NTWY01000043.1	41.729	266	134	8	44	290	2002	2793	6.24e-44	175
Query_1	1404_NUQA01000056.1	41.729	266	134	8	44	290	2452	1661	6.25e-44	175
Query_1	1404_NUOI01000030.1	41.729	266	134	8	44	290	2452	1661	6.25e-44	175
Query_1	1404_NUZS01000011.1	41.729	266	134	8	44	290	2025	2816	6.25e-44	175
Query_1	1404_NUWQ01000114.1	41.729	266	134	8	44	290	2025	2816	6.25e-44	175
Query_1	1404_NUVY01000068.1	41.729	266	134	8	44	290	2026	2817	6.25e-44	175
Query_1	1404_NVNE01000089.1	41.729	266	134	8	44	290	2452	1661	6.25e-44	175
Query_1	1404_NTYW01000026.1	41.729	266	134	8	44	290	2486	1695	6.26e-44	175
Query_1	1404_NVMV01000026.1	41.729	266	134	8	44	290	2025	2816	6.27e-44	175
Query_1	1404_NUVK01000054.1	41.729	266	134	8	44	290	2002	2793	6.27e-44	175
Query_1	1404_NUKD01000032.1	41.729	266	134	8	44	290	2070	2861	6.29e-44	175
Query_1	1404_LUCO01000052.1	41.729	266	134	8	44	290	2083	2874	6.30e-44	175
Query_1	1404_VXLA01000087.1	41.729	266	134	8	44	290	1994	2785	6.30e-44	175
Query_1	1404_NUFZ01000072.1	41.729	266	134	8	44	290	2588	1797	6.30e-44	175
Query_1	1404_NUZX01000023.1	41.729	266	134	8	44	290	2503	1712	6.32e-44	175
Query_1	1404_NTTT01000039.1	41.729	266	134	8	44	290	2025	2816	6.32e-44	175
Query_1	1404_JXRC01000046.1	41.729	266	134	8	44	290	2415	3206	6.40e-44	175
Query_1	1404_JXRC01000046.1	25.899	139	80	6	56	180	13064	13453	0.46	45.1
Query_1	1404_LODM01000008.1	41.729	266	134	8	44	290	2300	3091	6.41e-44	175
Query_1	1404_CP049296.1	41.729	266	134	8	44	290	3075193	3075984	6.49e-44	175
Query_1	1404_CP049296.1	34.855	241	139	4	66	290	550774	550058	2.56e-33	144
Query_1	1404_CP049296.1	36.410	195	119	4	56	247	4588917	4589495	2.97e-24	117
Query_1	1404_JAAMPO010000029.1	41.729	266	134	8	44	290	3179933	3179142	6.56e-44	175
Query_1	1404_JAAMPO010000029.1	34.440	241	140	4	66	290	579052	579768	2.06e-32	141
Query_1	1404_JAAMPO010000029.1	37.423	163	97	3	95	254	1794926	1794444	3.36e-20	99.4
Query_1	1404_JAAMPO010000029.1	34.091	44	26	2	56	96	1795053	1794922	3.36e-20	30.0
Query_1	1404_JAAMPO010000029.1	28.369	141	74	6	56	180	3169290	3168901	0.81	44.3
Query_1	412384_NVEV01000087.1	41.729	266	134	8	44	290	1954	2745	6.56e-44	175
Query_1	412384_NVEV01000087.1	26.619	139	79	6	56	180	12260	12649	0.11	47.0
Query_1	1404_NVEG01000035.1	41.729	266	134	8	44	290	2026	2817	6.68e-44	175
Query_1	1404_JAAEBE020000008.1	41.729	266	134	8	44	290	4944013	4944804	6.75e-44	175
Query_1	1404_JAAEBE020000008.1	34.440	241	140	4	66	290	2416201	2415485	2.06e-32	141
Query_1	1404_JAAEBE020000008.1	33.166	199	119	5	56	251	1268943	1269506	2.14e-17	96.7
Query_1	1404_JAAEBE020000008.1	25.625	160	88	7	56	201	4954637	4955065	0.047	48.1
Query_1	1404_CP026736.1	42.105	266	133	8	44	290	2042297	2043088	6.81e-44	175
Query_1	1404_CP026736.1	34.440	241	140	4	66	290	4576713	4575997	2.06e-32	141
Query_1	1404_CP026736.1	32.046	259	160	7	47	291	3384363	3385133	4.41e-25	120
Query_1	1404_CP026736.1	47.368	38	20	0	143	180	2053245	2053358	3.8	42.0
Query_1	1404_NUZZ01000066.1	41.729	266	134	8	44	290	12106	11315	7.55e-44	175
Query_1	1404_MRUF01000010.1	41.897	253	127	7	56	290	2493	3245	7.72e-44	175
Query_1	1404_MRUF01000010.1	26.619	139	79	6	56	180	13115	13504	0.18	46.6
Query_1	1404_CP028084.1	41.729	266	134	8	44	290	439835	440626	7.92e-44	175
Query_1	1404_CP028084.1	34.440	241	140	4	66	290	2937857	2937141	2.06e-32	141
Query_1	1404_CP028084.1	36.410	195	119	4	56	247	1844457	1845035	1.27e-24	118
Query_1	1404_CP047699.1	41.729	266	134	8	44	290	455951	456742	7.92e-44	175
Query_1	1404_CP047699.1	34.440	241	140	4	66	290	3039302	3038586	2.24e-32	141
Query_1	1404_CP047699.1	36.410	195	119	4	56	247	1880664	1881242	1.94e-24	118
Query_1	1404_NTYL01000049.1	41.729	266	134	8	44	290	2025	2816	8.07e-44	175
Query_1	1404_NTRV01000016.1	41.729	266	134	8	44	290	2026	2817	8.07e-44	175
Query_1	1404_NUZT01000034.1	41.729	266	134	8	44	290	107573	106782	8.07e-44	175
Query_1	1404_NUMB01000002.1	41.729	266	134	8	44	290	107569	106778	8.07e-44	175
Query_1	1404_NUOQ01000010.1	41.729	266	134	8	44	290	2026	2817	8.07e-44	175
Query_1	1404_NVCR01000007.1	41.729	266	134	8	44	290	2027	2818	8.07e-44	175
Query_1	1404_NUXL01000011.1	41.729	266	134	8	44	290	107836	107045	8.07e-44	175
Query_1	1404_NUIA01000001.1	41.729	266	134	8	44	290	134374	133583	8.09e-44	175
Query_1	1404_NUKX01000026.1	41.729	266	134	8	44	290	2025	2816	8.09e-44	175
Query_1	1404_NULX01000035.1	41.729	266	134	8	44	290	134375	133584	8.09e-44	175
Query_1	1404_NUHQ01000008.1	41.729	266	134	8	44	290	134407	133616	8.09e-44	175
Query_1	1404_NUKU01000011.1	41.729	266	134	8	44	290	134414	133623	8.09e-44	175
Query_1	1404_VYTX01000006.1	41.729	266	134	8	44	290	134786	133995	8.09e-44	175
Query_1	1404_JAAMPN010000062.1	41.729	266	134	8	44	290	2741794	2741003	8.15e-44	175
Query_1	1404_JAAMPN010000062.1	34.440	241	140	4	66	290	201093	201809	2.06e-32	141
Query_1	1404_JAAMPN010000062.1	36.410	195	119	4	56	247	1298463	1297885	2.42e-24	117
Query_1	1404_JAAMPP010000035.1	41.729	266	134	8	44	290	2362222	2361431	8.15e-44	175
Query_1	1404_JAAMPP010000035.1	34.440	241	140	4	66	290	4950084	4950800	2.24e-32	141
Query_1	1404_JAAMPP010000035.1	37.255	153	94	2	95	247	938457	938005	9.53e-20	97.8
Query_1	1404_JAAMPP010000035.1	33.333	54	32	3	47	96	938614	938453	9.53e-20	30.0
Query_1	1404_CP031776.1	41.729	266	134	8	44	290	391412	392203	8.15e-44	175
Query_1	1404_CP031776.1	34.440	241	140	4	66	290	3065212	3064496	2.24e-32	141
Query_1	1404_CP031776.1	36.410	195	119	4	56	247	1967869	1968447	2.27e-24	117
Query_1	1404_NTVG01000012.1	41.729	266	134	8	44	290	133662	132871	8.16e-44	175
Query_1	1404_VEEN01000008.1	41.353	266	135	8	44	290	98802	98011	8.62e-44	175
Query_1	1404_VEEN01000008.1	26.619	139	79	6	56	180	88062	87673	0.11	47.0
Query_1	1404_NUZC01000007.1	41.729	266	134	8	44	290	2026	2817	8.63e-44	175
Query_1	1404_NUWU01000004.1	41.729	266	134	8	44	290	107570	106779	8.71e-44	175
Query_1	1404_WIPB01000231.1	41.729	266	134	8	44	290	9558	8767	1.01e-43	175
Query_1	1404_NTZT01000013.1	41.729	266	134	8	44	290	1936	2727	1.51e-43	174
Query_1	1404_NUWY01000013.1	41.729	266	134	8	44	290	134535	133744	1.51e-43	174
Query_1	1404_NTWH01000016.1	41.729	266	134	8	44	290	88554	87763	1.56e-43	174
Query_1	1404_NVKU01000043.1	41.729	266	134	8	44	290	1997	2788	1.80e-43	174
Query_1	1404_CP018874.1	41.353	266	135	8	44	290	450394	451185	1.82e-43	174
Query_1	1404_CP018874.1	34.440	241	140	4	66	290	2946595	2945879	2.06e-32	141
Query_1	1404_CP018874.1	36.410	195	119	4	56	247	1822467	1823045	2.42e-24	117
Query_1	412384_CP041519.1	41.353	266	135	8	44	290	2609259	2610050	1.82e-43	174
Query_1	412384_CP041519.1	34.440	241	140	4	66	290	40417	39701	2.06e-32	141
Query_1	412384_CP041519.1	36.410	195	119	4	56	247	4034699	4035277	2.42e-24	117
Query_1	1404_CP041066.1	41.353	266	135	8	44	290	961978	962769	1.82e-43	174
Query_1	1404_CP041066.1	34.440	241	140	4	66	290	3547878	3547162	2.06e-32	141
Query_1	1404_CP041066.1	36.410	195	119	4	56	247	2387486	2388064	2.42e-24	117
Query_1	1404_QJGY01000266.1	41.353	266	135	8	44	290	2071	1280	2.30e-43	173
Query_1	412384_KQ087173.1	41.729	266	134	8	44	290	4188736	4187945	3.06e-43	173
Query_1	412384_KQ087173.1	34.855	241	139	4	66	290	1702032	1702748	1.09e-32	142
Query_1	412384_KQ087173.1	32.046	259	160	7	47	291	2853853	2853083	8.17e-25	119
Query_1	412384_KQ087173.1	26.619	139	79	6	56	180	4178142	4177753	2.3	42.7
Query_1	1404_NUIN01000011.1	41.353	266	135	8	44	290	1937	2728	3.21e-43	173
Query_1	1404_NUFL01000002.1	41.353	266	135	8	44	290	107744	106953	3.21e-43	173
Query_1	1404_NTZG01000057.1	41.353	266	135	8	44	290	2026	2817	3.22e-43	173
Query_1	103733_JNYO01000042.1	39.163	263	149	6	39	293	164171	164950	4.00e-43	173
Query_1	1404_FOPA01000012.1	41.729	266	134	8	44	290	2301	3092	4.12e-43	173
Query_1	1404_FOPA01000012.1	26.619	139	79	6	56	180	12885	13274	0.18	46.6
Query_1	1404_NGUL01000024.1	42.105	266	133	8	44	290	2393	3184	4.58e-43	172
Query_1	1404_NGUM01000025.1	42.105	266	133	8	44	290	2395	3186	4.58e-43	172
Query_1	1404_NUKH01000070.1	41.353	266	135	8	44	290	2032	2823	5.38e-43	172
Query_1	1404_LRPG01000096.1	41.353	266	135	8	44	290	2170	2961	5.66e-43	172
Query_1	1404_NVAW01000021.1	41.353	266	135	8	44	290	2536	1745	5.74e-43	172
Query_1	1404_CP031777.1	42.105	266	133	8	44	290	4584188	4583397	5.82e-43	172
Query_1	1404_CP031777.1	34.440	241	140	4	66	290	2051851	2052567	2.06e-32	141
Query_1	1404_CP031777.1	35.385	195	121	4	56	247	3231596	3231018	2.48e-23	114
Query_1	1404_CP031777.1	25.899	139	80	6	56	180	4573265	4572876	4.1	42.0
Query_1	1404_NUWZ01000023.1	41.353	266	135	8	44	290	2032	2823	5.85e-43	172
Query_1	33910_JPRA01000040.1	38.258	264	152	5	39	294	34424	35206	5.96e-43	172
Query_1	33910_JMQG01000034.1	38.258	264	152	5	39	294	34594	35376	5.96e-43	172
Query_1	33910_JMQJ01000105.1	38.258	264	152	5	39	294	379364	378582	5.97e-43	172
Query_1	1404_UFSR01000003.1	41.729	266	134	8	44	290	448474	449265	6.90e-43	172
Query_1	1404_UFSR01000003.1	34.440	241	140	4	66	290	3060774	3060058	2.06e-32	141
Query_1	1404_UFSR01000003.1	35.385	195	121	4	56	247	1833770	1834348	2.48e-23	114
Query_1	1404_UFSR01000003.1	25.899	139	80	6	56	180	459346	459735	4.2	42.0
Query_1	1404_NTVK01000014.1	41.353	266	135	8	44	290	136139	135348	7.39e-43	172
Query_1	1404_NTVK01000014.1	26.619	139	79	6	56	180	125677	125288	0.19	46.2
Query_1	1404_NVEP01000017.1	41.353	266	135	8	44	290	136297	135506	7.46e-43	172
Query_1	1404_NVEP01000017.1	26.619	139	79	6	56	180	125955	125566	0.19	46.2
Query_1	1404_VFPY01000006.1	41.353	266	135	8	44	290	137484	136693	7.46e-43	172
Query_1	1404_VFPY01000006.1	26.619	139	79	6	56	180	126748	126359	0.17	46.6
Query_1	1404_NTTN01000018.1	41.353	266	135	8	44	290	2031	2822	7.46e-43	172
Query_1	1404_NTTN01000018.1	26.619	139	79	6	56	180	12381	12770	0.18	46.6
Query_1	1404_NUPF01000008.1	41.353	266	135	8	44	290	138458	137667	7.46e-43	172
Query_1	1404_NUPF01000008.1	26.619	139	79	6	56	180	128175	127786	0.18	46.6
Query_1	1404_NUFU01000005.1	41.353	266	135	8	44	290	138535	137744	7.46e-43	172
Query_1	1404_NUFU01000005.1	26.619	139	79	6	56	180	128220	127831	0.18	46.6
Query_1	1404_NUWI01000004.1	41.353	266	135	8	44	290	2042	2833	7.46e-43	172
Query_1	1404_NUWI01000004.1	26.619	139	79	6	56	180	12701	13090	0.18	46.6
Query_1	1404_PNHN01000006.1	41.353	266	135	8	44	290	2141	2932	7.46e-43	172
Query_1	1404_PNHN01000006.1	26.619	139	79	6	56	180	12821	13210	0.18	46.6
Query_1	1404_VTEF01000002.1	41.079	241	124	6	66	290	467304	468020	8.33e-43	172
Query_1	1404_VTEF01000002.1	34.979	243	136	6	66	290	672734	673450	1.79e-30	136
Query_1	1404_POTF01000042.1	41.353	266	135	8	44	290	2634	1843	9.25e-43	172
Query_1	1404_SUPM01000009.1	40.977	266	136	8	44	290	2423	3214	9.53e-43	172
Query_1	1404_SUPM01000009.1	26.619	139	79	6	56	180	13045	13434	0.31	45.8
Query_1	1404_NTUU01000041.1	40.602	266	137	8	44	290	2493	1702	1.33e-42	171
Query_1	1404_AZUJ01000038.1	40.602	266	137	8	44	290	2286	3077	1.35e-42	171
Query_1	1404_NTRQ01000005.1	41.502	253	128	7	56	290	2042	2794	1.48e-42	171
Query_1	1404_NTRQ01000005.1	26.619	139	79	6	56	180	12474	12863	0.18	46.6
Query_1	1404_VEAZ01000011.1	40.602	266	137	8	44	290	137140	136349	1.76e-42	171
Query_1	1404_VEAZ01000011.1	26.619	139	79	6	56	180	126504	126115	0.19	46.2
Query_1	1404_NMOL01000005.1	40.602	266	137	8	44	290	137128	136337	1.76e-42	171
Query_1	1404_NMOL01000005.1	46.154	39	21	0	142	180	126210	126094	5.2	41.6
Query_1	1404_NVBQ01000041.1	40.602	266	137	8	44	290	2024	2815	1.99e-42	171
Query_1	1404_QDFU01000053.1	40.602	266	137	8	44	290	2250	3041	2.70e-42	170
Query_1	1404_QDFO01000029.1	40.602	266	137	8	44	290	2558	3349	2.76e-42	170
Query_1	1404_REFM01000009.1	40.602	266	137	8	44	290	2182	2973	3.38e-42	170
Query_1	1404_REFM01000009.1	26.619	139	79	6	56	180	12792	13181	0.17	46.6
Query_1	1404_QDFP01000012.1	40.602	266	137	8	44	290	3176	3967	3.38e-42	170
Query_1	1404_QDFP01000012.1	26.619	139	79	6	56	180	13775	14164	0.17	46.6
Query_1	1404_QDFM01000006.1	40.602	266	137	8	44	290	3261	4052	3.38e-42	170
Query_1	1404_QDFM01000006.1	26.619	139	79	6	56	180	13917	14306	0.17	46.6
Query_1	1404_CP025700.2	40.602	266	137	8	44	290	2673065	2673856	3.40e-42	170
Query_1	1404_CP025700.2	34.440	241	140	4	66	290	225177	224461	2.06e-32	141
Query_1	1404_CP025700.2	36.410	195	119	4	56	247	4000691	4001269	1.23e-20	106
Query_1	1404_CP025700.2	26.619	139	79	6	56	180	2683667	2684056	0.17	46.6
Query_1	33910_JMQJ01000014.1	39.544	263	148	6	39	293	22679	21900	1.93e-41	168
Query_1	1396_VTQQ01000120.1	42.396	217	108	5	89	290	43	687	9.05e-40	155
Query_1	2030_QHKI01000024.1	35.206	267	161	7	39	297	149598	148810	2.25e-38	159
Query_1	38945_BDAN01004795.1	35.769	260	157	6	40	295	121532	120771	1.40e-37	157
Query_1	38945_CM022368.1	35.769	260	157	6	40	295	502685	501924	1.41e-37	157
Query_1	103733_JNYO01000079.1	34.733	262	160	5	40	293	1992	2768	1.64e-37	156
Query_1	40571_JOEA01000014.1	35.115	262	158	5	40	293	16172	16945	5.42e-36	152
Query_1	40571_FWYC01000006.1	35.115	262	158	5	40	293	690144	689371	5.42e-36	152
Query_1	287_RAEE01000063.1	35.769	260	148	5	44	290	230388	231149	1.28e-35	151
Query_1	33910_JPRA01000045.1	38.182	220	130	4	40	256	75531	74881	2.20e-35	150
Query_1	33910_JMQJ01000082.1	38.182	220	130	4	40	256	181045	181695	2.21e-35	150
Query_1	33910_JMQG01000053.1	38.182	220	130	4	40	256	19256	18606	2.21e-35	150
Query_1	1404_JAAMPL010000027.1	39.344	183	94	5	123	290	4748157	4748699	2.62e-35	110
Query_1	1404_JAAMPL010000027.1	48.235	85	40	3	44	124	4747907	4748161	2.62e-35	69.3
Query_1	1404_JAAMPL010000027.1	29.412	170	103	3	136	290	2191695	2191192	7.51e-26	75.5
Query_1	1404_JAAMPL010000027.1	47.297	74	38	1	66	138	2191907	2191686	7.51e-26	72.8
Query_1	1404_JAAMPL010000027.1	31.660	259	161	7	47	291	1066813	1067583	4.09e-24	117
Query_1	1404_JAAMPL010000027.1	36.735	49	31	0	132	180	1094406	1094552	0.67	44.7
Query_1	1404_JAAMPL010000027.1	47.368	38	20	0	143	180	4758819	4758932	3.8	42.0
Query_1	1404_JAAMPM010000023.1	38.798	183	95	5	123	290	55008	55550	2.94e-35	109
Query_1	1404_JAAMPM010000023.1	48.235	85	40	3	44	124	54758	55012	2.94e-35	70.5
Query_1	1404_JAAMPM010000023.1	34.034	238	139	4	69	290	2559832	2559125	3.19e-30	135
Query_1	1404_JAAMPM010000023.1	31.651	218	137	4	84	291	1407160	1407807	1.39e-19	100
Query_1	1404_JAAMPM010000023.1	35.714	28	16	1	56	81	1407065	1407148	1.39e-19	26.6
Query_1	1404_JAAMPM010000023.1	28.030	132	72	6	56	173	65388	65756	0.67	44.7
Query_1	218284_VTEI01000005.1	38.735	253	135	7	56	290	17770	17018	7.46e-35	149
Query_1	40324_CP028358.1	36.667	240	137	2	66	290	2484601	2483882	4.45e-34	146
Query_1	40324_VLEU01000001.1	36.250	240	138	2	66	290	48789	49508	1.27e-33	145
Query_1	38945_BDAN01001932.1	34.884	258	158	6	41	294	690447	691202	1.54e-33	145
Query_1	38945_BDAN01001932.1	37.557	221	130	5	40	256	688605	689255	1.53e-31	139
Query_1	38945_CM022370.1	34.884	258	158	6	41	294	1933457	1934212	1.54e-33	145
Query_1	38945_CM022370.1	37.557	221	130	5	40	256	1931615	1932265	1.53e-31	139
Query_1	40324_RHQE01000001.1	36.250	240	138	2	66	290	116327	115608	1.61e-33	145
Query_1	40324_CP049368.1	37.759	241	133	4	66	290	2321644	2320925	1.63e-33	145
Query_1	40324_JUQF01000238.1	36.250	240	138	2	66	290	66266	65547	2.02e-33	144
Query_1	218284_VTEG01000001.1	36.759	253	140	5	56	290	145574	146326	2.22e-33	144
Query_1	40324_DJTO01000325.1	37.344	241	134	4	66	290	15987	16706	2.30e-33	144
Query_1	40324_DJSZ01000080.1	37.344	241	134	4	66	290	97992	98711	2.36e-33	144
Query_1	40324_CABGFI010000824.1	36.929	241	135	4	66	290	59637	60356	2.75e-33	144
Query_1	40324_CABGFI010000229.1	36.929	241	135	4	66	290	59637	60356	2.75e-33	144
Query_1	40324_CABGAT010000706.1	37.759	241	133	4	66	290	8652	9371	3.02e-33	144
Query_1	40324_CABGAT010000309.1	37.759	241	133	4	66	290	8652	9371	3.02e-33	144
Query_1	40324_DBUE01000080.1	37.759	241	133	4	66	290	16373	15654	3.25e-33	144
Query_1	40324_CABGBW010001046.1	36.929	241	135	4	66	290	157100	156381	3.28e-33	144
Query_1	40324_CABGBW010000475.1	36.929	241	135	4	66	290	157100	156381	3.28e-33	144
Query_1	40324_JVVX01000355.1	37.759	241	133	4	66	290	52881	52162	3.48e-33	144
Query_1	5507_WGPK01000152.1	37.759	241	133	4	66	290	50745	50026	3.55e-33	144
Query_1	40324_MPSI01000001.1	37.759	241	133	4	66	290	1212712	1211993	3.58e-33	144
Query_1	40324_CABGCN010000837.1	35.833	240	139	2	66	290	30548	31267	3.62e-33	144
Query_1	40324_CABGCN010000218.1	35.833	240	139	2	66	290	30548	31267	3.62e-33	144
Query_1	40324_CABGFH010000788.1	36.929	241	135	4	66	290	36909	36190	3.64e-33	144
Query_1	40324_CABGFH010000045.1	36.929	241	135	4	66	290	36909	36190	3.64e-33	144
Query_1	40324_CABFZT010000470.1	37.759	241	133	4	66	290	881	162	3.67e-33	144
Query_1	40324_CABFZT010000027.1	37.759	241	133	4	66	290	881	162	3.67e-33	144
Query_1	40324_CABGCI010000821.1	37.759	241	133	4	66	290	132591	133310	3.77e-33	144
Query_1	40324_CABGCI010000241.1	37.759	241	133	4	66	290	132591	133310	3.77e-33	144
Query_1	40324_CABFYP010000776.1	37.759	241	133	4	66	290	86815	86096	3.78e-33	144
Query_1	40324_CABFYP010000171.1	37.759	241	133	4	66	290	86815	86096	3.78e-33	144
Query_1	40324_NEQR01000003.1	37.759	241	133	4	66	290	1565751	1565032	3.79e-33	144
Query_1	40324_NEQU01000003.1	37.759	241	133	4	66	290	1565982	1565263	3.79e-33	144
Query_1	40324_CABGDG010000797.1	36.929	241	135	4	66	290	76358	75639	3.83e-33	144
Query_1	40324_CABGDG010000169.1	36.929	241	135	4	66	290	76358	75639	3.83e-33	144
Query_1	40324_CVIV01000028.1	37.759	241	133	4	66	290	36031	35312	3.88e-33	144
Query_1	40324_CP040429.1	37.759	241	133	4	66	290	2332350	2331631	4.24e-33	144
Query_1	40324_DDAJ01000100.1	37.759	241	133	4	66	290	130807	130088	4.47e-33	144
Query_1	40324_LLXW01000154.1	36.929	241	135	4	66	290	25261	25980	4.78e-33	143
Query_1	40324_DDVP01000090.1	37.759	241	133	4	66	290	160784	160065	4.82e-33	143
Query_1	40324_LR134301.1	36.929	241	135	4	66	290	1148843	1149562	4.83e-33	143
Query_1	40324_CABGCT010000954.1	36.929	241	135	4	66	290	70187	69468	5.07e-33	143
Query_1	40324_CABGCT010000066.1	36.929	241	135	4	66	290	70187	69468	5.07e-33	143
Query_1	40324_CABGDP010000856.1	35.833	240	139	2	66	290	28375	29094	5.31e-33	143
Query_1	40324_CABGDP010000076.1	35.833	240	139	2	66	290	28375	29094	5.31e-33	143
Query_1	5507_WGOW01001911.1	35.833	240	139	2	66	290	2290	3009	6.17e-33	142
Query_1	40324_QFHC01000001.1	36.929	241	135	4	66	290	276543	277262	6.62e-33	143
Query_1	40324_QFHO01000001.1	36.929	241	135	4	66	290	61129	60410	6.62e-33	143
Query_1	69392_DQIG01000334.1	36.667	240	137	2	66	290	5969	5250	7.19e-33	142
Query_1	40324_VFLZ01000001.1	37.759	241	133	4	66	290	341557	342276	7.22e-33	143
Query_1	40324_NEQS01000012.1	35.985	264	146	5	49	290	1778824	1778036	7.71e-33	143
Query_1	40324_CP011010.1	36.250	240	138	2	66	290	2480532	2479813	7.78e-33	143
Query_1	40324_CABGBL010000679.1	36.250	240	138	2	66	290	44841	45560	7.81e-33	143
Query_1	40324_CABGBL010000110.1	36.250	240	138	2	66	290	44841	45560	7.81e-33	143
Query_1	40324_DJFU01000051.1	36.250	240	138	2	66	290	94098	94817	7.87e-33	143
Query_1	40324_DCOB01000026.1	36.250	240	138	2	66	290	119339	120058	7.92e-33	143
Query_1	40324_PXIJ01000092.1	36.250	240	138	2	66	290	16090	16809	7.96e-33	142
Query_1	40324_CABGBY010000806.1	36.929	241	135	4	66	290	1657	938	7.99e-33	142
Query_1	40324_CABGBY010000007.1	36.929	241	135	4	66	290	1657	938	7.99e-33	142
Query_1	5507_WGRQ01001454.1	35.833	240	139	2	66	290	6372	7091	8.14e-33	142
Query_1	40324_CABGCE010001231.1	36.515	241	136	4	66	290	61475	62194	8.17e-33	143
Query_1	40324_CABGCE010000668.1	36.515	241	136	4	66	290	61475	62194	8.17e-33	143
Query_1	40324_CABGCC010001144.1	36.515	241	136	4	66	290	65400	66119	8.17e-33	143
Query_1	40324_CABGCC010000327.1	36.515	241	136	4	66	290	65400	66119	8.17e-33	143
Query_1	40324_CP040432.1	36.515	241	136	4	66	290	2594461	2593742	8.23e-33	143
Query_1	40324_JVUI01000038.1	36.250	240	138	2	66	290	117393	118112	8.27e-33	143
Query_1	40324_CABGBJ010001097.1	36.250	240	138	2	66	290	9864	10583	8.37e-33	142
Query_1	40324_CABGBJ010000347.1	36.250	240	138	2	66	290	9864	10583	8.37e-33	142
Query_1	40324_VLFE01000002.1	36.250	240	138	2	66	290	59902	60621	8.41e-33	142
Query_1	40324_CABGCO010000703.1	36.250	240	138	2	66	290	74722	74003	8.56e-33	142
Query_1	40324_CABGCO010000008.1	36.250	240	138	2	66	290	74722	74003	8.56e-33	142
Query_1	40324_MJAS01000017.1	36.929	241	135	4	66	290	79812	79093	8.57e-33	142
Query_1	5507_WGRR01000365.1	35.833	240	139	2	66	290	6031	5312	8.63e-33	142
Query_1	40324_CABGAL010000717.1	36.250	240	138	2	66	290	18598	17879	8.83e-33	142
Query_1	40324_CABGAL010000148.1	36.250	240	138	2	66	290	18598	17879	8.83e-33	142
Query_1	40324_CABGEO010000750.1	36.250	240	138	2	66	290	78113	78832	8.83e-33	142
Query_1	40324_CABGEO010000227.1	36.250	240	138	2	66	290	78113	78832	8.83e-33	142
Query_1	40324_DFWK01000221.1	36.250	240	138	2	66	290	5619	6338	8.84e-33	142
Query_1	40324_CABGCX010000850.1	36.250	240	138	2	66	290	62903	63622	8.90e-33	142
Query_1	40324_CABGCX010000384.1	36.250	240	138	2	66	290	62903	63622	8.90e-33	142
Query_1	40324_CABFYX010000922.1	36.929	241	135	4	66	290	21457	20738	8.90e-33	142
Query_1	40324_CABFYX010000409.1	36.929	241	135	4	66	290	21457	20738	8.90e-33	142
Query_1	40324_CABFYW010000631.1	36.250	240	138	2	66	290	41905	42624	8.91e-33	142
Query_1	40324_CABFYW010000097.1	36.250	240	138	2	66	290	41905	42624	8.91e-33	142
Query_1	40324_CABFZS010000863.1	36.929	241	135	4	66	290	76317	77036	8.92e-33	142
Query_1	40324_CABFZS010000050.1	36.929	241	135	4	66	290	76317	77036	8.92e-33	142
Query_1	40324_CABGBN010000742.1	36.250	240	138	2	66	290	57416	58135	8.94e-33	142
Query_1	40324_CABGBN010000175.1	36.250	240	138	2	66	290	57416	58135	8.94e-33	142
Query_1	40324_CABGCU010001297.1	36.250	240	138	2	66	290	72617	73336	8.95e-33	142
Query_1	40324_CABGCU010000392.1	36.250	240	138	2	66	290	72617	73336	8.95e-33	142
Query_1	40324_CABFZQ010000609.1	36.250	240	138	2	66	290	51567	50848	8.95e-33	142
Query_1	40324_CABFZQ010000008.1	36.250	240	138	2	66	290	51567	50848	8.95e-33	142
Query_1	40324_CABGBT010000856.1	36.929	241	135	4	66	290	58720	59439	8.97e-33	142
Query_1	40324_CABGBT010000442.1	36.929	241	135	4	66	290	58720	59439	8.97e-33	142
Query_1	40324_CABFZE010000597.1	36.250	240	138	2	66	290	30431	29712	8.98e-33	142
Query_1	40324_CABFZE010000005.1	36.250	240	138	2	66	290	30431	29712	8.98e-33	142
Query_1	40324_CABGBB010000848.1	36.250	240	138	2	66	290	54755	54036	8.98e-33	142
Query_1	40324_CABGBB010000107.1	36.250	240	138	2	66	290	54755	54036	8.98e-33	142
Query_1	40324_CABFZM010000616.1	36.250	240	138	2	66	290	60555	61274	8.98e-33	142
Query_1	40324_CABFZM010000046.1	36.250	240	138	2	66	290	60555	61274	8.98e-33	142
Query_1	40324_CABGCP010000672.1	36.929	241	135	4	66	290	219059	219778	9.00e-33	142
Query_1	40324_CABGCP010000054.1	36.929	241	135	4	66	290	219059	219778	9.00e-33	142
Query_1	40324_CABGDI010000927.1	36.250	240	138	2	66	290	24913	24194	9.02e-33	142
Query_1	40324_CABGDI010000158.1	36.250	240	138	2	66	290	24913	24194	9.02e-33	142
Query_1	40324_NEQO01000005.1	36.250	240	138	2	66	290	1570630	1569911	9.03e-33	142
Query_1	40324_RHQG01000008.1	36.250	240	138	2	66	290	24878	25597	9.05e-33	142
Query_1	40324_CABFZU010000725.1	36.250	240	138	2	66	290	36509	35790	9.19e-33	142
Query_1	40324_CABFZU010000222.1	36.250	240	138	2	66	290	36509	35790	9.19e-33	142
Query_1	40324_CABGBI010000879.1	36.929	241	135	4	66	290	46244	46963	9.36e-33	142
Query_1	40324_CABGBI010000124.1	36.929	241	135	4	66	290	46244	46963	9.36e-33	142
Query_1	40324_VSDP01000001.1	36.250	240	138	2	66	290	135782	135063	9.37e-33	142
Query_1	40324_CABGBF010000587.1	36.250	240	138	2	66	290	9849	10568	9.40e-33	142
Query_1	40324_CABGBF010000042.1	36.250	240	138	2	66	290	9849	10568	9.40e-33	142
Query_1	40324_CABGBA010000558.1	36.250	240	138	2	66	290	29053	28334	9.40e-33	142
Query_1	40324_CABGBA010000029.1	36.250	240	138	2	66	290	29053	28334	9.40e-33	142
Query_1	69392_DOEF01000117.1	36.250	240	138	2	66	290	15213	14494	9.53e-33	142
Query_1	40324_CABGBE010000753.1	36.250	240	138	2	66	290	53767	54486	9.53e-33	142
Query_1	40324_CABGBE010000203.1	36.250	240	138	2	66	290	53767	54486	9.53e-33	142
Query_1	40324_DFRX01000034.1	36.250	240	138	2	66	290	52801	52082	9.80e-33	142
Query_1	86188_MULR01000095.1	36.250	240	138	2	66	290	57482	58201	9.96e-33	142
Query_1	40324_CABGFA010001031.1	36.250	240	138	2	66	290	11423	12142	1.00e-32	142
Query_1	40324_CABGFA010000316.1	36.250	240	138	2	66	290	11423	12142	1.00e-32	142
Query_1	40324_DFRN01000124.1	36.250	240	138	2	66	290	208058	207339	1.03e-32	142
Query_1	40324_CABFZO010000919.1	36.250	240	138	2	66	290	9875	10594	1.03e-32	142
Query_1	40324_CABFZO010000422.1	36.250	240	138	2	66	290	9875	10594	1.03e-32	142
Query_1	40324_CABGCQ010000938.1	36.250	240	138	2	66	290	27974	27255	1.04e-32	142
Query_1	40324_CABGCQ010000199.1	36.250	240	138	2	66	290	27974	27255	1.04e-32	142
Query_1	40324_CABGBD010000854.1	36.250	240	138	2	66	290	27981	27262	1.04e-32	142
Query_1	40324_CABGBD010000335.1	36.250	240	138	2	66	290	27981	27262	1.04e-32	142
Query_1	40324_CABFZN010000908.1	36.929	241	135	4	66	290	75157	75876	1.04e-32	142
Query_1	40324_CABFZN010000138.1	36.929	241	135	4	66	290	75157	75876	1.04e-32	142
Query_1	40324_CABGAD010000756.1	36.250	240	138	2	66	290	27974	27255	1.05e-32	142
Query_1	40324_CABGAD010000187.1	36.250	240	138	2	66	290	27974	27255	1.05e-32	142
Query_1	40324_CABGAC010000847.1	36.250	240	138	2	66	290	87269	87988	1.05e-32	142
Query_1	40324_CABGAC010000254.1	36.250	240	138	2	66	290	87269	87988	1.05e-32	142
Query_1	40324_JUMG01000010.1	36.250	240	138	2	66	290	61939	62658	1.06e-32	142
Query_1	40324_JUMH01000022.1	36.250	240	138	2	66	290	103479	104198	1.06e-32	142
Query_1	40324_CABGDL010000801.1	36.250	240	138	2	66	290	59910	60629	1.06e-32	142
Query_1	40324_CABGDL010000089.1	36.250	240	138	2	66	290	59910	60629	1.06e-32	142
Query_1	40324_DGCI01000030.1	36.250	240	138	2	66	290	232841	232122	1.07e-32	142
Query_1	40324_NERA01000005.1	36.250	240	138	2	66	290	238978	238259	1.07e-32	142
Query_1	412384_JPIE01000005.1	34.855	241	139	4	66	290	218434	219150	1.08e-32	142
Query_1	412384_NUTZ01000091.1	34.855	241	139	4	66	290	95047	94331	1.08e-32	142
Query_1	412384_NVGV01000002.1	34.855	241	139	4	66	290	196713	195997	1.09e-32	142
Query_1	412384_LDUV01000006.1	34.855	241	139	4	66	290	491735	491019	1.09e-32	142
Query_1	1404_VECD01000003.1	34.855	241	139	4	66	290	456687	457403	1.09e-32	142
Query_1	1404_VDTN01000003.1	34.855	241	139	4	66	290	320959	321675	1.09e-32	142
Query_1	412384_LQQQ01000012.1	34.855	241	139	4	66	290	47972	48688	1.09e-32	142
Query_1	412384_LDWN01000003.1	34.855	241	139	4	66	290	199095	199811	1.09e-32	142
Query_1	1404_VDST01000001.1	34.855	241	139	4	66	290	1655747	1656463	1.09e-32	142
Query_1	1404_VDST01000001.1	31.660	259	161	7	47	291	2806259	2805489	4.09e-24	117
Query_1	40324_JRJA01000002.1	36.250	240	138	2	66	290	69710	70429	1.12e-32	142
Query_1	412384_MVJH01000316.1	34.440	241	140	4	66	290	5138	4422	1.16e-32	142
Query_1	40324_CABGFK010000831.1	36.250	240	138	2	66	290	40453	41172	1.17e-32	142
Query_1	40324_CABGFK010000180.1	36.250	240	138	2	66	290	40453	41172	1.17e-32	142
Query_1	40324_VLVO01000001.1	36.250	240	138	2	66	290	162028	161309	1.18e-32	142
Query_1	40324_VLGU01000001.1	36.250	240	138	2	66	290	311570	310851	1.18e-32	142
Query_1	40324_CP029773.1	36.250	240	138	2	66	290	2521226	2520507	1.19e-32	142
Query_1	412384_NHZZ01000007.1	34.440	241	140	4	66	290	50744	50028	1.19e-32	142
Query_1	412384_NVEV01000077.1	34.440	241	140	4	66	290	181067	180351	1.19e-32	142
Query_1	1404_VEEN01000001.1	34.440	241	140	4	66	290	1324669	1325385	1.20e-32	142
Query_1	412384_MCAN01000003.1	34.440	241	140	4	66	290	1741720	1742436	1.20e-32	142
Query_1	412384_MCAN01000003.1	36.279	215	128	6	47	254	2899760	2899122	3.91e-25	120
Query_1	412384_MCAN01000003.1	26.623	154	84	5	48	180	2874763	2874326	1.2	43.9
Query_1	40324_CABGBU010000901.1	36.250	240	138	2	66	290	80606	79887	1.24e-32	142
Query_1	40324_CABGBU010000556.1	36.250	240	138	2	66	290	80606	79887	1.24e-32	142
Query_1	40324_CABGCW010000701.1	36.250	240	138	2	66	290	57935	58654	1.24e-32	142
Query_1	40324_CABGCW010000012.1	36.250	240	138	2	66	290	57935	58654	1.24e-32	142
Query_1	40324_CABGBV010000758.1	36.250	240	138	2	66	290	133370	132651	1.25e-32	142
Query_1	40324_CABGBV010000166.1	36.250	240	138	2	66	290	133370	132651	1.25e-32	142
Query_1	40324_CABGCF010001072.1	36.250	240	138	2	66	290	58027	58746	1.25e-32	142
Query_1	40324_CABGCF010000463.1	36.250	240	138	2	66	290	58027	58746	1.25e-32	142
Query_1	40324_CABGCJ010000638.1	36.250	240	138	2	66	290	133377	132658	1.25e-32	142
Query_1	40324_CABGCJ010000065.1	36.250	240	138	2	66	290	133377	132658	1.25e-32	142
Query_1	40324_DICG01000078.1	36.929	241	135	4	66	290	59565	58846	1.35e-32	142
Query_1	40324_LXXM01000237.1	35.833	240	139	2	66	290	32068	31349	1.39e-32	142
Query_1	40324_LXXL01000066.1	35.833	240	139	2	66	290	102890	103609	1.41e-32	142
Query_1	40324_PYBO01000001.1	35.833	240	139	2	66	290	62289	63008	1.41e-32	142
Query_1	40324_DIMP01000122.1	36.515	241	136	4	66	290	179585	180304	1.70e-32	142
Query_1	40324_RXLZ01000045.1	35.833	240	139	2	66	290	18999	18280	1.71e-32	142
Query_1	1404_WIPB01000211.1	34.440	241	140	4	66	290	2074	1358	1.93e-32	141
Query_1	412384_QGGC01000003.1	34.440	241	140	4	66	290	139078	139794	1.96e-32	142
Query_1	40324_CABGAM010000678.1	37.344	241	134	4	66	290	47359	48078	1.98e-32	142
Query_1	40324_CABGAM010000174.1	37.344	241	134	4	66	290	47359	48078	1.98e-32	142
Query_1	1404_NUKH01000141.1	34.440	241	140	4	66	290	15059	14343	1.99e-32	141
Query_1	1404_LDPJ01000022.1	34.440	241	140	4	66	290	14258	14974	2.03e-32	141
Query_1	1404_DFVC01000022.1	34.440	241	140	4	66	290	3476	2760	2.03e-32	141
Query_1	1404_NUZZ01000037.1	34.440	241	140	4	66	290	14323	15039	2.04e-32	141
Query_1	1404_NQLQ01000020.1	34.440	241	140	4	66	290	131174	131890	2.04e-32	141
Query_1	1404_NTRQ01000004.1	34.440	241	140	4	66	290	144263	144979	2.04e-32	141
Query_1	1404_LRPG01000102.1	34.440	241	140	4	66	290	2164	1448	2.04e-32	141
Query_1	1404_SSWM01000013.1	34.440	241	140	4	66	290	42121	41405	2.05e-32	141
Query_1	412384_NUEC01000020.1	34.440	241	140	4	66	290	129389	130105	2.05e-32	141
Query_1	1404_NUZC01000013.1	34.440	241	140	4	66	290	27289	26573	2.05e-32	141
Query_1	1404_NUFU01000004.1	34.440	241	140	4	66	290	217042	216326	2.05e-32	141
Query_1	1404_WTKH01000016.1	34.440	241	140	4	66	290	134529	133813	2.05e-32	141
Query_1	1404_NUVO01000046.1	34.440	241	140	4	66	290	101317	100601	2.05e-32	141
Query_1	1404_QDFP01000007.1	34.440	241	140	4	66	290	114437	113721	2.05e-32	141
Query_1	1404_NVBQ01000009.1	34.440	241	140	4	66	290	238878	238162	2.05e-32	141
Query_1	1404_NTYL01000004.1	34.440	241	140	4	66	290	26747	26031	2.05e-32	141
Query_1	1404_POTF01000004.1	34.440	241	140	4	66	290	238522	237806	2.05e-32	141
Query_1	1404_NUZX01000005.1	34.440	241	140	4	66	290	27234	26518	2.05e-32	141
Query_1	1404_NUVY01000004.1	34.440	241	140	4	66	290	317419	318135	2.05e-32	141
Query_1	1404_NVLN01000012.1	34.440	241	140	4	66	290	285532	284816	2.05e-32	141
Query_1	1404_QDFU01000001.1	34.440	241	140	4	66	290	312722	313438	2.05e-32	141
Query_1	1404_NVEP01000011.1	34.440	241	140	4	66	290	2067	1351	2.05e-32	141
Query_1	1404_VEAZ01000003.1	34.440	241	140	4	66	290	330823	331539	2.05e-32	141
Query_1	1404_NUWI01000002.1	34.440	241	140	4	66	290	105245	104529	2.05e-32	141
Query_1	1404_VEAU01000004.1	34.440	241	140	4	66	290	182797	182081	2.05e-32	141
Query_1	1404_NTYW01000004.1	34.440	241	140	4	66	290	27218	26502	2.05e-32	141
Query_1	1404_RYZX01000032.1	34.440	241	140	4	66	290	393321	392605	2.05e-32	141
Query_1	1404_NUWZ01000003.1	34.440	241	140	4	66	290	213761	213045	2.05e-32	141
Query_1	1404_NTVK01000001.1	34.440	241	140	4	66	290	481192	481908	2.05e-32	141
Query_1	1404_NMOL01000008.1	34.440	241	140	4	66	290	239407	238691	2.05e-32	141
Query_1	1404_JXRC01000039.1	34.440	241	140	4	66	290	545767	546483	2.05e-32	141
Query_1	1404_NTUU01000007.1	34.440	241	140	4	66	290	231992	231276	2.05e-32	141
Query_1	1404_NTTN01000007.1	34.440	241	140	4	66	290	516837	517553	2.05e-32	141
Query_1	1404_AZUJ01000004.1	34.440	241	140	4	66	290	502005	502721	2.05e-32	141
Query_1	1404_QDFO01000002.1	34.440	241	140	4	66	290	55106	54390	2.05e-32	141
Query_1	1404_NUPF01000005.1	34.440	241	140	4	66	290	258255	257539	2.05e-32	141
Query_1	1404_NUWU01000009.1	34.440	241	140	4	66	290	451626	452342	2.05e-32	141
Query_1	1404_UFSS01000002.1	34.440	241	140	4	66	290	557379	556663	2.05e-32	141
Query_1	1404_FOPA01000003.1	34.440	241	140	4	66	290	265057	264341	2.05e-32	141
Query_1	1404_SUPM01000003.1	34.440	241	140	4	66	290	643672	644388	2.05e-32	141
Query_1	1404_NTWY01000004.1	34.440	241	140	4	66	290	736732	736016	2.05e-32	141
Query_1	1404_NUOI01000013.1	34.440	241	140	4	66	290	754942	754226	2.05e-32	141
Query_1	1404_NVEG01000004.1	34.440	241	140	4	66	290	171445	172161	2.05e-32	141
Query_1	1404_NUFL01000013.1	34.440	241	140	4	66	290	952403	951687	2.06e-32	141
Query_1	1404_NGUL01000002.1	34.440	241	140	4	66	290	899006	899722	2.06e-32	141
Query_1	1404_PQWM01000006.1	34.440	241	140	4	66	290	159288	160004	2.06e-32	141
Query_1	1404_NUIN01000001.1	34.440	241	140	4	66	290	985615	986331	2.06e-32	141
Query_1	1404_NUOQ01000013.1	34.440	241	140	4	66	290	569481	568765	2.06e-32	141
Query_1	1404_NVKN01000011.1	34.440	241	140	4	66	290	478312	479028	2.06e-32	141
Query_1	1404_NTRV01000094.1	34.440	241	140	4	66	290	147307	148023	2.06e-32	141
Query_1	1404_NTRV01000094.1	36.410	195	119	4	56	247	1244579	1244001	2.42e-24	117
Query_1	1404_NTVG01000001.1	34.440	241	140	4	66	290	1138708	1137992	2.06e-32	141
Query_1	1404_NTVG01000001.1	36.410	195	119	4	56	247	36939	37517	2.25e-24	117
Query_1	1404_NUXL01000005.1	34.440	241	140	4	66	290	154140	154856	2.06e-32	141
Query_1	1404_NUXL01000005.1	36.410	195	119	4	56	247	1261238	1260660	2.27e-24	117
Query_1	1404_NUIA01000012.1	34.440	241	140	4	66	290	731290	730574	2.06e-32	141
Query_1	1404_NUKI01000066.1	34.440	241	140	4	66	290	463947	464663	2.06e-32	141
Query_1	1404_NVKU01000010.1	34.440	241	140	4	66	290	478903	479619	2.06e-32	141
Query_1	1404_NVKU01000010.1	36.410	195	119	4	56	247	1601299	1600721	2.03e-24	117
Query_1	1404_VFPY01000002.1	34.440	241	140	4	66	290	1666138	1666854	2.06e-32	141
Query_1	1404_QDFM01000001.1	34.440	241	140	4	66	290	240743	240027	2.06e-32	141
Query_1	1404_NTZG01000058.1	34.440	241	140	4	66	290	189636	188920	2.06e-32	141
Query_1	1404_REFM01000006.1	34.440	241	140	4	66	290	250193	249477	2.06e-32	141
Query_1	1404_PNHN01000001.1	34.440	241	140	4	66	290	237308	236592	2.06e-32	141
Query_1	1404_NTTT01000075.1	34.440	241	140	4	66	290	297692	296976	2.06e-32	141
Query_1	1404_NVCR01000002.1	34.440	241	140	4	66	290	730092	729376	2.06e-32	141
Query_1	1404_NTWH01000001.1	34.440	241	140	4	66	290	1753595	1754311	2.06e-32	141
Query_1	1404_VEEA01000001.1	34.440	241	140	4	66	290	433449	434165	2.06e-32	141
Query_1	1404_VEEA01000001.1	32.046	259	160	7	47	291	1575652	1574882	4.40e-25	120
Query_1	1404_VEEA01000001.1	36.735	49	31	0	132	180	1559442	1559296	0.67	44.7
Query_1	1404_NUMB01000068.1	34.440	241	140	4	66	290	1737375	1738091	2.06e-32	141
Query_1	1404_NUMB01000068.1	36.410	195	119	4	56	247	2833512	2832934	2.42e-24	117
Query_1	1404_NGUM01000001.1	34.440	241	140	4	66	290	2505800	2505084	2.06e-32	141
Query_1	1404_NGUM01000001.1	32.046	259	160	7	47	291	1366529	1367299	4.17e-25	120
Query_1	40324_CABGBZ010000883.1	36.929	241	135	4	66	290	213803	213084	2.09e-32	141
Query_1	40324_CABGBZ010000207.1	36.929	241	135	4	66	290	213803	213084	2.09e-32	141
Query_1	40324_CP015612.1	36.667	240	137	2	66	290	2332104	2331385	2.10e-32	141
Query_1	40324_CABGEU010000582.1	35.833	240	139	2	66	290	5580	4861	2.11e-32	141
Query_1	40324_CABGEU010000040.1	35.833	240	139	2	66	290	5580	4861	2.11e-32	141
Query_1	40324_VFLV01000002.1	36.667	240	137	2	66	290	277317	278036	2.13e-32	141
Query_1	1404_NVAW01000012.1	34.440	241	140	4	66	290	15980	16696	2.14e-32	141
Query_1	1404_MRUF01000004.1	34.440	241	140	4	66	290	209657	208941	2.17e-32	141
Query_1	1404_NVNE01000013.1	34.440	241	140	4	66	290	27260	26544	2.22e-32	141
Query_1	1404_NUIR01000039.1	34.440	241	140	4	66	290	238214	238930	2.23e-32	141
Query_1	1404_NUKK01000021.1	34.440	241	140	4	66	290	306632	305916	2.23e-32	141
Query_1	1404_NUZS01000007.1	34.440	241	140	4	66	290	101166	100450	2.23e-32	141
Query_1	1404_NUFZ01000003.1	34.440	241	140	4	66	290	176604	177320	2.23e-32	141
Query_1	1404_NVKD01000009.1	34.440	241	140	4	66	290	27260	26544	2.23e-32	141
Query_1	1404_NUWQ01000010.1	34.440	241	140	4	66	290	27260	26544	2.23e-32	141
Query_1	1404_NVMV01000003.1	34.440	241	140	4	66	290	593889	594605	2.23e-32	141
Query_1	1404_NUVK01000006.1	34.440	241	140	4	66	290	292042	291326	2.23e-32	141
Query_1	1404_NUHQ01000003.1	34.440	241	140	4	66	290	290541	289825	2.23e-32	141
Query_1	1404_NULX01000008.1	34.440	241	140	4	66	290	583111	582395	2.24e-32	141
