Query_1	380021_CP043179.1	100.000	617	0	0	1	617	5778810	5780660	0.0	1196
Query_1	380021_CP043179.1	54.120	619	224	6	1	617	5770657	5772339	2.42e-173	557
Query_1	380021_CP043179.1	40.506	79	44	2	490	565	2250551	2250787	0.007	52.0
Query_1	380021_CP043179.1	40.000	85	48	2	498	581	2250521	2250769	0.22	47.0
Query_1	380021_CP043179.1	46.000	50	27	0	367	416	2250569	2250718	4.0	42.7
Query_1	380021_CP032353.1	100.000	617	0	0	1	617	3665679	3663829	0.0	1196
Query_1	380021_CP032353.1	54.120	619	224	6	1	617	3673832	3672150	2.42e-173	557
Query_1	380021_CP032353.1	40.506	79	44	2	490	565	118518	118282	0.009	51.6
Query_1	380021_CP032353.1	40.000	85	48	2	498	581	118548	118300	0.24	46.6
Query_1	380021_CP032353.1	46.000	50	27	0	367	416	118500	118351	4.4	42.7
Query_1	380021_CP032352.1	100.000	617	0	0	1	617	6596646	6598496	0.0	1196
Query_1	380021_CP032352.1	54.120	619	224	6	1	617	6588494	6590176	2.42e-173	557
Query_1	380021_CP032352.1	40.506	79	44	2	490	565	3068371	3068607	0.009	51.6
Query_1	380021_CP032352.1	40.000	85	48	2	498	581	3068341	3068589	0.24	46.6
Query_1	380021_CP032352.1	46.000	50	27	0	367	416	3068389	3068538	4.4	42.7
Query_1	380021_CP032358.1	100.000	617	0	0	1	617	4663192	4661342	0.0	1196
Query_1	380021_CP032358.1	54.120	619	224	6	1	617	4671345	4669663	2.42e-173	557
Query_1	380021_CP032358.1	40.506	79	44	2	490	565	1116043	1115807	0.009	51.6
Query_1	380021_CP032358.1	40.000	85	48	2	498	581	1116073	1115825	0.24	46.6
Query_1	380021_CP032358.1	46.000	50	27	0	367	416	1116025	1115876	4.4	42.7
Query_1	380021_VAVY01000001.1	100.000	617	0	0	1	617	1100703	1098853	0.0	1196
Query_1	380021_VAVY01000001.1	54.120	619	224	6	1	617	1108856	1107174	2.41e-173	557
Query_1	380021_CP022097.2	100.000	617	0	0	1	617	5163846	5165696	0.0	1196
Query_1	380021_CP022097.2	54.120	619	224	6	1	617	5155693	5157375	2.42e-173	557
Query_1	380021_CP022097.2	40.506	79	44	2	490	565	1635363	1635599	0.007	52.0
Query_1	380021_CP022097.2	40.000	85	48	2	498	581	1635333	1635581	0.22	47.0
Query_1	380021_CP022097.2	46.000	50	27	0	367	416	1635381	1635530	4.0	42.7
Query_1	380021_LHUX01000007.1	100.000	617	0	0	1	617	414169	412319	0.0	1196
Query_1	380021_LHUX01000007.1	54.120	619	224	6	1	617	422322	420640	2.41e-173	557
Query_1	380021_MOAV01000001.1	99.838	617	1	0	1	617	1076861	1078711	0.0	1194
Query_1	380021_MOAV01000001.1	54.120	619	224	6	1	617	1068708	1070390	2.42e-173	557
Query_1	380021_MOAW01000003.1	99.838	617	1	0	1	617	1076527	1078377	0.0	1194
Query_1	380021_MOAW01000003.1	54.120	619	224	6	1	617	1068374	1070056	2.42e-173	557
Query_1	380021_MOAX01000003.1	99.676	617	2	0	1	617	669689	671539	0.0	1191
Query_1	380021_MOAX01000003.1	53.958	619	225	6	1	617	661536	663218	4.17e-172	554
Query_1	380021_PPEF01000019.1	99.676	617	2	0	1	617	19116	20966	0.0	1191
Query_1	380021_PPEF01000019.1	54.120	619	224	6	1	617	10951	12633	3.63e-173	557
Query_1	380021_MRTZ01000001.1	99.676	617	2	0	1	617	582359	584209	0.0	1191
Query_1	380021_MRTZ01000001.1	54.120	619	224	6	1	617	574206	575888	3.87e-173	556
Query_1	380021_MRUB01000007.1	99.676	617	2	0	1	617	562925	564775	0.0	1191
Query_1	380021_MRUB01000007.1	54.120	619	224	6	1	617	554772	556454	3.87e-173	556
Query_1	380021_MRUA01000010.1	99.676	617	2	0	1	617	2286462	2288312	0.0	1191
Query_1	380021_MRUA01000010.1	54.120	619	224	6	1	617	2278309	2279991	3.87e-173	556
Query_1	380021_MRUA01000010.1	40.506	79	44	2	490	565	963705	963469	0.008	51.6
Query_1	380021_MRUA01000010.1	40.000	85	48	2	498	581	963735	963487	0.24	47.0
Query_1	380021_MRUA01000010.1	46.000	50	27	0	367	416	963687	963538	4.5	42.7
Query_1	380021_MRUC01000003.1	99.676	617	2	0	1	617	2400303	2398453	0.0	1191
Query_1	380021_MRUC01000003.1	54.120	619	224	6	1	617	2408456	2406774	3.87e-173	556
Query_1	380021_MRUC01000003.1	40.506	79	44	2	490	565	448791	448555	0.008	51.6
Query_1	380021_MRUC01000003.1	40.000	85	48	2	498	581	448821	448573	0.24	47.0
Query_1	380021_MRUC01000003.1	46.000	50	27	0	367	416	448773	448624	4.5	42.7
Query_1	380021_MAUK01000009.1	99.676	617	2	0	1	617	1346559	1348409	0.0	1191
Query_1	380021_MAUK01000009.1	54.120	619	224	6	1	617	1338406	1340088	3.87e-173	556
Query_1	380021_MAUL01000003.1	99.676	617	2	0	1	617	2744348	2742498	0.0	1191
Query_1	380021_MAUL01000003.1	54.120	619	224	6	1	617	2752501	2750819	3.87e-173	556
Query_1	380021_MAUL01000003.1	40.506	79	44	2	490	565	505113	504877	0.008	51.6
Query_1	380021_MAUL01000003.1	40.000	85	48	2	498	581	505143	504895	0.24	47.0
Query_1	380021_MAUL01000003.1	46.000	50	27	0	367	416	505095	504946	4.5	42.7
Query_1	380021_RJUX01000001.1	99.514	617	3	0	1	617	2842304	2840454	0.0	1190
Query_1	380021_RJUX01000001.1	53.958	619	225	6	1	617	2850457	2848775	2.63e-172	554
Query_1	380021_RJUS01000010.1	99.514	617	3	0	1	617	1060327	1062177	0.0	1190
Query_1	380021_RJUS01000010.1	53.958	619	225	6	1	617	1052174	1053856	2.62e-172	554
Query_1	380021_MOAU01000006.1	99.514	617	3	0	1	617	1096298	1094448	0.0	1190
Query_1	380021_MOAU01000006.1	54.120	619	224	6	1	617	1104451	1102769	2.79e-173	557
Query_1	380021_SHFR01000003.1	99.514	617	3	0	1	617	62915	61065	0.0	1189
Query_1	380021_SHFR01000003.1	54.120	619	224	6	1	617	71065	69383	7.21e-173	556
Query_1	380021_CP013184.1	99.352	617	4	0	1	617	3757964	3756114	0.0	1189
Query_1	380021_CP013184.1	53.958	619	225	6	1	617	3766117	3764435	1.17e-172	555
Query_1	380021_CP013184.1	40.506	79	44	2	490	565	141129	140893	0.010	51.2
Query_1	380021_CP013184.1	40.000	85	48	2	498	581	141159	140911	0.27	46.6
Query_1	380021_CP013184.1	46.000	50	27	0	367	416	141111	140962	4.4	42.7
Query_1	294_BJOO01000002.1	99.352	617	4	0	1	617	73932	75782	0.0	1189
Query_1	294_BJOO01000002.1	53.958	619	225	6	1	617	65779	67461	1.16e-172	555
Query_1	380021_PPSI01000011.1	99.352	617	4	0	1	617	52538	50688	0.0	1189
Query_1	380021_PPSI01000011.1	54.281	619	223	6	1	617	60706	59024	3.88e-174	560
Query_1	380021_RCSR01000003.1	99.352	617	4	0	1	617	120362	122212	0.0	1188
Query_1	380021_RCSR01000003.1	54.120	619	224	6	1	617	112209	113891	2.79e-173	557
Query_1	380021_LHUV01000005.1	99.352	617	4	0	1	617	2218690	2216840	0.0	1188
Query_1	380021_LHUV01000005.1	54.120	619	224	6	1	617	2226843	2225161	2.79e-173	557
Query_1	380021_VIWR01000006.1	99.190	617	5	0	1	617	692622	694472	0.0	1187
Query_1	380021_VIWR01000006.1	54.120	619	224	6	1	617	684454	686136	2.41e-173	557
Query_1	380021_QFNP01000001.1	99.190	617	5	0	1	617	572964	571114	0.0	1187
Query_1	380021_QFNP01000001.1	54.120	619	224	6	1	617	581117	579435	1.90e-173	558
Query_1	380021_LHUU01000008.1	99.190	617	5	0	1	617	303285	301435	0.0	1186
Query_1	380021_LHUU01000008.1	54.120	619	224	6	1	617	311438	309756	3.68e-173	557
Query_1	380021_MOAT01000017.1	99.028	617	6	0	1	617	572795	570945	0.0	1186
Query_1	380021_MOAT01000017.1	53.958	619	225	6	1	617	580963	579281	1.46e-172	555
Query_1	380021_LHUW01000007.1	99.028	617	6	0	1	617	309112	307262	0.0	1184
Query_1	380021_LHUW01000007.1	53.958	619	225	6	1	617	317265	315583	8.83e-173	556
Query_1	380021_LCZC01000015.1	98.703	617	8	0	1	617	75658	73808	0.0	1182
Query_1	380021_LCZC01000015.1	54.120	619	224	6	1	617	83811	82129	2.25e-173	557
Query_1	380021_LDET01000027.1	98.541	617	9	0	1	617	37716	35866	0.0	1178
Query_1	380021_LDET01000027.1	54.120	619	224	6	1	617	45869	44187	3.24e-173	557
Query_1	380021_MOAK01000082.1	92.058	617	49	0	1	617	227874	229724	0.0	1110
Query_1	380021_MOAK01000082.1	54.120	619	224	6	1	617	219721	221403	4.76e-173	556
Query_1	380021_MOAS01000002.1	91.572	617	52	0	1	617	539696	537846	0.0	1103
Query_1	380021_MOAS01000002.1	54.443	619	221	6	1	617	545104	543425	4.18e-174	560
Query_1	380021_MOAR01000003.1	91.572	617	52	0	1	617	539733	537883	0.0	1103
Query_1	380021_MOAR01000003.1	54.443	619	221	6	1	617	545141	543462	4.18e-174	560
Query_1	380021_MOAQ01000064.1	91.572	617	52	0	1	617	544318	542468	0.0	1103
Query_1	380021_MOAQ01000064.1	54.443	619	221	6	1	617	549864	548185	4.18e-174	560
Query_1	380021_MOAP01000002.1	91.572	617	52	0	1	617	539147	537297	0.0	1103
Query_1	380021_MOAP01000002.1	54.443	619	221	6	1	617	544555	542876	4.18e-174	560
Query_1	380021_CP031396.1	91.410	617	53	0	1	617	33801	35651	0.0	1103
Query_1	380021_CP031396.1	54.120	619	224	6	1	617	28382	30064	2.24e-173	557
Query_1	380021_CP031396.1	40.244	82	42	3	513	594	3675398	3675174	0.027	50.1
Query_1	380021_CP031396.1	39.241	79	45	2	490	565	3675386	3675150	0.059	48.9
Query_1	380021_CP031396.1	47.368	57	30	0	486	542	5284054	5284224	0.16	47.4
Query_1	380021_CP031396.1	54.762	42	19	0	375	416	3675398	3675273	2.6	43.5
Query_1	380021_QJRN01000003.1	91.572	617	52	0	1	617	202569	204419	0.0	1103
Query_1	380021_QJRN01000003.1	53.958	619	224	6	1	617	197161	198840	5.94e-172	553
Query_1	380021_LUUE01000002.1	91.572	617	52	0	1	617	527814	525964	0.0	1103
Query_1	380021_LUUE01000002.1	54.120	619	223	6	1	617	533222	531543	4.26e-173	556
Query_1	380021_LUUD01000035.1	91.410	617	53	0	1	617	298188	296338	0.0	1103
Query_1	380021_LUUD01000035.1	54.281	619	223	6	1	617	303600	301918	6.89e-174	559
Query_1	380021_QJRM01000005.1	91.572	617	52	0	1	617	227596	229446	0.0	1102
Query_1	380021_QJRM01000005.1	54.443	619	221	6	1	617	222188	223867	2.87e-174	560
Query_1	380021_PIZE01000004.1	90.924	617	56	0	1	617	208936	210786	0.0	1097
Query_1	380021_PIZE01000004.1	54.369	618	223	5	1	617	203530	205209	8.31e-175	561
Query_1	380021_PYJM01000001.1	90.924	617	56	0	1	617	849036	850886	0.0	1097
Query_1	380021_PYJM01000001.1	54.369	618	223	5	1	617	843630	845309	8.31e-175	561
Query_1	294_LCZB01000043.1	90.276	617	60	0	1	617	34378	36228	0.0	1093
Query_1	294_LCZB01000043.1	54.604	619	220	6	1	617	28971	30650	1.56e-174	561
Query_1	380021_CP017964.1	86.218	624	73	2	1	617	3821713	3819860	0.0	1030
Query_1	380021_CP017964.1	59.305	403	162	2	217	617	3829514	3828306	4.36e-140	451
Query_1	380021_CP017964.1	47.321	112	40	3	89	200	3829840	3829562	4.36e-140	79.7
Query_1	380021_CP017964.1	40.506	79	44	2	490	565	166547	166311	0.009	51.6
Query_1	380021_CP017964.1	40.000	85	48	2	498	581	166577	166329	0.24	46.6
Query_1	380021_CP017964.1	46.000	50	27	0	367	416	166529	166380	4.4	42.7
Query_1	587753_UGUQ01000003.1	82.172	617	110	0	1	617	508955	507105	0.0	1008
Query_1	587753_UGUQ01000003.1	58.252	618	205	4	1	617	510763	509066	0.0	634
Query_1	587753_UGUQ01000003.1	40.506	79	44	2	490	565	3980486	3980250	0.004	52.8
Query_1	587753_UGUQ01000003.1	40.000	85	48	2	498	581	3980516	3980268	0.16	47.4
Query_1	587753_UGUQ01000003.1	48.000	50	26	0	367	416	3980468	3980319	1.1	44.7
Query_1	587753_LT629738.1	82.172	617	110	0	1	617	2494391	2496241	0.0	1008
Query_1	587753_LT629738.1	58.252	618	205	4	1	617	2492583	2494280	0.0	634
Query_1	587753_LT629738.1	32.622	656	349	18	1	617	3855493	3857298	2.53e-62	235
Query_1	587753_LT629738.1	40.506	79	44	2	490	565	6060715	6060951	0.004	52.8
Query_1	587753_LT629738.1	40.000	85	48	2	498	581	6060685	6060933	0.16	47.4
Query_1	587753_LT629738.1	42.857	70	38	1	486	555	4464621	4464418	0.78	45.1
Query_1	587753_LT629738.1	48.000	50	26	0	367	416	6060733	6060882	1.1	44.7
Query_1	587753_VWPB01000094.1	82.172	617	110	0	1	617	161810	159960	0.0	1008
Query_1	587753_VWPB01000094.1	58.414	618	204	4	1	617	163618	161921	0.0	635
Query_1	587753_CP025309.1	82.172	617	110	0	1	617	3603845	3601995	0.0	1008
Query_1	587753_CP025309.1	58.576	618	203	4	1	617	3605793	3604096	0.0	638
Query_1	587753_CP025309.1	32.622	656	349	18	1	617	2276612	2274807	6.30e-62	234
Query_1	587753_CP025309.1	40.506	79	44	2	490	565	145347	145111	0.004	52.8
Query_1	587753_CP025309.1	40.000	85	48	2	498	581	145377	145129	0.16	47.4
Query_1	587753_CP025309.1	42.857	70	38	1	486	555	1725124	1725327	0.36	46.2
Query_1	587753_CP025309.1	48.000	50	26	0	367	416	145329	145180	1.1	44.7
Query_1	587753_LT629761.1	81.686	617	113	0	1	617	4427549	4429399	0.0	1007
Query_1	587753_LT629761.1	58.738	618	202	4	1	617	4425603	4427300	0.0	640
Query_1	587753_LT629761.1	32.317	656	351	17	1	617	5699161	5700966	1.48e-61	233
Query_1	587753_LT629761.1	28.704	216	120	7	357	566	3352988	3352425	2.46e-05	59.7
Query_1	587753_LT629761.1	40.506	79	44	2	490	565	818557	818793	0.003	52.8
Query_1	587753_LT629761.1	40.000	85	48	2	498	581	818527	818775	0.13	47.8
Query_1	587753_LT629761.1	44.286	70	37	1	486	555	6291434	6291231	0.59	45.4
Query_1	587753_LT629761.1	48.000	50	26	0	367	416	818575	818724	1.2	44.7
Query_1	587753_LR134334.1	81.686	617	113	0	1	617	586262	584412	0.0	1006
Query_1	587753_LR134334.1	58.576	618	203	4	1	617	588244	586547	0.0	639
Query_1	587753_LR134334.1	41.761	443	204	9	226	617	1939729	1941048	2.22e-98	296
Query_1	587753_LR134334.1	34.298	242	91	4	1	226	1939163	1939732	2.22e-98	94.7
Query_1	587753_LR134334.1	32.470	656	350	17	1	617	6543012	6541207	2.18e-63	238
Query_1	587753_LR134334.1	40.506	79	44	2	490	565	4327051	4326815	0.004	52.8
Query_1	587753_LR134334.1	40.000	85	48	2	498	581	4327081	4326833	0.15	47.4
Query_1	587753_LR134334.1	44.286	70	37	1	486	555	5952019	5952222	0.55	45.4
Query_1	587753_LR134334.1	48.000	50	26	0	367	416	4327033	4326884	1.1	44.7
Query_1	587753_CP027716.1	82.010	617	111	0	1	617	3531246	3529396	0.0	1006
Query_1	587753_CP027716.1	58.091	618	206	4	1	617	3533051	3531354	0.0	633
Query_1	587753_CP027716.1	32.927	656	347	17	1	617	2239076	2237271	1.83e-65	244
Query_1	587753_CP027716.1	40.506	79	44	2	490	565	149303	149067	0.004	52.8
Query_1	587753_CP027716.1	40.000	85	48	2	498	581	149333	149085	0.14	47.8
Query_1	587753_CP027716.1	48.000	50	26	0	367	416	149285	149136	1.2	44.7
Query_1	587753_CP027716.1	42.857	70	38	1	486	555	1653954	1654157	1.3	44.3
Query_1	587753_CP019399.1	82.010	617	111	0	1	617	3770916	3769066	0.0	1006
Query_1	587753_CP019399.1	58.414	618	204	4	1	617	3772864	3771167	0.0	637
Query_1	587753_CP019399.1	32.622	656	349	18	1	617	2407568	2405763	6.99e-62	234
Query_1	587753_CP019399.1	40.506	79	44	2	490	565	145446	145210	0.004	52.8
Query_1	587753_CP019399.1	40.000	85	48	2	498	581	145476	145228	0.16	47.4
Query_1	587753_CP019399.1	42.857	70	38	1	486	555	1763423	1763626	0.40	46.2
Query_1	587753_CP019399.1	48.000	50	26	0	367	416	145428	145279	1.1	44.7
Query_1	587753_CP008696.1	82.010	617	111	0	1	617	3568824	3566974	0.0	1005
Query_1	587753_CP008696.1	58.414	618	204	4	1	617	3570631	3568934	0.0	634
Query_1	587753_CP008696.1	32.622	656	349	18	1	617	2208163	2206358	2.61e-62	235
Query_1	587753_CP008696.1	40.506	79	44	2	490	565	25243	25007	0.004	52.8
Query_1	587753_CP008696.1	40.000	85	48	2	498	581	25273	25025	0.16	47.4
Query_1	587753_CP008696.1	42.857	70	38	1	486	555	1651649	1651852	0.76	45.1
Query_1	587753_CP008696.1	48.000	50	26	0	367	416	25225	25076	1.1	44.7
Query_1	587753_MOBW01000075.1	81.848	617	112	0	1	617	54606	52756	0.0	1004
Query_1	587753_MOBW01000075.1	58.091	618	206	4	1	617	56413	54716	0.0	621
Query_1	587753_KZ300474.1	81.524	617	114	0	1	617	2313470	2311620	0.0	1004
Query_1	587753_KZ300474.1	58.900	618	201	4	1	617	2315277	2313580	0.0	644
Query_1	587753_KZ300474.1	32.827	658	345	19	1	617	1015017	1013212	1.82e-62	236
Query_1	587753_KZ300474.1	44.286	70	37	1	486	555	465724	465927	0.77	45.1
Query_1	587753_LT629747.1	81.848	617	112	0	1	617	3460914	3462764	0.0	1003
Query_1	587753_LT629747.1	57.767	618	208	4	1	617	3459106	3460803	0.0	629
Query_1	587753_LT629747.1	32.622	656	349	18	1	617	4810223	4812028	1.17e-61	233
Query_1	587753_LT629747.1	39.241	79	45	2	490	565	6928199	6928435	0.009	51.6
Query_1	587753_LT629747.1	40.000	85	48	2	498	581	6928169	6928417	0.13	47.8
Query_1	587753_LT629747.1	48.000	50	26	0	367	416	6928217	6928366	1.6	44.3
Query_1	587753_LT629747.1	44.615	65	34	1	491	555	5362727	5362539	1.7	43.9
Query_1	587753_CP011110.1	82.172	617	110	0	1	617	3076572	3078422	0.0	1003
Query_1	587753_CP011110.1	58.091	618	206	3	1	617	3074588	3076285	0.0	621
Query_1	587753_CP011110.1	44.409	626	287	4	1	617	4160893	4162614	2.75e-149	488
Query_1	587753_CP011110.1	31.006	358	195	9	310	616	4320547	4321617	1.77e-43	127
Query_1	587753_CP011110.1	30.476	315	161	10	1	310	4319765	4320550	1.77e-43	80.5
Query_1	587753_CP011110.1	39.241	79	45	2	490	565	6479122	6479358	0.010	51.2
Query_1	587753_CP011110.1	27.933	179	103	4	366	542	4960047	4959583	0.023	50.1
Query_1	587753_CP011110.1	41.176	85	47	2	498	581	6479092	6479340	0.056	48.9
Query_1	587753_CP011110.1	44.118	68	29	1	486	544	4960074	4959871	0.20	47.0
Query_1	587753_CP011110.1	46.000	50	27	0	367	416	6479140	6479289	3.2	43.1
Query_1	587753_FMCZ01000003.1	81.524	617	114	0	1	617	259558	261408	0.0	1003
Query_1	587753_FMCZ01000003.1	58.738	618	202	4	1	617	257754	259451	0.0	639
Query_1	587753_MOAO01000003.1	81.524	617	114	0	1	617	185025	183175	0.0	1002
Query_1	587753_MOAO01000003.1	58.738	618	202	4	1	617	186833	185136	0.0	636
Query_1	294_LACD01000060.1	81.361	617	115	0	1	617	8489	6639	0.0	1000
Query_1	294_LACD01000060.1	57.605	618	205	6	1	617	10273	8588	0.0	615
Query_1	294_CABVJH010000002.1	81.037	617	117	0	1	617	821823	823673	0.0	999
Query_1	294_CABVJH010000002.1	57.282	618	207	6	1	617	820039	821724	0.0	611
Query_1	294_CABVJH010000002.1	25.402	311	163	10	343	609	147381	148238	0.012	51.2
Query_1	587753_MOAN01000094.1	81.199	617	116	0	1	617	159689	161539	0.0	998
Query_1	587753_MOAN01000094.1	58.414	618	204	4	1	617	157881	159578	0.0	633
Query_1	587753_CP014867.1	81.037	617	117	0	1	617	6549956	6548106	0.0	998
Query_1	587753_CP014867.1	58.414	618	204	4	1	617	6551764	6550067	0.0	635
Query_1	587753_CP014867.1	33.232	656	345	18	1	617	411017	412822	1.73e-65	244
Query_1	587753_CP014867.1	40.506	79	44	2	490	565	2807918	2808154	0.003	52.8
Query_1	587753_CP014867.1	40.000	85	48	2	498	581	2807888	2808136	0.15	47.4
Query_1	587753_CP014867.1	44.286	70	37	1	486	555	1136266	1136063	0.69	45.4
Query_1	587753_CP014867.1	48.000	50	26	0	367	416	2807936	2808085	1.1	44.7
Query_1	75612_LT629796.1	81.656	616	113	0	1	616	5871737	5873584	0.0	998
Query_1	75612_LT629796.1	57.282	618	207	6	1	617	5869952	5871637	0.0	613
Query_1	75612_LT629796.1	30.198	202	128	3	368	559	6987289	6986693	5.13e-07	65.5
Query_1	75612_LT629796.1	28.856	201	103	6	366	565	460340	459855	0.014	50.8
Query_1	75612_LT629796.1	37.975	79	46	2	490	565	2038567	2038803	0.083	48.1
Query_1	75612_LT629796.1	38.824	85	49	2	498	581	2038537	2038785	0.18	47.4
Query_1	75612_LT629796.1	36.036	111	63	2	483	593	6987685	6987377	0.22	47.0
Query_1	75612_LT629796.1	45.070	71	37	1	486	556	460394	460188	0.29	46.6
Query_1	75612_LT629796.1	39.189	74	34	1	493	566	6994753	6994565	0.59	45.4
Query_1	75612_LT629796.1	27.523	218	103	6	366	571	6990139	6989615	0.87	45.1
Query_1	75612_LT629796.1	47.917	48	25	0	491	538	6557470	6557327	0.92	45.1
Query_1	75612_LT629796.1	46.000	50	27	0	367	416	2038585	2038734	2.6	43.5
Query_1	75612_LT629796.1	27.451	204	115	5	366	567	6994720	6994202	3.8	42.7
Query_1	75612_VFIM01000035.1	81.656	616	113	0	1	616	23552	25399	0.0	998
Query_1	75612_VFIM01000035.1	57.282	618	207	6	1	617	21767	23452	0.0	613
Query_1	294_CP012830.1	81.524	617	114	0	1	617	5450594	5452444	0.0	998
Query_1	294_CP012830.1	57.120	618	210	5	1	617	5448806	5450497	0.0	623
Query_1	294_CP012830.1	40.506	79	44	2	490	565	2447634	2447398	0.017	50.4
Query_1	294_CP012830.1	40.000	85	48	2	498	581	2447664	2447416	0.26	46.6
Query_1	294_CP012830.1	44.000	50	28	0	367	416	2447616	2447467	8.0	42.0
Query_1	587753_VWPC01000012.1	81.199	617	116	0	1	617	552260	550410	0.0	996
Query_1	587753_VWPC01000012.1	57.767	618	208	4	1	617	554065	552368	0.0	618
Query_1	294_LACH01000044.1	81.361	617	115	0	1	617	65793	63943	0.0	996
Query_1	75612_NMOJ01000011.1	81.361	617	115	0	1	617	15454	17304	0.0	996
Query_1	75612_NMOJ01000011.1	57.767	618	204	6	1	617	13669	15354	0.0	617
Query_1	587753_CP027713.1	80.875	617	118	0	1	617	3595602	3593752	0.0	994
Query_1	587753_CP027713.1	58.414	618	204	4	1	617	3597409	3595712	0.0	633
Query_1	587753_CP027713.1	32.774	656	348	18	1	617	2342848	2341043	9.45e-64	239
Query_1	587753_CP027713.1	40.506	79	44	2	490	565	183512	183276	0.003	52.8
Query_1	587753_CP027713.1	40.000	85	48	2	498	581	183542	183294	0.13	47.8
Query_1	587753_CP027713.1	42.857	70	38	1	486	555	1719770	1719973	1.1	44.7
Query_1	587753_CP027713.1	48.000	50	26	0	367	416	183494	183345	1.3	44.3
Query_1	75612_RHGD01000001.1	81.494	616	114	0	1	616	6336092	6334245	0.0	994
Query_1	75612_RHGD01000001.1	57.120	618	208	6	1	617	6337877	6336192	0.0	610
Query_1	75612_RHGD01000001.1	30.198	202	128	3	368	559	5309543	5310139	1.08e-05	60.8
Query_1	75612_RHGD01000001.1	30.213	235	123	6	361	569	4563981	4564640	1.45e-05	60.5
Query_1	75612_RHGD01000001.1	36.364	88	56	0	490	577	4562661	4562924	0.009	51.6
Query_1	75612_RHGD01000001.1	28.417	278	161	9	367	611	4563678	4564496	0.011	51.2
Query_1	75612_RHGD01000001.1	28.856	201	103	6	366	565	4727101	4727586	0.016	50.8
Query_1	75612_RHGD01000001.1	37.975	79	46	2	490	565	3181139	3180903	0.082	48.1
Query_1	75612_RHGD01000001.1	38.824	85	49	2	498	581	3181169	3180921	0.18	47.4
Query_1	75612_RHGD01000001.1	36.036	111	63	2	483	593	5309147	5309455	0.22	47.0
Query_1	75612_RHGD01000001.1	45.070	71	37	1	486	556	4727047	4727253	0.29	46.6
Query_1	75612_RHGD01000001.1	39.189	74	34	1	493	566	5302079	5302267	0.58	45.4
Query_1	75612_RHGD01000001.1	27.523	218	103	6	366	571	5306693	5307217	0.87	45.1
Query_1	75612_RHGD01000001.1	35.593	118	63	3	355	470	4564359	4564679	2.1	43.9
Query_1	75612_RHGD01000001.1	46.000	50	27	0	367	416	3181121	3180972	2.6	43.5
Query_1	75612_RHGD01000001.1	29.464	112	64	3	460	557	4565475	4565807	9.4	41.6
Query_1	294_CABVIK010000002.1	81.494	616	114	0	1	616	87220	89067	0.0	994
Query_1	294_CABVIK010000002.1	57.120	618	208	6	1	617	85435	87120	0.0	611
Query_1	75612_RCZA01000014.1	81.037	617	117	0	1	617	37502	39352	0.0	992
Query_1	75612_RCZA01000014.1	39.394	66	40	0	485	550	107233	107036	0.075	48.5
Query_1	75612_RCZA01000014.1	34.568	81	53	0	491	571	105979	105737	0.28	46.6
Query_1	75612_RCZA01000014.1	43.077	65	37	0	491	555	106765	106571	0.50	45.8
Query_1	75612_RCZA01000014.1	48.000	50	26	0	485	534	103201	103052	4.9	42.4
Query_1	75612_RCZA01000014.1	39.344	61	37	0	488	548	105214	105032	7.3	42.0
Query_1	104087_FMHR01000002.1	81.169	616	116	0	1	616	107984	109831	0.0	989
Query_1	104087_FMHR01000002.1	57.443	618	209	5	1	617	106189	107883	0.0	609
Query_1	104087_FMHR01000002.1	27.488	211	106	7	370	547	162513	161923	0.21	47.0
Query_1	104087_FMHR01000002.1	41.379	58	34	0	490	547	165300	165127	0.39	46.2
Query_1	104087_FMHR01000002.1	40.000	65	39	0	491	555	164847	164653	1.6	43.9
Query_1	104087_FMHS01000005.1	81.169	616	116	0	1	616	107765	109612	0.0	989
Query_1	104087_FMHS01000005.1	57.443	618	209	5	1	617	105970	107664	0.0	609
Query_1	104087_FMHS01000005.1	27.488	211	106	7	370	547	162294	161704	0.21	47.0
Query_1	104087_FMHS01000005.1	41.379	58	34	0	490	547	165081	164908	0.39	46.2
Query_1	104087_FMHS01000005.1	40.000	65	39	0	491	555	164628	164434	1.6	43.9
Query_1	104087_FNTF01000002.1	80.065	617	123	0	1	617	4048083	4049933	0.0	988
Query_1	104087_FNTF01000002.1	57.282	618	207	6	1	617	4046299	4047984	0.0	589
Query_1	104087_FNTF01000002.1	51.852	54	24	1	513	566	1151806	1151651	0.005	52.4
Query_1	104087_FNTF01000002.1	27.500	200	105	6	367	565	2703056	2703538	0.018	50.4
Query_1	104087_FNTF01000002.1	39.241	79	45	2	490	565	1151794	1151558	0.12	47.8
Query_1	104087_FNTF01000002.1	31.298	131	61	4	489	616	4123826	4123512	0.20	47.0
Query_1	104087_FNTF01000002.1	38.824	85	49	2	498	581	1151824	1151576	0.21	47.0
Query_1	104087_FNTF01000002.1	46.552	58	31	0	486	543	2702999	2703172	2.3	43.5
Query_1	104087_FNTF01000002.1	27.753	227	117	9	353	547	4121063	4120428	6.4	42.0
Query_1	294_LUKJ01000003.1	80.875	617	118	0	1	617	5436197	5438047	0.0	988
Query_1	294_LUKJ01000003.1	57.512	619	208	6	1	617	5434399	5436096	0.0	607
Query_1	294_LUKJ01000003.1	28.509	228	115	8	367	587	610495	609935	0.006	52.0
Query_1	294_LUKJ01000003.1	40.506	79	44	2	490	565	2067113	2067349	0.011	51.2
Query_1	294_LUKJ01000003.1	29.293	198	102	5	370	534	5528670	5528092	0.039	49.3
Query_1	294_LUKJ01000003.1	32.061	131	60	4	489	616	5531472	5531158	0.12	47.8
Query_1	294_LUKJ01000003.1	49.020	51	26	0	496	546	2067104	2067256	0.21	47.0
Query_1	294_LUKJ01000003.1	38.824	85	49	2	498	581	2067083	2067331	0.21	47.0
Query_1	294_LUKJ01000003.1	50.000	50	25	0	495	544	610498	610349	0.43	45.8
Query_1	294_LUKJ01000003.1	40.000	65	39	0	491	555	5531016	5530822	5.3	42.4
Query_1	294_LUKJ01000003.1	39.344	61	37	0	488	548	5530245	5530063	5.3	42.4
Query_1	294_LUKJ01000003.1	44.000	50	28	0	367	416	2067131	2067280	8.6	41.6
Query_1	294_KN639174.1	80.551	617	120	0	1	617	3312680	3310830	0.0	988
Query_1	294_KN639174.1	57.443	618	209	5	1	617	3314475	3312781	0.0	610
Query_1	294_KN639174.1	28.788	198	103	6	370	534	3231520	3232098	0.057	48.9
Query_1	294_KN639174.1	32.061	131	60	4	489	616	3228718	3229032	0.11	47.8
Query_1	294_KN639174.1	50.000	50	25	0	495	544	1754602	1754751	0.48	45.8
Query_1	294_KN639174.1	27.511	229	118	8	366	587	1754602	1755165	1.8	43.9
Query_1	294_KN639174.1	25.000	216	129	5	367	555	3228739	3229368	2.9	43.1
Query_1	294_KN639174.1	39.344	61	37	0	488	548	3229945	3230127	5.7	42.4
Query_1	104087_JAAAXX010000001.1	80.389	617	121	0	1	617	3456748	3458598	0.0	988
Query_1	104087_JAAAXX010000001.1	56.564	617	215	4	1	617	3454956	3456647	0.0	605
Query_1	104087_JAAAXX010000001.1	30.451	266	145	9	371	605	2459475	2460245	3.35e-07	65.9
Query_1	104087_JAAAXX010000001.1	32.727	165	80	4	371	534	2458110	2458514	0.001	54.7
Query_1	104087_JAAAXX010000001.1	40.964	83	47	1	485	567	2458011	2458253	0.11	47.8
Query_1	104087_JAAAXX010000001.1	40.476	84	37	2	493	574	2451243	2451461	0.15	47.4
Query_1	104087_JAAAXX010000001.1	27.523	218	103	5	366	571	2455848	2456372	0.34	46.2
Query_1	104087_JAAAXX010000001.1	47.368	57	30	0	486	542	1608293	1608463	1.1	44.7
Query_1	104087_JAAAXX010000001.1	27.982	218	120	4	366	547	2458149	2458799	1.7	43.9
Query_1	104087_CP018319.1	80.389	617	121	0	1	617	5637362	5635512	0.0	987
Query_1	104087_CP018319.1	56.311	618	213	6	1	617	5639145	5637460	0.0	580
Query_1	104087_CP018319.1	51.852	54	24	1	513	566	2237777	2237932	0.005	52.4
Query_1	104087_CP018319.1	27.500	200	105	6	367	565	4068607	4069089	0.033	49.7
Query_1	104087_CP018319.1	39.241	79	45	2	490	565	2237789	2238025	0.12	47.8
Query_1	104087_CP018319.1	38.824	85	49	2	498	581	2237759	2238007	0.21	47.0
Query_1	104087_CP018319.1	38.710	62	38	0	489	550	5576144	5576329	0.29	46.6
Query_1	104087_CP018319.1	28.846	208	112	7	359	534	5578919	5579530	2.3	43.5
Query_1	104087_CP018319.1	44.828	58	32	0	486	543	4068550	4068723	8.0	42.0
Query_1	104087_MOBP01000012.1	79.579	617	126	0	1	617	656182	654332	0.0	987
Query_1	104087_MOBP01000012.1	57.536	617	209	5	1	617	657974	656283	0.0	612
Query_1	317_LFQK01000004.1	80.844	616	118	0	1	616	210847	209000	0.0	987
Query_1	317_LFQK01000004.1	57.997	619	205	6	1	617	212645	210948	0.0	613
Query_1	317_LFQK01000004.1	25.806	217	126	4	367	555	135235	135864	0.054	48.9
Query_1	317_LFQK01000004.1	43.333	60	34	0	491	550	135220	135399	0.055	48.9
Query_1	317_LFQK01000004.1	27.488	211	106	7	370	547	138016	138606	0.16	47.4
Query_1	317_LFQK01000004.1	28.251	223	122	8	369	567	135214	135840	0.55	45.4
Query_1	104087_PUIN01000006.1	80.844	616	118	0	1	616	89316	87469	0.0	986
Query_1	104087_PUIN01000006.1	57.605	618	205	6	1	617	91107	89422	0.0	605
Query_1	104087_PUIN01000006.1	32.824	131	59	4	489	616	23025	23339	0.026	50.1
Query_1	104087_PUIN01000006.1	27.570	214	135	4	369	567	23025	23651	1.7	43.9
Query_1	104087_PUIN01000006.1	36.170	94	43	4	485	570	26244	26498	2.1	43.9
Query_1	104087_PUIN01000006.1	40.000	65	39	0	491	555	23481	23675	3.5	43.1
Query_1	104087_PUIN01000006.1	40.984	61	36	0	488	548	24240	24422	4.1	42.7
Query_1	104087_MOBL01000004.1	80.713	617	119	0	1	617	23896	25746	0.0	986
Query_1	104087_MOBL01000004.1	57.189	619	210	6	1	617	22098	23795	0.0	603
Query_1	104087_MOBL01000004.1	28.436	211	104	7	370	547	89072	88482	0.098	48.1
Query_1	104087_MOBL01000004.1	40.323	62	37	0	489	550	91874	91689	0.13	47.8
Query_1	104087_MOBL01000004.1	39.344	61	37	0	488	548	90647	90465	5.2	42.4
Query_1	104087_MOBL01000004.1	38.462	65	40	0	491	555	91418	91224	7.7	42.0
Query_1	587753_MSCT01000012.1	81.037	617	117	0	1	617	49566	47716	0.0	985
Query_1	587753_MSCT01000012.1	59.223	618	199	4	1	617	51371	49674	0.0	644
Query_1	587753_CP027714.1	81.524	617	114	0	1	617	3478702	3476852	0.0	984
Query_1	587753_CP027714.1	58.414	618	204	4	1	617	3480510	3478813	0.0	632
Query_1	587753_CP027714.1	33.384	656	344	18	1	617	2261660	2259855	6.27e-66	246
Query_1	587753_CP027714.1	39.241	79	45	2	490	565	147064	146828	0.011	51.2
Query_1	587753_CP027714.1	40.000	85	48	2	498	581	147094	146846	0.17	47.4
Query_1	587753_CP027714.1	48.000	50	26	0	367	416	147046	146897	1.6	44.3
Query_1	587753_CP027714.1	48.980	49	25	0	496	544	1698767	1698913	2.2	43.5
Query_1	587753_QLKZ01000007.1	81.524	617	114	0	1	617	300492	302342	0.0	984
Query_1	587753_QLKZ01000007.1	58.414	618	204	4	1	617	298684	300381	0.0	632
Query_1	104087_MOBQ01000004.1	79.092	617	129	0	1	617	25375	23525	0.0	983
Query_1	104087_MOBQ01000004.1	56.726	617	214	5	1	617	27170	25479	0.0	606
Query_1	104087_MOBM01000038.1	80.682	616	119	0	1	616	1288212	1290059	0.0	983
Query_1	104087_MOBM01000038.1	80.682	616	119	0	1	616	133143	131296	0.0	983
Query_1	104087_MOBM01000038.1	57.512	619	208	6	1	617	1286414	1288111	0.0	609
Query_1	104087_MOBM01000038.1	57.512	619	208	6	1	617	134941	133244	0.0	609
Query_1	104087_MOBM01000038.1	27.039	233	111	8	353	547	32430	33065	0.031	49.7
Query_1	104087_MOBM01000038.1	27.039	233	111	8	353	547	1388925	1388290	0.031	49.7
Query_1	104087_MOBM01000038.1	25.926	216	127	4	367	555	29694	30323	0.34	46.2
Query_1	104087_MOBM01000038.1	25.926	216	127	4	367	555	1391661	1391032	0.34	46.2
Query_1	104087_MOBM01000038.1	40.984	61	36	0	490	550	29676	29858	1.0	44.7
Query_1	104087_MOBM01000038.1	40.984	61	36	0	490	550	1391679	1391497	1.0	44.7
Query_1	104087_MOBM01000038.1	30.415	217	104	8	371	554	29679	30287	7.2	42.0
Query_1	104087_MOBM01000038.1	30.415	217	104	8	371	554	1391676	1391068	7.2	42.0
Query_1	294_CABVJI010000008.1	79.870	616	124	0	1	616	264635	262788	0.0	983
Query_1	294_CABVJI010000008.1	55.502	618	218	6	1	617	266523	264838	0.0	595
Query_1	294_CABVHE010000006.1	80.389	617	121	0	1	617	98081	96231	0.0	983
Query_1	294_CABVGZ010000008.1	79.870	616	124	0	1	616	79343	81190	0.0	983
Query_1	294_CABVGZ010000008.1	55.340	618	219	6	1	617	77455	79140	0.0	594
Query_1	294_VCNJ01000001.1	79.741	617	125	0	1	617	73939	75789	0.0	983
Query_1	294_VCNJ01000001.1	55.340	618	219	6	1	617	72040	73725	0.0	595
Query_1	104087_MOBR01000009.1	78.930	617	130	0	1	617	218481	220331	0.0	983
Query_1	104087_MOBR01000009.1	56.564	617	215	5	1	617	216686	218377	0.0	603
Query_1	294_CABVJE010000032.1	80.227	617	122	0	1	617	10925	9075	0.0	982
Query_1	294_CABVJE010000032.1	55.663	618	220	5	1	617	12728	11034	0.0	590
Query_1	294_LACE01000024.1	80.065	617	123	0	1	617	131879	133729	0.0	982
Query_1	75612_SOCV01000015.1	79.254	617	128	0	1	617	196623	198473	0.0	981
Query_1	75612_SOCV01000015.1	57.282	618	210	5	1	617	194827	196521	0.0	607
Query_1	294_CABVHD010000006.1	79.708	616	125	0	1	616	98817	100664	0.0	981
Query_1	294_CABVHD010000006.1	54.854	618	222	6	1	617	96929	98614	0.0	589
Query_1	294_MOBX01000013.1	79.741	617	125	0	1	617	101460	103310	0.0	981
Query_1	294_MOBX01000013.1	55.987	618	215	6	1	617	99562	101247	0.0	600
Query_1	104087_CP017886.1	80.551	617	120	0	1	617	5626085	5627935	0.0	980
Query_1	104087_CP017886.1	57.536	617	207	5	1	616	5624284	5625972	0.0	625
Query_1	104087_CP017886.1	40.506	79	44	2	490	565	2791777	2792013	0.010	51.2
Query_1	104087_CP017886.1	40.000	85	48	2	498	581	2791747	2791995	0.38	46.2
Query_1	104087_CP017886.1	46.000	50	27	0	367	416	2791795	2791944	4.8	42.4
Query_1	587753_JSFK01000031.1	79.579	617	126	0	1	617	118370	120220	0.0	980
Query_1	587753_JSFK01000031.1	55.340	618	219	6	1	617	116482	118167	0.0	593
Query_1	294_CABVJD010000010.1	80.065	617	123	0	1	617	230190	232040	0.0	980
Query_1	294_CABVJD010000010.1	55.987	618	218	5	1	617	228387	230081	0.0	592
Query_1	294_CABVII010000025.1	80.227	617	122	0	1	617	90427	92277	0.0	980
Query_1	294_LVEJ01000010.1	79.417	617	127	0	1	617	214801	216651	0.0	980
Query_1	294_LVEJ01000010.1	56.149	618	214	6	1	617	212913	214598	0.0	605
Query_1	294_MOBZ01000016.1	79.417	617	127	0	1	617	274909	273059	0.0	979
Query_1	294_MOBZ01000016.1	55.825	618	216	6	1	617	276795	275110	0.0	600
Query_1	294_CABVHR010000001.1	79.903	617	124	0	1	617	66211	64361	0.0	979
Query_1	294_CABVHR010000001.1	55.987	618	218	5	1	617	68014	66320	0.0	593
Query_1	104087_CP023466.1	80.519	616	120	0	1	616	3163654	3165501	0.0	979
Query_1	104087_CP023466.1	57.282	618	207	6	1	617	3161861	3163546	0.0	604
Query_1	104087_CP023466.1	45.763	59	32	0	490	548	3228273	3228097	0.004	52.8
Query_1	104087_CP023466.1	40.506	79	44	2	490	565	6439619	6439855	0.009	51.6
Query_1	104087_CP023466.1	26.316	247	134	8	366	605	1659274	1659891	0.045	49.3
Query_1	104087_CP023466.1	49.020	51	26	0	496	546	6439610	6439762	0.21	47.0
Query_1	104087_CP023466.1	38.824	85	49	2	498	581	6439589	6439837	0.21	47.0
Query_1	104087_CP023466.1	25.463	216	128	5	367	555	3228255	3227626	0.87	45.1
Query_1	104087_CP023466.1	28.959	221	119	8	371	567	3228270	3227650	1.1	44.7
Query_1	104087_CP023466.1	42.857	70	38	1	486	555	1659220	1659423	1.3	44.3
Query_1	104087_CP023466.1	54.000	50	23	0	485	534	5001518	5001369	2.2	43.5
Query_1	104087_CP023466.1	36.170	94	43	4	485	570	3225057	3224803	2.5	43.5
Query_1	294_CABVHJ010000002.1	79.579	617	126	0	1	617	59531	61381	0.0	978
Query_1	294_CABVHJ010000002.1	55.502	618	218	6	1	617	57645	59330	0.0	596
Query_1	294_CABVHJ010000002.1	32.990	194	77	8	367	557	127733	128164	0.001	54.7
Query_1	294_CABVHJ010000002.1	34.783	115	70	3	485	598	128525	128857	0.005	52.4
Query_1	294_CABVHJ010000002.1	29.944	177	94	6	379	554	129359	129802	0.037	49.3
Query_1	294_CABVHJ010000002.1	31.098	164	104	4	373	533	128522	128995	0.12	47.8
Query_1	294_CABVIE010000012.1	79.903	617	124	0	1	617	137642	139492	0.0	978
Query_1	294_CABVIE010000012.1	55.987	618	218	5	1	617	135839	137533	0.0	590
Query_1	294_QLIN01000005.1	79.579	617	126	0	1	617	296211	298061	0.0	978
Query_1	294_QLIN01000005.1	55.089	619	223	6	1	617	294407	296104	4.06e-171	551
Query_1	294_LKBJ01000002.1	79.903	617	124	0	1	617	3434399	3436249	0.0	978
Query_1	294_LKBJ01000002.1	55.250	619	222	6	1	617	3432596	3434293	5.72e-180	577
Query_1	294_LKBJ01000002.1	29.592	294	172	11	356	616	2846152	2847027	2.50e-05	59.7
Query_1	294_LKBJ01000002.1	33.793	145	81	5	486	617	3999587	3999159	2.46e-04	56.6
Query_1	294_LKBJ01000002.1	27.547	265	150	8	346	605	4942623	4941940	4.74e-04	55.5
Query_1	294_LKBJ01000002.1	41.379	87	39	2	496	581	632706	632933	0.003	52.8
Query_1	294_LKBJ01000002.1	27.189	217	128	4	369	555	3500683	3501333	0.013	50.8
Query_1	294_LKBJ01000002.1	40.506	79	44	2	490	565	632715	632951	0.038	49.3
Query_1	294_LKBJ01000002.1	29.020	255	132	12	353	570	3503440	3504168	0.070	48.5
Query_1	294_LKBJ01000002.1	48.148	54	26	1	513	566	632703	632858	0.18	47.4
Query_1	294_LKBJ01000002.1	29.018	224	107	6	373	548	2845630	2846289	0.28	46.6
Query_1	294_LKBJ01000002.1	28.272	191	83	4	366	548	2845582	2846016	0.60	45.4
Query_1	294_LKBJ01000002.1	37.838	74	35	1	493	566	2839132	2839320	1.8	43.9
Query_1	294_LKBJ01000002.1	26.991	226	131	6	366	588	2839165	2839749	3.9	42.7
Query_1	294_LKBJ01000002.1	27.570	214	109	6	370	571	2843701	2844240	5.0	42.4
Query_1	294_LKBJ01000002.1	54.762	42	19	0	375	416	632703	632828	5.6	42.4
Query_1	294_CABVHM010000005.1	79.383	616	127	0	1	616	319492	321339	0.0	977
Query_1	294_CABVHM010000005.1	55.340	618	219	6	1	617	317604	319289	0.0	595
Query_1	294_CABVGV010000013.1	79.383	616	127	0	1	616	50408	48561	0.0	977
Query_1	294_CABVGV010000013.1	55.340	618	219	6	1	617	52296	50611	0.0	595
Query_1	294_CABVIV010000002.1	79.741	617	125	0	1	617	976208	978058	0.0	976
Query_1	294_CABVIV010000002.1	55.987	618	218	5	1	617	974405	976099	0.0	591
Query_1	294_CABVIV010000002.1	26.966	267	149	9	346	605	7167	7850	0.005	52.4
Query_1	294_CABVIV010000002.1	32.381	105	62	3	444	545	7080	7376	4.1	42.7
Query_1	294_CABVIV010000002.1	35.537	121	64	6	498	612	7179	7517	9.9	41.6
Query_1	294_CABVIV010000001.1	79.741	617	125	0	1	617	93043	91193	0.0	976
Query_1	294_CABVIV010000001.1	55.987	618	218	5	1	617	94846	93152	0.0	591
Query_1	294_CABVIV010000001.1	26.966	267	149	9	346	605	1062084	1061401	0.005	52.4
Query_1	294_CABVIV010000001.1	32.381	105	62	3	444	545	1062171	1061875	4.1	42.7
Query_1	294_CABVIV010000001.1	35.537	121	64	6	498	612	1062072	1061734	9.9	41.6
Query_1	294_MOBY01000003.1	79.545	616	126	0	1	616	317631	319478	0.0	976
Query_1	294_MOBY01000003.1	55.663	618	217	6	1	617	315734	317419	0.0	599
Query_1	5507_WIKT01000014.1	79.254	617	128	0	1	617	32634	34484	0.0	976
Query_1	5507_WIKT01000014.1	54.167	648	245	8	1	617	30478	32358	0.0	587
Query_1	5507_WILA01000017.1	79.254	617	128	0	1	617	67151	69001	0.0	976
Query_1	5507_WILA01000017.1	57.313	335	141	1	283	617	65877	66875	6.72e-108	368
Query_1	5507_WILA01000017.1	53.453	333	100	5	1	332	65023	65859	4.46e-79	285
Query_1	5507_WILB01000007.1	79.254	617	128	0	1	617	66683	68533	0.0	976
Query_1	5507_WILB01000007.1	52.566	643	223	7	1	617	64647	66407	5.96e-177	568
Query_1	5507_WIKY01000005.1	79.254	617	128	0	1	617	236287	234437	0.0	976
Query_1	5507_WIKY01000005.1	55.340	618	219	6	1	617	238248	236563	0.0	592
Query_1	5507_WIKV01000039.1	79.254	617	128	0	1	617	215001	213151	0.0	976
Query_1	5507_WIKV01000039.1	57.647	340	142	1	278	617	216290	215277	2.67e-111	378
Query_1	5507_WIKV01000039.1	53.191	329	99	5	1	328	217138	216314	4.42e-76	276
Query_1	5507_WEZE01003679.1	79.254	617	128	0	1	617	1226	3076	0.0	976
Query_1	5507_WEZE01003679.1	57.097	310	131	1	308	617	27	950	1.21e-99	340
Query_1	5507_WETB01000017.1	79.254	617	128	0	1	617	78090	76240	0.0	976
Query_1	5507_WETB01000017.1	55.340	618	219	6	1	617	80051	78366	0.0	592
Query_1	587753_QJRW01000008.1	79.903	617	123	1	1	617	200037	198190	0.0	975
Query_1	587753_QJRW01000008.1	58.738	618	202	4	1	617	202019	200322	0.0	640
Query_1	294_CABVJG010000005.1	79.383	616	127	0	1	616	27041	25194	0.0	975
Query_1	294_CABVJG010000005.1	55.340	618	219	6	1	617	28927	27242	0.0	594
Query_1	294_CABVJC010000002.1	79.545	616	126	0	1	616	368643	370490	0.0	975
Query_1	294_CABVJC010000002.1	55.663	618	217	6	1	617	366745	368430	0.0	597
Query_1	294_CABVIS010000005.1	80.227	617	122	0	1	617	82742	84592	0.0	975
Query_1	294_CABVIS010000005.1	31.298	131	61	3	489	616	221708	221394	0.065	48.5
Query_1	294_CABVIS010000005.1	30.198	202	123	6	367	560	221633	221058	0.42	45.8
Query_1	294_CABVIS010000005.1	28.788	198	103	6	370	534	218117	217539	0.53	45.8
Query_1	294_CABVIS010000005.1	32.895	76	51	0	491	566	220466	220239	2.5	43.5
Query_1	294_CABVIS010000005.1	29.310	174	105	7	340	509	221312	220833	3.8	42.7
Query_1	294_CABVIS010000005.1	33.000	100	50	3	495	594	220481	220233	6.0	42.4
Query_1	294_CABVIL010000018.1	80.227	617	122	0	1	617	2230	380	0.0	974
Query_1	294_LJXB01000091.1	79.417	617	127	0	1	617	60129	58279	0.0	974
Query_1	294_LJXB01000091.1	55.735	619	219	6	1	617	61932	60235	0.0	585
Query_1	294_CP038438.1	79.092	617	129	0	1	617	3171933	3170083	0.0	973
Query_1	294_CP038438.1	55.663	618	217	6	1	617	3173838	3172153	0.0	595
Query_1	294_CP038438.1	40.506	79	44	2	490	565	145535	145299	0.024	50.1
Query_1	294_CP038438.1	44.286	70	37	1	498	567	145565	145362	0.092	48.1
Query_1	294_CP038438.1	46.667	60	32	0	486	545	1639918	1640097	0.16	47.4
Query_1	294_CP038438.1	48.000	50	26	0	367	416	145517	145368	1.3	44.3
Query_1	294_JXQY01000028.1	79.417	617	127	0	1	617	378948	377098	0.0	973
Query_1	294_JXQY01000028.1	54.207	618	226	6	1	617	380880	379195	0.0	581
Query_1	317_CP024646.1	78.930	617	130	0	1	617	3205878	3207728	0.0	972
Query_1	317_CP024646.1	55.502	618	218	6	1	617	3204089	3205774	0.0	592
Query_1	317_CP024646.1	30.131	229	119	5	367	569	1586630	1587271	1.33e-06	63.9
Query_1	317_CP024646.1	40.506	79	44	2	490	565	157534	157298	0.006	52.0
Query_1	317_CP024646.1	24.490	294	120	7	367	560	1585286	1586161	0.011	51.2
Query_1	317_CP024646.1	42.353	85	46	2	498	581	157564	157316	0.015	50.8
Query_1	317_CP024646.1	25.738	237	122	6	319	548	5283381	5283950	0.038	49.3
Query_1	317_CP024646.1	26.380	163	86	4	370	528	5282970	5283368	1.2	44.3
Query_1	317_CP024646.1	45.614	57	31	0	486	542	1711208	1711378	2.2	43.5
Query_1	317_CP024646.1	48.000	50	26	0	367	416	157516	157367	2.3	43.5
Query_1	317_CP024646.1	28.829	222	102	6	372	547	5281905	5282540	3.2	43.1
Query_1	294_CABVIC010000001.1	79.383	616	127	0	1	616	893287	895134	0.0	972
Query_1	294_CABVIC010000001.1	53.722	618	229	6	1	617	891295	892980	2.83e-180	577
Query_1	294_LCZD01000016.1	78.768	617	131	0	1	617	545410	543560	0.0	972
Query_1	294_LCZD01000016.1	55.663	618	217	6	1	617	547296	545611	0.0	595
Query_1	303_PDKZ01000002.1	79.092	617	129	0	1	617	412188	410338	0.0	972
Query_1	303_PDKZ01000002.1	55.502	618	218	6	1	617	414093	412408	0.0	594
Query_1	303_PDKZ01000002.1	40.506	79	44	2	490	565	3574746	3574510	0.022	50.1
Query_1	303_PDKZ01000002.1	44.286	70	37	1	498	567	3574776	3574573	0.088	48.1
Query_1	303_PDKZ01000002.1	49.123	57	29	0	486	542	5063487	5063657	0.18	47.4
Query_1	303_PDKZ01000002.1	48.000	50	26	0	367	416	3574728	3574579	1.4	44.3
Query_1	294_LRUN01000010.1	78.768	617	131	0	1	617	1890	40	0.0	972
Query_1	294_LRUN01000010.1	56.311	618	213	6	1	617	3710	2025	0.0	589
Query_1	294_CABVIW010000002.1	79.254	617	128	0	1	617	470793	472643	0.0	971
Query_1	294_CABVIW010000002.1	53.883	618	228	6	1	617	468993	470678	8.56e-180	576
Query_1	294_CABVIP010000001.1	79.254	617	128	0	1	617	587770	589620	0.0	971
Query_1	294_CABVIP010000001.1	55.016	618	221	6	1	617	585823	587508	0.0	586
Query_1	294_CABVIJ010000005.1	79.254	617	128	0	1	617	227741	225891	0.0	971
Query_1	294_CABVIJ010000005.1	53.398	618	231	6	1	617	229541	227856	1.35e-177	570
Query_1	294_CABVHX010000014.1	79.092	617	129	0	1	617	132258	134108	0.0	971
Query_1	294_CABVHX010000014.1	55.016	618	221	6	1	617	130311	131996	0.0	584
Query_1	294_CABVIG010000001.1	79.254	617	128	0	1	617	26781	24931	0.0	971
Query_1	294_CABVIG010000001.1	53.398	618	231	6	1	617	28773	27088	3.80e-178	571
Query_1	294_CP022313.1	78.768	617	131	0	1	617	3010188	3012038	0.0	971
Query_1	294_CP022313.1	55.825	618	216	6	1	617	3008399	3010084	0.0	596
Query_1	294_CP022313.1	40.506	79	44	2	490	565	19270	19034	0.013	50.8
Query_1	294_CP022313.1	41.176	85	47	2	498	581	19300	19052	0.073	48.5
Query_1	294_CP022313.1	48.000	50	26	0	367	416	19252	19103	1.3	44.3
Query_1	294_CP022313.1	45.614	57	31	0	486	542	1533643	1533813	2.3	43.5
Query_1	294_MOBT01000017.1	78.768	617	131	0	1	617	729730	731580	0.0	970
Query_1	294_MOBT01000017.1	56.958	618	209	6	1	617	727841	729526	0.0	615
Query_1	294_NXNJ01000007.1	78.930	617	130	0	1	617	228878	230728	0.0	970
Query_1	294_NXNJ01000007.1	56.311	618	213	6	1	617	227038	228723	0.0	607
Query_1	294_JSAL01000015.1	78.930	617	130	0	1	617	310628	308778	0.0	970
Query_1	294_JSAL01000015.1	55.502	618	218	6	1	617	312514	310829	0.0	596
Query_1	294_CABVIN010000012.1	78.930	617	130	0	1	617	10028	8178	0.0	969
Query_1	294_CABVIN010000012.1	55.987	618	215	6	1	617	11916	10231	0.0	604
Query_1	294_CABVIU010000010.1	79.417	617	127	0	1	617	167256	165406	0.0	969
Query_1	294_CABVIU010000010.1	31.298	131	61	3	489	616	23265	23579	0.073	48.5
Query_1	294_CABVIU010000010.1	30.198	202	123	6	367	560	23340	23915	0.35	46.2
Query_1	294_CABVIU010000010.1	26.761	213	105	8	370	547	26856	27446	0.63	45.4
Query_1	294_CABVIU010000010.1	31.579	76	52	0	491	566	24507	24734	5.6	42.4
Query_1	294_CABVIU010000010.1	28.736	174	106	7	340	509	23661	24140	8.5	41.6
Query_1	294_NXHE01000023.1	78.930	617	130	0	1	617	36534	34684	0.0	969
Query_1	294_NXHE01000023.1	55.502	618	218	6	1	617	38439	36754	0.0	593
Query_1	303_FMXW01000006.1	78.606	617	132	0	1	617	535132	533282	0.0	969
Query_1	303_FMXW01000006.1	55.987	618	215	6	1	617	536921	535236	0.0	595
Query_1	294_CABVIM010000001.1	79.254	617	128	0	1	617	366433	364583	0.0	969
Query_1	294_CABVIM010000001.1	53.722	618	229	6	1	617	368233	366548	4.66e-179	574
Query_1	294_CP048408.1	78.444	617	133	0	1	617	3397750	3399600	0.0	968
Query_1	294_CP048408.1	55.663	618	217	6	1	617	3395961	3397646	0.0	595
Query_1	294_CP048408.1	31.892	185	111	4	385	569	1793051	1793560	1.13e-05	60.8
Query_1	294_CP048408.1	40.506	79	44	2	490	565	377089	376853	0.014	50.8
Query_1	294_CP048408.1	39.506	81	49	0	490	570	1791584	1791826	0.035	49.7
Query_1	294_CP048408.1	41.176	85	47	2	498	581	377119	376871	0.072	48.5
Query_1	294_CP048408.1	26.736	288	153	8	367	611	1792598	1793416	0.38	46.2
Query_1	294_CP048408.1	48.000	50	26	0	367	416	377071	376922	1.3	44.3
Query_1	294_CP048408.1	45.614	57	31	0	486	542	1959172	1959342	3.2	43.1
Query_1	294_CP048408.1	26.705	176	83	4	373	546	2019479	2019874	8.1	42.0
Query_1	294_QLIO01000003.1	78.768	617	131	0	1	617	538361	540211	0.0	968
Query_1	294_QLIO01000003.1	55.987	618	215	6	1	617	536572	538257	0.0	595
Query_1	294_MOCC01000006.1	79.092	617	129	0	1	617	88643	90493	0.0	968
Query_1	294_MOCC01000006.1	53.647	617	230	5	1	617	86654	88336	0.0	581
Query_1	294_MOCB01000009.1	79.092	617	129	0	1	617	743361	741511	0.0	968
Query_1	294_MOCB01000009.1	53.647	617	230	5	1	617	745350	743668	0.0	581
Query_1	294_MOBV01000004.1	79.092	617	129	0	1	617	88633	90483	0.0	968
Query_1	294_MOBV01000004.1	53.647	617	230	5	1	617	86644	88326	0.0	581
Query_1	294_CP017951.1	78.930	617	130	0	1	617	3122221	3124071	0.0	968
Query_1	294_CP017951.1	54.854	618	222	6	1	617	3120421	3122106	0.0	582
Query_1	294_CP017951.1	50.000	46	23	0	496	541	4495611	4495474	2.9	43.1
Query_1	294_CABVJB010000001.1	79.092	617	129	0	1	617	153456	155306	0.0	967
Query_1	294_CABVJB010000001.1	55.574	619	220	6	1	617	151653	153350	0.0	579
Query_1	294_CABVJB010000001.1	37.838	111	59	4	515	617	590005	589679	3.77e-04	55.8
Query_1	294_CABVJB010000001.1	27.189	217	128	4	369	555	216721	217371	0.010	51.2
Query_1	294_CABVJB010000001.1	27.962	211	120	7	353	534	219478	220101	0.81	45.1
Query_1	294_MOBS01000004.1	78.930	617	130	0	1	617	320144	318294	0.0	967
Query_1	294_MOBS01000004.1	55.502	618	218	6	1	617	322030	320345	0.0	594
Query_1	5507_WETH01001150.1	78.768	617	131	0	1	617	4841	6691	0.0	966
Query_1	5507_WETH01001150.1	56.149	618	214	6	1	617	2996	4681	0.0	600
Query_1	294_CDMF01000001.1	78.768	617	131	0	1	617	2999591	2997741	0.0	966
Query_1	294_CDMF01000001.1	54.854	618	222	6	1	617	3001487	2999802	0.0	584
Query_1	294_CDMF01000001.1	40.506	79	44	2	490	565	203633	203397	0.012	50.8
Query_1	294_CDMF01000001.1	40.000	85	48	2	498	581	203663	203415	0.11	47.8
Query_1	294_CDMF01000001.1	47.368	57	30	0	486	542	1615800	1615970	0.70	45.4
Query_1	294_CDMF01000001.1	48.000	50	26	0	367	416	203615	203466	1.3	44.3
Query_1	294_CABVHU010000004.1	80.296	609	120	0	1	609	315441	317267	0.0	966
Query_1	294_LR782234.1	78.930	617	130	0	1	617	2945747	2947597	0.0	965
Query_1	294_LR782234.1	55.267	617	219	6	1	616	2943947	2945629	0.0	585
Query_1	294_LR782234.1	41.333	75	43	1	490	563	145648	145424	0.006	52.0
Query_1	294_LR782234.1	41.176	85	47	2	498	581	145678	145430	0.032	49.7
Query_1	294_LR782234.1	48.000	50	26	0	367	416	145630	145481	1.0	44.7
Query_1	294_LR782234.1	50.000	46	23	0	496	541	1683016	1683153	4.2	42.7
Query_1	294_LCZE01000022.1	78.768	617	131	0	1	617	219838	217988	0.0	965
Query_1	294_LCZE01000022.1	54.854	618	222	6	1	617	221726	220041	0.0	583
Query_1	294_CABVJA010000008.1	80.131	609	121	0	1	609	224589	226415	0.0	964
Query_1	294_CP028826.1	78.444	617	133	0	1	617	3130036	3131886	0.0	964
Query_1	294_CP028826.1	55.663	618	217	6	1	617	3128247	3129932	0.0	592
Query_1	294_CP028826.1	31.330	233	107	8	367	569	1538408	1539037	0.005	52.4
Query_1	294_CP028826.1	39.506	81	49	0	490	570	1537196	1537438	0.014	50.8
Query_1	294_CP028826.1	40.506	79	44	2	490	565	144605	144369	0.014	50.8
Query_1	294_CP028826.1	41.176	85	47	2	498	581	144635	144387	0.075	48.5
Query_1	294_CP028826.1	28.814	236	107	8	370	556	1538390	1539061	0.18	47.4
Query_1	294_CP028826.1	32.979	94	61	2	367	458	1537187	1537468	0.45	45.8
Query_1	294_CP028826.1	28.947	190	110	5	367	546	1538210	1538734	1.2	44.7
Query_1	294_CP028826.1	48.000	50	26	0	367	416	144587	144438	1.3	44.3
Query_1	294_CP028826.1	27.976	168	89	5	364	528	5107086	5107502	6.3	42.0
Query_1	294_CP028826.1	31.915	94	49	2	366	448	1538870	1539139	8.3	41.6
Query_1	294_CP028826.1	26.705	176	83	4	373	546	1767055	1767450	8.4	41.6
Query_1	294_JTGG01000012.1	78.768	617	131	0	1	617	21481	19631	0.0	964
Query_1	294_MOBU01000006.1	77.634	617	138	0	1	617	274154	276004	0.0	964
Query_1	294_MOBU01000006.1	54.531	618	224	6	1	617	272250	273935	0.0	585
Query_1	294_JTGH01000010.1	77.958	617	136	0	1	617	186510	188360	0.0	962
Query_1	294_JTGH01000010.1	55.663	618	217	6	1	617	184721	186406	0.0	594
Query_1	294_RHRW01000001.1	78.606	617	132	0	1	617	1008688	1006838	0.0	962
Query_1	294_SMYK01000006.1	78.387	620	130	1	1	616	20236	18377	0.0	950
Query_1	294_LNAB02000001.1	75.041	617	154	0	1	617	1371233	1369383	0.0	919
Query_1	294_CP012831.1	74.878	617	155	0	1	617	6152636	6150786	0.0	915
Query_1	294_CP012831.1	40.000	75	44	1	490	563	2404866	2405090	0.028	49.7
Query_1	294_CP012831.1	49.020	51	26	0	496	546	2404857	2405009	0.062	48.9
Query_1	294_CP012831.1	44.286	70	37	1	498	567	2404836	2405039	0.085	48.1
Query_1	294_CP012831.1	34.211	76	50	0	491	566	6582447	6582674	0.42	45.8
Query_1	294_CP012831.1	48.077	52	27	0	496	547	905844	905689	0.63	45.4
Query_1	294_CP012831.1	27.711	249	125	10	330	565	6275544	6274924	0.79	45.1
Query_1	294_CP012831.1	29.050	179	93	7	353	528	6276555	6276112	0.82	45.1
Query_1	294_CP012831.1	29.808	208	90	9	345	534	6275796	6275287	0.94	44.7
Query_1	294_CP012831.1	26.636	214	128	4	367	555	6581229	6581858	1.3	44.3
Query_1	294_CP012831.1	30.534	131	62	4	489	616	6581208	6581522	6.0	42.4
Query_1	294_CP012831.1	28.788	198	103	7	370	534	6584796	6585374	6.6	42.0
Query_1	294_UGUS01000002.1	76.299	616	144	1	1	616	3260607	3262448	0.0	912
Query_1	294_UGUS01000002.1	53.120	625	229	9	1	617	3075305	3077011	3.61e-169	545
Query_1	294_UGUS01000002.1	30.973	678	348	17	1	617	2662486	2664342	1.55e-55	215
Query_1	294_UGUS01000002.1	29.557	203	121	5	364	565	1843264	1843809	5.67e-04	55.5
Query_1	294_UGUS01000002.1	40.506	79	44	2	490	565	134311	134075	0.005	52.4
Query_1	294_UGUS01000002.1	47.059	51	27	0	496	546	134320	134168	0.32	46.2
Query_1	294_CP008896.1	76.299	616	144	1	1	616	710500	712341	0.0	912
Query_1	294_CP008896.1	53.120	625	229	9	1	617	1300416	1298710	3.61e-169	545
Query_1	294_CP008896.1	30.973	678	348	17	1	617	249647	251503	1.55e-55	215
Query_1	294_CP008896.1	29.557	203	121	5	364	565	5569021	5569566	5.67e-04	55.5
Query_1	294_CP008896.1	40.506	79	44	2	490	565	4014896	4014660	0.005	52.4
Query_1	294_CP008896.1	47.059	51	27	0	496	546	4014905	4014753	0.32	46.2
Query_1	294_SMCJ01000001.1	76.206	601	143	0	1	601	229466	231268	0.0	906
Query_1	294_SMCJ01000001.1	27.907	215	107	7	329	528	173757	174302	0.84	45.1
Query_1	294_SMCJ01000001.1	27.602	221	102	8	329	534	174867	175400	5.8	42.4
Query_1	294_JENC01000035.1	75.325	616	150	1	1	616	13148	11307	0.0	906
Query_1	294_CP048607.1	76.206	601	143	0	1	601	6626376	6624574	0.0	904
Query_1	294_CP048607.1	30.882	204	115	7	329	528	6707996	6707451	0.007	51.6
Query_1	294_CP048607.1	31.527	203	114	6	329	528	6706886	6706344	0.039	49.3
Query_1	294_CP048607.1	45.714	70	36	1	486	555	1564197	1563994	0.056	48.9
Query_1	294_CP048607.1	39.241	79	45	2	490	565	3009335	3009571	0.059	48.9
Query_1	294_CP048607.1	40.000	85	48	2	498	581	3009305	3009553	0.11	47.8
Query_1	294_CP048607.1	26.636	214	128	5	367	555	6255357	6254728	0.19	47.0
Query_1	294_CP048607.1	34.211	76	50	0	491	566	6254139	6253912	0.41	46.2
Query_1	294_CP048607.1	28.000	175	99	6	360	528	6708188	6707727	1.2	44.3
Query_1	294_CP048607.1	28.000	175	99	6	360	528	6707078	6706617	1.2	44.3
Query_1	294_CP048607.1	31.298	131	61	4	489	616	6255378	6255064	1.8	43.9
Query_1	294_CP048607.1	23.113	212	138	5	356	548	4334912	4335529	4.9	42.4
Query_1	294_CP048607.1	25.359	209	113	5	370	547	6251790	6251200	5.6	42.4
Query_1	294_CP048607.1	28.324	173	108	7	340	509	6254982	6254503	8.8	41.6
Query_1	294_CP031648.1	76.206	601	143	0	1	601	2159168	2160970	0.0	904
Query_1	294_CP031648.1	39.241	79	45	2	490	565	5789846	5789610	0.056	48.9
Query_1	294_CP031648.1	45.714	70	36	1	486	555	633794	633997	0.094	48.1
Query_1	294_CP031648.1	40.000	85	48	2	498	581	5789876	5789628	0.11	47.8
Query_1	294_CP031648.1	32.057	209	86	11	345	535	2077465	2077977	0.12	47.8
Query_1	294_CP031648.1	32.212	208	85	11	345	534	2078575	2079084	0.20	47.0
Query_1	294_CP031648.1	26.636	214	128	5	367	555	2468092	2468721	0.21	47.0
Query_1	294_CP031648.1	34.211	76	50	0	491	566	2469310	2469537	0.41	46.2
Query_1	294_CP031648.1	30.978	184	85	7	353	534	2078926	2079357	0.75	45.1
Query_1	294_CP031648.1	31.298	131	61	4	489	616	2468071	2468385	1.9	43.9
Query_1	294_CP031648.1	25.701	214	123	6	364	548	4450337	4449717	1.9	43.9
Query_1	294_CP031648.1	25.359	209	113	5	370	547	2471659	2472249	5.6	42.4
Query_1	294_CP032618.1	75.325	616	150	1	1	616	2986997	2988838	0.0	900
Query_1	294_CP032618.1	40.506	79	44	2	490	565	136016	135780	0.001	53.9
Query_1	294_CP032618.1	27.941	204	123	4	364	565	1689135	1689680	0.061	48.9
Query_1	294_CP032618.1	43.548	62	34	1	485	546	136055	135873	0.17	47.4
Query_1	294_CP032618.1	34.940	83	48	2	501	577	3876230	3875982	6.0	42.4
Query_1	294_CP032618.1	30.709	127	82	3	488	610	1456264	1455890	7.6	42.0
Query_1	294_CABVHT010000001.1	75.000	616	152	1	1	616	351977	353818	0.0	899
Query_1	294_JSFM01000005.1	75.162	616	151	1	1	616	94881	96722	0.0	898
Query_1	294_JSFL01000030.1	75.162	616	151	1	1	616	92776	94617	0.0	898
Query_1	294_JJOE01000037.1	75.000	616	152	1	1	616	24270	22429	0.0	897
Query_1	294_QQAQ01000004.1	75.667	600	146	0	1	600	72576	74375	0.0	897
Query_1	294_UGUR01000001.1	75.000	616	152	1	1	616	2892701	2894542	0.0	896
Query_1	294_UGUR01000001.1	40.506	79	44	2	490	565	135846	135610	0.001	54.3
Query_1	294_UGUR01000001.1	27.941	204	123	4	364	565	1614074	1614619	0.040	49.3
Query_1	294_UGUR01000001.1	47.059	51	27	0	496	546	135855	135703	0.18	47.4
Query_1	294_UGUR01000001.1	41.429	70	39	1	498	567	135876	135673	6.7	42.0
Query_1	294_JXOE01000008.1	75.667	600	146	0	1	600	48501	50300	0.0	896
Query_1	294_JAAOIQ010000001.1	74.068	617	160	0	1	617	2167270	2169120	0.0	896
Query_1	294_JAAOIQ010000001.1	26.761	213	135	6	371	566	1582625	1583251	6.17e-04	55.1
Query_1	294_JAAOIQ010000001.1	48.571	70	34	1	486	555	3814217	3814014	0.020	50.4
Query_1	294_JAAOIQ010000001.1	34.211	76	50	0	491	566	1872714	1872487	0.25	46.6
Query_1	294_JAAOIQ010000001.1	38.806	67	41	0	489	555	1873953	1873753	0.40	46.2
Query_1	294_JAAOIQ010000001.1	26.168	214	129	4	367	555	1873932	1873303	1.1	44.7
Query_1	294_CP025738.1	75.333	600	148	0	1	600	3497827	3496028	0.0	895
Query_1	294_CP025738.1	27.230	213	134	5	371	566	86527	87153	4.95e-04	55.5
Query_1	294_CP025738.1	25.116	215	130	5	367	555	3576344	3576973	0.31	46.6
Query_1	294_CP025738.1	33.333	81	54	0	491	571	3577562	3577804	0.38	46.2
Query_1	294_CP025738.1	38.710	62	38	0	489	550	3576323	3576508	0.93	45.1
Query_1	294_CP025738.1	35.484	62	40	0	486	547	3580316	3580501	8.4	41.6
Query_1	294_CP025542.1	75.208	601	149	0	1	601	3224176	3225978	0.0	892
Query_1	294_CP025542.1	32.812	192	107	6	371	549	97618	98166	6.59e-06	61.6
Query_1	294_CP025542.1	41.176	85	47	2	498	581	288967	288719	0.031	49.7
Query_1	294_CP025542.1	39.241	79	45	2	490	565	288937	288701	0.083	48.1
Query_1	294_CP025542.1	26.636	214	128	5	367	555	3556384	3557013	0.21	47.0
Query_1	294_CP025542.1	34.211	76	50	0	491	566	3557602	3557829	0.44	45.8
Query_1	294_CP025542.1	49.057	53	27	0	485	537	4977332	4977174	1.1	44.7
Query_1	294_CP025542.1	42.254	71	39	1	486	556	1760202	1760408	1.5	44.3
Query_1	294_CP025542.1	31.298	131	61	4	489	616	3556363	3556677	1.9	43.9
Query_1	294_CP025542.1	29.756	205	121	6	373	559	2548818	2549417	3.1	43.1
Query_1	294_CP025542.1	25.991	227	151	6	337	548	5554294	5553620	3.8	42.7
Query_1	294_CP025542.1	25.728	206	116	6	370	547	3559951	3560541	3.9	42.7
Query_1	294_CP025542.1	44.231	52	29	0	365	416	288952	288797	4.3	42.7
Query_1	294_CP025542.1	28.324	173	108	7	340	509	3556759	3557238	8.6	41.6
Query_1	5507_WILD01000034.1	81.056	549	104	0	1	549	40006	38360	0.0	885
Query_1	5507_WILD01000034.1	71.852	135	38	0	483	617	38352	37948	7.10e-49	195
Query_1	294_CP015225.1	73.833	600	157	0	1	600	1438565	1436766	0.0	879
Query_1	294_CP015225.1	29.787	188	114	5	371	547	465952	465410	0.003	53.1
Query_1	294_CP015225.1	40.000	75	44	1	490	563	4647193	4647417	0.026	50.1
Query_1	294_CP015225.1	49.020	51	26	0	496	546	4647184	4647336	0.058	48.9
Query_1	294_CP015225.1	44.286	70	37	1	498	567	4647163	4647366	0.079	48.5
Query_1	294_CP015225.1	25.463	216	128	5	367	555	1660048	1660677	0.16	47.4
Query_1	294_CP015225.1	50.000	52	26	0	496	547	3112432	3112277	0.22	47.0
Query_1	294_CP015225.1	34.211	76	50	0	491	566	1661266	1661493	0.40	46.2
Query_1	294_CP015225.1	32.061	131	60	4	489	616	1660027	1660341	0.98	44.7
Query_1	294_CP015225.1	28.571	210	118	9	326	528	983645	984199	1.9	43.9
Query_1	294_CP015225.1	29.577	213	109	9	329	534	983930	984466	3.2	43.1
Query_1	294_CP015225.1	26.699	206	114	7	370	547	1663615	1664205	3.9	42.7
Query_1	294_JXNZ01000033.1	73.746	598	157	0	1	598	16991	15198	0.0	871
Query_1	587753_CP011020.1	73.579	598	158	0	1	598	5025370	5023577	0.0	867
Query_1	587753_CP011020.1	32.127	221	116	10	365	556	5081536	5080889	0.001	54.7
Query_1	587753_CP011020.1	45.312	64	35	0	493	556	5084161	5083970	0.005	52.0
Query_1	587753_CP011020.1	41.176	85	47	2	498	581	1669687	1669935	0.023	50.1
Query_1	587753_CP011020.1	27.165	254	146	6	337	555	4061535	4060786	0.024	50.1
Query_1	587753_CP011020.1	27.100	369	187	17	312	603	5083273	5082182	0.041	49.3
Query_1	587753_CP011020.1	25.652	230	158	4	334	550	1048680	1047991	0.042	49.3
Query_1	587753_CP011020.1	39.241	79	45	2	490	565	1669717	1669953	0.061	48.9
Query_1	587753_CP011020.1	27.358	318	151	10	292	548	6091011	6091907	0.065	48.5
Query_1	587753_CP011020.1	55.556	54	23	1	491	544	3811539	3811381	0.12	47.8
Query_1	587753_CP011020.1	29.310	232	127	8	371	566	5080999	5080307	0.28	46.6
Query_1	587753_CP011020.1	26.923	208	110	5	370	547	4057845	4057258	0.36	46.2
Query_1	587753_CP011020.1	34.211	76	50	0	491	566	4060194	4059967	0.52	45.8
Query_1	587753_CP011020.1	38.372	86	42	2	491	567	5084248	5083997	1.7	43.9
Query_1	587753_CP011020.1	31.163	215	115	7	366	556	5084101	5083484	3.2	43.1
Query_1	587753_CP011020.1	44.231	52	29	0	365	416	1669702	1669857	4.0	42.7
Query_1	587753_CP011020.1	39.344	61	37	0	488	548	4059429	4059247	7.1	42.0
Query_1	587753_CP011020.1	26.368	201	111	4	366	534	6090795	6091382	7.7	42.0
Query_1	294_CABVHZ010000007.1	69.417	618	184	3	1	616	235906	237750	0.0	825
Query_1	294_CABVHO010000004.1	70.065	618	182	3	1	617	38400	40247	0.0	823
Query_1	294_CABVGU010000007.1	69.094	618	186	3	1	616	26021	27865	0.0	821
Query_1	294_CABVGU010000007.1	76.471	408	96	0	1	408	78784	80007	0.0	617
Query_1	294_CABVGU010000007.1	52.137	117	51	2	501	617	79870	80205	8.24e-20	106
Query_1	306_DOEI01000013.1	69.741	618	184	3	1	617	30400	32247	0.0	819
Query_1	306_DQHQ01000011.1	65.372	618	210	3	1	617	44845	43001	0.0	768
Query_1	306_DQHQ01000011.1	31.731	104	55	4	516	617	50344	50075	4.3	42.7
Query_1	303_KN639176.1	65.372	618	211	2	1	617	2068128	2066281	0.0	758
Query_1	303_KN639176.1	43.421	76	40	2	493	565	4328441	4328668	5.03e-04	55.5
Query_1	303_KN639176.1	37.607	117	61	2	496	603	2927319	2926978	8.81e-04	54.7
Query_1	303_KN639176.1	29.293	198	108	7	366	562	2927349	2926849	0.001	53.9
Query_1	303_KN639176.1	35.338	133	79	5	450	581	4328270	4328650	0.002	53.5
Query_1	303_KN639176.1	40.000	55	33	0	362	416	4328381	4328545	9.6	41.6
Query_1	294_CABVHG010000017.1	65.372	618	211	2	1	617	77331	79178	0.0	758
Query_1	303_CP014343.1	64.725	618	215	2	1	617	2093824	2095671	0.0	753
Query_1	303_CP014343.1	29.557	203	108	7	366	565	4168017	4167505	8.10e-04	54.7
Query_1	303_CP014343.1	39.744	78	44	2	491	565	5544470	5544703	0.005	52.4
Query_1	303_CP014343.1	37.500	80	48	1	488	567	5544407	5544640	0.042	49.3
Query_1	303_CP014343.1	41.333	75	42	2	492	566	5544392	5544610	0.095	48.1
Query_1	303_CP014343.1	42.029	69	38	1	498	566	5544383	5544583	1.6	43.9
Query_1	303_CP014343.1	44.444	54	30	0	363	416	4167759	4167598	1.8	43.9
Query_1	303_CP014343.1	38.182	55	34	0	362	416	5544389	5544553	9.7	41.6
Query_1	303_RKIW01000001.1	63.107	618	225	2	1	617	1933829	1931982	0.0	742
Query_1	303_RKIW01000001.1	32.338	201	103	6	367	565	2392042	2391533	1.56e-04	57.4
Query_1	303_RKIW01000001.1	42.308	78	42	2	491	565	4174043	4173810	0.002	53.5
Query_1	303_RKIW01000001.1	38.462	78	46	1	490	567	4174100	4173873	0.006	52.0
Query_1	303_RKIW01000001.1	38.667	75	44	1	492	566	4174121	4173903	0.021	50.1
Query_1	303_RKIW01000001.1	45.588	68	28	1	486	544	2392072	2391869	0.053	48.9
Query_1	303_RKIW01000001.1	40.580	69	39	1	498	566	4174130	4173930	3.6	43.1
Query_1	303_RKIW01000001.1	40.506	79	41	2	366	439	4174031	4173798	6.5	42.0
Query_1	303_MCBJ01000011.1	62.945	618	226	2	1	617	1369349	1367502	0.0	738
Query_1	303_MCBH01000059.1	62.945	618	226	2	1	617	298732	296885	0.0	738
Query_1	303_MCBG01000062.1	62.945	618	226	2	1	617	215565	213718	0.0	738
Query_1	303_MCBI01000001.1	62.945	618	226	2	1	617	215559	213712	0.0	738
Query_1	615_VKXU01000007.1	63.974	619	216	5	1	617	114154	115995	0.0	737
Query_1	615_VKXT01000001.1	63.974	619	216	5	1	617	975877	974036	0.0	737
Query_1	615_MJAO01000015.1	64.136	619	215	5	1	617	20676	22517	0.0	737
Query_1	615_MAJI01000031.1	63.974	619	216	5	1	617	20797	18956	0.0	737
Query_1	615_JVDI01000072.1	63.974	619	216	5	1	617	768	2609	0.0	737
Query_1	303_WBOI01000001.1	62.945	618	226	2	1	617	158044	156197	0.0	737
Query_1	303_WBOI01000001.1	31.841	201	104	6	367	565	636038	635529	6.45e-07	65.1
Query_1	303_WBOI01000001.1	45.588	68	28	1	486	544	636068	635865	0.061	48.9
Query_1	615_CABMNV010000011.1	63.651	619	218	5	1	617	1222042	1223883	0.0	736
Query_1	615_CP033623.1	63.813	619	217	5	1	617	1705569	1703728	0.0	736
Query_1	615_NPKU01000003.1	63.651	619	218	5	1	617	107368	109209	0.0	736
Query_1	615_CP010584.1	63.813	619	217	5	1	617	3536720	3538561	0.0	736
Query_1	615_LZOB01000011.1	63.651	619	218	5	1	617	1222042	1223883	0.0	736
Query_1	615_MJVC01000033.1	63.813	619	217	5	1	617	424587	422746	0.0	736
Query_1	615_MJVB01000043.1	63.813	619	217	5	1	617	424587	422746	0.0	736
Query_1	615_FCMR01000001.1	63.813	619	217	5	1	617	1440826	1442667	0.0	736
Query_1	615_AP021873.1	63.813	619	217	5	1	617	2238835	2236994	0.0	736
Query_1	615_CP041131.1	63.813	619	217	5	1	617	2390630	2388789	0.0	736
Query_1	615_CP018928.1	63.651	619	218	5	1	617	1574442	1572601	0.0	736
Query_1	615_CP018917.1	63.813	619	217	5	1	617	1698619	1696778	0.0	736
Query_1	615_CP018929.1	63.651	619	218	5	1	617	1574446	1572605	0.0	736
Query_1	615_FCMI01000003.1	63.813	619	217	5	1	617	285782	283941	0.0	736
Query_1	615_FCGV01000001.1	63.813	619	217	5	1	617	501171	503012	0.0	736
Query_1	615_FCJV01000001.1	63.813	619	217	5	1	617	444410	442569	0.0	736
Query_1	615_FCLE01000001.1	63.813	619	217	5	1	617	445929	444088	0.0	736
Query_1	615_FCFH01000002.1	63.813	619	217	5	1	617	501135	502976	0.0	736
Query_1	615_FCLZ01000003.1	63.813	619	217	5	1	617	501181	503022	0.0	736
Query_1	615_FCFU01000001.1	63.813	619	217	5	1	617	546790	548631	0.0	736
Query_1	615_FCMB01000002.1	63.813	619	217	5	1	617	501182	503023	0.0	736
Query_1	615_FCHY01000002.1	63.813	619	217	5	1	617	446912	445071	0.0	736
Query_1	615_FCFW01000001.1	63.813	619	217	5	1	617	1184199	1186040	0.0	736
Query_1	615_FCGG01000002.1	63.813	619	217	5	1	617	501181	503022	0.0	736
Query_1	615_JTBC02000002.1	63.813	619	217	5	1	617	1810615	1812456	0.0	736
Query_1	615_ULGO01000020.1	63.651	619	218	5	1	617	14837	16678	0.0	735
Query_1	615_CP050447.1	63.813	619	217	5	1	617	287237	285396	0.0	735
Query_1	615_JAAIKV010000007.1	63.651	619	218	5	1	617	428421	426580	0.0	735
Query_1	615_WVHV01000001.1	63.651	619	218	5	1	617	549986	551827	0.0	735
Query_1	615_VKZJ01000011.1	63.651	619	218	5	1	617	144	1985	0.0	735
Query_1	615_VKVH01000001.1	63.651	619	218	5	1	617	302687	300846	0.0	735
Query_1	615_JAAGOK010000001.1	63.651	619	218	5	1	617	1446810	1444969	0.0	735
Query_1	615_JAAGOJ010000001.1	63.651	619	218	5	1	617	1446809	1444968	0.0	735
Query_1	615_JAAGOL010000001.1	63.651	619	218	5	1	617	1446810	1444969	0.0	735
Query_1	615_JAAGOM010000001.1	63.651	619	218	5	1	617	1446810	1444969	0.0	735
Query_1	615_JAAGON010000001.1	63.651	619	218	5	1	617	1446801	1444960	0.0	735
Query_1	615_CP047679.1	63.651	619	218	5	1	617	2369764	2367923	0.0	735
Query_1	615_JAAABD010000001.1	63.651	619	218	5	1	617	1424644	1422803	0.0	735
Query_1	615_WUUW01000006.1	63.651	619	218	5	1	617	14918	16759	0.0	735
Query_1	615_VTUT01000037.1	63.651	619	218	5	1	617	20808	18967	0.0	735
Query_1	615_VOUW01000010.1	63.813	619	217	5	1	617	279227	277386	0.0	735
Query_1	615_VOUQ01000002.1	63.813	619	217	5	1	617	279227	277386	0.0	735
Query_1	615_CP041132.1	63.651	619	218	5	1	617	2337261	2335420	0.0	735
Query_1	615_CP041129.1	63.651	619	218	5	1	617	2276479	2274638	0.0	735
Query_1	615_CP041126.1	63.813	619	217	5	1	617	2357813	2355972	0.0	735
Query_1	615_NCQJ01000002.1	63.651	619	218	5	1	617	335996	337837	0.0	735
Query_1	615_PXZQ01000001.1	63.651	619	218	5	1	617	2034448	2032607	0.0	735
Query_1	615_PXZP01000002.1	63.651	619	218	5	1	617	1465804	1463963	0.0	735
Query_1	615_RCEO01000194.1	63.651	619	218	5	1	617	27430	29271	0.0	735
Query_1	615_PXZR01000003.1	63.651	619	218	5	1	617	861832	859991	0.0	735
Query_1	615_RCEH01000007.1	63.651	619	218	5	1	617	64680	66521	0.0	735
Query_1	615_RCEF01000113.1	63.651	619	218	5	1	617	17361	15520	0.0	735
Query_1	615_RCDX01000140.1	63.651	619	218	5	1	617	12517	14358	0.0	735
Query_1	615_RCDV01000347.1	63.651	619	218	5	1	617	27414	29255	0.0	735
Query_1	615_RCDS01000185.1	63.651	619	218	5	1	617	27444	29285	0.0	735
Query_1	615_RCDO01000020.1	63.651	619	218	5	1	617	27373	29214	0.0	735
Query_1	615_RCEP01000220.1	63.651	619	218	5	1	617	27373	29214	0.0	735
Query_1	615_RCEN01000108.1	63.651	619	218	5	1	617	27544	29385	0.0	735
Query_1	615_RCEM01000214.1	63.651	619	218	5	1	617	21898	20057	0.0	735
Query_1	615_RCEL01000062.1	63.651	619	218	5	1	617	17539	15698	0.0	735
Query_1	615_RCEK01000324.1	63.651	619	218	5	1	617	35886	34045	0.0	735
Query_1	615_RCEJ01000131.1	63.651	619	218	5	1	617	3866	2025	0.0	735
Query_1	615_RCEI01000095.1	63.651	619	218	5	1	617	27428	29269	0.0	735
Query_1	615_RCEG01000259.1	63.651	619	218	5	1	617	21864	20023	0.0	735
Query_1	615_RCEE01000230.1	63.651	619	218	5	1	617	97376	95535	0.0	735
Query_1	615_RCED01000108.1	63.651	619	218	5	1	617	17361	15520	0.0	735
Query_1	615_RCEC01000163.1	63.651	619	218	5	1	617	27436	29277	0.0	735
Query_1	615_RCEB01000074.1	63.651	619	218	5	1	617	27373	29214	0.0	735
Query_1	615_RCEA01000498.1	63.651	619	218	5	1	617	27373	29214	0.0	735
Query_1	615_RCDZ01000350.1	63.651	619	218	5	1	617	20710	18869	0.0	735
Query_1	615_RCDW01000025.1	63.651	619	218	5	1	617	27373	29214	0.0	735
Query_1	615_RCDY01000296.1	63.651	619	218	5	1	617	32284	30443	0.0	735
Query_1	615_RCDU01000013.1	63.651	619	218	5	1	617	27347	29188	0.0	735
Query_1	615_RCDT01000251.1	63.651	619	218	5	1	617	20684	18843	0.0	735
Query_1	615_RCDQ01000142.1	63.651	619	218	5	1	617	20682	18841	0.0	735
Query_1	615_RCDP01000376.1	63.651	619	218	5	1	617	20731	18890	0.0	735
Query_1	615_RCDN01000244.1	63.651	619	218	5	1	617	17363	15522	0.0	735
Query_1	615_CP027796.1	63.651	619	218	5	1	617	344826	342985	0.0	735
Query_1	615_PXJU01000002.1	63.651	619	218	5	1	617	15039	16880	0.0	735
Query_1	615_CP021164.1	63.651	619	218	5	1	617	2190921	2189080	0.0	735
Query_1	615_CP028947.1	63.651	619	218	5	1	617	2329524	2327683	0.0	735
Query_1	615_PQGI01000010.1	63.651	619	218	5	1	617	118179	120020	0.0	735
Query_1	615_PPGE01000008.1	63.651	619	218	5	1	617	6765	8606	0.0	735
Query_1	615_PPGF01000002.1	63.651	619	218	5	1	617	739216	737375	0.0	735
Query_1	615_PPGC01000002.1	63.651	619	218	5	1	617	193888	195729	0.0	735
Query_1	615_CP025698.1	63.651	619	218	5	1	617	4904391	4906232	0.0	735
Query_1	615_PEHC01000003.1	63.651	619	218	5	1	617	1128886	1130727	0.0	735
Query_1	615_CP018919.1	63.651	619	218	5	1	617	1673276	1671435	0.0	735
Query_1	615_CP018926.1	63.651	619	218	5	1	617	1688228	1686387	0.0	735
Query_1	615_CP018930.1	63.813	619	217	5	1	617	1573307	1571466	0.0	735
Query_1	615_CP018924.1	63.651	619	218	5	1	617	1690501	1688660	0.0	735
Query_1	615_MTEH01000003.1	63.651	619	218	5	1	617	455702	457543	0.0	735
Query_1	615_CP019927.2	63.651	619	218	5	1	617	227509	229350	0.0	735
Query_1	615_FCKR01000001.1	63.813	619	217	5	1	617	371072	372913	0.0	735
Query_1	615_CP012639.1	63.651	619	218	5	1	617	4899413	4901254	0.0	735
Query_1	615_JUOM01000146.1	63.651	619	218	5	1	617	3101	4942	0.0	735
Query_1	615_LCWI01000014.1	63.489	619	219	5	1	617	460326	462167	0.0	735
Query_1	615_ULGG01000006.1	63.651	619	218	5	1	617	116883	118724	0.0	735
Query_1	615_ULGK01000006.1	63.651	619	218	5	1	617	92089	93930	0.0	735
Query_1	615_ULGI01000002.1	63.651	619	218	5	1	617	790368	788527	0.0	735
Query_1	615_ULGM01000001.1	63.651	619	218	5	1	617	586965	585124	0.0	735
Query_1	615_WASU01000007.1	63.651	619	218	5	1	617	375644	373803	0.0	735
Query_1	615_VOUS01000030.1	63.813	619	217	5	1	617	547328	549169	0.0	735
Query_1	615_VKLT01000008.1	63.813	619	217	5	1	617	996532	994691	0.0	735
Query_1	615_PXKH01000004.1	63.813	619	217	5	1	617	176135	177976	0.0	735
Query_1	615_CP031316.1	63.651	619	218	5	1	617	2256371	2254530	0.0	735
Query_1	615_CP027300.1	63.813	619	217	5	1	617	2275005	2273164	0.0	735
Query_1	615_CP018915.1	63.651	619	218	5	1	617	1586273	1584432	0.0	735
Query_1	615_LIAI01000001.1	63.813	619	217	5	1	617	1744425	1746266	0.0	735
Query_1	615_VTUO01000004.1	63.651	619	218	5	1	617	95024	96865	0.0	734
Query_1	615_VTUQ01000043.1	63.651	619	218	5	1	617	1006830	1004989	0.0	734
Query_1	615_VTUS01000001.1	63.651	619	218	5	1	617	100127	101968	0.0	734
Query_1	615_MVGA01000003.1	63.813	619	217	5	1	617	173927	175768	0.0	734
Query_1	615_JAAJRU010000006.1	63.489	619	219	5	1	617	98158	99999	0.0	734
Query_1	615_CP041123.1	63.489	619	219	5	1	617	2430297	2428456	0.0	734
Query_1	615_CP041134.1	63.489	619	219	5	1	617	2464430	2462589	0.0	734
Query_1	615_VFMJ01000001.1	63.651	619	218	5	1	617	2121623	2123464	0.0	734
Query_1	615_CP041130.1	63.489	619	219	5	1	617	2464460	2462619	0.0	734
Query_1	615_CP041125.1	63.489	619	219	5	1	617	2430332	2428491	0.0	734
Query_1	615_CP018927.1	63.813	619	217	5	1	617	1594617	1592776	0.0	734
Query_1	615_CABHIE010000001.1	63.489	619	219	5	1	617	1155664	1157505	0.0	734
Query_1	615_CP050013.1	63.489	619	219	5	1	617	2346805	2344964	0.0	734
Query_1	615_WVHW01000002.1	63.489	619	219	5	1	617	116541	118382	0.0	734
Query_1	615_CP041122.1	63.489	619	219	5	1	617	2308013	2306172	0.0	734
Query_1	615_CP041124.1	63.489	619	219	5	1	617	2308013	2306172	0.0	734
Query_1	615_SRIG01000123.1	63.813	619	217	5	1	617	10758	8917	0.0	734
Query_1	615_NCQI01000005.1	63.489	619	219	5	1	617	27567	29408	0.0	734
Query_1	615_AP019009.1	63.813	619	217	5	1	617	2237006	2235165	0.0	734
Query_1	615_QVOI01000001.1	63.813	619	217	5	1	617	1068381	1070222	0.0	734
Query_1	615_CP021984.1	63.489	619	219	5	1	617	2420380	2418539	0.0	734
Query_1	615_MVGB01000001.1	63.813	619	217	5	1	617	172752	174593	0.0	734
Query_1	615_MCNK01000010.1	63.489	619	219	5	1	617	188349	190190	0.0	734
Query_1	615_MSEC01000051.1	63.489	619	219	5	1	617	27464	29305	0.0	734
Query_1	615_JVXI01000094.1	63.489	619	219	5	1	617	27387	29228	0.0	734
Query_1	615_JVXJ01000056.1	63.489	619	219	5	1	617	20682	18841	0.0	734
Query_1	615_JTBU02000004.1	63.592	618	218	5	1	616	161542	163380	0.0	734
Query_1	615_JGVB01000094.1	63.813	619	217	5	1	617	61103	59262	0.0	734
Query_1	615_UGYJ01000001.1	63.489	619	219	5	1	617	51083	52924	0.0	733
Query_1	615_VKVQ01000002.1	63.328	619	220	5	1	617	499084	500925	0.0	733
Query_1	615_VKSV01000002.1	63.651	619	218	5	1	617	295320	293479	0.0	733
Query_1	615_VKSF01000002.1	63.974	619	216	5	1	617	542117	543958	0.0	733
Query_1	615_DCSY01000003.1	63.651	619	218	5	1	617	100325	98484	0.0	733
Query_1	615_LSOB01000017.1	63.651	619	218	5	1	617	662456	660615	0.0	733
Query_1	615_FCLY01000001.1	63.651	619	218	5	1	617	1376967	1375126	0.0	733
Query_1	615_CP042512.1	63.489	619	219	5	1	617	2310773	2308932	0.0	733
Query_1	615_SDUW01000002.1	63.651	619	217	6	1	617	198270	200108	0.0	733
Query_1	615_CP020501.1	63.651	619	218	5	1	617	2219959	2218118	0.0	733
Query_1	615_FCGE01000024.1	63.489	619	219	5	1	617	8887	7046	0.0	733
Query_1	615_CABMHU010000019.1	63.489	619	219	5	1	617	17364	15523	0.0	733
Query_1	615_UGYK01000002.1	63.489	619	219	5	1	617	3774774	3776615	0.0	733
Query_1	615_FNXV01000024.1	63.489	619	219	5	1	617	105977	104136	0.0	733
Query_1	615_VKYT01000003.1	63.489	619	219	5	1	617	48880	47039	0.0	733
Query_1	615_VOUR01000005.1	63.651	619	218	5	1	617	33482	35323	0.0	733
Query_1	615_VOMJ01000080.1	63.489	619	219	5	1	617	4026	5867	0.0	733
Query_1	615_SNQH01000002.1	63.489	619	219	5	1	617	27336	29177	0.0	733
Query_1	615_QMDQ01000002.1	63.489	619	219	5	1	617	137084	138925	0.0	733
Query_1	615_QJQJ01000003.1	63.489	619	219	5	1	617	73381	71540	0.0	733
Query_1	615_QJQF01000003.1	63.489	619	219	5	1	617	267937	269778	0.0	733
Query_1	615_QJQM01000023.1	63.489	619	219	5	1	617	3963	2122	0.0	733
Query_1	615_QJQG01000012.1	63.489	619	219	5	1	617	119241	121082	0.0	733
Query_1	615_QJQD01000004.1	63.489	619	219	5	1	617	267787	269628	0.0	733
Query_1	615_QJPV01000010.1	63.489	619	219	5	1	617	73381	71540	0.0	733
Query_1	615_QJPT01000010.1	63.489	619	219	5	1	617	118810	120651	0.0	733
Query_1	615_QJPS01000010.1	63.489	619	219	5	1	617	73381	71540	0.0	733
Query_1	615_QJPR01000009.1	63.489	619	219	5	1	617	118909	120750	0.0	733
Query_1	615_QJPQ01000002.1	63.489	619	219	5	1	617	291385	293226	0.0	733
Query_1	615_CP020507.1	63.489	619	219	5	1	617	2366034	2364193	0.0	733
Query_1	615_CP020503.1	63.489	619	219	5	1	617	2397197	2395356	0.0	733
Query_1	615_PGHU01000007.1	63.489	619	219	5	1	617	114606	116447	0.0	733
Query_1	615_PGIC01000007.1	63.489	619	219	5	1	617	114606	116447	0.0	733
Query_1	615_NPIX01000012.1	63.489	619	219	5	1	617	118975	120816	0.0	733
Query_1	615_NDXU01000080.1	63.489	619	219	5	1	617	3992	5833	0.0	733
Query_1	615_LQAK01000004.1	63.489	619	219	5	1	617	117449	119290	0.0	733
Query_1	615_LNZT01000013.1	63.489	619	219	5	1	617	47035	45194	0.0	733
Query_1	615_FCGF01000008.1	63.651	619	218	5	1	617	175037	173196	0.0	733
Query_1	615_FCJT01000010.1	63.489	619	219	5	1	617	116132	117973	0.0	733
Query_1	615_FCKY01000021.1	63.489	619	219	5	1	617	72254	70413	0.0	733
Query_1	615_LJFB02000001.1	63.489	619	219	5	1	617	50971	49130	0.0	733
Query_1	615_LJEX02000092.1	63.489	619	219	5	1	617	102808	104649	0.0	733
Query_1	615_LJFD02000227.1	63.489	619	219	5	1	617	3959	5800	0.0	733
Query_1	615_LJEV02000095.1	63.489	619	219	5	1	617	265817	263976	0.0	733
Query_1	615_LJEP02000101.1	63.489	619	219	5	1	617	73268	71427	0.0	733
Query_1	615_LJDX02000285.1	63.489	619	219	5	1	617	50971	49130	0.0	733
Query_1	615_LJDU02000024.1	63.489	619	219	5	1	617	50971	49130	0.0	733
Query_1	615_LJDS02000212.1	63.489	619	219	5	1	617	50971	49130	0.0	733
Query_1	615_LJDQ02000112.1	63.489	619	219	5	1	617	50971	49130	0.0	733
Query_1	615_LJDM02000237.1	63.489	619	219	5	1	617	50971	49130	0.0	733
Query_1	615_LJDL02000001.1	63.489	619	219	5	1	617	50971	49130	0.0	733
Query_1	615_JUXF01000126.1	63.489	619	219	5	1	617	21483	23324	0.0	733
Query_1	615_JUXW01000244.1	63.489	619	219	5	1	617	21473	23314	0.0	733
Query_1	615_JVCS01000024.1	63.651	619	218	5	1	617	27464	29305	0.0	733
Query_1	615_JVEJ01000221.1	63.651	619	218	5	1	617	20682	18841	0.0	733
Query_1	615_KQ089779.1	63.489	619	219	5	1	617	2778768	2776927	0.0	733
Query_1	615_KQ087612.1	63.489	619	219	5	1	617	2909581	2907740	0.0	733
Query_1	615_CCNF01000003.1	63.489	619	219	5	1	617	176037	174196	0.0	733
Query_1	615_KN050642.1	63.489	619	219	5	1	617	3453030	3454871	0.0	733
Query_1	615_VTUP01000011.1	63.651	619	218	5	1	617	20714	18873	0.0	732
Query_1	615_PXIB01000007.1	63.328	619	220	5	1	617	104333	106174	0.0	732
Query_1	615_JVMN01000036.1	63.328	619	220	5	1	617	20802	18961	0.0	732
Query_1	615_JVMB01000097.1	63.328	619	220	5	1	617	20691	18850	0.0	732
Query_1	615_JVMS01000037.1	63.328	619	220	5	1	617	13452	15293	0.0	732
Query_1	615_JVMV01000054.1	63.328	619	220	5	1	617	131343	129502	0.0	732
Query_1	615_JVMW01000047.1	63.328	619	220	5	1	617	12286	14127	0.0	732
Query_1	615_JVNC01000019.1	63.328	619	220	5	1	617	20798	18957	0.0	732
Query_1	615_JVNH01000103.1	63.328	619	220	5	1	617	12286	14127	0.0	732
Query_1	615_WVHX01000002.1	63.489	619	219	5	1	617	116525	118366	0.0	732
Query_1	615_WVHU01000001.1	63.489	619	219	5	1	617	117478	119319	0.0	732
Query_1	615_VKXA01000016.1	63.889	612	214	5	1	610	60660	62480	0.0	732
Query_1	615_JAADCF010000008.1	63.813	619	217	5	1	617	130111	131952	0.0	732
Query_1	615_JAADCG010000007.1	63.813	619	217	5	1	617	133028	134869	0.0	732
Query_1	615_JAADCI010000004.1	63.813	619	217	5	1	617	129970	131811	0.0	732
Query_1	615_JAADCJ010000004.1	63.813	619	217	5	1	617	177551	175710	0.0	732
Query_1	615_JAACLM010000011.1	63.813	619	217	5	1	617	129843	131684	0.0	732
Query_1	615_JAACLP010000007.1	63.813	619	217	5	1	617	177550	175709	0.0	732
Query_1	615_WNKC01000001.1	63.328	619	220	5	1	617	1411501	1409660	0.0	732
Query_1	615_VTUR01000071.1	63.489	619	219	5	1	617	20719	18878	0.0	732
Query_1	615_FCJU01000006.1	63.813	619	217	5	1	617	131694	133535	0.0	732
Query_1	615_FCMT01000005.1	63.813	619	217	5	1	617	266613	264772	0.0	732
Query_1	615_FCIH01000005.1	63.813	619	217	5	1	617	266596	264755	0.0	732
Query_1	615_FCJP01000015.1	63.813	619	217	5	1	617	20728	18887	0.0	732
Query_1	615_FCMW01000004.1	63.813	619	217	5	1	617	266594	264753	0.0	732
Query_1	615_FCLT01000005.1	63.813	619	217	5	1	617	131116	132957	0.0	732
Query_1	615_FCMQ01000004.1	63.813	619	217	5	1	617	266600	264759	0.0	732
Query_1	615_FCFO01000005.1	63.813	619	217	5	1	617	129906	131747	0.0	732
Query_1	615_FCKV01000002.1	63.813	619	217	5	1	617	292837	294678	0.0	732
Query_1	615_FCGX01000016.1	63.813	619	217	5	1	617	129914	131755	0.0	732
Query_1	615_FCIJ01000006.1	63.813	619	217	5	1	617	129910	131751	0.0	732
Query_1	615_FCKM01000004.1	63.813	619	217	5	1	617	266596	264755	0.0	732
Query_1	615_JVGM01000008.1	63.489	619	219	5	1	617	535396	537237	0.0	732
Query_1	615_JVIS01000025.1	63.489	619	219	5	1	617	27607	29448	0.0	732
Query_1	615_JVIU01000053.1	63.489	619	219	5	1	617	20693	18852	0.0	732
Query_1	615_JVJP01000033.1	63.489	619	219	5	1	617	7219	5378	0.0	732
Query_1	615_JVJT01000031.1	63.489	619	219	5	1	617	20693	18852	0.0	732
Query_1	615_JVHU01000006.1	63.489	619	219	5	1	617	20803	18962	0.0	732
Query_1	615_JVIF01000066.1	63.489	619	219	5	1	617	12194	10353	0.0	732
Query_1	615_JPQY01000024.1	63.489	619	219	5	1	617	49458	47617	0.0	732
Query_1	615_VKYN01000003.1	63.813	619	217	5	1	617	96297	94456	0.0	731
Query_1	615_PXZS01000007.1	63.489	619	219	5	1	617	101117	99276	0.0	731
Query_1	615_CP027798.1	63.489	619	219	5	1	617	2407595	2409436	0.0	731
Query_1	615_JWBL01000166.1	63.889	612	214	5	1	610	12532	14352	0.0	731
Query_1	615_RCDL01000101.1	63.328	619	220	5	1	617	15480	17321	0.0	731
Query_1	615_CP029449.1	63.489	619	219	5	1	617	243923	245764	0.0	731
Query_1	615_NERL01000034.1	63.328	619	220	5	1	617	131335	129494	0.0	731
Query_1	615_MTBF01000010.1	63.328	619	220	5	1	617	182690	180849	0.0	731
Query_1	615_CP013046.2	63.328	619	220	5	1	617	2509231	2507390	0.0	731
Query_1	615_CP011642.1	63.489	619	219	5	1	617	133755	135596	0.0	731
Query_1	615_JAAJSV010000001.1	63.813	619	217	5	1	617	109888	111729	0.0	730
Query_1	615_VKTW01000005.1	63.813	619	217	5	1	617	261094	259253	0.0	730
Query_1	615_VKTU01000001.1	63.813	619	217	5	1	617	193724	191883	0.0	730
Query_1	615_VKSS01000001.1	63.813	619	217	5	1	617	206191	204350	0.0	730
Query_1	615_CP047391.1	63.813	619	217	5	1	617	2296144	2294303	0.0	730
Query_1	615_VOUX01000027.1	63.328	619	220	5	1	617	20909	19068	0.0	730
Query_1	615_RCDR01000121.1	63.813	619	217	5	1	617	21927	20086	0.0	730
Query_1	615_RCDM01000013.1	63.813	619	217	5	1	617	3856	2015	0.0	730
Query_1	615_RHQB01000008.1	63.813	619	217	5	1	617	85127	86968	0.0	730
Query_1	615_RHPY01000001.1	63.813	619	217	5	1	617	991699	993540	0.0	730
Query_1	615_RHPW01000011.1	63.813	619	217	5	1	617	68710	70551	0.0	730
Query_1	615_RHPU01000009.1	63.813	619	217	5	1	617	168161	166320	0.0	730
Query_1	615_RHQI01000002.1	63.813	619	217	5	1	617	164432	162591	0.0	730
Query_1	615_RHQH01000001.1	63.813	619	217	5	1	617	136290	138131	0.0	730
Query_1	615_RHPX01000008.1	63.813	619	217	5	1	617	136290	138131	0.0	730
Query_1	615_RHQD01000002.1	63.813	619	217	5	1	617	94057	95898	0.0	730
Query_1	615_RHQC01000010.1	63.813	619	217	5	1	617	94039	95880	0.0	730
Query_1	615_RHQA01000002.1	63.813	619	217	5	1	617	94056	95897	0.0	730
Query_1	615_RHPQ01000001.1	63.813	619	217	5	1	617	1368795	1370636	0.0	730
Query_1	615_RHPV01000008.1	63.813	619	217	5	1	617	168160	166319	0.0	730
Query_1	615_RAID01000001.1	63.813	619	217	5	1	617	1552689	1554530	0.0	730
Query_1	615_NTFO01000026.1	63.813	619	217	5	1	617	41022	39181	0.0	730
Query_1	615_NTFN01000010.1	63.813	619	217	5	1	617	114651	116492	0.0	730
Query_1	615_RAIC01000001.1	63.813	619	217	5	1	617	973719	971878	0.0	730
Query_1	615_QZVX01000007.1	63.813	619	217	5	1	617	1385141	1383300	0.0	730
Query_1	615_DNBG01000174.1	63.328	619	220	5	1	617	10164	12005	0.0	730
Query_1	615_PXJZ01000001.1	63.813	619	217	5	1	617	363765	361924	0.0	730
Query_1	615_QJPW01000016.1	63.813	619	217	5	1	617	70452	72293	0.0	730
Query_1	615_QJPU01000012.1	63.813	619	217	5	1	617	70483	72324	0.0	730
Query_1	615_CP029746.1	63.813	619	217	5	1	617	4920136	4918295	0.0	730
Query_1	615_CP029715.1	63.813	619	217	5	1	617	1201865	1200024	0.0	730
Query_1	615_CP028949.1	63.813	619	217	5	1	617	117464	119305	0.0	730
Query_1	615_CP028948.1	63.813	619	217	5	1	617	4358272	4360113	0.0	730
Query_1	615_CP027539.1	63.813	619	217	5	1	617	3934264	3936105	0.0	730
Query_1	615_CP027533.1	63.813	619	217	5	1	617	1946982	1945141	0.0	730
Query_1	615_CP026650.1	63.813	619	217	5	1	617	1398270	1396429	0.0	730
Query_1	615_PQGK01000001.1	63.166	619	221	5	1	617	1404377	1406218	0.0	730
Query_1	615_PQGJ01000001.1	63.166	619	221	5	1	617	609031	610872	0.0	730
Query_1	615_PPGG01000014.1	63.166	619	221	5	1	617	9061	10902	0.0	730
