Query_1	380021_SHFR01000003.1	79.058	573	104	6	1	567	71071	69383	0.0	779
Query_1	380021_SHFR01000003.1	43.820	623	288	8	2	567	62918	61065	1.61e-109	371
Query_1	380021_PPEF01000019.1	79.058	573	104	6	1	567	10945	12633	0.0	778
Query_1	380021_PPEF01000019.1	43.981	623	287	8	2	567	19113	20966	6.42e-110	372
Query_1	380021_LHUU01000008.1	79.058	573	104	6	1	567	311444	309756	0.0	778
Query_1	380021_LHUU01000008.1	44.302	623	285	8	2	567	303288	301435	2.94e-111	376
Query_1	380021_CP043179.1	79.058	573	104	6	1	567	5770651	5772339	0.0	778
Query_1	380021_CP043179.1	43.981	623	287	8	2	567	5778807	5780660	1.17e-109	371
Query_1	380021_CP032353.1	79.058	573	104	6	1	567	3673838	3672150	0.0	778
Query_1	380021_CP032353.1	43.981	623	287	8	2	567	3665682	3663829	1.17e-109	371
Query_1	380021_CP032352.1	79.058	573	104	6	1	567	6588488	6590176	0.0	778
Query_1	380021_CP032352.1	43.981	623	287	8	2	567	6596643	6598496	1.17e-109	371
Query_1	380021_CP032358.1	79.058	573	104	6	1	567	4671351	4669663	0.0	778
Query_1	380021_CP032358.1	43.981	623	287	8	2	567	4663195	4661342	1.17e-109	371
Query_1	380021_VIWR01000006.1	79.058	573	104	6	1	567	684448	686136	0.0	778
Query_1	380021_VIWR01000006.1	43.981	623	287	8	2	567	692619	694472	3.11e-110	373
Query_1	380021_VAVY01000001.1	79.058	573	104	6	1	567	1108862	1107174	0.0	778
Query_1	380021_VAVY01000001.1	43.981	623	287	8	2	567	1100706	1098853	1.17e-109	371
Query_1	380021_MOAV01000001.1	79.058	573	104	6	1	567	1068702	1070390	0.0	778
Query_1	380021_MOAV01000001.1	43.981	623	287	8	2	567	1076858	1078711	7.97e-110	372
Query_1	380021_MOAW01000003.1	79.058	573	104	6	1	567	1068368	1070056	0.0	778
Query_1	380021_MOAW01000003.1	43.981	623	287	8	2	567	1076524	1078377	7.97e-110	372
Query_1	380021_MOAU01000006.1	79.058	573	104	6	1	567	1104457	1102769	0.0	778
Query_1	380021_MOAU01000006.1	43.981	623	287	8	2	567	1096301	1094448	1.14e-109	372
Query_1	380021_RCSR01000003.1	79.058	573	104	6	1	567	112203	113891	0.0	778
Query_1	380021_RCSR01000003.1	43.981	623	287	8	2	567	120359	122212	1.89e-109	371
Query_1	380021_QFNP01000001.1	79.058	573	104	6	1	567	581123	579435	0.0	778
Query_1	380021_QFNP01000001.1	43.981	623	287	8	2	567	572967	571114	3.11e-110	373
Query_1	380021_CP022097.2	79.058	573	104	6	1	567	5155687	5157375	0.0	778
Query_1	380021_CP022097.2	43.981	623	287	8	2	567	5163843	5165696	1.17e-109	371
Query_1	380021_LHUV01000005.1	79.058	573	104	6	1	567	2226849	2225161	0.0	778
Query_1	380021_LHUV01000005.1	43.981	623	287	8	2	567	2218693	2216840	1.89e-109	371
Query_1	380021_LHUX01000007.1	79.058	573	104	6	1	567	422328	420640	0.0	778
Query_1	380021_LHUX01000007.1	43.981	623	287	8	2	567	414172	412319	1.17e-109	371
Query_1	380021_CP013184.1	78.883	573	105	6	1	567	3766123	3764435	0.0	777
Query_1	380021_CP013184.1	43.981	623	287	8	2	567	3757967	3756114	8.61e-110	372
Query_1	294_BJOO01000002.1	78.883	573	105	6	1	567	65773	67461	0.0	777
Query_1	294_BJOO01000002.1	43.981	623	287	8	2	567	73929	75782	8.54e-110	372
Query_1	380021_MRTZ01000001.1	78.883	573	105	6	1	567	574200	575888	0.0	776
Query_1	380021_MRTZ01000001.1	43.981	623	287	8	2	567	582356	584209	6.51e-110	372
Query_1	380021_MRUB01000007.1	78.883	573	105	6	1	567	554766	556454	0.0	776
Query_1	380021_MRUB01000007.1	43.981	623	287	8	2	567	562922	564775	6.51e-110	372
Query_1	380021_MRUA01000010.1	78.883	573	105	6	1	567	2278303	2279991	0.0	776
Query_1	380021_MRUA01000010.1	43.981	623	287	8	2	567	2286459	2288312	6.52e-110	372
Query_1	380021_MRUC01000003.1	78.883	573	105	6	1	567	2408462	2406774	0.0	776
Query_1	380021_MRUC01000003.1	43.981	623	287	8	2	567	2400306	2398453	6.52e-110	372
Query_1	380021_MAUK01000009.1	78.883	573	105	6	1	567	1338400	1340088	0.0	776
Query_1	380021_MAUK01000009.1	43.981	623	287	8	2	567	1346556	1348409	6.52e-110	372
Query_1	380021_MAUL01000003.1	78.883	573	105	6	1	567	2752507	2750819	0.0	776
Query_1	380021_MAUL01000003.1	43.981	623	287	8	2	567	2744351	2742498	6.52e-110	372
Query_1	380021_LHUW01000007.1	78.883	573	105	6	1	567	317271	315583	0.0	776
Query_1	380021_LHUW01000007.1	43.981	623	287	8	2	567	309115	307262	3.49e-110	373
Query_1	380021_LCZC01000015.1	78.883	573	105	6	1	567	83817	82129	0.0	776
Query_1	380021_LCZC01000015.1	44.141	623	286	8	2	567	75661	73808	7.24e-111	375
Query_1	380021_RJUX01000001.1	78.883	573	105	6	1	567	2850463	2848775	0.0	775
Query_1	380021_RJUX01000001.1	43.981	623	287	8	2	567	2842307	2840454	1.14e-109	372
Query_1	380021_RJUS01000010.1	78.883	573	105	6	1	567	1052168	1053856	0.0	775
Query_1	380021_RJUS01000010.1	43.981	623	287	8	2	567	1060324	1062177	1.14e-109	372
Query_1	380021_MOAT01000017.1	78.883	573	105	6	1	567	580969	579281	0.0	775
Query_1	380021_MOAT01000017.1	43.981	623	287	8	2	567	572798	570945	5.69e-110	372
Query_1	380021_LDET01000027.1	78.709	573	106	6	1	567	45875	44187	0.0	775
Query_1	380021_LDET01000027.1	44.302	623	285	8	2	567	37719	35866	4.92e-110	372
Query_1	380021_PPSI01000011.1	78.883	573	105	6	1	567	60712	59024	0.0	775
Query_1	380021_PPSI01000011.1	43.981	623	287	8	2	567	52541	50688	1.00e-109	372
Query_1	380021_MOAX01000003.1	78.709	573	106	6	1	567	661530	663218	0.0	774
Query_1	380021_MOAX01000003.1	43.981	623	287	8	2	567	669686	671539	6.51e-110	372
Query_1	380021_MOAK01000082.1	77.487	573	113	6	1	567	219715	221403	0.0	762
Query_1	380021_MOAK01000082.1	43.018	623	293	8	2	567	227871	229724	1.35e-107	365
Query_1	294_LCZB01000043.1	72.154	571	142	7	3	567	28971	30650	0.0	705
Query_1	294_LCZB01000043.1	43.018	623	293	8	2	567	34375	36228	1.50e-108	368
Query_1	380021_CP017964.1	71.577	577	139	8	1	567	3829991	3828306	0.0	701
Query_1	380021_CP017964.1	52.713	387	178	4	181	567	3821005	3819860	1.29e-91	319
Query_1	380021_QJRM01000005.1	71.629	571	145	7	3	567	222188	223867	0.0	695
Query_1	380021_QJRM01000005.1	41.894	623	300	7	2	567	227593	229446	6.92e-104	355
Query_1	380021_LUUD01000035.1	70.928	571	150	6	3	567	303600	301918	0.0	694
Query_1	380021_LUUD01000035.1	42.215	623	298	7	2	567	298191	296338	1.22e-105	360
Query_1	380021_PIZE01000004.1	72.154	571	142	7	3	567	203530	205209	0.0	692
Query_1	380021_PIZE01000004.1	42.536	623	296	8	2	567	208933	210786	6.20e-105	358
Query_1	380021_CP031396.1	70.753	571	151	6	3	567	28382	30064	0.0	692
Query_1	380021_CP031396.1	42.215	623	298	7	2	567	33798	35651	1.22e-105	360
Query_1	380021_PYJM01000001.1	72.154	571	142	7	3	567	843630	845309	0.0	692
Query_1	380021_PYJM01000001.1	42.536	623	296	8	2	567	849033	850886	6.21e-105	358
Query_1	380021_MOAS01000002.1	71.454	571	146	7	3	567	545104	543425	0.0	692
Query_1	380021_MOAS01000002.1	42.055	623	299	7	2	567	539699	537846	1.20e-104	357
Query_1	380021_MOAR01000003.1	71.454	571	146	7	3	567	545141	543462	0.0	692
Query_1	380021_MOAR01000003.1	42.055	623	299	7	2	567	539736	537883	1.20e-104	357
Query_1	380021_MOAQ01000064.1	71.454	571	146	7	3	567	549864	548185	0.0	692
Query_1	380021_MOAQ01000064.1	42.055	623	299	7	2	567	544321	542468	1.20e-104	357
Query_1	380021_MOAP01000002.1	71.454	571	146	7	3	567	544555	542876	0.0	692
Query_1	380021_MOAP01000002.1	42.055	623	299	7	2	567	539150	537297	1.20e-104	357
Query_1	380021_LUUE01000002.1	70.928	571	149	7	3	567	533222	531543	0.0	690
Query_1	380021_LUUE01000002.1	42.055	623	299	7	2	567	527817	525964	1.20e-104	357
Query_1	380021_QJRN01000003.1	70.753	571	150	7	3	567	197161	198840	0.0	684
Query_1	380021_QJRN01000003.1	42.055	623	299	7	2	567	202566	204419	1.20e-104	357
Query_1	587753_CP025309.1	54.655	580	236	10	2	567	3605796	3604096	4.79e-156	505
Query_1	587753_CP025309.1	42.376	623	297	7	2	567	3603848	3601995	5.54e-110	372
Query_1	587753_CP025309.1	29.948	581	336	20	2	539	2276615	2274957	2.17e-26	126
Query_1	587753_LR134334.1	53.793	580	241	9	2	567	588247	586547	5.32e-155	502
Query_1	587753_LR134334.1	42.376	623	297	7	2	567	586265	584412	8.94e-110	372
Query_1	587753_LR134334.1	44.000	300	162	5	270	567	1940161	1941048	1.22e-50	199
Query_1	587753_LR134334.1	30.703	583	329	22	2	539	6543015	6541357	2.87e-28	132
Query_1	587753_CP008696.1	54.483	580	237	10	2	567	3570634	3568934	6.20e-155	502
Query_1	587753_CP008696.1	42.055	623	299	7	2	567	3568827	3566974	5.16e-109	370
Query_1	587753_CP008696.1	29.948	581	336	20	2	539	2208166	2206508	1.73e-26	126
Query_1	587753_UGUQ01000003.1	54.483	580	237	10	2	567	510766	509066	9.65e-155	501
Query_1	587753_UGUQ01000003.1	42.215	623	298	7	2	567	508958	507105	2.52e-109	370
Query_1	587753_LT629738.1	54.483	580	237	10	2	567	2492580	2494280	9.66e-155	501
Query_1	587753_LT629738.1	42.215	623	298	7	2	567	2494388	2496241	2.52e-109	370
Query_1	587753_LT629738.1	29.948	581	336	20	2	539	3855490	3857148	5.16e-27	128
Query_1	587753_LT629761.1	53.793	580	241	9	2	567	4425600	4427300	1.59e-154	501
Query_1	587753_LT629761.1	43.144	598	275	7	2	539	4427546	4429324	4.26e-109	370
Query_1	587753_LT629761.1	30.703	583	329	22	2	539	5699158	5700816	1.46e-27	130
Query_1	587753_QJRW01000008.1	53.793	580	241	9	2	567	202022	200322	2.70e-154	500
Query_1	587753_QJRW01000008.1	41.600	625	298	7	2	567	200040	198190	2.21e-106	362
Query_1	587753_CP019399.1	54.138	580	239	10	2	567	3772867	3771167	3.06e-154	500
Query_1	587753_CP019399.1	42.215	623	298	7	2	567	3770919	3769066	2.24e-109	370
Query_1	587753_CP019399.1	29.948	581	336	20	2	539	2407571	2405913	4.14e-26	125
Query_1	587753_CP027716.1	54.045	581	240	10	1	567	3533057	3531354	3.18e-154	500
Query_1	587753_CP027716.1	42.215	623	298	7	2	567	3531249	3529396	2.77e-109	370
Query_1	587753_CP027716.1	30.017	583	333	20	2	539	2239079	2237421	2.37e-28	132
Query_1	587753_FMCZ01000003.1	53.966	580	240	9	2	567	257751	259451	3.67e-154	500
Query_1	587753_FMCZ01000003.1	42.536	623	296	7	2	567	259555	261408	6.03e-110	372
Query_1	587753_VWPB01000094.1	54.310	580	238	10	2	567	163621	161921	4.06e-154	499
Query_1	587753_VWPB01000094.1	42.215	623	298	7	2	567	161813	159960	2.50e-109	370
Query_1	587753_KZ300474.1	53.793	580	241	9	2	567	2315280	2313580	7.79e-154	499
Query_1	587753_KZ300474.1	43.645	598	272	7	2	539	2313473	2311695	1.66e-110	374
Query_1	587753_KZ300474.1	30.703	583	329	22	2	539	1015020	1013362	9.68e-28	130
Query_1	587753_CP027713.1	53.276	580	244	9	2	567	3597412	3595712	1.36e-153	498
Query_1	587753_CP027713.1	42.697	623	295	7	2	567	3595605	3593752	8.71e-111	375
Query_1	587753_CP027713.1	29.897	582	335	20	2	539	2342851	2341193	1.20e-26	127
Query_1	587753_MOAO01000003.1	53.793	580	241	9	2	567	186836	185136	2.10e-153	498
Query_1	587753_MOAO01000003.1	42.215	623	298	7	2	567	185028	183175	1.56e-109	371
Query_1	587753_LT629747.1	53.621	580	242	9	2	567	3459103	3460803	2.36e-153	498
Query_1	587753_LT629747.1	42.055	623	299	7	2	567	3460911	3462764	1.96e-108	368
Query_1	587753_LT629747.1	29.948	581	336	20	2	539	4810220	4811878	6.14e-26	125
Query_1	587753_CP014867.1	53.621	580	242	9	2	567	6551767	6550067	2.91e-153	497
Query_1	587753_CP014867.1	42.536	623	296	7	2	567	6549959	6548106	5.18e-110	372
Query_1	587753_CP014867.1	29.846	583	334	20	2	539	411014	412672	1.90e-27	129
Query_1	587753_MSCT01000012.1	53.565	575	248	7	3	567	51371	49674	3.84e-153	497
Query_1	587753_MSCT01000012.1	42.215	623	298	7	2	567	49569	47716	1.42e-106	362
Query_1	104087_MOBM01000038.1	53.368	579	243	7	3	567	1286414	1288111	5.54e-153	496
Query_1	104087_MOBM01000038.1	53.368	579	243	7	3	567	134941	133244	5.54e-153	496
Query_1	104087_MOBM01000038.1	42.114	596	286	6	1	539	1288206	1289987	1.76e-104	357
Query_1	104087_MOBM01000038.1	42.114	596	286	6	1	539	133149	131368	1.76e-104	357
Query_1	294_KN639174.1	53.448	580	242	8	2	567	3314478	3312781	6.11e-153	496
Query_1	294_KN639174.1	41.346	624	304	7	1	567	3312686	3310830	8.51e-107	363
Query_1	587753_QLKZ01000007.1	53.621	580	242	9	2	567	298681	300381	6.33e-153	496
Query_1	587753_QLKZ01000007.1	42.536	623	296	7	2	567	300489	302342	1.68e-103	353
Query_1	587753_CP027714.1	53.621	580	242	9	2	567	3480513	3478813	6.35e-153	496
Query_1	587753_CP027714.1	42.536	623	296	7	2	567	3478705	3476852	1.69e-103	353
Query_1	587753_CP027714.1	30.017	583	333	20	2	539	2261663	2260005	1.52e-27	130
Query_1	587753_CP011110.1	53.726	577	244	9	3	567	3074588	3076285	9.15e-153	496
Query_1	587753_CP011110.1	43.000	600	282	7	2	544	3076569	3078359	4.23e-107	364
Query_1	587753_CP011110.1	40.036	562	310	9	2	544	4160890	4162551	3.56e-95	330
Query_1	587753_CP011110.1	33.333	315	156	12	252	514	4320535	4321473	2.72e-11	79.0
Query_1	587753_CP011110.1	30.342	234	130	11	307	534	4960077	4959457	2.4	43.5
Query_1	587753_MOAN01000094.1	53.448	580	243	9	2	567	157878	159578	9.58e-153	496
Query_1	587753_MOAN01000094.1	42.215	623	298	7	2	567	159686	161539	1.83e-109	371
Query_1	317_LFQK01000004.1	53.448	580	243	7	2	567	212648	210948	1.30e-152	495
Query_1	317_LFQK01000004.1	40.610	623	308	7	1	566	210853	209000	5.90e-103	352
Query_1	587753_VWPC01000012.1	53.806	578	244	9	2	567	554068	552368	3.22e-152	494
Query_1	587753_VWPC01000012.1	42.376	623	297	7	2	567	552263	550410	3.41e-109	370
Query_1	294_CABVIH010000002.1	53.276	580	240	9	2	567	88067	86379	1.05e-151	493
Query_1	294_CABVIH010000002.1	41.748	103	48	4	465	564	79816	79535	5.92e-05	58.5
Query_1	587753_MOBW01000075.1	53.806	578	244	9	2	567	56416	54716	2.74e-151	491
Query_1	587753_MOBW01000075.1	42.376	623	297	7	2	567	54609	52756	5.10e-110	372
Query_1	104087_FNTF01000002.1	53.195	579	240	9	3	567	4046299	4047984	1.13e-150	490
Query_1	104087_FNTF01000002.1	40.865	624	307	8	1	567	4048077	4049933	2.48e-105	359
Query_1	104087_FMHS01000005.1	53.276	580	243	8	2	567	105967	107664	1.35e-150	489
Query_1	104087_FMHS01000005.1	42.114	596	286	6	1	539	107759	109540	3.71e-106	361
Query_1	104087_FMHR01000002.1	53.276	580	243	8	2	567	106186	107883	1.35e-150	489
Query_1	104087_FMHR01000002.1	42.114	596	286	6	1	539	107978	109759	3.72e-106	361
Query_1	294_LUKJ01000003.1	52.850	579	246	7	3	567	5434399	5436096	1.68e-150	489
Query_1	294_LUKJ01000003.1	41.346	624	304	7	1	567	5436191	5438047	1.32e-105	360
Query_1	75612_VFIM01000035.1	52.931	580	242	9	2	567	21764	23452	3.80e-150	488
Query_1	75612_VFIM01000035.1	41.894	623	300	7	1	566	23546	25399	1.38e-108	368
Query_1	75612_LT629796.1	52.931	580	242	9	2	567	5869949	5871637	3.89e-150	488
Query_1	75612_LT629796.1	41.894	623	300	7	1	566	5871731	5873584	1.41e-108	368
Query_1	75612_LT629796.1	31.925	213	106	11	307	512	460397	459855	0.19	47.0
Query_1	294_CABVIK010000002.1	52.931	580	242	9	2	567	85432	87120	5.98e-150	488
Query_1	294_CABVIK010000002.1	41.734	623	301	7	1	566	87214	89067	1.89e-107	365
Query_1	104087_MOBL01000004.1	52.504	579	248	7	3	567	22098	23795	6.34e-150	488
Query_1	104087_MOBL01000004.1	40.385	624	310	7	1	567	23890	25746	4.15e-103	352
Query_1	75612_RHGD01000001.1	52.759	580	243	9	2	567	6337880	6336192	1.48e-149	486
Query_1	75612_RHGD01000001.1	41.734	623	301	7	1	566	6336098	6334245	1.42e-107	365
Query_1	75612_RHGD01000001.1	31.925	213	106	11	307	512	4727044	4727586	0.16	47.4
Query_1	294_CABVJH010000002.1	52.677	579	243	9	3	567	820039	821724	3.19e-149	486
Query_1	294_CABVJH010000002.1	41.346	624	304	7	1	567	821817	823673	9.39e-108	366
Query_1	104087_CP017886.1	53.333	570	253	7	3	566	5624284	5625972	4.84e-149	485
Query_1	104087_CP017886.1	42.185	595	285	6	2	539	5626082	5627860	3.62e-104	355
Query_1	75612_NMOJ01000011.1	52.759	580	243	9	2	567	13666	15354	5.92e-149	485
Query_1	75612_NMOJ01000011.1	42.265	627	294	8	1	567	15448	17304	9.03e-110	372
Query_1	104087_CP018319.1	52.677	579	243	9	3	567	5639145	5637460	6.58e-149	485
Query_1	104087_CP018319.1	41.186	624	305	7	1	567	5637368	5635512	5.51e-106	361
Query_1	294_LACD01000060.1	52.332	579	245	9	3	567	10273	8588	1.65e-148	483
Query_1	294_LACD01000060.1	41.506	624	303	7	1	567	8495	6639	1.22e-106	362
Query_1	104087_MOBQ01000004.1	53.646	576	246	9	2	567	27173	25479	6.76e-148	482
Query_1	104087_MOBQ01000004.1	41.786	627	297	8	1	567	25381	23525	2.54e-109	370
Query_1	104087_PUIN01000006.1	52.759	580	243	9	2	567	91110	89422	8.98e-148	481
Query_1	104087_PUIN01000006.1	40.514	622	308	7	2	566	89319	87469	1.70e-103	353
Query_1	104087_CP023466.1	52.759	580	243	9	2	567	3161858	3163546	1.67e-147	481
Query_1	104087_CP023466.1	42.282	596	285	6	1	539	3163648	3165429	1.26e-105	360
Query_1	104087_CP023466.1	30.342	234	130	11	307	534	1659217	1659837	3.8	42.7
Query_1	294_MOBU01000006.1	52.586	580	244	9	2	567	272247	273935	4.48e-147	479
Query_1	294_MOBU01000006.1	39.583	624	315	7	1	567	274148	276004	2.22e-98	339
Query_1	294_LVEJ01000010.1	51.897	580	248	9	2	567	212910	214598	9.76e-147	478
Query_1	294_LVEJ01000010.1	41.242	628	299	9	1	567	214795	216651	1.45e-104	357
Query_1	75612_SOCV01000015.1	53.125	576	250	8	2	567	194824	196521	1.26e-146	478
Query_1	75612_SOCV01000015.1	41.158	622	304	7	3	567	196623	198473	3.50e-107	364
Query_1	5507_WETB01000017.1	52.241	580	246	9	2	567	80054	78366	2.30e-146	477
Query_1	5507_WETB01000017.1	41.026	624	306	7	1	567	78096	76240	5.45e-104	355
Query_1	5507_WILF01000003.1	52.241	580	246	9	2	567	67778	69466	2.30e-146	477
Query_1	5507_WILF01000003.1	48.837	387	193	3	181	567	70791	71936	1.00e-88	311
Query_1	5507_WILF01000003.1	29.964	277	136	5	1	220	69872	70699	2.00e-08	69.7
Query_1	5507_WIKY01000005.1	52.241	580	246	9	2	567	238251	236563	2.31e-146	477
Query_1	5507_WIKY01000005.1	41.026	624	306	7	1	567	236293	234437	5.49e-104	355
Query_1	294_MOBT01000017.1	51.724	580	249	9	2	567	727838	729526	3.25e-146	477
Query_1	294_MOBT01000017.1	40.705	624	308	7	1	567	729724	731580	3.70e-103	353
Query_1	104087_JAAAXX010000001.1	53.391	575	247	9	3	567	3454956	3456647	4.10e-146	477
Query_1	104087_JAAAXX010000001.1	41.308	627	300	8	1	567	3456742	3458598	1.79e-108	368
Query_1	294_CABVHR010000001.1	52.586	580	247	8	2	567	68017	66320	5.30e-146	476
Query_1	294_CABVHR010000001.1	41.186	624	305	7	1	567	66217	64361	9.95e-104	354
Query_1	294_NXHE01000023.1	52.414	580	245	9	2	567	38442	36754	6.16e-146	476
Query_1	294_NXHE01000023.1	40.705	624	308	7	1	567	36540	34684	1.07e-104	357
Query_1	104087_MOBR01000009.1	53.299	576	248	9	2	567	216683	218377	7.01e-146	476
Query_1	104087_MOBR01000009.1	41.786	627	297	8	1	567	218475	220331	4.68e-109	370
Query_1	294_MOBZ01000016.1	51.552	580	250	9	2	567	276798	275110	9.34e-146	476
Query_1	294_MOBZ01000016.1	41.026	624	306	7	1	567	274915	273059	6.31e-105	358
Query_1	294_CP012830.1	52.014	571	261	7	3	567	5448806	5450497	1.38e-145	475
Query_1	294_CP012830.1	42.689	595	282	6	2	539	5450591	5452369	8.68e-107	363
Query_1	104087_MOBP01000012.1	53.125	576	249	9	2	567	657977	656283	1.91e-145	475
Query_1	104087_MOBP01000012.1	41.308	627	300	8	1	567	656188	654332	9.66e-108	366
Query_1	294_CABVJD010000010.1	52.414	580	248	8	2	567	228384	230081	2.09e-145	474
Query_1	294_CABVJD010000010.1	41.026	624	306	7	1	567	230184	232040	1.29e-102	351
Query_1	303_PDKZ01000002.1	52.241	580	246	9	2	567	414096	412408	3.27e-145	474
Query_1	303_PDKZ01000002.1	40.705	624	308	7	1	567	412194	410338	8.32e-104	354
Query_1	294_MOBY01000003.1	51.724	580	249	9	2	567	315731	317419	3.78e-145	474
Query_1	294_MOBY01000003.1	41.186	624	303	9	1	566	317625	319478	2.02e-103	353
Query_1	294_CP038438.1	52.241	580	246	9	2	567	3173841	3172153	5.30e-145	473
Query_1	294_CP038438.1	40.224	624	311	7	1	567	3171939	3170083	7.40e-102	349
Query_1	294_CABVIV010000002.1	52.414	580	248	8	2	567	974402	976099	8.31e-145	473
Query_1	294_CABVIV010000002.1	41.186	624	305	7	1	567	976202	978058	2.27e-103	353
Query_1	294_CABVIV010000002.1	30.043	233	132	8	307	534	7194	7814	2.3	43.5
Query_1	294_CABVIV010000001.1	52.414	580	248	8	2	567	94849	93152	8.31e-145	473
Query_1	294_CABVIV010000001.1	41.186	624	305	7	1	567	93049	91193	2.27e-103	353
Query_1	294_CABVIV010000001.1	30.043	233	132	8	307	534	1062057	1061437	2.3	43.5
Query_1	294_CABVJC010000002.1	51.552	580	250	9	2	567	366742	368430	1.24e-144	473
Query_1	294_CABVJC010000002.1	41.506	624	301	9	1	566	368637	370490	1.40e-104	357
Query_1	294_CABVIE010000012.1	52.414	580	248	8	2	567	135836	137533	1.33e-144	472
Query_1	294_CABVIE010000012.1	41.186	624	305	7	1	567	137636	139492	1.68e-103	353
Query_1	294_CABVHJ010000002.1	51.552	580	250	9	2	567	57642	59330	2.19e-144	472
Query_1	294_CABVHJ010000002.1	41.346	624	304	7	1	567	59525	61381	2.69e-105	359
Query_1	294_CABVJE010000032.1	52.069	580	250	8	2	567	12731	11034	2.65e-144	471
Query_1	294_CABVJE010000032.1	41.346	624	304	7	1	567	10931	9075	1.05e-103	354
Query_1	294_CABVGV010000013.1	52.347	554	236	7	2	541	52299	50680	3.76e-144	471
Query_1	294_CABVGV010000013.1	41.413	623	303	7	1	566	50414	48561	2.05e-104	356
Query_1	294_CABVHM010000005.1	52.347	554	236	7	2	541	317601	319220	3.79e-144	471
Query_1	294_CABVHM010000005.1	41.413	623	303	7	1	566	319486	321339	2.07e-104	356
Query_1	294_LCZD01000016.1	52.076	578	250	9	2	567	547299	545611	3.98e-144	471
Query_1	294_LCZD01000016.1	40.705	624	308	7	1	567	545416	543560	4.92e-103	352
Query_1	294_MOBS01000004.1	51.897	580	248	9	2	567	322033	320345	5.69e-144	471
Query_1	294_MOBS01000004.1	40.865	624	307	7	1	567	320150	318294	1.66e-104	357
Query_1	294_CABVJG010000005.1	51.379	580	251	9	2	567	28930	27242	5.90e-144	470
Query_1	294_CABVJG010000005.1	41.252	623	304	7	1	566	27047	25194	1.92e-104	356
Query_1	294_CABVGZ010000008.1	52.527	554	235	7	2	541	77452	79071	6.83e-144	470
Query_1	294_CABVGZ010000008.1	41.091	623	305	7	1	566	79337	81190	8.84e-105	357
Query_1	294_CABVJI010000008.1	52.347	554	236	7	2	541	266526	264907	9.18e-144	470
Query_1	294_CABVJI010000008.1	41.091	623	305	7	1	566	264641	262788	1.49e-104	357
Query_1	294_JSAL01000015.1	52.174	552	240	7	2	541	312517	310898	1.84e-143	469
Query_1	294_JSAL01000015.1	40.800	625	306	9	1	567	310634	308778	4.62e-102	349
Query_1	294_VCNJ01000001.1	51.207	580	252	9	2	567	72037	73725	1.96e-143	469
Query_1	294_VCNJ01000001.1	41.186	624	305	7	1	567	73933	75789	8.44e-104	354
Query_1	587753_JSFK01000031.1	51.207	580	252	9	2	567	116479	118167	2.01e-143	469
Query_1	587753_JSFK01000031.1	41.346	624	304	7	1	567	118364	120220	1.46e-104	357
Query_1	294_CABVIC010000001.1	51.130	575	262	7	1	567	891289	892980	3.50e-143	468
Query_1	294_CABVIC010000001.1	41.252	623	304	7	1	566	893281	895134	5.86e-103	352
Query_1	294_MOBX01000013.1	51.207	580	252	9	2	567	99559	101247	3.57e-143	468
Query_1	294_MOBX01000013.1	41.026	624	306	7	1	567	101454	103310	3.60e-105	358
Query_1	294_CABVIN010000012.1	51.207	580	252	9	2	567	11919	10231	4.10e-143	468
Query_1	294_CABVIN010000012.1	40.224	624	311	7	1	567	10034	8178	2.94e-101	347
Query_1	294_CABVHD010000006.1	51.986	554	238	7	2	541	96926	98545	6.71e-143	468
Query_1	294_CABVHD010000006.1	41.091	623	305	7	1	566	98811	100664	7.31e-104	355
Query_1	294_CABVIP010000001.1	51.379	580	251	9	2	567	585820	587508	7.49e-143	467
Query_1	294_CABVIP010000001.1	40.705	624	308	7	1	567	587764	589620	9.04e-102	348
Query_1	294_MOBV01000004.1	51.130	575	261	8	1	567	86638	88326	9.61e-143	467
Query_1	294_MOBV01000004.1	41.186	624	305	7	1	567	88627	90483	3.37e-102	350
Query_1	294_MOCB01000009.1	51.130	575	261	8	1	567	745356	743668	9.61e-143	467
Query_1	294_MOCB01000009.1	41.186	624	305	7	1	567	743367	741511	3.37e-102	350
Query_1	294_MOCC01000006.1	51.130	575	261	8	1	567	86648	88336	9.61e-143	467
Query_1	294_MOCC01000006.1	41.186	624	305	7	1	567	88637	90493	3.37e-102	350
Query_1	294_LKBJ01000002.1	51.295	579	255	7	3	567	3432596	3434293	1.30e-142	466
Query_1	294_LKBJ01000002.1	40.705	624	308	7	1	567	3434393	3436249	1.05e-104	357
Query_1	294_LKBJ01000002.1	27.615	239	130	9	307	534	4942596	4941976	7.0	42.0
Query_1	294_LJXB01000091.1	51.295	579	255	7	3	567	61932	60235	2.73e-142	466
Query_1	294_LJXB01000091.1	41.026	624	306	7	1	567	60135	58279	4.94e-106	361
Query_1	294_LR782234.1	52.432	555	236	7	1	541	2943941	2945563	2.77e-142	466
Query_1	294_LR782234.1	40.385	624	310	7	1	567	2945741	2947597	1.19e-100	345
Query_1	303_FMXW01000006.1	51.916	574	257	7	2	567	536924	535236	3.73e-142	465
Query_1	303_FMXW01000006.1	40.829	627	301	9	2	567	535135	533282	2.13e-102	350
Query_1	294_CP028826.1	51.568	574	259	7	2	567	3128244	3129932	4.61e-142	465
Query_1	294_CP028826.1	40.670	627	302	9	2	567	3130033	3131886	5.68e-101	346
Query_1	294_CP022313.1	51.568	574	259	7	2	567	3008396	3010084	5.87e-142	465
Query_1	294_CP022313.1	40.989	627	300	9	2	567	3010185	3012038	2.01e-103	353
Query_1	5507_WILB01000007.1	50.164	608	241	12	2	567	64644	66407	6.21e-142	464
Query_1	5507_WILB01000007.1	41.026	624	306	7	1	567	66677	68533	5.50e-104	355
Query_1	294_CABVJB010000001.1	51.123	579	256	7	3	567	151653	153350	7.10e-142	464
Query_1	294_CABVJB010000001.1	40.385	624	310	7	1	567	153450	155306	2.91e-103	353
Query_1	294_QLIN01000005.1	52.348	575	255	7	3	567	294407	296104	9.55e-142	464
Query_1	294_QLIN01000005.1	41.667	624	302	8	1	567	296205	298061	6.62e-107	363
Query_1	294_CABVHX010000014.1	51.207	580	252	9	2	567	130308	131996	1.01e-141	464
Query_1	294_CABVHX010000014.1	40.545	624	309	7	1	567	132252	134108	5.56e-102	349
Query_1	294_CP048408.1	51.568	574	259	7	2	567	3395958	3397646	1.10e-141	464
Query_1	294_CP048408.1	40.670	627	302	9	2	567	3397747	3399600	3.04e-102	350
Query_1	5507_WETH01001150.1	51.813	579	248	8	3	567	2996	4681	1.32e-141	464
Query_1	5507_WETH01001150.1	40.476	630	299	10	2	567	4838	6691	5.45e-101	346
Query_1	294_JTGH01000010.1	51.394	574	260	7	2	567	184718	186406	1.80e-141	463
Query_1	294_JTGH01000010.1	40.829	627	301	9	2	567	186507	188360	3.77e-103	353
Query_1	317_CP024646.1	51.394	574	260	7	2	567	3204086	3205774	1.99e-141	463
Query_1	317_CP024646.1	41.148	627	299	9	2	567	3205875	3207728	3.90e-104	355
Query_1	294_JXQY01000028.1	50.775	581	255	9	1	567	380886	379195	3.18e-141	462
Query_1	294_JXQY01000028.1	41.760	625	300	9	1	567	378954	377098	7.35e-103	352
Query_1	294_CP017951.1	50.950	579	253	9	3	567	3120421	3122106	3.31e-141	462
Query_1	294_CP017951.1	40.064	624	312	7	1	567	3122215	3124071	9.80e-101	345
Query_1	294_QLIO01000003.1	51.394	574	260	7	2	567	536569	538257	3.97e-141	462
Query_1	294_QLIO01000003.1	40.670	627	302	9	2	567	538358	540211	5.09e-102	349
Query_1	294_NXNJ01000007.1	50.777	579	254	9	3	567	227038	228723	4.11e-141	462
Query_1	294_NXNJ01000007.1	41.429	630	293	10	2	567	228875	230728	4.04e-104	355
Query_1	294_CABVIG010000001.1	50.609	575	265	7	1	567	28779	27088	4.54e-141	462
Query_1	294_CABVIG010000001.1	40.705	624	308	7	1	567	26787	24931	2.50e-100	344
Query_1	294_LCZE01000022.1	51.123	579	252	9	3	567	221726	220041	6.84e-141	462
Query_1	294_LCZE01000022.1	41.026	624	306	7	1	567	219844	217988	1.56e-103	353
Query_1	294_CDMF01000001.1	50.777	579	254	9	3	567	3001487	2999802	4.50e-139	456
Query_1	294_CDMF01000001.1	40.865	624	307	7	1	567	2999597	2997741	1.09e-102	351
Query_1	294_CABVIM010000001.1	50.259	579	257	9	3	567	368233	366548	1.40e-138	455
Query_1	294_CABVIM010000001.1	41.026	624	306	7	1	567	366439	364583	3.86e-102	350
Query_1	294_CABVIW010000002.1	50.086	579	258	9	3	567	468993	470678	4.47e-138	453
Query_1	294_CABVIW010000002.1	41.026	624	306	7	1	567	470787	472643	3.04e-102	350
Query_1	294_CABVIJ010000005.1	49.914	579	259	9	3	567	229541	227856	5.27e-137	450
Query_1	294_CABVIJ010000005.1	41.026	624	306	7	1	567	227747	225891	3.03e-102	350
Query_1	294_LRUN01000010.1	50.777	579	254	9	3	567	3710	2025	1.38e-135	446
Query_1	294_LRUN01000010.1	41.046	631	294	12	2	567	1893	40	5.97e-101	346
Query_1	5507_WIKT01000014.1	51.220	533	232	8	49	567	30802	32358	1.25e-125	417
Query_1	5507_WIKT01000014.1	41.026	624	306	7	1	567	32628	34484	5.41e-104	355
Query_1	5507_WIKT01000014.1	50.000	96	45	1	2	97	30475	30753	1.30e-16	95.9
Query_1	5507_WIKZ01000011.1	55.263	456	186	6	118	567	69762	71093	2.01e-118	397
Query_1	5507_WIKZ01000011.1	41.641	329	182	3	36	355	71814	72797	1.23e-40	169
Query_1	5507_WIKZ01000011.1	43.791	153	73	3	2	146	69198	69641	4.47e-22	113
Query_1	5507_WIKZ01000011.1	26.036	169	68	4	1	112	71363	71869	4.1	42.7
Query_1	294_LNAB02000001.1	47.059	544	268	6	36	567	1370990	1369383	4.84e-114	384
Query_1	294_CP031648.1	48.842	518	248	5	36	541	2159411	2160949	9.20e-114	383
Query_1	294_CP048607.1	48.842	518	248	5	36	541	6626133	6624595	9.20e-114	383
Query_1	294_SMCJ01000001.1	44.167	600	270	7	2	541	229463	231247	1.09e-113	383
Query_1	294_CP012831.1	47.243	544	267	6	36	567	6152393	6150786	1.14e-113	383
Query_1	294_CP025542.1	48.069	518	252	5	36	541	3224419	3225957	8.34e-113	380
Query_1	294_JXOE01000008.1	48.456	518	250	5	36	541	48744	50282	1.08e-112	380
Query_1	294_QQAQ01000004.1	48.456	518	250	5	36	541	72819	74357	1.09e-112	380
Query_1	294_CP008896.1	46.499	557	274	9	3	544	1300416	1298773	4.34e-112	379
Query_1	294_CP008896.1	43.333	600	278	8	2	544	710497	712281	3.60e-107	364
Query_1	294_CP008896.1	31.040	596	325	24	3	539	249647	251353	2.27e-25	123
Query_1	294_CP008896.1	32.850	207	103	10	313	512	5569033	5569566	0.42	45.8
Query_1	294_UGUS01000002.1	46.499	557	274	9	3	544	3075305	3076948	4.34e-112	379
Query_1	294_UGUS01000002.1	43.333	600	278	8	2	544	3260604	3262388	3.60e-107	364
Query_1	294_UGUS01000002.1	31.040	596	325	24	3	539	2662486	2664192	2.27e-25	123
Query_1	294_UGUS01000002.1	32.850	207	103	10	313	512	1843276	1843809	0.42	45.8
Query_1	294_JAAOIQ010000001.1	48.059	541	267	5	36	567	2167513	2169120	7.79e-112	378
Query_1	294_CP025738.1	48.263	518	251	5	36	541	3497584	3496046	3.41e-111	376
Query_1	294_CP015225.1	47.490	518	255	5	36	541	1438322	1436784	1.80e-110	374
Query_1	294_MKHA01000010.1	46.667	555	276	9	3	544	48137	49780	3.16e-110	373
Query_1	294_NPKB01000042.1	46.667	555	276	9	3	544	65633	63990	6.14e-110	372
Query_1	294_PVUJ01000010.1	46.667	555	276	9	3	544	137875	139518	6.17e-110	372
Query_1	294_PVUK01000009.1	46.667	555	276	9	3	544	137875	139518	6.17e-110	372
Query_1	75612_RCZA01000014.1	41.827	624	301	7	1	567	37496	39352	7.75e-110	372
Query_1	294_MRXZ01000008.1	46.667	555	276	9	3	544	114554	116197	1.14e-109	372
Query_1	294_JXNZ01000033.1	47.490	518	255	5	36	541	16748	15210	2.22e-109	370
Query_1	294_CABVIU010000010.1	42.122	622	298	7	3	567	167256	165406	2.63e-109	370
Query_1	294_LCYB01000047.1	46.667	555	276	9	3	544	209701	208058	2.68e-109	370
Query_1	47878_MZZJ01000019.1	46.486	555	277	9	3	544	45904	44261	4.38e-109	370
Query_1	294_LCYD01000008.1	46.486	555	277	9	3	544	203576	201933	4.48e-109	370
Query_1	294_PVUI01000014.1	46.486	555	277	9	3	544	141082	142725	1.02e-108	369
Query_1	294_QGAI01000016.1	46.486	555	277	9	3	544	79643	78000	1.52e-108	368
Query_1	294_CP017296.1	46.486	555	277	9	3	544	1225591	1227234	1.54e-108	368
Query_1	294_CP017296.1	32.908	392	205	5	1	335	1787708	1788880	1.18e-33	148
Query_1	294_CP017296.1	29.353	603	326	26	3	539	2000743	1999037	8.28e-23	115
Query_1	294_CP017296.1	39.474	114	60	3	454	567	1788821	1789135	1.25e-07	67.0
Query_1	294_PPVD01000039.1	46.486	555	277	9	3	544	5774	7417	1.58e-108	368
Query_1	294_CABVIQ010000004.1	46.486	555	277	9	3	544	95459	93816	1.64e-108	368
Query_1	294_JSFL01000030.1	43.333	600	278	8	2	544	92773	94557	2.60e-108	367
Query_1	294_JSFM01000005.1	43.333	600	278	8	2	544	94878	96662	2.60e-108	367
Query_1	294_CP032618.1	43.500	600	277	8	2	544	2986994	2988778	3.31e-108	367
Query_1	294_JJOE01000037.1	43.333	600	278	8	2	544	24273	22489	4.51e-108	367
Query_1	294_LACE01000024.1	41.827	624	301	7	1	567	131873	133729	4.96e-108	367
Query_1	587753_CP011020.1	47.490	518	255	5	36	541	5025127	5023589	5.88e-108	367
Query_1	294_UGUR01000001.1	43.333	600	278	8	2	544	2892698	2894482	6.60e-108	366
Query_1	47878_RBTM01000060.1	46.306	555	278	9	3	544	6415	4772	8.58e-108	366
Query_1	294_CABVHE010000006.1	41.961	622	299	7	3	567	98081	96231	7.24e-107	363
Query_1	294_CABVII010000025.1	42.080	625	294	9	3	567	90427	92277	9.33e-107	363
Query_1	294_JENC01000035.1	43.615	603	272	10	2	544	13151	11367	1.06e-106	363
Query_1	294_LACH01000044.1	41.467	627	299	8	1	567	65799	63943	1.88e-106	362
Query_1	294_CABVHU010000004.1	42.167	600	288	6	2	544	315438	317231	4.90e-106	361
Query_1	294_CABVHT010000001.1	43.449	603	273	10	2	544	351974	353758	6.35e-106	360
Query_1	5507_WEZE01003679.1	41.026	624	306	7	1	567	1220	3076	6.39e-106	355
Query_1	5507_WEZE01003679.1	64.918	305	101	4	263	567	54	950	2.29e-103	348
Query_1	294_CABVIL010000018.1	41.318	622	303	7	3	567	2230	380	6.80e-106	360
Query_1	294_CABVJA010000008.1	42.167	600	288	6	2	544	224586	226379	7.67e-106	360
Query_1	294_CABVIS010000005.1	41.158	622	304	7	3	567	82742	84592	1.89e-105	359
Query_1	5507_WILA01000017.1	41.026	624	306	7	1	567	67145	69001	5.49e-104	355
Query_1	5507_WILA01000017.1	55.291	378	148	7	199	567	65778	66875	1.92e-101	348
Query_1	5507_WILA01000017.1	39.519	291	151	5	2	278	65020	65859	9.21e-33	145
Query_1	5507_WIKV01000039.1	41.026	624	306	7	1	567	215007	213151	5.49e-104	355
Query_1	5507_WIKV01000039.1	55.906	381	144	7	199	567	216383	215277	8.52e-104	354
Query_1	5507_WIKV01000039.1	39.373	287	149	5	2	274	217141	216314	1.08e-30	139
Query_1	294_CABVGU010000007.1	46.809	517	253	7	37	539	26267	27793	1.59e-102	351
Query_1	294_CABVGU010000007.1	38.141	312	177	5	36	335	79027	79950	1.16e-36	157
Query_1	294_CABVGU010000007.1	39.474	114	60	3	454	567	79891	80205	8.10e-06	61.2
Query_1	294_JTGG01000012.1	41.026	624	306	7	1	567	21487	19631	1.38e-101	348
Query_1	294_RHRW01000001.1	41.186	624	305	7	1	567	1008694	1006838	1.64e-101	348
Query_1	294_CABVHZ010000007.1	46.035	517	257	7	37	539	236152	237678	4.80e-101	347
Query_1	294_SMYK01000006.1	44.630	540	285	5	36	566	19981	18377	2.28e-100	345
Query_1	47878_RBTM01000195.1	42.834	614	285	16	3	567	82055	83845	2.27e-97	336
Query_1	47878_RBTM01000195.1	39.113	496	242	10	90	544	92509	91079	8.12e-66	244
Query_1	294_CABVHO010000004.1	44.250	513	274	5	36	539	38643	40172	2.13e-96	333
Query_1	303_RKIW01000001.1	41.694	602	284	8	3	544	1933829	1932045	2.60e-95	330
Query_1	306_DOEI01000013.1	44.055	513	275	5	36	539	30643	32172	2.90e-95	330
Query_1	303_WBOI01000001.1	41.625	603	285	8	2	544	158047	156260	9.88e-95	328
Query_1	303_MCBJ01000011.1	41.818	605	279	10	3	544	1369349	1367565	2.21e-94	327
Query_1	303_MCBI01000001.1	41.818	605	279	10	3	544	215559	213775	4.85e-94	326
Query_1	303_MCBG01000062.1	41.818	605	279	10	3	544	215565	213781	4.86e-94	326
Query_1	303_MCBH01000059.1	41.818	605	279	10	3	544	298732	296948	4.86e-94	326
Query_1	303_CP014343.1	45.136	514	264	5	43	544	2094088	2095611	5.91e-94	326
Query_1	303_CP030750.1	41.818	605	279	10	3	544	2204930	2206714	9.08e-94	325
Query_1	306_DQHQ01000011.1	44.942	514	268	6	36	539	44602	43076	1.23e-93	325
Query_1	303_CP011789.1	41.653	605	280	10	3	544	2641480	2643264	2.03e-93	324
Query_1	294_CABVHG010000017.1	40.034	597	292	7	3	539	77331	79103	3.73e-92	321
Query_1	303_KN639176.1	40.034	597	292	7	3	539	2068128	2066356	3.77e-92	321
Query_1	303_KN639176.1	26.891	238	106	10	313	547	2927292	2926774	0.51	45.4
Query_1	303_KN639176.1	42.667	75	39	3	453	526	4328429	4328644	2.0	43.5
Query_1	5507_WILD01000034.1	41.230	553	266	6	1	496	40012	38360	5.26e-90	314
Query_1	5507_WILD01000034.1	44.286	140	74	2	428	567	38355	37948	1.02e-16	96.3
Query_1	615_JUOM01000146.1	40.198	607	282	13	3	543	3101	4876	4.71e-89	311
Query_1	615_CP021164.1	40.198	607	282	13	3	543	2190921	2189146	5.18e-89	311
Query_1	615_JWBL01000166.1	40.198	607	282	13	3	543	12532	14307	8.20e-89	311
Query_1	615_MJAO01000015.1	40.496	605	285	12	3	544	20676	22454	9.62e-89	311
Query_1	615_NERL01000034.1	40.033	607	283	13	3	543	131335	129560	1.28e-88	310
Query_1	615_MTBF01000010.1	40.033	607	283	13	3	543	182690	180915	1.29e-88	310
Query_1	615_CP013046.2	40.033	607	283	13	3	543	2509231	2507456	1.29e-88	310
Query_1	615_CP016032.1	40.033	607	283	13	3	543	2268821	2267046	1.40e-88	310
Query_1	615_UGYJ01000001.1	40.362	607	281	13	3	543	51083	52858	1.58e-88	310
Query_1	615_SRIG01000123.1	40.033	607	283	13	3	543	10758	8983	1.60e-88	310
Query_1	615_VKXA01000016.1	40.198	607	282	13	3	543	60660	62435	1.64e-88	310
Query_1	615_JGVB01000094.1	40.033	607	283	13	3	543	61103	59328	1.73e-88	310
Query_1	615_MVGA01000003.1	40.198	607	282	13	3	543	173927	175702	1.75e-88	310
Query_1	615_MVGB01000001.1	40.033	607	283	13	3	543	172752	174527	1.77e-88	310
Query_1	615_QVOI01000001.1	40.033	607	283	13	3	543	1068381	1070156	1.77e-88	310
Query_1	615_AP019009.1	40.033	607	283	13	3	543	2237006	2235231	1.77e-88	310
Query_1	615_FCHF01000010.1	40.198	607	282	13	3	543	153060	154835	2.03e-88	310
Query_1	615_FCHE01000010.1	40.198	607	282	13	3	543	153061	154836	2.03e-88	310
Query_1	615_FCJW01000007.1	40.198	607	282	13	3	543	82186	80411	2.04e-88	310
Query_1	615_RCDL01000101.1	40.198	607	282	13	3	543	15480	17255	2.04e-88	310
Query_1	615_FCFT01000001.1	40.198	607	282	13	3	543	1424871	1426646	2.04e-88	310
Query_1	615_FCGN01000001.1	40.198	607	282	13	3	543	1074959	1073184	2.04e-88	310
Query_1	615_FCJO01000001.1	40.198	607	282	13	3	543	1041400	1039625	2.04e-88	310
Query_1	615_FCGM01000001.1	40.198	607	282	13	3	543	1425038	1426813	2.04e-88	310
Query_1	615_FCKX01000001.1	40.198	607	282	13	3	543	1424374	1426149	2.04e-88	310
Query_1	615_FCKH01000001.1	40.198	607	282	13	3	543	1424710	1426485	2.04e-88	310
Query_1	615_FCKW01000001.1	40.198	607	282	13	3	543	1657368	1659143	2.04e-88	310
Query_1	615_FCJM01000001.1	40.198	607	282	13	3	543	1492410	1490635	2.04e-88	310
Query_1	615_FCKG01000001.1	40.198	607	282	13	3	543	1492755	1490980	2.04e-88	310
Query_1	615_FCGW01000001.1	40.198	607	282	13	3	543	1424936	1426711	2.04e-88	310
Query_1	615_FCIQ01000001.1	40.198	607	282	13	3	543	1424937	1426712	2.04e-88	310
Query_1	615_CP031316.1	40.033	607	283	13	3	543	2256371	2254596	2.04e-88	310
Query_1	615_JVDI01000072.1	39.803	608	283	13	3	543	768	2543	2.24e-88	310
Query_1	615_FCKR01000001.1	40.362	607	281	13	3	543	371072	372847	2.36e-88	310
Query_1	615_CP018930.1	40.362	607	281	13	3	543	1573307	1571532	2.36e-88	310
Query_1	615_CP050447.1	40.362	607	281	13	3	543	287237	285462	2.36e-88	310
Query_1	615_CP041126.1	40.362	607	281	13	3	543	2357813	2356038	2.36e-88	310
Query_1	615_VKXU01000007.1	39.803	608	283	13	3	543	114154	115929	2.70e-88	310
Query_1	615_MAJI01000031.1	39.803	608	283	13	3	543	20797	19022	2.71e-88	310
Query_1	615_PXKH01000004.1	40.033	607	283	13	3	543	176135	177910	2.71e-88	310
Query_1	615_VKXT01000001.1	39.803	608	283	13	3	543	975877	974102	2.72e-88	310
Query_1	615_VKLT01000008.1	40.033	607	283	13	3	543	996532	994757	2.72e-88	310
Query_1	615_VOUS01000030.1	40.033	607	283	13	3	543	547328	549103	2.72e-88	310
Query_1	615_LIAI01000001.1	40.033	607	283	13	3	543	1744425	1746200	2.72e-88	310
Query_1	615_CP027300.1	40.033	607	283	13	3	543	2275005	2273230	2.72e-88	310
Query_1	615_CP018928.1	40.132	608	281	13	3	543	1574442	1572667	2.75e-88	310
Query_1	615_CP018929.1	40.132	608	281	13	3	543	1574446	1572671	2.75e-88	310
Query_1	615_VFMJ01000001.1	40.033	607	283	13	3	543	2121623	2123398	2.78e-88	310
Query_1	615_JVEJ01000221.1	40.033	607	283	13	3	543	20682	18907	2.99e-88	309
Query_1	615_FCGF01000008.1	40.033	607	283	13	3	543	175037	173262	3.12e-88	309
Query_1	615_VOUR01000005.1	40.033	607	283	13	3	543	33482	35257	3.13e-88	309
Query_1	615_SEJO01000020.1	40.132	608	281	13	3	543	287589	285814	4.05e-88	309
Query_1	615_CP018927.1	40.033	607	283	13	3	543	1594617	1592842	4.18e-88	309
Query_1	615_VKSV01000002.1	39.868	607	284	13	3	543	295320	293545	4.21e-88	309
Query_1	615_WASU01000007.1	40.033	607	283	13	3	543	375644	373869	4.64e-88	309
Query_1	615_CP018915.1	40.033	607	283	13	3	543	1586273	1584498	4.65e-88	309
Query_1	615_AP021873.1	40.033	607	283	13	3	543	2238835	2237060	4.65e-88	309
Query_1	615_WVHV01000001.1	39.967	608	282	13	3	543	549986	551761	4.82e-88	309
Query_1	615_VOUW01000010.1	40.033	607	283	13	3	543	279227	277452	4.91e-88	309
Query_1	615_VOUQ01000002.1	40.033	607	283	13	3	543	279227	277452	4.91e-88	309
Query_1	615_PXZS01000007.1	39.801	603	290	11	3	543	101117	99342	5.00e-88	309
Query_1	615_CP027798.1	39.801	603	290	11	3	543	2407595	2409370	5.01e-88	309
Query_1	615_CCNF01000003.1	40.033	607	283	13	3	543	176037	174262	5.04e-88	309
Query_1	615_DCSY01000003.1	39.868	607	284	13	3	543	100325	98550	5.05e-88	309
Query_1	615_KN050642.1	40.033	607	283	13	3	543	3453030	3454805	5.06e-88	309
Query_1	615_UGYK01000002.1	40.033	607	283	13	3	543	3774774	3776549	5.06e-88	309
Query_1	615_JVCS01000024.1	39.868	607	284	13	3	543	27464	29239	5.67e-88	308
Query_1	615_FCLY01000001.1	40.132	608	281	13	3	543	1376967	1375192	8.08e-88	308
Query_1	615_VKSF01000002.1	40.033	607	283	13	3	543	542117	543892	8.14e-88	308
Query_1	615_CP020501.1	40.033	607	283	13	3	543	2219959	2218184	8.15e-88	308
Query_1	615_WVHW01000002.1	39.868	607	284	13	3	543	116541	118316	9.12e-88	308
Query_1	615_VKYN01000003.1	40.033	607	283	13	3	543	96297	94522	9.26e-88	308
Query_1	615_DNBG01000174.1	40.033	607	283	13	3	543	10164	11939	1.01e-87	308
Query_1	615_JVXI01000094.1	40.033	607	283	13	3	543	27387	29162	1.02e-87	308
Query_1	615_JVXJ01000056.1	40.033	607	283	13	3	543	20682	18907	1.02e-87	308
Query_1	615_CABHIE010000001.1	40.033	607	283	13	3	543	1155664	1157439	1.05e-87	308
Query_1	615_CP041124.1	40.033	607	283	13	3	543	2308013	2306238	1.06e-87	308
Query_1	615_CP041122.1	40.033	607	283	13	3	543	2308013	2306238	1.06e-87	308
Query_1	615_FCFF01000001.1	40.033	607	283	13	3	543	1425886	1427661	1.17e-87	308
Query_1	615_LSOB01000017.1	39.967	608	282	13	3	543	662456	660681	1.21e-87	308
Query_1	615_WVHU01000001.1	40.033	607	283	13	3	543	117478	119253	1.28e-87	308
Query_1	615_LR607375.1	40.033	607	283	13	3	543	1382104	1380329	1.36e-87	307
Query_1	615_VTUR01000071.1	40.033	607	283	13	3	543	20719	18944	1.51e-87	307
Query_1	615_JPQY01000024.1	40.033	607	283	13	3	543	49458	47683	1.53e-87	307
Query_1	615_WVHX01000002.1	40.033	607	283	13	3	543	116525	118300	1.55e-87	307
Query_1	615_JVJP01000033.1	40.033	607	283	13	3	543	7219	5444	1.74e-87	307
Query_1	615_JVIF01000066.1	40.033	607	283	13	3	543	12194	10419	1.80e-87	307
Query_1	615_JVIU01000053.1	40.033	607	283	13	3	543	20693	18918	1.81e-87	307
Query_1	615_JVJT01000031.1	40.033	607	283	13	3	543	20693	18918	1.81e-87	307
Query_1	615_JVIS01000025.1	40.033	607	283	13	3	543	27607	29382	1.81e-87	307
Query_1	615_JVHU01000006.1	40.033	607	283	13	3	543	20803	19028	1.87e-87	307
Query_1	615_JVGM01000008.1	40.033	607	283	13	3	543	535396	537171	1.87e-87	307
Query_1	615_FCGX01000016.1	39.803	608	283	13	3	543	129914	131689	1.94e-87	307
Query_1	615_FCJP01000015.1	39.803	608	283	13	3	543	20728	18953	1.94e-87	307
Query_1	615_JAACLM010000011.1	39.803	608	283	13	3	543	129843	131618	1.95e-87	307
Query_1	615_JAADCF010000008.1	39.803	608	283	13	3	543	130111	131886	1.95e-87	307
Query_1	615_JAADCG010000007.1	39.803	608	283	13	3	543	133028	134803	1.95e-87	307
Query_1	615_JAADCI010000004.1	39.803	608	283	13	3	543	129970	131745	1.95e-87	307
Query_1	615_JAADCJ010000004.1	39.803	608	283	13	3	543	177551	175776	1.95e-87	307
Query_1	615_JAACLP010000007.1	39.803	608	283	13	3	543	177550	175775	1.95e-87	307
Query_1	615_FCMW01000004.1	39.803	608	283	13	3	543	266594	264819	1.95e-87	307
Query_1	615_FCIH01000005.1	39.803	608	283	13	3	543	266596	264821	1.95e-87	307
Query_1	615_FCKM01000004.1	39.803	608	283	13	3	543	266596	264821	1.95e-87	307
Query_1	615_FCMQ01000004.1	39.803	608	283	13	3	543	266600	264825	1.95e-87	307
Query_1	615_FCIJ01000006.1	39.803	608	283	13	3	543	129910	131685	1.95e-87	307
Query_1	615_FCFO01000005.1	39.803	608	283	13	3	543	129906	131681	1.95e-87	307
Query_1	615_FCMT01000005.1	39.803	608	283	13	3	543	266613	264838	1.95e-87	307
Query_1	615_FCLT01000005.1	39.803	608	283	13	3	543	131116	132891	1.95e-87	307
Query_1	615_FCJU01000006.1	39.803	608	283	13	3	543	131694	133469	1.95e-87	307
Query_1	615_FCKV01000002.1	39.803	608	283	13	3	543	292837	294612	1.96e-87	307
Query_1	615_LFJS01000012.1	40.033	607	283	13	3	543	1340135	1338360	1.96e-87	307
Query_1	615_PXIB01000007.1	39.868	607	284	13	3	543	104333	106108	2.48e-87	306
Query_1	615_SDUW01000002.1	40.033	607	282	14	3	543	198270	200042	2.49e-87	306
Query_1	615_PESM01000112.1	39.703	607	285	13	3	543	83207	81432	2.57e-87	306
Query_1	615_CP041131.1	40.033	607	283	13	3	543	2390630	2388855	2.69e-87	306
Query_1	615_NGUD01000001.1	40.033	607	283	13	3	543	1985155	1983380	2.82e-87	306
Query_1	615_CP027533.1	40.033	607	283	13	3	543	1946982	1945207	2.82e-87	306
Query_1	615_QJPW01000016.1	39.868	607	284	13	3	543	70452	72227	3.28e-87	306
Query_1	615_QJPU01000012.1	39.868	607	284	13	3	543	70483	72258	3.29e-87	306
Query_1	615_FCFK01000002.1	39.868	607	284	13	3	543	440997	442772	3.31e-87	306
Query_1	615_FCIN01000001.1	39.868	607	284	13	3	543	427999	426224	3.31e-87	306
Query_1	615_FCJN01000001.1	39.868	607	284	13	3	543	427934	426159	3.31e-87	306
Query_1	615_FCLP01000001.1	39.868	607	284	13	3	543	428029	426254	3.31e-87	306
Query_1	615_FCJK01000001.1	39.868	607	284	13	3	543	100799	99024	3.31e-87	306
Query_1	615_FCIS01000001.1	39.868	607	284	13	3	543	75223	73448	3.31e-87	306
Query_1	615_FCLN01000001.1	39.868	607	284	13	3	543	1421144	1422919	3.31e-87	306
Query_1	615_FCHQ01000001.1	39.868	607	284	13	3	543	1421249	1423024	3.31e-87	306
Query_1	615_FCHB01000001.1	39.868	607	284	13	3	543	75234	73459	3.31e-87	306
Query_1	615_FCLD01000001.1	39.868	607	284	13	3	543	75231	73456	3.31e-87	306
Query_1	615_FCHX01000001.1	39.868	607	284	13	3	543	1421369	1423144	3.31e-87	306
Query_1	615_FCHC01000001.1	39.868	607	284	13	3	543	1421792	1423567	3.31e-87	306
Query_1	615_FCMA01000001.1	39.868	607	284	13	3	543	1421625	1423400	3.31e-87	306
Query_1	615_FCJB01000001.1	39.868	607	284	13	3	543	1421772	1423547	3.31e-87	306
Query_1	615_FCFZ01000001.1	39.868	607	284	13	3	543	1454742	1456517	3.31e-87	306
Query_1	615_FCIT01000001.1	39.868	607	284	13	3	543	1483890	1485665	3.31e-87	306
Query_1	615_FCKD01000001.1	39.868	607	284	13	3	543	887780	886005	3.31e-87	306
Query_1	615_FCHS01000001.1	39.868	607	284	13	3	543	428134	426359	3.31e-87	306
Query_1	615_FCMZ01000001.1	39.868	607	284	13	3	543	430347	428572	3.31e-87	306
Query_1	615_FCIX01000001.1	39.868	607	284	13	3	543	428015	426240	3.31e-87	306
Query_1	615_FCIL01000001.1	39.868	607	284	13	3	543	427967	426192	3.31e-87	306
Query_1	615_FCGI01000001.1	39.868	607	284	13	3	543	427968	426193	3.31e-87	306
Query_1	615_FCHD01000001.1	39.868	607	284	13	3	543	428083	426308	3.31e-87	306
Query_1	615_FCLG01000001.1	39.868	607	284	13	3	543	427881	426106	3.31e-87	306
Query_1	615_FCMV01000001.1	39.868	607	284	13	3	543	427852	426077	3.31e-87	306
Query_1	615_FCJD01000001.1	39.868	607	284	13	3	543	1421104	1422879	3.31e-87	306
Query_1	615_FCIR01000001.1	39.868	607	284	13	3	543	1421175	1422950	3.31e-87	306
Query_1	615_FCIA01000001.1	39.868	607	284	13	3	543	428036	426261	3.31e-87	306
Query_1	615_FCHU01000001.1	39.868	607	284	13	3	543	1421213	1422988	3.31e-87	306
Query_1	615_FCGA01000001.1	39.868	607	284	13	3	543	427978	426203	3.31e-87	306
Query_1	615_FCIU01000001.1	39.868	607	284	13	3	543	428035	426260	3.31e-87	306
Query_1	615_FCHT01000001.1	39.868	607	284	13	3	543	1421350	1423125	3.31e-87	306
Query_1	615_FCMY01000001.1	39.868	607	284	13	3	543	427994	426219	3.31e-87	306
Query_1	615_FCGZ01000001.1	39.868	607	284	13	3	543	428018	426243	3.31e-87	306
Query_1	615_FCMX01000001.1	39.868	607	284	13	3	543	1421700	1423475	3.31e-87	306
Query_1	615_FCIY01000001.1	39.868	607	284	13	3	543	1421951	1423726	3.31e-87	306
Query_1	615_FCLI01000001.1	39.868	607	284	13	3	543	430511	428736	3.31e-87	306
Query_1	615_FCII01000001.1	39.868	607	284	13	3	543	469441	467666	3.31e-87	306
Query_1	615_FCKE01000001.1	39.868	607	284	13	3	543	1421170	1422945	3.31e-87	306
Query_1	615_FCFX01000001.1	39.868	607	284	13	3	543	614766	612991	3.31e-87	306
Query_1	615_FCMN01000001.1	39.868	607	284	13	3	543	427958	426183	3.31e-87	306
Query_1	615_FCHR01000001.1	39.868	607	284	13	3	543	1401090	1399315	3.31e-87	306
Query_1	615_FCJS01000001.1	39.868	607	284	13	3	543	1400140	1398365	3.31e-87	306
Query_1	615_FCHA01000001.1	39.868	607	284	13	3	543	1401154	1399379	3.31e-87	306
Query_1	615_FCLO01000001.1	39.868	607	284	13	3	543	1436573	1434798	3.31e-87	306
Query_1	615_FCLF01000001.1	39.868	607	284	13	3	543	1394107	1392332	3.31e-87	306
Query_1	615_FCLH01000001.1	39.868	607	284	13	3	543	1401312	1399537	3.31e-87	306
Query_1	615_PEGX01000004.1	39.868	607	284	13	3	543	2584284	2582509	3.31e-87	306
Query_1	615_CM008894.1	39.868	607	284	13	3	543	464376	462601	3.31e-87	306
Query_1	615_VTUT01000037.1	39.703	607	285	13	3	543	20808	19033	3.40e-87	306
Query_1	615_VKZJ01000011.1	39.703	607	285	13	3	543	144	1919	3.47e-87	306
Query_1	615_RHPW01000011.1	39.803	608	283	13	3	543	68710	70485	3.49e-87	306
Query_1	615_PQGI01000010.1	39.703	607	285	13	3	543	118179	119954	3.49e-87	306
Query_1	615_RHQB01000008.1	39.803	608	283	13	3	543	85127	86902	3.49e-87	306
Query_1	615_RHQC01000010.1	39.803	608	283	13	3	543	94039	95814	3.49e-87	306
Query_1	615_RHPU01000009.1	39.803	608	283	13	3	543	168161	166386	3.49e-87	306
Query_1	615_RHPV01000008.1	39.803	608	283	13	3	543	168160	166385	3.49e-87	306
Query_1	615_RHQI01000002.1	39.803	608	283	13	3	543	164432	162657	3.49e-87	306
Query_1	615_RHPX01000008.1	39.803	608	283	13	3	543	136290	138065	3.49e-87	306
Query_1	615_JTBU02000004.1	39.703	607	285	13	3	543	161542	163317	3.49e-87	306
Query_1	615_VKTW01000005.1	39.803	608	283	13	3	543	261094	259319	3.50e-87	306
Query_1	615_PXJU01000002.1	39.703	607	285	13	3	543	15039	16814	3.50e-87	306
Query_1	615_FCGS01000004.1	39.803	608	283	13	3	543	332242	330467	3.50e-87	306
Query_1	615_VKTU01000001.1	39.803	608	283	13	3	543	193724	191949	3.50e-87	306
Query_1	615_RHQD01000002.1	39.803	608	283	13	3	543	94057	95832	3.50e-87	306
Query_1	615_RHQA01000002.1	39.803	608	283	13	3	543	94056	95831	3.50e-87	306
Query_1	615_PPGF01000002.1	39.703	607	285	13	3	543	739216	737441	3.50e-87	306
Query_1	615_RHQH01000001.1	39.803	608	283	13	3	543	136290	138065	3.51e-87	306
Query_1	615_PEHC01000003.1	39.703	607	285	13	3	543	1128886	1130661	3.51e-87	306
Query_1	615_RHPY01000001.1	39.803	608	283	13	3	543	991699	993474	3.51e-87	306
Query_1	615_RAIC01000001.1	39.803	608	283	13	3	543	973719	971944	3.51e-87	306
Query_1	615_RHPQ01000001.1	39.803	608	283	13	3	543	1368795	1370570	3.51e-87	306
Query_1	615_QZVX01000007.1	39.803	608	283	13	3	543	1385141	1383366	3.51e-87	306
Query_1	615_JAAGOL010000001.1	39.703	607	285	13	3	543	1446810	1445035	3.51e-87	306
Query_1	615_JAAGOM010000001.1	39.703	607	285	13	3	543	1446810	1445035	3.51e-87	306
Query_1	615_JAAGON010000001.1	39.703	607	285	13	3	543	1446801	1445026	3.51e-87	306
Query_1	615_JAAGOJ010000001.1	39.703	607	285	13	3	543	1446809	1445034	3.51e-87	306
Query_1	615_JAAGOK010000001.1	39.703	607	285	13	3	543	1446810	1445035	3.51e-87	306
Query_1	615_RAID01000001.1	39.803	608	283	13	3	543	1552689	1554464	3.51e-87	306
Query_1	615_CP012639.1	39.703	607	285	13	3	543	4899413	4901188	3.51e-87	306
Query_1	615_CP018919.1	39.703	607	285	13	3	543	1673276	1671501	3.51e-87	306
Query_1	615_CP027539.1	39.803	608	283	13	3	543	3934264	3936039	3.51e-87	306
Query_1	615_CP018924.1	39.703	607	285	13	3	543	1690501	1688726	3.51e-87	306
Query_1	615_CP041132.1	39.703	607	285	13	3	543	2337261	2335486	3.51e-87	306
Query_1	615_JUWR01000031.1	39.868	607	284	13	3	543	3300	1525	3.79e-87	306
Query_1	615_RCDR01000121.1	39.868	607	284	13	3	543	21927	20152	3.90e-87	306
Query_1	615_ULGO01000020.1	39.703	607	285	13	3	543	14837	16612	3.90e-87	306
Query_1	615_JPOB01000019.1	39.868	607	284	13	3	543	70476	72251	3.95e-87	306
Query_1	615_ULGK01000006.1	39.703	607	285	13	3	543	92089	93864	3.96e-87	306
Query_1	615_ULGG01000006.1	39.703	607	285	13	3	543	116883	118658	3.96e-87	306
Query_1	615_NCQJ01000002.1	39.703	607	285	13	3	543	335996	337771	3.96e-87	306
Query_1	615_ULGM01000001.1	39.703	607	285	13	3	543	586965	585190	3.97e-87	306
Query_1	615_NTFO01000026.1	39.868	607	284	13	3	543	41022	39247	3.97e-87	306
Query_1	615_ULGI01000002.1	39.703	607	285	13	3	543	790368	788593	3.97e-87	306
Query_1	615_NTFN01000010.1	39.868	607	284	13	3	543	114651	116426	3.97e-87	306
Query_1	615_WUUW01000006.1	39.703	607	285	13	3	543	14918	16693	3.97e-87	306
Query_1	615_CP028947.1	39.703	607	285	13	3	543	2329524	2327749	3.97e-87	306
Query_1	615_CP018926.1	39.703	607	285	13	3	543	1688228	1686453	3.97e-87	306
Query_1	615_CP025698.1	39.703	607	285	13	3	543	4904391	4906166	3.97e-87	306
Query_1	615_CP041129.1	39.703	607	285	13	3	543	2276479	2274704	3.97e-87	306
Query_1	615_CP047679.1	39.703	607	285	13	3	543	2369764	2367989	3.97e-87	306
Query_1	615_PEHB01000002.1	39.868	607	284	13	3	543	595691	593916	4.00e-87	306
Query_1	615_VKSS01000001.1	39.868	607	284	13	3	543	206191	204416	4.00e-87	306
Query_1	615_JAAJSV010000001.1	39.868	607	284	13	3	543	109888	111663	4.00e-87	306
Query_1	615_PXJZ01000001.1	39.868	607	284	13	3	543	363765	361990	4.01e-87	306
Query_1	615_FCKI01000001.1	39.868	607	284	13	3	543	1006259	1004484	4.01e-87	306
Query_1	615_FCHP01000001.1	39.868	607	284	13	3	543	470492	472267	4.01e-87	306
Query_1	615_FCLV01000001.1	39.868	607	284	13	3	543	1433171	1434946	4.01e-87	306
Query_1	615_QFPV01000058.1	39.868	607	284	13	3	543	11849	10074	4.01e-87	306
Query_1	615_FCJQ01000001.1	39.868	607	284	13	3	543	1681254	1683029	4.01e-87	306
Query_1	615_FCGD01000001.1	39.868	607	284	13	3	543	1503045	1504820	4.01e-87	306
Query_1	615_FCFC01000001.1	39.868	607	284	13	3	543	1006465	1004690	4.01e-87	306
Query_1	615_FCJR01000001.1	39.868	607	284	13	3	543	1006721	1004946	4.01e-87	306
Query_1	615_FCLS01000001.1	39.868	607	284	13	3	543	1006606	1004831	4.01e-87	306
Query_1	615_FCFQ01000001.1	39.868	607	284	13	3	543	1449850	1448075	4.01e-87	306
Query_1	615_FCGU01000001.1	39.868	607	284	13	3	543	1449956	1448181	4.01e-87	306
Query_1	615_PEGZ01000006.1	39.868	607	284	13	3	543	3463494	3461719	4.01e-87	306
Query_1	615_CP026650.1	39.868	607	284	13	3	543	1398270	1396495	4.01e-87	306
Query_1	615_CP047391.1	39.868	607	284	13	3	543	2296144	2294369	4.01e-87	306
Query_1	615_CP029746.1	39.868	607	284	13	3	543	4920136	4918361	4.01e-87	306
Query_1	615_CP028949.1	39.868	607	284	13	3	543	117464	119239	4.01e-87	306
Query_1	615_CP029715.1	39.868	607	284	13	3	543	1201865	1200090	4.01e-87	306
Query_1	615_CP028948.1	39.868	607	284	13	3	543	4358272	4360047	4.01e-87	306
Query_1	615_KQ089789.1	39.868	607	284	13	3	543	2325776	2324001	4.01e-87	306
Query_1	615_VKTE01000003.1	39.703	607	285	13	3	543	125406	123631	4.08e-87	306
Query_1	615_JUWH01000092.1	39.868	607	284	13	3	543	20689	18914	4.09e-87	306
Query_1	615_MQRI01000016.1	39.868	607	284	13	3	543	20643	18868	4.17e-87	306
Query_1	615_JVYH01000065.1	39.868	607	284	13	3	543	30918	32693	4.17e-87	306
Query_1	615_JVYI01000092.1	39.868	607	284	13	3	543	30918	32693	4.17e-87	306
Query_1	615_JVZG01000012.1	39.868	607	284	13	3	543	31038	32813	4.17e-87	306
Query_1	615_JUSU01000021.1	39.868	607	284	13	3	543	20695	18920	4.25e-87	306
Query_1	615_VKZC01000006.1	39.868	607	284	13	3	543	97005	98780	4.25e-87	306
Query_1	615_JAACLK010000012.1	39.868	607	284	13	3	543	135535	137310	4.26e-87	306
Query_1	615_JAACLL010000011.1	39.868	607	284	13	3	543	137003	138778	4.26e-87	306
Query_1	615_FCGK01000011.1	39.868	607	284	13	3	543	176408	174633	4.26e-87	306
Query_1	615_MQRJ01000003.1	39.868	607	284	13	3	543	58383	60158	4.26e-87	306
Query_1	615_VKTG01000008.1	39.868	607	284	13	3	543	193096	191321	4.26e-87	306
Query_1	615_JAADCH010000004.1	39.868	607	284	13	3	543	241688	243463	4.27e-87	306
Query_1	615_VKUF01000004.1	39.868	607	284	13	3	543	192959	191184	4.27e-87	306
Query_1	615_VKVH01000001.1	39.868	607	284	13	3	543	302687	300912	4.27e-87	306
Query_1	615_JAACLO010000002.1	39.868	607	284	13	3	543	135369	137144	4.27e-87	306
Query_1	615_MKYB01000003.1	39.868	607	284	13	3	543	283538	281763	4.27e-87	306
Query_1	615_JAADCE010000003.1	39.868	607	284	13	3	543	137003	138778	4.28e-87	306
Query_1	615_SEJN01000014.1	39.868	607	284	13	3	543	308647	310422	4.28e-87	306
Query_1	615_PQOB01000003.1	39.868	607	284	13	3	543	472018	470243	4.28e-87	306
Query_1	615_PQOH01000003.1	39.868	607	284	13	3	543	473281	471506	4.28e-87	306
Query_1	615_PQOG01000003.1	39.868	607	284	13	3	543	473281	471506	4.28e-87	306
Query_1	615_JAACLN010000001.1	39.868	607	284	13	3	543	319044	317269	4.28e-87	306
Query_1	615_VKTZ01000001.1	39.868	607	284	13	3	543	887110	888885	4.28e-87	306
Query_1	615_QYSB01000011.1	39.868	607	284	13	3	543	1007373	1005598	4.28e-87	306
Query_1	615_VKXL01000001.1	39.868	607	284	13	3	543	168403	166628	4.28e-87	306
Query_1	294_CP015225.1	25.463	216	128	5	366	554	1660048	1660677	0.17	47.4
Query_1	294_CP015225.1	50.000	52	26	0	495	546	3112432	3112277	0.24	46.6
Query_1	294_CP015225.1	34.211	76	50	0	490	565	1661266	1661493	0.41	46.2
Query_1	294_CP015225.1	32.061	131	60	4	488	615	1660027	1660341	0.94	44.7
Query_1	294_CP015225.1	28.571	210	118	9	325	527	983645	984199	2.0	43.9
Query_1	294_CP015225.1	29.577	213	109	9	328	533	983930	984466	3.5	43.1
Query_1	294_CP015225.1	26.699	206	114	7	369	546	1663615	1664205	4.2	42.7
Query_1	294_JXNZ01000033.1	72.575	598	163	1	1	597	16991	15198	0.0	868
Query_1	587753_CP011020.1	72.241	598	165	1	1	597	5025370	5023577	0.0	865
Query_1	587753_CP011020.1	32.127	221	116	10	364	555	5081536	5080889	0.001	54.7
Query_1	587753_CP011020.1	45.312	64	35	0	492	555	5084161	5083970	0.006	52.0
Query_1	587753_CP011020.1	27.415	383	195	18	297	602	5083312	5082182	0.006	52.0
Query_1	587753_CP011020.1	41.176	85	47	2	497	580	1669687	1669935	0.023	50.1
Query_1	587753_CP011020.1	27.059	255	147	6	335	554	4061538	4060786	0.028	49.7
Query_1	587753_CP011020.1	26.923	208	139	4	355	549	1048614	1047991	0.049	48.9
Query_1	587753_CP011020.1	39.241	79	45	2	489	564	1669717	1669953	0.057	48.9
Query_1	587753_CP011020.1	27.425	299	141	9	310	547	6091056	6091907	0.074	48.5
Query_1	587753_CP011020.1	55.556	54	23	1	490	543	3811539	3811381	0.13	47.8
Query_1	587753_CP011020.1	29.310	232	127	8	370	565	5080999	5080307	0.29	46.6
Query_1	587753_CP011020.1	26.923	208	110	5	369	546	4057845	4057258	0.42	45.8
Query_1	587753_CP011020.1	33.333	81	54	0	490	570	4060194	4059952	0.54	45.8
Query_1	587753_CP011020.1	38.372	86	42	2	490	566	5084248	5083997	1.7	43.9
Query_1	587753_CP011020.1	31.163	215	115	7	365	555	5084101	5083484	3.1	43.1
Query_1	587753_CP011020.1	44.231	52	29	0	364	415	1669702	1669857	4.1	42.7
Query_1	587753_CP011020.1	26.368	201	111	4	365	533	6090795	6091382	7.1	42.0
Query_1	587753_CP011020.1	39.344	61	37	0	487	547	4059429	4059247	7.3	42.0
Query_1	587753_CP011020.1	34.211	76	50	0	469	544	6090693	6090920	9.6	41.6
Query_1	294_CABVHZ010000007.1	68.932	618	186	4	1	615	235906	237750	0.0	823
Query_1	294_CABVHO010000004.1	68.608	618	190	4	1	616	38400	40247	0.0	818
Query_1	294_CABVGU010000007.1	68.608	618	188	4	1	615	26021	27865	0.0	818
Query_1	294_CABVGU010000007.1	75.000	408	101	1	1	407	78784	80007	0.0	615
Query_1	294_CABVGU010000007.1	52.137	117	51	2	500	616	79870	80205	6.82e-20	106
Query_1	306_DOEI01000013.1	68.447	618	191	4	1	616	30400	32247	0.0	815
Query_1	380021_CP017964.1	99.501	401	2	0	216	616	3821062	3819860	0.0	797
Query_1	380021_CP017964.1	100.000	128	0	0	1	128	3821713	3821330	0.0	262
Query_1	380021_CP017964.1	100.000	48	0	0	153	200	3821255	3821112	0.0	99.0
Query_1	380021_CP017964.1	59.801	403	160	2	216	616	3829514	3828306	1.86e-141	455
Query_1	380021_CP017964.1	47.321	112	40	3	89	200	3829840	3829562	1.86e-141	79.3
Query_1	380021_CP017964.1	40.506	79	44	2	489	564	166547	166311	0.008	51.6
Query_1	380021_CP017964.1	40.000	85	48	2	497	580	166577	166329	0.25	46.6
Query_1	380021_CP017964.1	46.000	50	27	0	366	415	166529	166380	4.3	42.7
Query_1	306_DQHQ01000011.1	64.078	618	217	4	1	616	44845	43001	0.0	763
Query_1	306_DQHQ01000011.1	31.731	104	55	4	515	616	50344	50075	4.4	42.7
Query_1	303_KN639176.1	64.078	618	218	3	1	616	2068128	2066281	0.0	754
Query_1	303_KN639176.1	43.421	76	40	2	492	564	4328441	4328668	4.85e-04	55.5
Query_1	303_KN639176.1	37.607	117	61	2	495	602	2927319	2926978	0.001	54.7
Query_1	303_KN639176.1	29.293	198	108	7	365	561	2927349	2926849	0.002	53.9
Query_1	303_KN639176.1	35.338	133	79	5	449	580	4328270	4328650	0.002	53.5
Query_1	303_KN639176.1	40.000	55	33	0	361	415	4328381	4328545	9.3	41.6
Query_1	294_CABVHG010000017.1	64.078	618	218	3	1	616	77331	79178	0.0	754
Query_1	303_CP014343.1	63.269	618	223	3	1	616	2093824	2095671	0.0	744
Query_1	303_CP014343.1	29.557	203	108	7	365	564	4168017	4167505	8.35e-04	54.7
Query_1	303_CP014343.1	39.744	78	44	2	490	564	5544470	5544703	0.004	52.4
Query_1	303_CP014343.1	37.500	80	48	1	487	566	5544407	5544640	0.042	49.3
Query_1	303_CP014343.1	41.333	75	42	2	491	565	5544392	5544610	0.099	48.1
Query_1	303_CP014343.1	42.029	69	38	1	497	565	5544383	5544583	1.7	43.9
Query_1	303_CP014343.1	44.444	54	30	0	362	415	4167759	4167598	1.8	43.9
Query_1	303_RKIW01000001.1	61.650	618	233	3	1	616	1933829	1931982	0.0	733
Query_1	303_RKIW01000001.1	32.338	201	103	6	366	564	2392042	2391533	1.45e-04	57.4
Query_1	303_RKIW01000001.1	42.308	78	42	2	490	564	4174043	4173810	0.002	53.5
Query_1	303_RKIW01000001.1	38.462	78	46	1	489	566	4174100	4173873	0.006	52.0
Query_1	303_RKIW01000001.1	38.667	75	44	1	491	565	4174121	4173903	0.022	50.1
Query_1	303_RKIW01000001.1	45.588	68	28	1	485	543	2392072	2391869	0.054	48.9
Query_1	303_RKIW01000001.1	40.580	69	39	1	497	565	4174130	4173930	3.7	42.7
Query_1	303_RKIW01000001.1	40.506	79	41	2	365	438	4174031	4173798	6.5	42.0
Query_1	615_VKXU01000007.1	63.489	619	218	6	1	616	114154	115995	0.0	731
Query_1	615_VKXT01000001.1	63.489	619	218	6	1	616	975877	974036	0.0	731
Query_1	615_MAJI01000031.1	63.489	619	218	6	1	616	20797	18956	0.0	731
Query_1	615_JVDI01000072.1	63.489	619	218	6	1	616	768	2609	0.0	731
Query_1	615_CP041131.1	63.328	619	219	6	1	616	2390630	2388789	0.0	731
Query_1	615_CP041131.1	55.263	38	17	0	490	527	2587363	2587476	9.9	41.6
Query_1	615_NPKU01000003.1	63.328	619	219	6	1	616	107368	109209	0.0	730
Query_1	615_CP018917.1	63.328	619	219	6	1	616	1698619	1696778	0.0	730
Query_1	615_CP018917.1	55.263	38	17	0	490	527	1880950	1881063	9.9	41.6
Query_1	615_FCMI01000003.1	63.328	619	219	6	1	616	285782	283941	0.0	730
Query_1	615_FCGV01000001.1	63.328	619	219	6	1	616	501171	503012	0.0	730
Query_1	615_FCJV01000001.1	63.328	619	219	6	1	616	444410	442569	0.0	730
Query_1	615_FCLE01000001.1	63.328	619	219	6	1	616	445929	444088	0.0	730
Query_1	615_FCFH01000002.1	63.328	619	219	6	1	616	501135	502976	0.0	730
Query_1	615_FCLZ01000003.1	63.328	619	219	6	1	616	501181	503022	0.0	730
Query_1	615_FCFU01000001.1	63.328	619	219	6	1	616	546790	548631	0.0	730
Query_1	615_FCMB01000002.1	63.328	619	219	6	1	616	501182	503023	0.0	730
Query_1	615_FCHY01000002.1	63.328	619	219	6	1	616	446912	445071	0.0	730
Query_1	615_FCFW01000001.1	63.328	619	219	6	1	616	1184199	1186040	0.0	730
Query_1	615_FCGG01000002.1	63.328	619	219	6	1	616	501181	503022	0.0	730
Query_1	615_JTBC02000002.1	63.328	619	219	6	1	616	1810615	1812456	0.0	730
Query_1	615_JTBC02000002.1	55.263	38	17	0	490	527	1621659	1621546	9.9	41.6
Query_1	615_CP033623.1	63.328	619	219	6	1	616	1705569	1703728	0.0	730
Query_1	615_CP033623.1	55.263	38	17	0	490	527	1894553	1894666	9.9	41.6
Query_1	615_CP010584.1	63.328	619	219	6	1	616	3536720	3538561	0.0	730
Query_1	615_MJVC01000033.1	63.328	619	219	6	1	616	424587	422746	0.0	730
Query_1	615_MJVB01000043.1	63.328	619	219	6	1	616	424587	422746	0.0	730
Query_1	615_FCMR01000001.1	63.328	619	219	6	1	616	1440826	1442667	0.0	730
Query_1	615_FCMR01000001.1	55.263	38	17	0	490	527	1263677	1263564	9.9	41.6
Query_1	615_ULGO01000020.1	63.328	619	219	6	1	616	14837	16678	0.0	729
Query_1	615_CP047679.1	63.328	619	219	6	1	616	2369764	2367923	0.0	729
Query_1	615_WUUW01000006.1	63.328	619	219	6	1	616	14918	16759	0.0	729
Query_1	615_CP041129.1	63.328	619	219	6	1	616	2276479	2274638	0.0	729
Query_1	615_NCQJ01000002.1	63.328	619	219	6	1	616	335996	337837	0.0	729
Query_1	615_CP028947.1	63.328	619	219	6	1	616	2329524	2327683	0.0	729
Query_1	615_CP025698.1	63.328	619	219	6	1	616	4904391	4906232	0.0	729
Query_1	615_CP018926.1	63.328	619	219	6	1	616	1688228	1686387	0.0	729
Query_1	615_MTEH01000003.1	63.166	619	220	6	1	616	455702	457543	0.0	729
Query_1	615_CABMNV010000011.1	63.166	619	220	6	1	616	1222042	1223883	0.0	729
Query_1	615_ULGG01000006.1	63.328	619	219	6	1	616	116883	118724	0.0	729
Query_1	615_ULGK01000006.1	63.328	619	219	6	1	616	92089	93930	0.0	729
Query_1	615_ULGI01000002.1	63.328	619	219	6	1	616	790368	788527	0.0	729
Query_1	615_ULGM01000001.1	63.328	619	219	6	1	616	586965	585124	0.0	729
Query_1	615_CP050447.1	63.328	619	219	6	1	616	287237	285396	0.0	729
Query_1	615_VKZJ01000011.1	63.328	619	219	6	1	616	144	1985	0.0	729
Query_1	615_VKVH01000001.1	63.166	619	220	6	1	616	302687	300846	0.0	729
Query_1	615_JAAGOK010000001.1	63.328	619	219	6	1	616	1446810	1444969	0.0	729
Query_1	615_JAAGOJ010000001.1	63.328	619	219	6	1	616	1446809	1444968	0.0	729
Query_1	615_JAAGOL010000001.1	63.328	619	219	6	1	616	1446810	1444969	0.0	729
Query_1	615_JAAGOM010000001.1	63.328	619	219	6	1	616	1446810	1444969	0.0	729
Query_1	615_JAAGON010000001.1	63.328	619	219	6	1	616	1446801	1444960	0.0	729
Query_1	615_VTUO01000004.1	63.166	619	220	6	1	616	95024	96865	0.0	729
Query_1	615_VTUQ01000043.1	63.166	619	220	6	1	616	1006830	1004989	0.0	729
Query_1	615_VTUQ01000043.1	55.263	38	17	0	490	527	1189108	1189221	9.9	41.6
Query_1	615_VTUS01000001.1	63.166	619	220	6	1	616	100127	101968	0.0	729
Query_1	615_VTUT01000037.1	63.328	619	219	6	1	616	20808	18967	0.0	729
Query_1	615_VOUW01000010.1	63.328	619	219	6	1	616	279227	277386	0.0	729
Query_1	615_VOUQ01000002.1	63.328	619	219	6	1	616	279227	277386	0.0	729
Query_1	615_CP041132.1	63.328	619	219	6	1	616	2337261	2335420	0.0	729
Query_1	615_CP041126.1	63.328	619	219	6	1	616	2357813	2355972	0.0	729
Query_1	615_PXJU01000002.1	63.328	619	219	6	1	616	15039	16880	0.0	729
Query_1	615_CP031316.1	63.166	619	220	6	1	616	2256371	2254530	0.0	729
Query_1	615_PQGI01000010.1	63.328	619	219	6	1	616	118179	120020	0.0	729
Query_1	615_PPGF01000002.1	63.328	619	219	6	1	616	739216	737375	0.0	729
Query_1	615_PEHC01000003.1	63.328	619	219	6	1	616	1128886	1130727	0.0	729
Query_1	615_CP018919.1	63.328	619	219	6	1	616	1673276	1671435	0.0	729
Query_1	615_CP018930.1	63.328	619	219	6	1	616	1573307	1571466	0.0	729
Query_1	615_CP018924.1	63.328	619	219	6	1	616	1690501	1688660	0.0	729
Query_1	615_LZOB01000011.1	63.166	619	220	6	1	616	1222042	1223883	0.0	729
Query_1	615_FCKR01000001.1	63.328	619	219	6	1	616	371072	372913	0.0	729
Query_1	615_CP012639.1	63.328	619	219	6	1	616	4899413	4901254	0.0	729
Query_1	615_LCWI01000014.1	63.166	619	220	6	1	616	460326	462167	0.0	729
Query_1	303_MCBJ01000011.1	61.489	618	234	3	1	616	1369349	1367502	0.0	729
Query_1	615_JAAIKV010000007.1	63.166	619	220	6	1	616	428421	426580	0.0	729
Query_1	615_AP021873.1	63.328	619	219	6	1	616	2238835	2236994	0.0	729
Query_1	615_JAAABD010000001.1	63.166	619	220	6	1	616	1424644	1422803	0.0	729
Query_1	615_VOUS01000030.1	63.328	619	219	6	1	616	547328	549169	0.0	729
Query_1	615_VKLT01000008.1	63.328	619	219	6	1	616	996532	994691	0.0	729
Query_1	615_VFMJ01000001.1	63.166	619	220	6	1	616	2121623	2123464	0.0	729
Query_1	615_PXZQ01000001.1	63.166	619	220	6	1	616	2034448	2032607	0.0	729
Query_1	615_PXZP01000002.1	63.166	619	220	6	1	616	1465804	1463963	0.0	729
Query_1	615_RCEO01000194.1	63.166	619	220	6	1	616	27430	29271	0.0	729
Query_1	615_PXZR01000003.1	63.166	619	220	6	1	616	861832	859991	0.0	729
Query_1	615_RCEH01000007.1	63.166	619	220	6	1	616	64680	66521	0.0	729
Query_1	615_RCEF01000113.1	63.166	619	220	6	1	616	17361	15520	0.0	729
Query_1	615_RCDX01000140.1	63.166	619	220	6	1	616	12517	14358	0.0	729
Query_1	615_RCDV01000347.1	63.166	619	220	6	1	616	27414	29255	0.0	729
Query_1	615_RCDS01000185.1	63.166	619	220	6	1	616	27444	29285	0.0	729
Query_1	615_RCDO01000020.1	63.166	619	220	6	1	616	27373	29214	0.0	729
Query_1	615_RCEP01000220.1	63.166	619	220	6	1	616	27373	29214	0.0	729
Query_1	615_RCEN01000108.1	63.166	619	220	6	1	616	27544	29385	0.0	729
Query_1	615_RCEM01000214.1	63.166	619	220	6	1	616	21898	20057	0.0	729
Query_1	615_RCEL01000062.1	63.166	619	220	6	1	616	17539	15698	0.0	729
Query_1	615_RCEK01000324.1	63.166	619	220	6	1	616	35886	34045	0.0	729
Query_1	615_RCEJ01000131.1	63.166	619	220	6	1	616	3866	2025	0.0	729
Query_1	615_RCEI01000095.1	63.166	619	220	6	1	616	27428	29269	0.0	729
Query_1	615_RCEG01000259.1	63.166	619	220	6	1	616	21864	20023	0.0	729
Query_1	615_RCEE01000230.1	63.166	619	220	6	1	616	97376	95535	0.0	729
Query_1	615_RCED01000108.1	63.166	619	220	6	1	616	17361	15520	0.0	729
Query_1	615_RCEC01000163.1	63.166	619	220	6	1	616	27436	29277	0.0	729
Query_1	615_RCEB01000074.1	63.166	619	220	6	1	616	27373	29214	0.0	729
Query_1	615_RCEA01000498.1	63.166	619	220	6	1	616	27373	29214	0.0	729
Query_1	615_RCDZ01000350.1	63.166	619	220	6	1	616	20710	18869	0.0	729
Query_1	615_RCDW01000025.1	63.166	619	220	6	1	616	27373	29214	0.0	729
Query_1	615_RCDY01000296.1	63.166	619	220	6	1	616	32284	30443	0.0	729
Query_1	615_RCDU01000013.1	63.166	619	220	6	1	616	27347	29188	0.0	729
Query_1	615_RCDT01000251.1	63.166	619	220	6	1	616	20684	18843	0.0	729
Query_1	615_RCDQ01000142.1	63.166	619	220	6	1	616	20682	18841	0.0	729
Query_1	615_RCDP01000376.1	63.166	619	220	6	1	616	20731	18890	0.0	729
Query_1	615_RCDN01000244.1	63.166	619	220	6	1	616	17363	15522	0.0	729
Query_1	615_CP027796.1	63.166	619	220	6	1	616	344826	342985	0.0	729
Query_1	615_PXKH01000004.1	63.328	619	219	6	1	616	176135	177976	0.0	729
Query_1	615_CP027300.1	63.328	619	219	6	1	616	2275005	2273164	0.0	729
Query_1	615_PPGE01000008.1	63.166	619	220	6	1	616	6765	8606	0.0	729
Query_1	615_PPGC01000002.1	63.166	619	220	6	1	616	193888	195729	0.0	729
Query_1	615_CP018928.1	63.166	619	220	6	1	616	1574442	1572601	0.0	729
Query_1	615_CP018929.1	63.166	619	220	6	1	616	1574446	1572605	0.0	729
Query_1	615_CP019927.2	63.166	619	220	6	1	616	227509	229350	0.0	729
Query_1	615_CP019927.2	55.263	38	17	0	490	527	5117967	5117854	9.9	41.6
Query_1	615_LIAI01000001.1	63.328	619	219	6	1	616	1744425	1746266	0.0	729
Query_1	303_WBOI01000001.1	61.489	618	234	3	1	616	158044	156197	0.0	729
Query_1	303_WBOI01000001.1	31.841	201	104	6	366	564	636038	635529	5.66e-07	65.1
Query_1	303_WBOI01000001.1	45.588	68	28	1	485	543	636068	635865	0.058	48.9
Query_1	615_WVHV01000001.1	63.166	619	220	6	1	616	549986	551827	0.0	728
Query_1	615_MVGA01000003.1	63.328	619	219	6	1	616	173927	175768	0.0	728
Query_1	303_MCBH01000059.1	61.489	618	234	3	1	616	298732	296885	0.0	728
Query_1	303_MCBG01000062.1	61.489	618	234	3	1	616	215565	213718	0.0	728
Query_1	303_MCBI01000001.1	61.489	618	234	3	1	616	215559	213712	0.0	728
Query_1	615_CP050013.1	63.005	619	221	6	1	616	2346805	2344964	0.0	728
Query_1	615_NCQI01000005.1	63.005	619	221	6	1	616	27567	29408	0.0	728
Query_1	615_CP018927.1	63.328	619	219	6	1	616	1594617	1592776	0.0	728
Query_1	615_CP021984.1	63.005	619	221	6	1	616	2420380	2418539	0.0	728
Query_1	615_MCNK01000010.1	63.005	619	221	6	1	616	188349	190190	0.0	728
Query_1	615_MSEC01000051.1	63.005	619	221	6	1	616	27464	29305	0.0	728
Query_1	615_JTBU02000004.1	63.269	618	219	6	1	615	161542	163380	0.0	728
Query_1	615_JAAJRU010000006.1	63.005	619	221	6	1	616	98158	99999	0.0	728
Query_1	615_VKVQ01000002.1	63.005	619	221	6	1	616	499084	500925	0.0	728
Query_1	615_WASU01000007.1	63.166	619	220	6	1	616	375644	373803	0.0	728
Query_1	615_SRIG01000123.1	63.328	619	219	6	1	616	10758	8917	0.0	728
Query_1	615_AP019009.1	63.328	619	219	6	1	616	2237006	2235165	0.0	728
Query_1	615_QVOI01000001.1	63.328	619	219	6	1	616	1068381	1070222	0.0	728
Query_1	615_CP018915.1	63.166	619	220	6	1	616	1586273	1584432	0.0	728
Query_1	615_MVGB01000001.1	63.328	619	219	6	1	616	172752	174593	0.0	728
Query_1	615_MJAO01000015.1	63.328	619	219	6	1	616	20676	22517	0.0	728
Query_1	615_FCLY01000001.1	63.166	619	220	6	1	616	1376967	1375126	0.0	728
Query_1	615_JGVB01000094.1	63.328	619	219	6	1	616	61103	59262	0.0	728
Query_1	615_UGYJ01000001.1	63.005	619	221	6	1	616	51083	52924	0.0	727
Query_1	615_CP041123.1	63.005	619	221	6	1	616	2430297	2428456	0.0	727
Query_1	615_CP041123.1	55.263	38	17	0	490	527	2614268	2614381	9.9	41.6
Query_1	615_CP041134.1	63.005	619	221	6	1	616	2464430	2462589	0.0	727
Query_1	615_CP041134.1	55.263	38	17	0	490	527	2648401	2648514	9.9	41.6
Query_1	615_CP041130.1	63.005	619	221	6	1	616	2464460	2462619	0.0	727
Query_1	615_CP041130.1	55.263	38	17	0	490	527	2648432	2648545	9.9	41.6
Query_1	615_CP041125.1	63.005	619	221	6	1	616	2430332	2428491	0.0	727
Query_1	615_CP041125.1	55.263	38	17	0	490	527	2614304	2614417	9.9	41.6
Query_1	615_LSOB01000017.1	63.166	619	220	6	1	616	662456	660615	0.0	727
Query_1	615_CABHIE010000001.1	63.005	619	221	6	1	616	1155664	1157505	0.0	727
Query_1	615_VKYT01000003.1	63.166	619	220	6	1	616	48880	47039	0.0	727
Query_1	615_VKSV01000002.1	63.166	619	220	6	1	616	295320	293479	0.0	727
Query_1	615_CP042512.1	63.005	619	221	6	1	616	2310773	2308932	0.0	727
Query_1	615_CP041122.1	63.005	619	221	6	1	616	2308013	2306172	0.0	727
Query_1	615_CP041124.1	63.005	619	221	6	1	616	2308013	2306172	0.0	727
Query_1	615_PGHU01000007.1	63.005	619	221	6	1	616	114606	116447	0.0	727
Query_1	615_PGIC01000007.1	63.005	619	221	6	1	616	114606	116447	0.0	727
Query_1	615_DCSY01000003.1	63.166	619	220	6	1	616	100325	98484	0.0	727
Query_1	615_FCGE01000024.1	63.005	619	221	6	1	616	8887	7046	0.0	727
Query_1	615_JVXI01000094.1	63.005	619	221	6	1	616	27387	29228	0.0	727
Query_1	615_JVXJ01000056.1	63.005	619	221	6	1	616	20682	18841	0.0	727
Query_1	615_CABMHU010000019.1	63.005	619	221	6	1	616	17364	15523	0.0	726
Query_1	615_UGYK01000002.1	63.005	619	221	6	1	616	3774774	3776615	0.0	726
Query_1	615_FNXV01000024.1	63.005	619	221	6	1	616	105977	104136	0.0	726
Query_1	615_VOUR01000005.1	63.166	619	220	6	1	616	33482	35323	0.0	726
Query_1	615_VOMJ01000080.1	63.005	619	221	6	1	616	4026	5867	0.0	726
Query_1	615_SNQH01000002.1	63.005	619	221	6	1	616	27336	29177	0.0	726
Query_1	615_SDUW01000002.1	63.166	619	219	7	1	616	198270	200108	0.0	726
Query_1	615_QMDQ01000002.1	63.005	619	221	6	1	616	137084	138925	0.0	726
Query_1	615_QJQJ01000003.1	63.005	619	221	6	1	616	73381	71540	0.0	726
Query_1	615_QJQF01000003.1	63.005	619	221	6	1	616	267937	269778	0.0	726
Query_1	615_QJQM01000023.1	63.005	619	221	6	1	616	3963	2122	0.0	726
Query_1	615_QJQG01000012.1	63.005	619	221	6	1	616	119241	121082	0.0	726
Query_1	615_QJQD01000004.1	63.005	619	221	6	1	616	267787	269628	0.0	726
Query_1	615_QJPV01000010.1	63.005	619	221	6	1	616	73381	71540	0.0	726
Query_1	615_QJPT01000010.1	63.005	619	221	6	1	616	118810	120651	0.0	726
Query_1	615_QJPS01000010.1	63.005	619	221	6	1	616	73381	71540	0.0	726
Query_1	615_QJPR01000009.1	63.005	619	221	6	1	616	118909	120750	0.0	726
Query_1	615_QJPQ01000002.1	63.005	619	221	6	1	616	291385	293226	0.0	726
Query_1	615_CP020501.1	63.166	619	220	6	1	616	2219959	2218118	0.0	726
Query_1	615_CP020507.1	63.005	619	221	6	1	616	2366034	2364193	0.0	726
Query_1	615_CP020503.1	63.005	619	221	6	1	616	2397197	2395356	0.0	726
Query_1	615_NPIX01000012.1	63.005	619	221	6	1	616	118975	120816	0.0	726
Query_1	615_NDXU01000080.1	63.005	619	221	6	1	616	3992	5833	0.0	726
Query_1	615_LQAK01000004.1	63.005	619	221	6	1	616	117449	119290	0.0	726
Query_1	615_LNZT01000013.1	63.005	619	221	6	1	616	47035	45194	0.0	726
Query_1	615_FCGF01000008.1	63.166	619	220	6	1	616	175037	173196	0.0	726
Query_1	615_FCJT01000010.1	63.005	619	221	6	1	616	116132	117973	0.0	726
Query_1	615_FCKY01000021.1	63.005	619	221	6	1	616	72254	70413	0.0	726
Query_1	615_LJFB02000001.1	63.005	619	221	6	1	616	50971	49130	0.0	726
Query_1	615_LJEX02000092.1	63.005	619	221	6	1	616	102808	104649	0.0	726
Query_1	615_LJFD02000227.1	63.005	619	221	6	1	616	3959	5800	0.0	726
Query_1	615_LJEV02000095.1	63.005	619	221	6	1	616	265817	263976	0.0	726
Query_1	615_LJEP02000101.1	63.005	619	221	6	1	616	73268	71427	0.0	726
Query_1	615_LJDX02000285.1	63.005	619	221	6	1	616	50971	49130	0.0	726
Query_1	615_LJDU02000024.1	63.005	619	221	6	1	616	50971	49130	0.0	726
Query_1	615_LJDS02000212.1	63.005	619	221	6	1	616	50971	49130	0.0	726
Query_1	615_LJDQ02000112.1	63.005	619	221	6	1	616	50971	49130	0.0	726
Query_1	615_LJDM02000237.1	63.005	619	221	6	1	616	50971	49130	0.0	726
Query_1	615_LJDL02000001.1	63.005	619	221	6	1	616	50971	49130	0.0	726
Query_1	615_JUXF01000126.1	63.005	619	221	6	1	616	21483	23324	0.0	726
Query_1	615_JUXW01000244.1	63.005	619	221	6	1	616	21473	23314	0.0	726
Query_1	615_JVEJ01000221.1	63.166	619	220	6	1	616	20682	18841	0.0	726
Query_1	615_KQ089779.1	63.005	619	221	6	1	616	2778768	2776927	0.0	726
Query_1	615_KQ087612.1	63.005	619	221	6	1	616	2909581	2907740	0.0	726
Query_1	615_CCNF01000003.1	63.005	619	221	6	1	616	176037	174196	0.0	726
Query_1	615_KN050642.1	63.005	619	221	6	1	616	3453030	3454871	0.0	726
Query_1	615_WVHW01000002.1	63.166	619	220	6	1	616	116541	118382	0.0	726
Query_1	615_VKSF01000002.1	63.489	619	218	6	1	616	542117	543958	0.0	726
Query_1	615_CP021164.1	62.843	619	222	6	1	616	2190921	2189080	0.0	726
Query_1	615_JVMN01000036.1	62.843	619	222	6	1	616	20802	18961	0.0	726
Query_1	615_JUOM01000146.1	62.843	619	222	6	1	616	3101	4942	0.0	726
Query_1	615_JVMB01000097.1	62.843	619	222	6	1	616	20691	18850	0.0	726
Query_1	615_JVMS01000037.1	62.843	619	222	6	1	616	13452	15293	0.0	726
Query_1	615_JVMV01000054.1	62.843	619	222	6	1	616	131343	129502	0.0	726
Query_1	615_JVMW01000047.1	62.843	619	222	6	1	616	12286	14127	0.0	726
Query_1	615_JVNC01000019.1	62.843	619	222	6	1	616	20798	18957	0.0	726
Query_1	615_JVNH01000103.1	62.843	619	222	6	1	616	12286	14127	0.0	726
Query_1	615_WNKC01000001.1	62.843	619	222	6	1	616	1411501	1409660	0.0	726
Query_1	615_VTUP01000011.1	63.166	619	220	6	1	616	20714	18873	0.0	726
Query_1	615_JVGM01000008.1	63.005	619	221	6	1	616	535396	537237	0.0	726
Query_1	615_JVIS01000025.1	63.005	619	221	6	1	616	27607	29448	0.0	726
Query_1	615_JVIU01000053.1	63.005	619	221	6	1	616	20693	18852	0.0	726
Query_1	615_JVJP01000033.1	63.005	619	221	6	1	616	7219	5378	0.0	726
Query_1	615_JVJT01000031.1	63.005	619	221	6	1	616	20693	18852	0.0	726
Query_1	615_JVHU01000006.1	63.005	619	221	6	1	616	20803	18962	0.0	726
Query_1	615_JVIF01000066.1	63.005	619	221	6	1	616	12194	10353	0.0	726
Query_1	615_WVHX01000002.1	63.005	619	221	6	1	616	116525	118366	0.0	725
Query_1	615_VTUR01000071.1	63.005	619	221	6	1	616	20719	18878	0.0	725
Query_1	615_JVCS01000024.1	63.166	619	220	6	1	616	27464	29305	0.0	725
Query_1	615_JPQY01000024.1	63.005	619	221	6	1	616	49458	47617	0.0	725
Query_1	615_WVHU01000001.1	63.005	619	221	6	1	616	117478	119319	0.0	725
Query_1	615_VKYN01000003.1	63.328	619	219	6	1	616	96297	94456	0.0	725
Query_1	615_PXZS01000007.1	63.005	619	221	6	1	616	101117	99276	0.0	725
Query_1	615_CP027798.1	63.005	619	221	6	1	616	2407595	2409436	0.0	725
Query_1	615_CP029449.1	63.005	619	221	6	1	616	243923	245764	0.0	725
Query_1	615_CP011642.1	63.005	619	221	6	1	616	133755	135596	0.0	725
Query_1	615_DNBG01000174.1	62.843	619	222	6	1	616	10164	12005	0.0	724
Query_1	615_JAADCF010000008.1	63.328	619	219	6	1	616	130111	131952	0.0	724
Query_1	615_JAADCG010000007.1	63.328	619	219	6	1	616	133028	134869	0.0	724
Query_1	615_JAADCI010000004.1	63.328	619	219	6	1	616	129970	131811	0.0	724
Query_1	615_JAADCJ010000004.1	63.328	619	219	6	1	616	177551	175710	0.0	724
Query_1	615_JAACLM010000011.1	63.328	619	219	6	1	616	129843	131684	0.0	724
Query_1	615_JAACLP010000007.1	63.328	619	219	6	1	616	177550	175709	0.0	724
Query_1	615_VOUX01000027.1	62.843	619	222	6	1	616	20909	19068	0.0	724
Query_1	615_QJPW01000016.1	63.328	619	219	6	1	616	70452	72293	0.0	724
Query_1	615_QJPU01000012.1	63.328	619	219	6	1	616	70483	72324	0.0	724
Query_1	615_CM008894.1	63.328	619	219	6	1	616	464376	462535	0.0	724
Query_1	615_PEGX01000004.1	63.328	619	219	6	1	616	2584284	2582443	0.0	724
Query_1	615_FCJU01000006.1	63.328	619	219	6	1	616	131694	133535	0.0	724
Query_1	615_FCGA01000001.1	63.328	619	219	6	1	616	427978	426137	0.0	724
Query_1	615_FCMY01000001.1	63.328	619	219	6	1	616	427994	426153	0.0	724
Query_1	615_FCII01000001.1	63.328	619	219	6	1	616	469441	467600	0.0	724
Query_1	615_FCLO01000001.1	63.328	619	219	6	1	616	1436573	1434732	0.0	724
Query_1	615_FCHX01000001.1	63.328	619	219	6	1	616	1421369	1423210	0.0	724
Query_1	615_FCLG01000001.1	63.328	619	219	6	1	616	427881	426040	0.0	724
Query_1	615_FCLB01000001.1	63.328	619	219	6	1	616	1683012	1684853	0.0	724
Query_1	615_FCHQ01000001.1	63.328	619	219	6	1	616	1421249	1423090	0.0	724
Query_1	615_FCJD01000001.1	63.328	619	219	6	1	616	1421104	1422945	0.0	724
Query_1	615_FCIS01000001.1	63.328	619	219	6	1	616	75223	73382	0.0	724
Query_1	615_FCLN01000001.1	63.328	619	219	6	1	616	1421144	1422985	0.0	724
Query_1	615_FCLH01000001.1	63.328	619	219	6	1	616	1401312	1399471	0.0	724
Query_1	615_FCKJ01000001.1	63.328	619	219	6	1	616	277323	275482	0.0	724
Query_1	615_FCHT01000001.1	63.328	619	219	6	1	616	1421350	1423191	0.0	724
Query_1	615_FCIT01000001.1	63.328	619	219	6	1	616	1483890	1485731	0.0	724
Query_1	615_FCHU01000001.1	63.328	619	219	6	1	616	1421213	1423054	0.0	724
Query_1	615_FCGZ01000001.1	63.328	619	219	6	1	616	428018	426177	0.0	724
Query_1	615_FCLI01000001.1	63.328	619	219	6	1	616	430511	428670	0.0	724
Query_1	615_FCIR01000001.1	63.328	619	219	6	1	616	1421175	1423016	0.0	724
Query_1	615_FCKE01000001.1	63.328	619	219	6	1	616	1421170	1423011	0.0	724
Query_1	615_FCMV01000001.1	63.328	619	219	6	1	616	427852	426011	0.0	724
Query_1	615_FCMT01000005.1	63.328	619	219	6	1	616	266613	264772	0.0	724
Query_1	615_FCJS01000001.1	63.328	619	219	6	1	616	1400140	1398299	0.0	724
Query_1	615_FCIH01000005.1	63.328	619	219	6	1	616	266596	264755	0.0	724
Query_1	615_FCJP01000015.1	63.328	619	219	6	1	616	20728	18887	0.0	724
Query_1	615_FCGI01000001.1	63.328	619	219	6	1	616	427968	426127	0.0	724
Query_1	615_FCIY01000001.1	63.328	619	219	6	1	616	1421951	1423792	0.0	724
Query_1	615_FCMW01000004.1	63.328	619	219	6	1	616	266594	264753	0.0	724
Query_1	615_FCIU01000001.1	63.328	619	219	6	1	616	428035	426194	0.0	724
Query_1	615_FCLT01000005.1	63.328	619	219	6	1	616	131116	132957	0.0	724
Query_1	615_FCFK01000002.1	63.328	619	219	6	1	616	440997	442838	0.0	724
Query_1	615_FCJN01000001.1	63.328	619	219	6	1	616	427934	426093	0.0	724
Query_1	615_FCHB01000001.1	63.328	619	219	6	1	616	75234	73393	0.0	724
Query_1	615_FCMQ01000004.1	63.328	619	219	6	1	616	266600	264759	0.0	724
Query_1	615_FCIX01000001.1	63.328	619	219	6	1	616	428015	426174	0.0	724
Query_1	615_FCLD01000001.1	63.328	619	219	6	1	616	75231	73390	0.0	724
Query_1	615_FCMA01000001.1	63.328	619	219	6	1	616	1421625	1423466	0.0	724
Query_1	615_FCMZ01000001.1	63.328	619	219	6	1	616	430347	428506	0.0	724
Query_1	615_FCFO01000005.1	63.328	619	219	6	1	616	129906	131747	0.0	724
Query_1	615_FCHD01000001.1	63.328	619	219	6	1	616	428083	426242	0.0	724
Query_1	615_FCIL01000001.1	63.328	619	219	6	1	616	427967	426126	0.0	724
Query_1	615_FCIN01000001.1	63.328	619	219	6	1	616	427999	426158	0.0	724
Query_1	615_FCKV01000002.1	63.328	619	219	6	1	616	292837	294678	0.0	724
Query_1	615_FCMX01000001.1	63.328	619	219	6	1	616	1421700	1423541	0.0	724
Query_1	615_FCFZ01000001.1	63.328	619	219	6	1	616	1454742	1456583	0.0	724
Query_1	615_FCGX01000016.1	63.328	619	219	6	1	616	129914	131755	0.0	724
Query_1	615_FCHA01000001.1	63.328	619	219	6	1	616	1401154	1399313	0.0	724
Query_1	615_FCHS01000001.1	63.328	619	219	6	1	616	428134	426293	0.0	724
Query_1	615_FCMN01000001.1	63.328	619	219	6	1	616	427958	426117	0.0	724
Query_1	615_FCJB01000001.1	63.328	619	219	6	1	616	1421772	1423613	0.0	724
Query_1	615_FCHC01000001.1	63.328	619	219	6	1	616	1421792	1423633	0.0	724
