Query_1	103733_JNYO01000017.1	34.756	492	266	18	166	636	95026	96399	5.70e-63	238
Query_1	103733_CP034550.1	34.756	492	266	18	166	636	3512507	3511134	5.76e-63	238
Query_1	103733_CP034550.1	32.166	457	276	13	144	576	5506087	5507427	3.35e-52	206
Query_1	1871086_SDZI01000849.1	28.571	672	392	21	9	634	1946	57	1.26e-60	224
Query_1	2072_RBXO01000001.1	33.723	513	294	20	146	636	5277635	5276169	1.48e-60	231
Query_1	2017_FQVN01000002.1	32.934	501	289	17	165	636	648847	650295	2.55e-59	227
Query_1	2030_FWXV01000011.1	31.879	527	313	19	134	636	192407	190893	5.57e-58	223
Query_1	40571_JOEA01000009.1	32.094	511	303	19	147	636	129183	130646	5.83e-58	223
Query_1	40571_FWYC01000007.1	32.094	511	303	19	147	636	399994	398531	5.83e-58	223
Query_1	84724_FOYL01000001.1	31.898	511	304	19	147	636	314465	313002	1.74e-56	219
Query_1	103734_RJKM01000001.1	32.600	500	289	15	165	636	703550	702111	1.50e-55	216
Query_1	103733_JNYO01000016.1	32.166	457	276	13	144	576	61057	62397	3.31e-52	206
Query_1	1871086_SDZL01000106.1	37.895	285	165	5	255	529	3532	2684	2.57e-48	193
Query_1	292_JPEG01000002.1	27.811	507	275	16	168	636	1005239	1003878	4.39e-35	154
Query_1	5580_QZBN01000762.1	27.500	440	246	17	147	525	6663	5380	9.02e-27	128
Query_1	5580_QZAE01000369.1	27.211	441	248	17	146	525	18668	19954	1.74e-26	127
Query_1	5580_QZAJ01000235.1	27.211	441	248	17	146	525	21927	23213	1.78e-26	127
Query_1	5580_QZBA01000145.1	27.211	441	248	17	146	525	42482	41196	3.20e-26	127
Query_1	5580_QZAP01000056.1	27.211	441	248	16	146	525	34490	35776	3.92e-26	126
Query_1	5580_QZAK01000090.1	27.211	441	248	16	146	525	64954	63668	4.27e-26	126
Query_1	5580_QZAU01000179.1	26.984	441	249	17	146	525	24656	25942	4.78e-26	126
Query_1	5580_QZAT01000155.1	26.984	441	249	17	146	525	28797	27511	4.88e-26	126
Query_1	5580_QZBH01000391.1	28.070	399	223	14	146	492	22628	23788	6.41e-26	125
Query_1	5580_QZAX01001889.1	26.984	441	249	17	146	525	739	2025	1.09e-25	124
Query_1	5580_QZBB01000176.1	26.984	441	249	17	146	525	29110	27824	1.21e-25	125
Query_1	5580_QZBD01000677.1	27.820	399	224	14	146	492	2141	981	1.31e-25	124
Query_1	5580_QZBO01000220.1	26.984	441	249	16	146	525	29483	30769	2.11e-25	124
Query_1	5580_QZAH01000127.1	26.984	441	249	17	146	525	7828	9114	3.33e-25	123
Query_1	5580_QZAN01000073.1	26.757	441	250	17	146	525	24451	25737	3.55e-25	123
Query_1	5580_QZBM01000658.1	26.818	440	249	17	147	525	8264	6981	3.60e-25	123
Query_1	5580_QZBV01000150.1	28.571	343	183	14	233	525	28564	27572	9.49e-24	107
Query_1	5580_QZBV01000150.1	23.571	140	89	4	96	217	29051	28632	9.49e-24	34.7
Query_1	5580_QZBC01000059.1	27.211	441	248	17	146	525	24013	25299	1.84e-23	118
Query_1	5580_QNUU01000059.1	27.381	252	153	9	145	377	38113	37391	6.48e-23	72.0
Query_1	5580_QNUU01000059.1	32.558	129	74	4	376	492	37340	36957	6.48e-23	67.4
Query_1	5580_QZBY01000038.1	25.750	400	231	12	146	492	29978	28818	1.10e-22	115
Query_1	5580_QZAZ01000275.1	25.879	398	233	12	146	492	2571	1411	2.91e-22	114
Query_1	5580_QZAS01000032.1	25.377	398	235	12	146	492	99962	98802	4.27e-22	114
Query_1	5580_QZBX01000076.1	25.628	398	234	12	146	492	31378	32538	4.68e-22	114
Query_1	5580_QZBZ01000093.1	25.377	398	235	12	146	492	23998	25158	5.21e-22	113
Query_1	5580_QZAM01000073.1	25.750	400	231	12	146	492	1353	193	6.61e-22	113
Query_1	5580_QZAR01000069.1	23.810	504	286	16	146	575	89366	87927	8.52e-22	112
Query_1	5580_QZBW01000407.1	25.377	398	235	12	146	492	22243	23403	2.10e-21	111
Query_1	5580_QZBL01000161.1	25.377	398	235	12	146	492	21944	23104	2.58e-21	111
Query_1	5507_WEUY01001634.1	25.439	456	268	15	146	540	3383	2049	3.36e-21	110
Query_1	5580_QZAV01000322.1	25.377	398	235	12	146	492	2540	1380	3.46e-21	110
Query_1	5580_QZAY01000273.1	25.126	398	236	12	146	492	31176	32336	4.46e-21	110
Query_1	5580_QZBQ01000196.1	25.628	398	234	12	146	492	22250	21090	5.76e-21	110
Query_1	5580_QZBR01000036.1	25.628	398	234	12	146	492	101574	100414	5.88e-21	110
Query_1	5580_QZBJ01000045.1	25.628	398	234	12	146	492	102109	100949	5.88e-21	110
Query_1	5580_QZCB01000986.1	25.126	398	236	12	146	492	5463	6623	8.58e-21	109
Query_1	5580_QZBE01000069.1	23.636	495	298	17	146	575	35145	36584	1.03e-20	109
Query_1	5580_QZAL01000065.1	25.250	400	233	12	146	492	30655	29495	2.14e-20	108
Query_1	285_KZ984445.1	26.216	370	213	13	143	481	185415	184393	3.32e-20	107
Query_1	5580_QZBS01000153.1	26.810	373	210	13	145	465	28525	27440	3.88e-20	107
Query_1	5580_QZAG01001009.1	28.916	332	174	14	244	525	8102	9061	9.88e-20	106
Query_1	5580_QZAQ01003040.1	28.720	289	155	10	244	492	1529	696	1.45e-19	103
Query_1	5580_QZCA01000136.1	28.522	291	153	10	244	492	24738	25571	4.16e-19	104
Query_1	5580_QZBF01000280.1	25.061	407	225	12	146	492	1911	751	7.57e-19	103
Query_1	5580_QZAF01000343.1	23.139	497	298	16	146	575	24324	25763	1.73e-18	102
Query_1	50741_PAYG01000002.1	26.966	356	198	16	143	466	8025	7048	1.07e-17	99.8
Query_1	5580_QZBI01003004.1	27.835	291	155	10	244	492	1347	514	1.84e-17	97.4
Query_1	592050_FNQJ01000033.1	28.249	354	193	12	140	466	17041	16082	2.14e-17	99.0
Query_1	1872427_NVVF01000013.1	27.011	348	200	13	147	466	72012	72977	2.45e-17	99.0
Query_1	1872427_NVVF01000013.1	34.146	82	49	3	508	586	72192	72431	5.0	42.4
Query_1	1873897_PCBC01000060.1	27.606	355	196	16	143	466	66353	67327	3.58e-17	98.2
Query_1	5580_QZBK01000364.1	24.359	312	179	9	146	413	14422	13526	3.66e-17	76.3
Query_1	5580_QZBK01000364.1	32.099	81	50	2	416	492	13500	13261	3.66e-17	43.5
Query_1	34073_LKTW01000063.1	27.606	355	196	17	143	466	10826	9852	8.01e-17	97.1
Query_1	34073_LKTW01000063.1	22.956	318	184	8	147	414	19027	18107	1.25e-05	60.8
Query_1	34073_LKTV01000059.1	27.606	355	196	17	143	466	39650	40624	8.01e-17	97.1
Query_1	34073_LKTV01000059.1	22.956	318	184	8	147	414	31449	32369	1.25e-05	60.8
Query_1	34073_LKTU01000055.1	27.606	355	196	17	143	466	28448	27474	8.06e-17	97.1
Query_1	34073_LKTU01000055.1	22.956	318	184	8	147	414	36649	35729	1.25e-05	60.8
Query_1	34073_LKTY01000026.1	27.606	355	196	17	143	466	39661	40635	8.07e-17	97.1
Query_1	34073_LKTY01000026.1	22.956	318	184	8	147	414	31460	32380	1.25e-05	60.8
Query_1	34073_LKTX01000017.1	27.606	355	196	17	143	466	39648	40622	8.09e-17	97.1
Query_1	34073_LKTX01000017.1	22.956	318	184	8	147	414	31447	32367	1.26e-05	60.8
Query_1	34073_LKTZ01000014.1	27.606	355	196	17	143	466	57837	56863	8.10e-17	97.1
Query_1	34073_LKTZ01000014.1	22.956	318	184	8	147	414	66038	65118	1.26e-05	60.8
Query_1	34073_LKTV01000009.1	26.316	361	205	14	144	473	34148	33156	1.92e-16	95.9
Query_1	34073_LKTY01000006.1	26.316	361	205	14	144	473	74090	75082	1.92e-16	95.9
Query_1	34073_LKTX01000004.1	26.316	361	205	14	144	473	86701	85709	1.93e-16	95.9
Query_1	34073_LKTZ01000003.1	26.316	361	205	14	144	473	69251	70243	1.93e-16	95.9
Query_1	285_KZ984446.1	25.076	331	200	13	147	446	122289	123230	1.93e-16	95.9
Query_1	34073_LKTW01000001.1	26.316	361	205	14	144	473	145442	146434	1.93e-16	95.9
Query_1	34073_LKTU01000001.1	26.316	361	205	14	144	473	243504	244496	1.94e-16	95.9
Query_1	106590_QDHA01000097.1	26.975	367	208	14	131	466	18149	19162	2.41e-16	95.5
Query_1	34073_JZWI01000057.1	26.479	355	200	15	143	466	23032	22058	2.72e-16	95.5
Query_1	34073_JZWI01000057.1	21.958	378	204	11	145	458	26535	25483	2.95e-05	59.7
Query_1	285_BKBW01000005.1	27.119	295	175	10	143	409	72801	71953	3.30e-16	95.1
Query_1	34073_QFOW01000040.1	24.055	582	319	23	143	639	80378	82009	5.02e-16	94.7
Query_1	34073_QFOS01000040.1	24.055	582	319	23	143	639	80378	82009	5.02e-16	94.7
Query_1	285_BDQJ01000004.1	27.119	295	175	10	143	409	255032	254184	5.30e-16	94.4
Query_1	106590_LVWN01000069.1	26.975	367	208	15	131	466	41261	40248	5.99e-16	94.4
Query_1	106590_LMVF01000069.1	26.975	367	208	15	131	466	41261	40248	5.99e-16	94.4
Query_1	285_BBJZ01000017.1	25.691	362	209	14	143	473	24863	23865	7.20e-16	94.0
Query_1	285_UFXL01000001.1	25.691	362	209	14	143	473	1896985	1897983	7.25e-16	94.0
Query_1	285_UFXL01000001.1	25.882	340	193	15	143	446	348375	347425	2.20e-15	92.4
Query_1	285_UFXL01000001.1	22.751	378	213	14	138	458	1531581	1532648	1.25e-08	70.5
Query_1	285_UFXL01000001.1	24.000	325	178	11	144	414	3438572	3437643	1.63e-05	60.5
Query_1	303_JOJW01000973.1	23.518	506	283	18	146	574	2192	756	7.78e-16	94.0
Query_1	285_BBQP01000015.1	27.119	295	175	10	143	409	14111	13263	7.99e-16	94.0
Query_1	47920_DCVY01000027.1	26.902	368	207	17	131	466	6835	5822	8.38e-16	93.6
Query_1	106590_CP017757.2	27.635	351	194	15	147	466	2195448	2194483	8.76e-16	94.0
Query_1	285_BBQP01000001.1	26.176	340	192	15	143	446	307192	306242	9.05e-16	93.6
Query_1	303_JXOG01000159.1	26.174	447	229	18	48	466	23351	24472	1.29e-15	93.2
Query_1	285_BKBW01000003.1	25.882	340	193	15	143	446	300850	299900	2.14e-15	92.4
Query_1	285_BDQJ01000003.1	25.882	340	193	15	143	446	303037	302087	2.14e-15	92.4
Query_1	285_BBJZ01000007.1	25.882	340	193	15	143	446	64755	63805	2.19e-15	92.4
Query_1	34028_SPEY01000053.1	25.823	395	224	19	143	506	6958	5888	2.74e-15	92.0
Query_1	294_CABVHT010000001.1	26.087	391	229	14	123	482	747094	746009	2.92e-15	92.0
Query_1	294_CABVHT010000001.1	22.055	399	218	16	121	458	186618	185518	3.91e-04	55.8
Query_1	294_JENC01000003.1	26.087	391	229	14	123	482	17426	18511	3.61e-15	91.7
Query_1	294_JJOE01000029.1	25.203	369	217	12	144	482	155892	156911	3.92e-15	91.7
Query_1	34073_CP045644.1	26.479	355	200	16	143	466	1954359	1955333	3.94e-15	91.7
Query_1	34073_CP045644.1	25.743	303	155	11	183	458	6542913	6542134	6.28e-08	68.2
Query_1	34073_CP045644.1	21.164	378	213	11	145	466	1949129	1950175	1.45e-04	57.4
Query_1	34073_CP046622.1	26.536	358	202	16	143	469	5283974	5282991	4.33e-15	91.7
Query_1	34073_CP046622.1	24.776	335	196	14	156	458	703652	702720	2.51e-09	72.8
Query_1	34073_CP046622.1	23.607	305	186	9	140	409	2330371	2329493	2.78e-07	66.2
Query_1	34073_CP046622.1	22.011	368	209	12	147	452	5287502	5286447	6.91e-04	55.1
Query_1	34073_CP046622.1	30.631	111	56	4	531	635	702359	702072	7.3	42.0
Query_1	34073_QFPP01000096.1	26.197	355	201	16	143	466	7722	8696	4.70e-15	91.3
Query_1	303_RJUR01000011.1	28.080	349	195	15	146	466	527345	528307	5.41e-15	91.3
Query_1	303_RJUR01000011.1	25.145	517	268	21	146	573	697630	699090	4.67e-14	88.2
Query_1	303_RJUR01000011.1	24.462	372	216	14	144	482	323182	324201	4.32e-08	68.9
Query_1	303_RJUR01000011.1	22.865	363	201	14	150	461	1169517	1168513	2.52e-06	63.2
Query_1	303_RJUR01000011.1	22.500	360	209	12	146	458	916376	915366	3.48e-05	59.3
Query_1	303_RJUR01000011.1	22.414	348	213	12	153	452	415362	414346	0.065	48.9
Query_1	303_LKGZ01000023.1	28.080	349	195	15	146	466	231953	230991	5.80e-15	91.3
Query_1	303_LKGZ01000023.1	25.145	517	268	21	146	573	65817	64357	5.64e-14	87.8
Query_1	303_LKGZ01000023.1	24.462	372	216	14	144	482	428458	427439	4.31e-08	68.9
Query_1	303_LKGZ01000023.1	22.414	348	213	12	153	452	354516	355532	0.065	48.9
Query_1	34028_SPFA01000011.1	25.588	340	194	15	143	446	62364	61414	6.59e-15	90.9
Query_1	294_JSFM01000032.1	25.203	369	217	12	144	482	132541	133560	1.07e-14	90.1
Query_1	294_CP032618.1	24.932	369	218	12	144	482	3342031	3341012	1.12e-14	90.1
Query_1	294_CP032618.1	23.204	362	201	13	150	461	3690720	3691724	2.06e-05	60.1
Query_1	294_CP032618.1	22.101	457	243	17	71	458	4831425	4832663	0.014	50.8
Query_1	294_UGUR01000001.1	25.203	369	217	12	144	482	3292603	3291584	1.19e-14	90.1
Query_1	294_UGUR01000001.1	23.204	362	201	13	150	461	3652793	3653797	1.84e-05	60.5
Query_1	294_UGUR01000001.1	22.101	457	243	15	71	458	4737772	4739010	5.98e-04	55.5
Query_1	287_JTSO01000072.1	23.346	514	276	21	146	575	83934	82495	1.21e-14	90.1
Query_1	287_CP029713.1	23.346	514	276	21	146	575	3552232	3553671	1.23e-14	90.1
Query_1	287_CP029713.1	23.747	379	202	16	140	461	3863771	3864817	6.75e-06	61.6
Query_1	287_CP029713.1	23.837	172	99	6	312	471	3452507	3452962	4.0	42.7
Query_1	1872427_NZRG01000055.1	25.676	370	209	14	144	475	202403	201378	1.27e-14	90.1
Query_1	1872427_PCBJ01000133.1	25.676	370	209	14	144	475	18498	17473	1.53e-14	89.7
Query_1	1872427_PBEO01000028.1	25.676	370	209	14	144	475	156164	155139	1.57e-14	89.7
Query_1	1547922_BBYR01000001.1	25.627	359	208	13	131	458	91689	92681	1.69e-14	89.7
Query_1	319939_JAANPJ010000040.1	26.016	369	214	12	144	482	16559	15540	1.71e-14	89.7
Query_1	319939_JAANPP010000041.1	26.016	369	214	12	144	482	17470	16451	1.71e-14	89.7
Query_1	319939_JAANPL010000037.1	26.016	369	214	12	144	482	19448	18429	1.71e-14	89.7
Query_1	316_DEVS01000021.1	28.272	382	199	18	130	466	36847	35792	2.22e-14	89.4
Query_1	316_DEVS01000021.1	30.328	122	76	4	508	626	36583	36236	3.1	43.1
Query_1	1871054_DMYQ01000350.1	25.816	337	191	10	151	458	12551	13471	2.33e-14	89.0
Query_1	294_CP008896.1	25.474	369	216	13	144	482	1105763	1104744	2.41e-14	89.4
Query_1	294_CP008896.1	21.785	381	203	14	144	458	2577237	2578292	0.059	48.9
Query_1	294_UGUS01000002.1	25.474	369	216	13	144	482	3593071	3592052	2.41e-14	89.4
Query_1	294_UGUS01000002.1	21.785	381	203	14	144	458	5039474	5040529	0.059	48.9
Query_1	316_BBQQ01000009.1	29.050	358	189	17	144	466	137371	136388	2.47e-14	89.0
Query_1	316_BBQQ01000009.1	23.701	308	175	8	140	409	226542	225685	2.08e-07	66.6
Query_1	316_BBQQ01000009.1	30.328	122	76	4	508	626	137179	136832	2.5	43.5
Query_1	34073_LVHG01000036.1	26.197	355	201	17	143	466	65231	66205	2.48e-14	89.0
Query_1	34073_JXQQ01000008.1	26.197	355	201	16	143	466	332887	333861	2.81e-14	89.0
Query_1	34073_JXQQ01000008.1	22.572	381	210	11	145	466	324638	325702	6.30e-05	58.5
Query_1	316_MQMM01000013.1	29.050	358	189	17	144	466	59745	58762	2.91e-14	89.0
Query_1	316_MQMM01000013.1	23.370	368	202	11	140	466	148812	147826	1.71e-07	67.0
Query_1	316_MQMM01000013.1	30.328	122	76	4	508	626	59553	59206	2.6	43.5
Query_1	76761_VWXU01000328.1	25.474	369	216	14	144	482	15526	14507	3.57e-14	88.6
Query_1	76761_VWXT01000247.1	25.474	369	216	14	144	482	17539	16520	3.58e-14	88.6
Query_1	319939_JAANPK010000012.1	25.745	369	215	12	144	482	117495	118514	3.68e-14	88.6
Query_1	294_CP015638.1	25.474	369	216	14	144	482	2718293	2717274	3.74e-14	88.6
Query_1	294_CP015638.1	23.183	289	178	8	151	409	4241772	4240948	4.15e-07	65.9
Query_1	294_CP015638.1	22.802	364	200	13	150	461	4245563	4246567	4.45e-05	58.9
Query_1	294_CP015637.1	25.474	369	216	14	144	482	2718371	2717352	3.74e-14	88.6
Query_1	294_CP015637.1	23.183	289	178	8	151	409	4293114	4293938	4.15e-07	65.9
Query_1	294_CP015637.1	22.802	364	200	13	150	461	4289323	4288319	4.45e-05	58.9
Query_1	287_NSYM01000001.1	25.556	360	209	14	146	471	707016	706012	4.55e-14	88.2
Query_1	470_UIRQ01000002.1	25.556	360	209	14	146	471	723477	722473	4.55e-14	88.2
Query_1	294_CABVHS010000007.1	25.203	369	217	14	144	482	266705	265686	4.99e-14	88.2
Query_1	316_CP046538.1	29.050	358	189	17	144	466	327600	328583	5.09e-14	88.2
Query_1	316_CP046538.1	25.500	400	222	15	128	476	3661120	3662244	7.29e-10	74.7
Query_1	316_CP046538.1	24.242	297	188	11	140	409	614991	615851	6.07e-08	68.6
Query_1	316_CP046538.1	23.569	297	167	8	151	409	238472	239296	2.31e-07	66.6
Query_1	316_CP046538.1	25.627	359	203	16	150	465	587037	588050	6.81e-05	58.5
Query_1	316_CP046538.1	30.328	122	76	4	508	626	327792	328139	3.6	43.1
Query_1	47920_LSIH01000172.1	25.068	367	215	14	131	466	30098	31111	5.15e-14	88.2
Query_1	303_JXOG01000181.1	25.145	517	268	21	146	573	114724	113264	5.60e-14	87.8
Query_1	1871054_RFSK01000089.1	24.928	345	199	11	150	465	8626	7685	5.61e-14	87.8
Query_1	319939_AP022642.1	25.474	369	216	12	144	482	4269466	4270485	5.99e-14	87.8
Query_1	319939_AP022642.1	24.510	306	170	11	150	407	1781030	1780152	2.02e-05	60.1
Query_1	319939_AP022642.1	21.495	321	191	12	180	458	2611805	2610900	2.3	43.5
Query_1	319939_PXJI01000057.1	25.474	369	216	12	144	482	26249	27268	6.00e-14	87.8
Query_1	319939_FOJP01000008.1	25.474	369	216	12	144	482	204721	203702	6.18e-14	87.8
Query_1	285_LMXT01000033.1	24.862	362	211	16	143	473	89244	90239	6.20e-14	87.8
Query_1	285_AWOR01000050.1	24.862	362	211	16	143	473	36585	37580	6.22e-14	87.8
Query_1	285_JNVD01000025.1	24.862	362	211	16	143	473	197579	198574	6.24e-14	87.8
Query_1	34028_SPET01000017.1	24.862	362	211	16	143	473	425170	426165	6.30e-14	87.8
Query_1	192_NOWT01000025.1	24.740	384	199	13	142	473	69127	68090	6.75e-14	87.8
Query_1	319939_JAANPN010000022.1	25.745	369	215	12	144	482	18300	17281	6.79e-14	87.8
Query_1	319939_JAANPM010000026.1	25.745	369	215	12	144	482	19705	18686	6.79e-14	87.8
Query_1	319939_JAANPU010000005.1	25.474	369	216	12	144	482	26520	25501	7.96e-14	87.4
Query_1	34073_QFOW01000006.1	24.706	340	197	14	143	446	54741	53791	8.19e-14	87.4
Query_1	34073_QFOS01000006.1	24.706	340	197	14	143	446	54741	53791	8.19e-14	87.4
Query_1	287_RWSV01000028.1	26.593	361	204	15	146	471	2515	3519	8.23e-14	87.4
Query_1	287_RWSW01000023.1	26.593	361	204	15	146	471	2515	3519	8.23e-14	87.4
Query_1	287_RWSX01000024.1	26.593	361	204	15	146	471	2515	3519	8.23e-14	87.4
Query_1	192_QXHE01000040.1	25.000	384	198	13	142	473	7863	8900	8.57e-14	87.4
Query_1	192_JPIR01000085.1	25.000	384	198	13	142	473	38538	37501	8.61e-14	87.4
Query_1	192_JPIS01000020.1	25.000	384	198	13	142	473	42881	43918	8.63e-14	87.4
Query_1	34073_JZWI01000047.1	26.389	288	172	8	150	409	10354	9527	8.64e-14	87.4
Query_1	192_POTD01000028.1	25.000	384	198	13	142	473	43769	44806	8.64e-14	87.4
Query_1	192_POQV01000025.1	25.000	384	198	13	142	473	44518	45555	8.64e-14	87.4
Query_1	33050_QFPJ01000028.1	24.719	534	298	22	123	576	25634	24105	8.65e-14	87.4
Query_1	33050_QFPJ01000028.1	23.269	361	225	13	132	466	27802	26798	5.22e-11	78.2
Query_1	192_VISK01000005.1	25.000	384	198	13	142	473	99671	100708	8.68e-14	87.4
Query_1	192_VITX01000009.1	25.000	384	198	13	142	473	45406	44369	8.71e-14	87.4
Query_1	192_CP012916.1	25.000	384	198	13	142	473	200039	199002	8.73e-14	87.4
Query_1	192_CP032341.1	25.000	384	198	13	142	473	40034	41071	8.73e-14	87.4
Query_1	192_CP033314.1	25.000	384	198	13	142	473	551918	550881	8.73e-14	87.4
Query_1	192_CP033320.1	25.000	384	198	13	142	473	533633	532596	8.73e-14	87.4
Query_1	294_DBFN01000027.1	25.203	369	217	14	144	482	239818	238799	9.73e-14	87.0
Query_1	294_JRYP01000009.1	25.203	369	217	14	144	482	140253	141272	9.77e-14	87.0
Query_1	294_JRYP01000009.1	23.529	289	177	8	151	409	1009405	1008581	3.01e-07	66.2
Query_1	294_JRYP01000009.1	22.691	379	199	14	141	461	1013122	1014150	9.01e-05	58.2
Query_1	287_MWXG01000024.1	26.243	362	204	15	146	471	34587	35591	1.00e-13	87.0
Query_1	287_MWXG01000024.1	23.837	172	99	6	312	471	114231	113776	4.1	42.7
Query_1	47920_LSHP01000094.1	25.000	372	223	15	146	490	46163	47191	1.03e-13	87.0
Query_1	76761_RXYH01000013.1	26.243	362	204	15	146	471	40560	41564	1.07e-13	87.0
Query_1	316_CP046903.1	26.243	362	204	15	146	471	120160	121164	1.07e-13	87.0
Query_1	319939_JAANPS010000026.1	25.474	369	216	12	144	482	28081	27062	1.57e-13	86.7
Query_1	192_QOKV01000002.1	25.000	384	198	13	142	473	49745	48708	1.75e-13	86.3
Query_1	192_POWG01000029.1	24.740	384	199	13	142	473	43760	44797	2.02e-13	86.3
Query_1	319939_WTFN01000017.1	25.203	369	217	12	144	482	4922	3903	2.24e-13	85.9
Query_1	192_QLKQ01000001.1	24.740	384	199	13	142	473	191690	192727	2.31e-13	85.9
Query_1	192_VITE01000024.1	24.740	384	199	13	142	473	41030	42067	2.31e-13	85.9
Query_1	192_VITG01000022.1	24.740	384	199	13	142	473	43720	42683	2.31e-13	85.9
Query_1	192_CP032323.1	24.740	384	199	13	142	473	561698	560661	2.32e-13	85.9
Query_1	192_CP032347.1	24.740	384	199	13	142	473	556313	557350	2.34e-13	85.9
Query_1	192_CP032332.1	24.740	384	199	13	142	473	751233	752270	2.34e-13	85.9
Query_1	287_QZZM01000031.1	26.316	361	205	15	146	471	2277	3281	2.36e-13	85.9
Query_1	192_VITH01000010.1	24.740	384	199	13	142	473	204932	205969	2.52e-13	85.9
Query_1	287_RXVM01000005.1	26.316	361	205	15	146	471	305524	304520	2.52e-13	85.9
Query_1	180282_LCZH01000029.1	25.378	331	199	13	147	446	44079	43138	2.83e-13	85.9
Query_1	1547922_BBYR01000039.1	25.606	289	173	9	150	409	177818	176991	2.84e-13	85.9
Query_1	1547922_BBYR01000039.1	27.059	255	144	9	150	374	180630	181358	4.36e-05	58.9
Query_1	300_CP011508.1	25.706	354	197	16	146	466	2830541	2831503	3.00e-13	85.5
Query_1	300_CP011508.1	21.944	360	217	11	140	466	3102093	3101107	3.42e-06	62.8
Query_1	300_CP011508.1	23.203	306	174	10	150	407	3106681	3107559	2.05e-04	57.0
Query_1	300_CP011508.1	32.184	87	49	2	146	222	942149	942409	4.2	42.7
Query_1	180282_CP045291.1	25.519	337	202	13	147	452	3784842	3785798	3.03e-13	85.5
Query_1	319939_JAANPO010000013.1	25.474	369	216	12	144	482	134699	135718	3.03e-13	85.5
Query_1	192_VITF01000002.1	24.740	384	199	13	142	473	39584	38547	3.13e-13	85.5
Query_1	192_VEWN01000002.1	24.740	384	199	13	142	473	709461	710498	3.16e-13	85.5
Query_1	287_NSNO01000045.1	26.934	349	199	15	146	466	964	2	3.27e-13	85.5
Query_1	292_CP013444.1	24.217	479	259	21	165	573	2793497	2794831	3.91e-13	85.1
Query_1	180282_LATT01000456.1	25.076	331	200	12	147	446	2117	3058	3.92e-13	85.1
Query_1	80866_DLJK01000027.1	25.076	331	200	12	147	446	83752	84693	4.02e-13	85.1
Query_1	80866_CP019171.1	25.076	331	200	12	147	446	3571491	3570550	4.05e-13	85.1
Query_1	80866_QFOC01000020.1	25.076	331	200	12	147	446	34852	33911	4.21e-13	85.1
Query_1	180282_JNWH01000014.1	25.076	331	200	12	147	446	70513	71454	4.45e-13	85.1
Query_1	180282_CP017420.1	25.076	331	200	12	147	446	521716	520775	4.49e-13	85.1
Query_1	180282_CP017420.1	23.077	195	126	5	156	336	1978559	1978005	7.59e-04	38.1
Query_1	180282_CP017420.1	21.201	283	150	9	353	576	1977924	1977118	7.59e-04	36.2
Query_1	80866_PEKB02000037.1	25.076	331	200	12	147	446	10651	9710	4.56e-13	84.7
Query_1	180282_SMMJ01000158.1	25.076	331	200	12	147	446	2497	3438	4.60e-13	84.7
Query_1	192_VITI01000015.1	24.740	384	199	13	142	473	70633	69596	4.61e-13	85.1
Query_1	192_CP007795.1	24.740	384	199	13	142	473	543148	544185	4.68e-13	85.1
Query_1	319939_JAANPQ010000001.1	25.474	369	216	12	144	482	20292	19273	4.76e-13	85.1
Query_1	319939_JAANPT010000001.1	25.474	369	216	12	144	482	20292	19273	4.76e-13	85.1
Query_1	80866_RJUY01000002.1	25.076	331	200	12	147	446	213723	214664	4.76e-13	85.1
Query_1	292_LPFU01000048.1	24.174	484	263	22	160	573	5496	4147	5.16e-13	84.7
Query_1	80866_CP022656.1	25.076	331	200	12	147	446	5208314	5207373	5.24e-13	84.7
Query_1	180282_FOKN01000009.1	25.076	331	200	12	147	446	196381	195440	5.31e-13	84.7
Query_1	1886637_SPEK01000009.1	25.076	331	200	12	147	446	73142	74083	5.32e-13	84.7
Query_1	80866_OCRO01000001.1	25.076	331	200	12	147	446	2833020	2833961	5.33e-13	84.7
Query_1	80866_DNXS01000258.1	25.076	331	200	12	147	446	641	1582	5.35e-13	84.7
Query_1	292_QTRG01000002.1	24.174	484	263	22	160	573	5497	4148	5.37e-13	84.7
Query_1	292_LPIS01000019.1	24.174	484	263	22	160	573	5495	4146	5.38e-13	84.7
Query_1	292_LPIT01000066.1	24.174	484	263	22	160	573	5495	4146	5.38e-13	84.7
Query_1	80866_FLCF02000010.1	25.076	331	200	12	147	446	53765	54706	5.39e-13	84.7
Query_1	292_QTRA01000017.1	24.174	484	263	22	160	573	5497	4148	5.53e-13	84.7
Query_1	292_QTRF01000044.1	24.174	484	263	22	160	573	35654	37003	5.66e-13	84.7
Query_1	292_LPIE01000018.1	24.174	484	263	22	160	573	140615	141964	5.67e-13	84.7
Query_1	292_JWAO01000639.1	24.174	484	263	22	160	573	5764	7113	5.71e-13	84.7
Query_1	292_LOWP01000078.1	24.174	484	263	22	160	573	364725	366074	5.74e-13	84.7
Query_1	292_QTRB01000021.1	24.174	484	263	22	160	573	5492	4143	5.77e-13	84.7
Query_1	292_LPJA01000038.1	24.174	484	263	22	160	573	77675	79024	5.78e-13	84.7
Query_1	292_JWAD01001065.1	24.174	484	263	22	160	573	5460	4111	5.80e-13	84.7
Query_1	292_BCNU01000069.1	24.174	484	263	22	160	573	21932	23281	6.04e-13	84.7
Query_1	329_PKQE01000004.1	25.606	289	173	9	150	409	299905	299078	6.05e-13	84.7
Query_1	292_LPKL01000022.1	24.174	484	263	22	160	573	263028	264377	6.09e-13	84.7
Query_1	292_LPCW01000064.1	24.431	483	261	22	161	573	376361	377707	6.15e-13	84.7
Query_1	292_LPIG01000028.1	24.174	484	263	22	160	573	266607	267956	6.25e-13	84.7
Query_1	292_UAQW01000008.1	24.174	484	263	22	160	573	908891	910240	6.27e-13	84.7
Query_1	292_CP023521.1	24.174	484	263	22	160	573	2127235	2128584	6.27e-13	84.7
Query_1	292_CP022084.2	24.174	484	263	22	160	573	3382639	3381290	6.27e-13	84.7
Query_1	292_LPES01000063.1	24.017	483	263	21	161	573	134416	135762	6.50e-13	84.3
Query_1	292_LPEZ01000019.1	24.017	483	263	21	161	573	5494	4148	6.50e-13	84.3
Query_1	292_LPEY01000046.1	24.017	483	263	21	161	573	134416	135762	6.50e-13	84.3
Query_1	292_LPEX01000077.1	24.017	483	263	21	161	573	134416	135762	6.50e-13	84.3
Query_1	292_LPEV01000011.1	24.017	483	263	21	161	573	5494	4148	6.50e-13	84.3
Query_1	292_LPEW01000035.1	24.017	483	263	21	161	573	134416	135762	6.50e-13	84.3
Query_1	292_LPFF01000077.1	24.017	483	263	21	161	573	134416	135762	6.50e-13	84.3
Query_1	292_LPET01000013.1	24.017	483	263	21	161	573	5494	4148	6.52e-13	84.3
Query_1	292_LPFG01000029.1	24.017	483	263	21	161	573	5494	4148	6.52e-13	84.3
Query_1	292_LPEE01000072.1	24.174	484	263	22	160	573	5551	4202	6.53e-13	84.3
Query_1	292_LPEU01000030.1	24.017	483	263	21	161	573	455052	456398	6.53e-13	84.3
Query_1	292_QTRH01000021.1	24.174	484	263	22	160	573	134450	135799	6.67e-13	84.3
Query_1	292_LPFW01000047.1	24.017	483	263	21	161	573	260257	261603	6.69e-13	84.3
Query_1	292_LPFL01000073.1	24.017	483	263	21	161	573	260257	261603	6.69e-13	84.3
Query_1	80866_KN046795.1	25.076	331	200	12	147	446	2779290	2778349	6.77e-13	84.3
Query_1	292_QTRK01000024.1	24.017	483	263	21	161	573	5490	4144	6.84e-13	84.3
Query_1	292_QLUZ01000004.1	24.431	483	261	22	161	573	35103	33757	6.88e-13	84.3
Query_1	292_LPHG01000045.1	24.017	483	263	21	161	573	5494	4148	6.98e-13	84.3
Query_1	319939_JAANPR010000035.1	26.962	293	175	8	144	409	37866	38708	7.00e-13	84.3
Query_1	292_VIWI01000013.1	24.174	484	263	22	160	573	131470	130121	7.29e-13	84.3
Query_1	329_MCGA01000035.1	25.606	289	173	9	150	409	65104	64277	7.47e-13	84.3
Query_1	292_LOYF01000043.1	24.431	483	261	22	161	573	382132	383478	7.49e-13	84.3
Query_1	292_LPID01000004.1	24.431	483	261	22	161	573	382141	383487	7.49e-13	84.3
Query_1	292_SNSR01000099.1	24.174	484	263	22	160	573	5546	4197	7.63e-13	84.3
Query_1	292_LOWW01000028.1	24.224	483	262	22	161	573	130328	131674	7.71e-13	84.3
Query_1	292_PTMA02000041.1	24.224	483	262	22	161	573	5723	4377	7.71e-13	84.3
Query_1	292_QTRL01000026.1	24.017	483	263	21	161	573	132601	133947	7.71e-13	84.3
Query_1	292_LPFA01000040.1	24.017	483	263	21	161	573	137045	138391	7.71e-13	84.3
Query_1	292_UARD01000012.1	24.224	483	262	22	161	573	28273	29619	7.75e-13	84.3
Query_1	292_KZ626732.1	24.224	483	262	22	161	573	2155048	2153702	7.77e-13	84.3
Query_1	292_LOWJ01000049.1	24.224	483	262	22	161	573	5494	4148	7.81e-13	84.3
Query_1	292_QTRM01000020.1	24.224	483	262	22	161	573	5494	4148	7.85e-13	84.3
Query_1	292_LOTV01000056.1	24.224	483	262	22	161	573	136893	138239	7.85e-13	84.3
Query_1	292_LPBP01000033.1	24.224	483	262	22	161	573	236975	238321	7.87e-13	84.3
Query_1	292_LOYO01000036.1	24.224	483	262	22	161	573	236975	238321	7.87e-13	84.3
Query_1	292_LOTU01000061.1	24.224	483	262	22	161	573	237130	238476	7.87e-13	84.3
Query_1	292_LPGF01000029.1	24.224	483	262	22	161	573	236938	238284	7.87e-13	84.3
Query_1	292_LPKC01000060.1	24.224	483	262	22	161	573	461994	463340	7.89e-13	84.3
Query_1	292_LPEM01000014.1	24.017	483	263	21	161	573	5539	4193	8.11e-13	84.3
Query_1	292_LPIF01000033.1	24.017	483	263	21	161	573	134846	136192	8.12e-13	84.3
Query_1	292_SNSP01000029.1	24.174	484	263	22	160	573	5546	4197	8.44e-13	84.3
Query_1	292_SNSO01000035.1	24.174	484	263	22	160	573	5546	4197	8.44e-13	84.3
Query_1	292_SNSL01000035.1	24.174	484	263	22	160	573	5546	4197	8.44e-13	84.3
Query_1	292_SNSJ01000035.1	24.174	484	263	22	160	573	5546	4197	8.44e-13	84.3
Query_1	292_SNSN01000033.1	24.174	484	263	22	160	573	5546	4197	8.44e-13	84.3
Query_1	292_LOYD01000024.1	24.224	483	262	22	161	573	5539	4193	8.46e-13	84.0
Query_1	292_SNSS01000009.1	24.174	484	263	22	160	573	5546	4197	8.48e-13	84.3
Query_1	292_SNSH01000003.1	24.174	484	263	22	160	573	5546	4197	8.50e-13	84.3
Query_1	292_SNSQ01000004.1	24.174	484	263	22	160	573	5546	4197	8.50e-13	84.3
Query_1	292_SNSG01000003.1	24.174	484	263	22	160	573	5546	4197	8.50e-13	84.3
Query_1	292_SNSI01000004.1	24.174	484	263	22	160	573	5546	4197	8.50e-13	84.3
Query_1	292_SNSM01000002.1	24.174	484	263	22	160	573	5546	4197	8.50e-13	84.3
Query_1	292_SNSF01000001.1	24.174	484	263	22	160	573	297097	298446	8.51e-13	84.3
Query_1	292_SSHL01000003.1	24.174	484	263	22	160	573	302587	303936	8.51e-13	84.3
Query_1	292_SNSK01000003.1	24.174	484	263	22	160	573	5546	4197	8.51e-13	84.3
Query_1	292_LOSW01000075.1	24.224	483	262	22	161	573	130465	131811	8.62e-13	84.0
Query_1	292_LPBQ01000002.1	24.224	483	262	22	161	573	5580	4234	8.62e-13	84.0
Query_1	292_LOTX01000057.1	24.224	483	262	22	161	573	135613	136959	8.62e-13	84.0
Query_1	292_LOUT01000029.1	24.224	483	262	22	161	573	135613	136959	8.62e-13	84.0
Query_1	292_LPCZ01000022.1	24.224	483	262	22	161	573	214563	215909	8.64e-13	84.0
Query_1	292_LPDA01000019.1	24.224	483	262	22	161	573	214563	215909	8.64e-13	84.0
Query_1	292_QTRD01000008.1	24.224	483	262	22	161	573	5494	4148	8.64e-13	84.0
Query_1	292_QTRE01000008.1	24.224	483	262	22	161	573	5494	4148	8.64e-13	84.0
Query_1	292_LPDB01000055.1	24.224	483	262	22	161	573	299876	301222	8.65e-13	84.0
Query_1	292_LPBO01000018.1	24.224	483	262	22	161	573	5494	4148	8.66e-13	84.0
Query_1	292_LPGR01000024.1	24.224	483	262	22	161	573	5603	4257	1.15e-12	83.6
Query_1	292_LOUK01000112.1	24.017	483	263	21	161	573	135644	136990	1.18e-12	83.6
Query_1	292_LOUG01000109.1	24.017	483	263	21	161	573	135644	136990	1.18e-12	83.6
Query_1	292_LOUD01000132.1	24.017	483	263	21	161	573	135644	136990	1.18e-12	83.6
Query_1	292_LOUC01000083.1	24.017	483	263	21	161	573	135644	136990	1.18e-12	83.6
Query_1	292_LOUQ01000012.1	24.017	483	263	21	161	573	135644	136990	1.18e-12	83.6
Query_1	292_LOUR01000117.1	24.017	483	263	21	161	573	135644	136990	1.18e-12	83.6
Query_1	292_LOUN01000023.1	24.017	483	263	21	161	573	135644	136990	1.18e-12	83.6
Query_1	292_LOUP01000122.1	24.017	483	263	21	161	573	135644	136990	1.18e-12	83.6
Query_1	292_LOUO01000084.1	24.017	483	263	21	161	573	135644	136990	1.18e-12	83.6
Query_1	292_LOUM01000128.1	24.017	483	263	21	161	573	135644	136990	1.18e-12	83.6
Query_1	292_LOUL01000082.1	24.017	483	263	21	161	573	135644	136990	1.18e-12	83.6
Query_1	292_LOUJ01000019.1	24.017	483	263	21	161	573	135644	136990	1.18e-12	83.6
Query_1	292_LOUI01000087.1	24.017	483	263	21	161	573	135644	136990	1.18e-12	83.6
Query_1	292_LOUH01000002.1	24.017	483	263	21	161	573	135644	136990	1.18e-12	83.6
Query_1	292_LOUF01000005.1	24.017	483	263	21	161	573	135644	136990	1.18e-12	83.6
Query_1	292_LOUA01000111.1	24.017	483	263	21	161	573	135644	136990	1.18e-12	83.6
Query_1	292_LOUE01000002.1	24.017	483	263	21	161	573	135644	136990	1.18e-12	83.6
Query_1	292_LOUB01000023.1	24.017	483	263	21	161	573	135644	136990	1.18e-12	83.6
Query_1	292_LOTY01000042.1	24.017	483	263	21	161	573	135644	136990	1.18e-12	83.6
Query_1	292_LOTZ01000093.1	24.017	483	263	21	161	573	135644	136990	1.18e-12	83.6
Query_1	292_LPMP01000054.1	24.017	483	263	21	161	573	256833	258179	1.19e-12	83.6
Query_1	292_CP013376.1	24.224	483	262	22	161	573	3005249	3006595	1.24e-12	83.6
Query_1	43354_JOIJ01000034.1	23.598	517	298	19	158	603	16979	18451	1.29e-12	83.6
Query_1	329_CP023537.1	25.084	299	182	9	140	409	1067330	1068187	1.29e-12	83.6
Query_1	292_QTRI01000026.1	24.224	483	262	22	161	573	5494	4148	1.30e-12	83.6
Query_1	292_QTRJ01000009.1	24.224	483	262	22	161	573	5577	4231	1.32e-12	83.6
Query_1	80866_DDZR01000029.1	25.076	331	200	12	147	446	58675	59616	1.33e-12	83.6
Query_1	43354_VLJV01000001.1	23.598	517	298	19	158	603	2560581	2559109	1.34e-12	83.6
Query_1	1872427_DPCU01000147.1	24.786	351	206	14	146	466	4818	5786	1.35e-12	83.2
Query_1	292_LPKH01000115.1	24.224	483	262	22	161	573	5494	4148	1.35e-12	83.6
Query_1	292_JAACXU010000067.1	24.224	483	262	22	161	573	6176	4830	1.37e-12	83.6
Query_1	292_LDWF01000076.1	24.224	483	262	22	161	573	5762	4416	1.39e-12	83.6
Query_1	1872427_PCBJ01000073.1	24.786	351	206	14	146	466	11387	10419	1.39e-12	83.2
Query_1	292_LPCL01000047.1	24.224	483	262	22	161	573	5494	4148	1.39e-12	83.6
Query_1	292_LPLA01000036.1	24.224	483	262	22	161	573	5494	4148	1.39e-12	83.6
Query_1	292_QTRO01000015.1	24.224	483	262	22	161	573	5494	4148	1.39e-12	83.6
Query_1	292_LPKB01000112.1	24.224	483	262	22	161	573	152433	153779	1.39e-12	83.6
Query_1	292_QTRC01000006.1	24.224	483	262	22	161	573	5494	4148	1.40e-12	83.6
Query_1	292_QTRN01000006.1	24.224	483	262	22	161	573	5494	4148	1.40e-12	83.6
Query_1	292_LPHI01000015.1	24.224	483	262	22	161	573	258753	260099	1.40e-12	83.6
Query_1	33907_PHUJ01000003.1	25.150	501	297	20	165	603	5406593	5405139	1.41e-12	83.6
Query_1	1872427_PCBJ01000099.1	24.786	351	206	14	146	466	9860	10828	1.42e-12	83.2
Query_1	1872427_PAKR01000079.1	24.786	351	206	14	146	466	45451	44483	1.50e-12	83.2
Query_1	1872427_PAKR01000079.1	23.362	351	188	12	140	440	30488	29529	4.72e-07	65.5
Query_1	1872427_NZRG01000045.1	24.786	351	206	14	146	466	45451	44483	1.50e-12	83.2
Query_1	1872427_NZRG01000045.1	23.362	351	188	12	140	440	30488	29529	4.73e-07	65.5
Query_1	1872427_PBEO01000009.1	24.786	351	206	14	146	466	45471	44503	1.50e-12	83.2
Query_1	1872427_PBEO01000009.1	23.362	351	188	12	140	440	30508	29549	4.73e-07	65.5
Query_1	294_CABVIE010000011.1	22.664	503	291	21	146	574	153071	154507	1.55e-12	83.2
Query_1	1871054_PKWL01000034.1	25.694	288	172	8	151	409	14067	14891	1.56e-12	83.2
Query_1	1872122_WOZN01000085.1	24.217	351	206	14	147	466	2038	1073	2.46e-12	82.0
Query_1	413882_CP011371.1	25.208	361	208	14	146	471	4268711	4267710	3.22e-12	82.4
Query_1	676599_LLXU01000035.1	22.554	368	200	12	147	458	6937	5921	3.27e-12	82.4
Query_1	676599_PZOY01000004.1	22.554	368	200	12	147	458	338245	337229	3.29e-12	82.4
Query_1	287_PZJI01000062.1	25.706	354	197	16	146	466	22199	21237	3.51e-12	82.0
Query_1	287_PVXJ01000035.1	25.706	354	197	16	146	466	38441	37479	3.53e-12	82.0
Query_1	287_NSNM01000021.1	25.706	354	197	16	146	466	13850	14812	3.55e-12	82.0
Query_1	287_NTAH01000023.1	25.706	354	197	16	146	466	29128	30090	3.56e-12	82.0
Query_1	287_RAFX01000033.1	25.706	354	197	16	146	466	91853	90891	3.57e-12	82.0
Query_1	287_JRGP01000032.1	25.714	350	202	16	146	466	68188	69150	3.70e-12	82.0
Query_1	329_NREQ02000002.1	25.260	289	174	9	150	409	4659161	4658334	3.81e-12	82.0
Query_1	287_NSNO01000046.1	25.501	349	204	16	146	466	1055	93	4.04e-12	82.0
Query_1	329_JFZH01000006.1	25.260	289	174	9	150	409	43264	44091	4.23e-12	82.0
Query_1	329_MCGB01000057.1	25.260	289	174	9	150	409	513174	512347	4.26e-12	82.0
Query_1	329_GL520220.1	25.260	289	174	9	150	409	390890	391717	4.26e-12	82.0
Query_1	329_CABKQE010000003.1	25.260	289	174	9	150	409	629787	628960	4.26e-12	82.0
Query_1	857252_NBYK01000004.1	27.609	297	172	10	144	409	41624	42478	4.44e-12	81.6
Query_1	857252_NBYK01000004.1	25.344	363	207	15	146	471	287726	286719	5.49e-12	81.6
Query_1	857252_NBYK01000004.1	30.579	121	80	3	481	598	41735	42094	1.7	44.3
Query_1	857252_FNVE01000003.1	27.609	297	172	10	144	409	80096	80950	4.44e-12	81.6
Query_1	857252_FNVE01000003.1	25.344	363	207	15	146	471	326198	325191	5.50e-12	81.6
Query_1	857252_FNVE01000003.1	30.579	121	80	3	481	598	80207	80566	1.7	44.3
Query_1	5580_QZAI01005869.1	29.333	225	115	8	344	525	262	933	4.68e-12	79.7
Query_1	5580_QZAI01005869.1	31.000	100	66	2	254	351	8	304	8.5	41.2
Query_1	316_DICJ01000002.1	24.709	429	239	17	100	471	538258	539463	5.28e-12	81.6
Query_1	316_CP046902.1	24.709	429	239	17	100	471	4168093	4166888	5.28e-12	81.6
Query_1	316_CP046902.1	23.514	370	226	13	142	482	3170672	3171697	1.50e-07	67.0
Query_1	316_CP046902.1	24.513	359	198	13	145	446	1656048	1657076	1.97e-05	60.1
Query_1	33050_CP009429.1	24.157	356	211	12	142	466	3606145	3605162	5.28e-12	81.6
Query_1	33050_CP009429.1	26.513	347	190	16	156	466	3597979	3597026	9.65e-09	70.9
Query_1	33050_CP009429.1	25.978	358	203	14	145	463	3795146	3794142	3.40e-08	69.3
Query_1	33050_CP013344.1	24.157	356	211	12	142	466	3800964	3799981	5.28e-12	81.6
Query_1	33050_CP013344.1	26.513	347	190	16	156	466	3792798	3791845	9.65e-09	70.9
Query_1	33050_CP013344.1	25.978	358	203	14	145	463	3989965	3988961	3.40e-08	69.3
Query_1	287_NSWZ01000014.1	23.577	369	223	14	144	482	1166	2185	5.71e-12	81.6
Query_1	329_JFZG01000003.1	25.260	289	174	9	150	409	211057	211884	6.99e-12	81.3
Query_1	80866_DLHU01000124.1	25.312	320	191	12	158	446	1	909	7.16e-12	81.3
Query_1	303_JXOG01000163.1	26.243	362	204	15	146	471	18129	17125	7.16e-12	81.3
Query_1	301_PTLV01000068.1	24.516	465	257	22	146	576	11114	9900	7.46e-12	80.9
Query_1	587753_CP011110.1	25.075	335	186	12	147	442	620224	621150	7.56e-12	81.3
Query_1	587753_CP011110.1	21.483	391	215	13	147	471	1386309	1385215	0.023	50.1
Query_1	287_RABH01000069.1	25.501	349	204	16	146	466	15776	16738	8.01e-12	80.9
Query_1	287_RXEX01000020.1	25.501	349	204	16	146	466	37193	36231	8.11e-12	80.9
Query_1	287_WOAQ01000009.1	25.501	349	204	16	146	466	26449	25487	8.71e-12	80.9
Query_1	287_WOAQ01000009.1	23.837	172	99	6	312	471	255334	254879	4.0	42.7
Query_1	587753_QJRW01000002.1	24.484	339	187	12	147	442	61854	60916	9.27e-12	80.9
Query_1	294_CABVHE010000068.1	25.581	387	227	14	137	479	28498	27389	9.78e-12	80.9
Query_1	5580_QZBG01000404.1	28.854	253	148	10	145	377	6293	5571	1.30e-11	80.1
Query_1	33050_CP012700.1	23.810	357	211	12	142	466	660025	661008	1.39e-11	80.1
Query_1	33050_CP012700.1	26.513	347	190	16	156	466	668194	669147	8.78e-09	71.2
Query_1	33050_CP012700.1	25.208	361	202	14	145	463	3477546	3476542	5.67e-08	68.6
Query_1	232_DMZW01000067.1	25.170	294	184	7	140	409	4632	3787	1.47e-11	79.7
Query_1	232_DPWH01000287.1	25.170	294	184	7	140	409	1977	1132	1.50e-11	80.1
Query_1	232_DPLD01000240.1	25.170	294	184	7	140	409	2303	1458	1.52e-11	80.1
Query_1	232_NYVW01000029.1	25.170	294	184	7	140	409	6189	5344	1.53e-11	80.1
Query_1	232_DOVN01000096.1	25.170	294	184	7	140	409	19395	20240	1.55e-11	80.1
Query_1	232_DOVZ01000408.1	25.170	294	184	7	140	409	15822	16667	1.56e-11	80.1
Query_1	287_RXWC01000032.1	25.424	354	198	16	146	466	62380	63342	2.02e-11	79.7
Query_1	553151_NWMT01000244.1	24.865	370	203	16	144	471	69980	70990	2.18e-11	79.7
Query_1	553151_CP033116.1	24.865	370	203	16	144	471	2934181	2933171	2.20e-11	79.7
Query_1	553151_CP033116.1	23.701	308	175	9	140	409	2701627	2702484	8.39e-08	67.8
Query_1	553151_CP033116.1	21.237	372	196	13	150	461	2699435	2698431	9.65e-06	61.2
Query_1	553151_CP033116.1	20.573	384	225	9	145	471	566958	565876	1.45e-04	57.4
Query_1	316_DGJN01000009.1	27.381	252	131	11	255	482	117914	117243	2.24e-11	59.3
Query_1	316_DGJN01000009.1	28.395	81	56	1	142	220	118269	118027	2.24e-11	40.8
Query_1	303_LUCV01000007.1	25.278	360	210	14	144	473	2997	2005	2.25e-11	79.7
Query_1	303_LUCV01000007.1	25.806	372	211	15	144	482	12290	11271	7.51e-10	74.7
Query_1	316_DDPI01000142.1	25.405	370	219	14	142	482	20081	21106	2.33e-11	79.3
Query_1	306_DMLI01000119.1	25.405	370	219	14	142	482	6540	5515	2.33e-11	79.3
Query_1	316_JVYC01000157.1	25.405	370	219	14	142	482	8218	7193	2.34e-11	79.3
Query_1	316_DDZQ01000029.1	25.405	370	219	14	142	482	10568	9543	2.34e-11	79.3
Query_1	316_DLIV01000058.1	25.116	430	241	16	99	472	26943	28157	2.37e-11	79.3
Query_1	316_DLIV01000058.1	25.337	371	218	14	142	482	5762	4737	2.26e-10	76.3
Query_1	316_DLMK01000017.1	25.405	370	219	14	142	482	27851	26826	2.37e-11	79.3
Query_1	316_DGLL01000017.1	25.405	370	219	14	142	482	20084	21109	2.40e-11	79.3
Query_1	316_RHRF01000011.1	25.405	370	219	14	142	482	120252	119227	2.40e-11	79.3
Query_1	316_RHRI01000011.1	25.405	370	219	14	142	482	120252	119227	2.40e-11	79.3
Query_1	316_RHRG01000011.1	25.405	370	219	14	142	482	20148	21173	2.40e-11	79.3
Query_1	316_RHRH01000011.1	25.405	370	219	14	142	482	20659	21684	2.40e-11	79.3
Query_1	316_DCFG01000019.1	25.405	370	219	14	142	482	28164	29189	2.40e-11	79.3
Query_1	316_DJUH01000030.1	25.405	370	219	14	142	482	112237	113262	2.41e-11	79.3
Query_1	317_LGSI01000074.1	22.203	581	314	21	144	628	81897	83513	2.41e-11	79.3
Query_1	316_CP011854.1	25.405	370	219	14	142	482	2005915	2004890	2.42e-11	79.3
Query_1	316_CP011854.1	23.864	352	212	14	140	461	3243196	3244173	3.07e-08	69.3
Query_1	316_CP011854.1	23.743	358	213	11	140	466	2203697	2204683	4.05e-07	65.9
Query_1	316_CP011854.1	23.607	377	188	14	150	465	2198440	2197427	9.01e-07	64.7
Query_1	316_CP011854.1	23.261	417	227	16	128	477	1422561	1423733	1.68e-06	63.5
Query_1	316_CP011854.1	24.079	353	202	14	146	446	1023450	1024466	0.003	53.1
Query_1	316_WVWL01000019.1	25.135	370	220	14	142	482	119887	118862	2.47e-11	79.3
Query_1	316_WVXA01000026.1	25.135	370	220	14	142	482	119887	118862	2.47e-11	79.3
Query_1	316_WVYB01000033.1	25.135	370	220	14	142	482	119887	118862	2.47e-11	79.3
Query_1	316_WVYJ01000041.1	25.135	370	220	14	142	482	119887	118862	2.47e-11	79.3
Query_1	316_WVYZ01000036.1	25.135	370	220	14	142	482	119887	118862	2.47e-11	79.3
Query_1	316_WVZJ01000056.1	25.135	370	220	14	142	482	119887	118862	2.47e-11	79.3
Query_1	316_WWAI01000033.1	25.135	370	220	14	142	482	119887	118862	2.47e-11	79.3
Query_1	316_WWAV01000013.1	25.135	370	220	14	142	482	119887	118862	2.47e-11	79.3
Query_1	316_WWBQ01000026.1	25.135	370	220	14	142	482	119887	118862	2.47e-11	79.3
Query_1	317_JPQT01000119.1	22.203	581	314	21	144	628	268399	266783	2.47e-11	79.3
Query_1	303_MKZO01000023.1	25.000	360	211	14	144	473	3116	2124	2.48e-11	79.3
Query_1	303_MKZO01000023.1	24.731	372	215	15	144	482	10746	9727	6.33e-08	68.2
Query_1	106590_CP017758.1	26.087	299	179	9	140	409	1190203	1191060	2.50e-11	79.3
Query_1	301_QXDA01000001.1	24.661	369	219	14	144	482	757158	756139	2.52e-11	79.3
Query_1	303_SMTE01000001.1	25.203	369	217	14	144	482	272991	271972	2.82e-11	79.3
Query_1	50741_PBED01000020.1	22.677	538	277	18	140	578	72874	71381	2.87e-11	79.3
Query_1	50741_PBED01000020.1	22.320	569	302	21	140	598	75122	76738	2.32e-10	76.3
Query_1	316_DBGD01000046.1	25.405	370	219	14	142	482	38671	39696	3.32e-11	79.0
Query_1	287_LLTS01000127.1	23.840	474	262	21	46	482	3051	4286	3.51e-11	79.0
Query_1	306_DMUG01000103.1	25.067	371	219	14	142	482	15181	16206	3.57e-11	79.0
Query_1	287_LLTQ01000128.1	23.840	474	262	21	46	482	3297	4532	3.61e-11	79.0
Query_1	300_CP023641.1	25.215	349	205	16	146	466	2653491	2652529	3.61e-11	79.0
Query_1	300_CP023641.1	21.777	349	209	11	151	466	2483719	2484672	1.02e-04	57.8
Query_1	300_CP023641.1	32.184	87	49	2	146	222	4571886	4571626	6.8	42.0
Query_1	287_LLVN01000131.1	23.840	474	262	21	46	482	3286	4521	3.67e-11	79.0
Query_1	287_LZQI01000036.1	23.840	474	262	21	46	482	12937	11702	3.70e-11	79.0
Query_1	316_DDGX01000047.1	25.067	371	219	14	142	482	56001	54976	3.74e-11	79.0
Query_1	303_LBME01000006.1	24.661	369	219	14	144	482	742130	743149	3.93e-11	79.0
Query_1	303_LBME01000006.1	23.232	396	214	14	147	489	921427	922503	3.08e-07	66.2
Query_1	303_UGUY01000001.1	24.661	369	219	14	144	482	4148245	4149264	3.93e-11	79.0
Query_1	303_UGUY01000001.1	25.337	371	203	12	137	458	4256184	4257221	4.52e-09	72.0
Query_1	303_UGUY01000001.1	23.485	396	213	14	147	489	4339630	4340706	1.88e-07	66.6
Query_1	303_UGUY01000001.1	22.093	172	102	5	312	471	1903614	1903159	4.2	42.7
Query_1	316_JXTL01000027.1	25.135	370	220	14	142	482	18991	20016	3.95e-11	78.6
Query_1	316_LSVE01000012.1	25.135	370	220	14	142	482	639333	638308	4.00e-11	78.6
Query_1	316_LSVE01000012.1	23.261	417	227	16	128	477	64201	65373	1.49e-06	63.9
Query_1	306_SEEE01000535.1	24.932	369	218	14	144	482	564	1583	4.13e-11	78.2
Query_1	303_QAYO01000089.1	24.060	399	218	15	137	479	108728	109837	4.46e-11	78.6
Query_1	303_JUHC01000008.1	24.060	399	218	15	137	479	88232	89341	4.46e-11	78.6
Query_1	300_CP027657.1	24.661	369	219	14	144	482	4769220	4770239	4.59e-11	78.6
Query_1	300_CP027657.1	22.254	355	213	10	140	461	5722178	5721204	6.63e-07	65.1
Query_1	300_CP027657.1	25.253	297	179	12	150	407	5728577	5729455	0.001	54.3
Query_1	303_QXDD01000001.1	24.661	369	219	14	144	482	63835	62816	4.71e-11	78.6
Query_1	303_QXDD01000001.1	23.485	396	213	14	147	489	5514798	5513722	2.27e-07	66.6
Query_1	303_QXDD01000001.1	22.093	172	102	5	312	471	3917040	3916585	4.5	42.7
Query_1	306_DQAA01000303.1	24.722	360	212	14	144	473	3475	2483	4.87e-11	78.2
Query_1	53408_WNEE01000001.1	22.642	371	228	13	142	482	2774	3799	4.97e-11	78.6
Query_1	306_NYYR01000291.1	25.203	369	217	14	144	482	3801	4820	5.10e-11	78.2
Query_1	306_SPEU01000027.1	24.041	391	217	14	140	479	53979	55064	5.60e-11	78.2
Query_1	294_CABVHC010000001.1	24.932	369	218	14	144	482	114809	113790	5.91e-11	78.2
Query_1	292_LOYH01000075.1	26.586	331	185	16	160	467	84148	85035	6.12e-11	78.2
Query_1	292_LOYH01000075.1	44.186	43	24	0	531	573	85369	85497	9.0	41.6
Query_1	294_CABVHF010000001.1	24.932	369	218	14	144	482	616267	617286	6.34e-11	78.2
Query_1	294_CABVHF010000001.1	22.222	369	196	13	150	461	802885	803889	1.34e-05	60.8
Query_1	232_DMZW01000131.1	26.183	317	191	10	165	465	8498	9367	6.86e-11	77.8
Query_1	306_DQAV01000142.1	24.793	363	209	15	146	471	2694	1687	6.99e-11	77.4
Query_1	106590_LVWN01000018.1	25.753	299	180	9	140	409	8447	9304	7.61e-11	77.8
Query_1	106590_LMVF01000018.1	25.753	299	180	9	140	409	8447	9304	7.61e-11	77.8
Query_1	285_LMXT01000011.1	22.428	486	271	19	138	558	195201	196535	7.90e-11	77.8
Query_1	285_JNVD01000022.1	22.428	486	271	19	138	558	121277	119943	7.92e-11	77.8
Query_1	53408_CP015878.1	23.306	369	224	14	144	482	2799596	2800615	7.99e-11	77.8
Query_1	53408_CP015878.1	24.566	346	205	13	142	458	3340578	3339622	2.17e-09	73.2
Query_1	53408_CP015878.1	23.759	282	171	8	158	409	2795140	2795943	1.68e-06	63.5
Query_1	53408_CP015878.1	22.788	373	189	14	150	461	2791103	2790099	1.63e-05	60.5
Query_1	53408_CP015878.1	23.077	377	212	12	147	466	4966363	4965296	2.56e-05	59.7
Query_1	303_MIND01000018.1	24.932	369	218	14	144	482	3381499	3380480	8.20e-11	77.8
Query_1	303_MIND01000018.1	22.222	369	196	13	150	461	3219453	3218449	1.39e-05	60.8
Query_1	1708783_PPSK01000004.1	24.533	428	236	19	146	538	138756	137629	8.98e-11	77.4
Query_1	329_DBAD01000108.1	24.913	289	175	9	150	409	3689	4516	9.29e-11	77.4
Query_1	306_DOVX01000246.1	25.344	363	207	14	146	471	8880	9887	9.39e-11	77.4
Query_1	303_CP039371.1	24.661	369	219	14	144	482	3222411	3221392	9.98e-11	77.4
Query_1	303_CP039371.1	22.980	396	215	14	147	489	4171067	4172143	4.37e-07	65.5
Query_1	303_CP039371.1	23.837	172	99	6	312	471	1263034	1262579	0.081	48.5
Query_1	303_CP039371.1	28.226	124	61	5	354	466	2497510	2497830	1.2	44.7
Query_1	306_NZVM01000022.1	25.344	363	207	14	146	471	125181	126188	1.00e-10	77.4
Query_1	106590_QDHA01000058.1	25.753	299	180	9	140	409	14926	15783	1.06e-10	77.4
Query_1	316_RHQV01000011.1	26.190	378	206	16	142	482	84724	83699	1.07e-10	77.4
Query_1	53408_LKKN01000054.1	23.306	369	224	14	144	482	92537	91518	1.21e-10	77.0
Query_1	53408_LKJO01000081.1	23.306	369	224	14	144	482	284	1303	1.22e-10	77.0
Query_1	306_DOTX01000308.1	24.390	369	220	14	144	482	6495	7514	1.25e-10	77.0
Query_1	316_MQMM01000017.1	26.065	399	219	15	120	476	417804	418898	1.34e-10	77.0
Query_1	53408_FOLS01000030.1	23.306	369	224	14	144	482	33669	32650	1.36e-10	77.0
Query_1	53408_FOLS01000030.1	23.759	282	171	8	158	409	38103	37300	4.68e-07	65.5
Query_1	53408_FOLS01000030.1	22.043	372	193	13	150	461	42172	43176	2.68e-05	59.7
Query_1	53408_PISI01000039.1	23.306	369	224	14	144	482	250944	251963	1.36e-10	77.0
Query_1	53408_PISI01000039.1	23.759	282	171	8	158	409	246510	247313	4.71e-07	65.5
Query_1	53408_PISI01000039.1	22.043	372	193	13	150	461	242441	241437	2.69e-05	59.7
Query_1	292_CP045236.1	26.364	330	185	15	161	467	3370760	3369876	1.49e-10	77.0
Query_1	292_CP045236.1	44.186	43	24	0	531	573	3369542	3369414	8.6	42.0
Query_1	53408_BGPP01000005.1	23.306	369	224	14	144	482	119393	118374	1.54e-10	77.0
Query_1	53408_BGPP01000005.1	23.759	282	171	8	158	409	123839	123036	4.71e-07	65.5
Query_1	53408_BGPP01000005.1	22.043	372	193	13	150	461	127911	128915	2.27e-05	60.1
Query_1	317_PPYD01000005.1	23.373	338	191	10	147	442	255512	254577	1.59e-10	76.6
Query_1	316_DBZE01000023.1	24.595	370	222	14	142	482	460	1485	1.64e-10	76.6
Query_1	316_DFMQ01000003.1	25.474	369	216	14	144	482	27357	28376	1.77e-10	76.6
Query_1	316_DFMQ01000003.1	23.906	297	189	11	140	409	17116	17976	1.05e-07	67.8
Query_1	316_DERD01000030.1	25.474	369	216	14	144	482	24996	23977	1.77e-10	76.6
Query_1	316_DERD01000030.1	23.906	297	189	11	140	409	35237	34377	1.05e-07	67.8
Query_1	306_PAJU01000019.1	25.474	369	216	14	144	482	25071	24052	1.78e-10	76.6
Query_1	306_PAJU01000019.1	23.906	297	189	11	140	409	35312	34452	1.05e-07	67.8
Query_1	306_DPWL01000131.1	25.069	363	208	14	146	471	4006	5013	1.92e-10	76.3
Query_1	316_DKEM01000007.1	24.796	367	212	12	146	471	49163	50194	1.94e-10	76.6
Query_1	316_DLJB01000045.1	24.595	370	222	14	142	482	30511	29486	2.15e-10	76.3
Query_1	306_DQCX01000089.1	24.495	396	233	16	118	482	1406	2488	2.22e-10	75.9
Query_1	306_DQCX01000089.1	29.565	115	74	4	508	616	1658	1999	8.7	41.6
Query_1	316_DGDB01000009.1	24.595	370	222	14	142	482	51596	52621	2.37e-10	76.3
Query_1	300_LR134290.1	24.119	369	221	13	144	482	2839539	2838520	2.40e-10	76.3
Query_1	300_LR134290.1	22.535	355	212	10	140	461	2960912	2959938	2.33e-07	66.6
Query_1	300_LR134290.1	23.913	368	204	12	146	452	1020079	1021137	5.51e-05	58.9
Query_1	306_DMMD01000193.1	24.495	396	233	16	118	482	14430	13348	2.63e-10	75.9
Query_1	292_LOSV01000143.1	26.364	330	185	16	161	467	6123	5239	2.88e-10	75.9
Query_1	292_LOSV01000143.1	44.186	43	24	0	531	573	4905	4777	8.1	42.0
Query_1	294_LACC01000011.1	23.121	346	213	12	147	452	540826	541824	3.24e-10	75.9
Query_1	50422_SDWK01000051.1	24.507	355	209	14	142	466	731	1708	3.30e-10	75.5
Query_1	316_DBHT01000082.1	24.324	370	223	13	142	482	25011	23986	3.41e-10	75.9
Query_1	316_DBHT01000082.1	23.569	297	190	11	140	409	33440	32580	7.36e-07	64.7
Query_1	380021_QJRN01000021.1	24.022	358	196	12	135	442	58476	57481	3.44e-10	75.9
Query_1	380021_LUUE01000071.1	24.022	358	196	12	135	442	59006	58011	3.47e-10	75.9
Query_1	254161_MUBC01000011.1	25.069	363	208	14	146	471	21386	20379	3.75e-10	75.5
Query_1	254161_FOUD01000018.1	25.069	363	208	14	146	471	25783	24776	3.75e-10	75.5
Query_1	316_POUK01000007.1	25.500	400	222	15	128	476	98775	99899	3.83e-10	75.5
Query_1	303_CP018846.1	24.289	387	221	14	140	479	3479246	3478161	3.84e-10	75.5
Query_1	303_CP018846.1	23.360	381	212	13	144	470	980343	981407	4.95e-08	68.6
Query_1	303_CP018846.1	22.727	396	216	14	147	489	1771497	1772573	5.19e-06	62.0
Query_1	303_CP018846.1	22.674	172	101	5	312	471	841444	840989	3.6	43.1
Query_1	50741_NVVA01000007.1	22.496	569	301	22	140	598	41277	39661	3.98e-10	75.5
Query_1	50741_NVVA01000007.1	24.667	300	182	8	140	409	43538	44395	6.50e-08	68.2
Query_1	300_UGUT01000001.1	24.390	369	220	14	144	482	922291	921272	4.22e-10	75.5
Query_1	587753_LT629761.1	24.776	335	187	12	147	442	1617082	1618008	4.41e-10	75.5
Query_1	587753_LT629761.1	19.847	393	219	12	147	471	2327612	2326518	10.0	41.6
Query_1	306_DMZQ01000154.1	25.313	399	222	15	120	476	8403	7309	4.62e-10	75.1
Query_1	294_LCZB01000071.1	24.022	358	196	12	135	442	64705	63710	4.64e-10	75.1
Query_1	316_JUDR01000009.1	25.313	399	222	15	120	476	62691	61597	4.86e-10	75.1
Query_1	316_DKLR01000042.1	25.313	399	222	15	120	476	5837	6931	5.06e-10	75.1
Query_1	316_CP007441.1	24.548	387	235	14	125	482	2027005	2025929	5.09e-10	75.1
Query_1	316_CP007441.1	23.653	427	246	16	100	471	1272828	1274033	1.16e-09	73.9
Query_1	316_CP007441.1	23.380	355	203	12	146	446	3757081	3756062	0.023	50.1
