Query_1	192_QOKV01000015.1	63.869	274	97	2	89	360	29044	29865	5.96e-92	312
Query_1	192_CP032345.1	65.556	270	88	2	98	362	2636122	2635313	9.50e-91	309
Query_1	192_CP032345.1	56.458	271	112	3	96	362	369978	370784	4.75e-82	284
Query_1	192_CP032345.1	27.935	247	122	9	97	288	2553851	2554588	0.078	47.4
Query_1	192_VITI01000022.1	62.774	274	100	2	89	360	22690	21869	4.30e-90	307
Query_1	192_CP032323.1	63.043	276	100	2	89	362	477119	477946	3.28e-89	304
Query_1	192_VITH01000007.1	64.074	270	92	2	98	362	157137	156328	3.28e-88	301
Query_1	192_VITH01000007.1	28.767	219	108	7	117	288	77525	78178	2.2	42.7
Query_1	192_QXHE01000056.1	63.869	274	97	2	89	360	11376	12197	2.64e-87	299
Query_1	192_JPIS01000058.1	63.869	274	97	2	89	360	24384	23563	6.38e-87	298
Query_1	192_JPIR01000069.1	63.869	274	97	2	89	360	24308	23487	6.40e-87	298
Query_1	192_VITX01000012.1	63.869	274	97	2	89	360	24458	23637	6.46e-87	298
Query_1	192_POQV01000012.1	63.869	274	97	2	89	360	24661	23840	6.46e-87	298
Query_1	192_POTD01000013.1	63.869	274	97	2	89	360	24678	23857	6.46e-87	298
Query_1	192_VISK01000007.1	63.869	274	97	2	89	360	28783	27962	6.46e-87	298
Query_1	192_CP033313.1	63.869	274	97	2	89	360	994021	994842	6.49e-87	298
Query_1	192_CP033319.1	63.869	274	97	2	89	360	1011711	1012532	6.49e-87	298
Query_1	192_CP012915.1	63.869	274	97	2	89	360	1551723	1550902	6.49e-87	298
Query_1	192_CP032340.1	63.869	274	97	2	89	360	580694	581515	6.49e-87	298
Query_1	192_VITF01000009.1	63.139	274	99	2	89	360	251147	251968	8.00e-87	297
Query_1	192_NOWT01000005.1	61.957	276	103	2	89	362	275732	276559	1.33e-86	297
Query_1	192_CP032332.1	62.681	276	101	2	89	362	830175	829348	1.96e-86	296
Query_1	192_CP007795.1	62.681	276	101	2	89	362	619725	618898	1.98e-86	296
Query_1	192_VITE01000017.1	64.234	274	96	2	89	360	24377	23556	1.75e-85	293
Query_1	192_QLKQ01000128.1	63.043	276	100	2	89	362	4763	3936	2.48e-85	293
Query_1	192_VITG01000015.1	63.869	274	97	2	89	360	24526	23705	8.10e-85	291
Query_1	192_QXHE01000059.1	58.824	272	109	2	96	364	6981	6166	1.34e-83	288
Query_1	192_QLKQ01000002.1	58.824	272	109	2	96	364	105827	106642	1.43e-83	288
Query_1	192_VITX01000016.1	58.824	272	109	2	96	364	176072	175257	1.59e-83	288
Query_1	192_POTD01000016.1	58.824	272	109	2	96	364	6079	6894	1.59e-83	288
Query_1	192_POQV01000015.1	58.824	272	109	2	96	364	6079	6894	1.59e-83	288
Query_1	192_VISK01000017.1	58.824	272	109	2	96	364	127930	127115	1.59e-83	288
Query_1	192_JPIR01000017.1	58.824	272	109	2	96	364	110948	111763	1.59e-83	288
Query_1	192_JPIS01000013.1	58.824	272	109	2	96	364	111063	111878	1.59e-83	288
Query_1	192_CP033312.1	58.824	272	109	2	96	364	2058737	2057922	1.59e-83	288
Query_1	192_CP033312.1	27.935	247	122	8	97	288	1316206	1316943	0.030	48.5
Query_1	192_CP012914.1	58.824	272	109	2	96	364	1842763	1843578	1.59e-83	288
Query_1	192_CP012914.1	27.935	247	122	8	97	288	1169512	1170249	0.030	48.5
Query_1	192_CP032339.1	58.824	272	109	2	96	364	558126	558941	1.59e-83	288
Query_1	192_CP032339.1	27.935	247	122	8	97	288	2875757	2876494	0.030	48.5
Query_1	192_CP033318.1	58.824	272	109	2	96	364	2126868	2126053	1.59e-83	288
Query_1	192_CP033318.1	27.935	247	122	8	97	288	1383990	1384727	0.030	48.5
Query_1	192_VITG01000008.1	58.456	272	110	2	96	364	176200	175385	1.60e-83	288
Query_1	192_VITI01000006.1	58.242	273	111	2	96	365	108111	108929	4.99e-83	286
Query_1	192_VITF01000006.1	59.191	272	108	2	96	364	230302	231117	5.66e-83	286
Query_1	192_POWG01000010.1	61.290	279	103	3	89	362	38100	37264	9.87e-83	286
Query_1	192_VEWN01000011.1	61.290	279	103	3	89	362	31513	30677	1.21e-82	285
Query_1	192_NOWT01000003.1	57.509	273	113	2	96	365	252922	253740	9.86e-82	283
Query_1	192_CP032321.1	55.762	269	114	2	98	362	708793	709596	2.61e-81	281
Query_1	192_CP032321.1	28.054	221	111	7	115	288	49817	50476	0.33	45.1
Query_1	192_QOKV01000001.1	57.721	272	112	2	96	364	812524	811709	3.41e-81	281
Query_1	192_VEWN01000001.1	57.353	272	113	2	96	364	1063726	1062911	5.74e-81	280
Query_1	192_CP007793.1	57.353	272	113	2	96	364	1191355	1190540	6.26e-81	280
Query_1	192_CP007793.1	28.054	221	111	7	115	288	1891926	1891267	0.21	45.8
Query_1	192_POWG01000001.1	57.353	272	113	2	96	364	206456	205641	9.10e-81	280
Query_1	28066_MTJN01000002.1	51.437	348	158	4	18	362	3450945	3451964	1.67e-80	279
Query_1	192_VITE01000001.1	57.353	272	113	2	96	364	462019	461204	3.60e-80	278
Query_1	192_CP032330.1	57.037	270	113	2	98	364	1221741	1222550	9.26e-80	277
Query_1	192_CP032330.1	28.636	220	109	7	116	288	555521	556177	0.22	45.8
Query_1	192_VITH01000008.1	56.618	272	115	2	96	364	230232	231047	2.24e-79	276
Query_1	354_FPKM01000071.1	53.535	297	116	4	89	365	13590	12706	2.05e-77	270
Query_1	354_FPKM01000071.1	71.875	32	9	0	17	48	13965	13870	2.1	42.7
Query_1	413882_CP011371.1	56.159	276	117	3	89	362	15676	14855	1.37e-73	259
Query_1	413882_CP011371.1	50.355	282	124	5	98	365	3415346	3414507	7.84e-63	228
Query_1	413882_CP011371.1	31.776	107	62	4	105	201	1714299	1713982	0.005	50.8
Query_1	29443_SLZQ01000007.1	54.762	294	111	4	89	360	130958	131839	1.61e-73	259
Query_1	1871054_RFSK01000011.1	52.878	278	123	3	89	359	131872	131042	4.32e-73	258
Query_1	1871054_PKWL01000130.1	53.025	281	121	3	89	361	10073	9240	5.31e-73	258
Query_1	192_QFQT01000008.1	56.272	279	114	3	89	360	294296	295129	5.81e-72	254
Query_1	134375_DQFG01000067.1	54.317	278	115	4	89	360	2498	3313	1.67e-71	253
Query_1	1886637_SPEK01000012.1	51.261	357	160	7	18	362	350887	349823	3.16e-70	249
Query_1	180282_FOKN01000001.1	51.261	357	160	7	18	362	768192	767128	3.16e-70	249
Query_1	180282_LCZH01000013.1	51.261	357	160	7	18	362	261458	260394	3.65e-70	249
Query_1	180282_LATT01000023.1	51.261	357	160	7	18	362	12888	11824	4.52e-70	249
Query_1	180282_JNWH01000041.1	51.261	357	160	7	18	362	27591	26527	4.54e-70	249
Query_1	180282_CP017420.1	51.261	357	160	7	18	362	26204	25140	4.61e-70	249
Query_1	34073_QFOW01000007.1	48.108	370	172	6	1	362	120834	121907	4.86e-70	249
Query_1	34073_QFOS01000007.1	48.108	370	172	6	1	362	120834	121907	4.86e-70	249
Query_1	85698_LXPW01000019.1	52.330	279	125	3	89	363	66073	66897	5.38e-70	249
Query_1	85698_CP045222.1	52.330	279	125	3	89	363	4835635	4834811	7.37e-70	248
Query_1	85698_CP045222.1	37.102	283	152	8	103	366	5243590	5242763	1.91e-29	131
Query_1	180282_CP045291.1	51.261	357	160	7	18	362	2434773	2433709	7.59e-70	248
Query_1	1886637_SPEX01000027.1	50.980	357	161	7	18	362	8833	9897	1.70e-69	247
Query_1	80866_DDZR01000024.1	50.281	356	165	7	18	362	197355	196291	2.35e-69	247
Query_1	180282_WNDW01000383.1	50.980	357	161	7	18	362	1358	294	3.18e-69	246
Query_1	80866_PEKB02000214.1	49.580	357	166	7	18	362	96216	97280	4.37e-69	246
Query_1	287_RAEE01000063.1	51.418	282	122	1	95	361	230391	231236	7.89e-69	246
Query_1	180282_SMMJ01000023.1	49.582	359	163	7	18	362	35758	34694	2.12e-68	244
Query_1	134375_SPFF01000001.1	51.943	283	131	4	89	370	857943	858779	2.41e-68	244
Query_1	134375_SPFF01000001.1	37.455	275	148	6	103	359	478924	479730	9.25e-30	132
Query_1	80866_FLCF02000008.1	49.582	359	163	7	18	362	14097	13033	2.44e-68	244
Query_1	80866_DNXS01000210.1	49.582	359	165	7	18	362	3541	4611	2.45e-68	244
Query_1	80866_CP022656.1	49.580	357	166	7	18	362	6339135	6340199	2.45e-68	244
Query_1	80866_OCRO01000001.1	49.860	357	165	7	18	362	1835144	1834080	2.94e-68	244
Query_1	80866_RJUY01000004.1	49.304	359	166	7	18	362	764680	765750	3.53e-68	244
Query_1	80866_KN046795.1	49.304	359	166	7	18	362	4048592	4049662	4.28e-68	243
Query_1	80866_DLHU01000190.1	49.582	359	165	7	18	362	8315	7245	6.67e-68	243
Query_1	85698_DKHI01000079.1	51.087	276	133	2	89	363	79905	80729	6.61e-67	240
Query_1	85698_LSMI01000058.1	50.725	276	134	2	89	363	115860	115036	1.38e-66	239
Query_1	401470_QJKB01000001.1	50.694	288	127	4	89	363	1468769	1469626	1.08e-65	236
Query_1	316_VNHR01000013.1	52.727	275	128	2	89	362	82350	81529	1.46e-65	236
Query_1	106590_CP017757.2	53.684	285	118	5	89	365	2108566	2109402	3.79e-64	232
Query_1	106590_QDHA01000179.1	52.281	285	122	5	89	365	3402	2566	2.02e-63	229
Query_1	34073_JXQQ01000135.1	46.537	361	169	6	18	362	64711	63653	1.92e-62	227
Query_1	1872122_SDXZ01000014.1	50.000	276	126	3	97	360	16315	17142	3.85e-62	226
Query_1	134375_DMTA01000540.1	51.625	277	128	3	89	362	825	1646	1.63e-60	221
Query_1	1404_VTEF01000002.1	42.623	305	145	7	89	369	467229	468125	1.10e-59	219
Query_1	1404_VTEF01000002.1	36.964	303	155	6	89	363	672659	673543	7.48e-46	179
Query_1	192_QFOF01000227.1	57.073	205	81	3	162	360	3593	4204	5.52e-59	178
Query_1	192_QFOF01000227.1	55.882	68	30	0	89	156	3391	3594	5.52e-59	80.1
Query_1	47920_VJWE01000011.1	50.883	283	114	5	103	360	1055434	1054586	2.23e-58	215
Query_1	34073_LVHG01000084.1	46.610	354	171	8	18	362	104303	105337	2.24e-58	215
Query_1	1404_DFVC01000097.1	43.092	304	143	7	89	368	2131	3024	1.12e-57	213
Query_1	1404_SSWM01000016.1	43.092	304	143	7	89	368	134916	134023	1.48e-57	213
Query_1	1404_UFSS01000001.1	43.092	304	143	7	89	368	2143423	2142530	1.48e-57	213
Query_1	1404_UFSS01000001.1	40.860	279	146	7	103	362	709518	708682	2.56e-47	183
Query_1	1404_KN125581.1	43.092	304	143	7	89	368	4840642	4839749	1.48e-57	213
Query_1	1404_KN125581.1	40.860	279	146	7	103	362	3412036	3411200	2.56e-47	183
Query_1	1404_KN125581.1	36.928	306	149	6	89	362	2148799	2149680	6.46e-47	182
Query_1	1404_NQLQ01000062.1	43.092	304	143	7	89	368	1917	2810	1.91e-57	212
Query_1	1872122_DPDC01000048.1	50.177	283	116	6	103	360	24590	23742	8.49e-57	211
Query_1	1404_PQWM01000055.1	42.105	304	146	6	89	368	15047	14154	8.69e-57	211
Query_1	1404_QDFU01000053.1	43.092	304	143	7	89	368	2250	3143	8.89e-57	210
Query_1	1404_QDFO01000029.1	43.092	304	143	7	89	368	2558	3451	9.05e-57	210
Query_1	1404_REFM01000009.1	43.092	304	143	7	89	368	2182	3075	1.07e-56	210
Query_1	1404_QDFP01000012.1	43.092	304	143	7	89	368	3176	4069	1.07e-56	210
Query_1	1404_QDFM01000006.1	43.092	304	143	7	89	368	3261	4154	1.07e-56	210
Query_1	1404_CP025700.2	43.092	304	143	7	89	368	2673065	2673958	1.08e-56	210
Query_1	1404_CP025700.2	36.928	306	149	6	89	362	225252	224371	6.46e-47	182
Query_1	1404_CP025700.2	40.143	279	148	7	103	362	4000682	4001518	3.05e-44	174
Query_1	1404_FOPA01000012.1	42.763	304	144	7	89	368	2301	3194	1.55e-56	210
Query_1	1404_LFQJ01000132.1	42.763	304	144	7	89	368	2024	2917	1.68e-56	209
Query_1	1404_UFSR01000003.1	42.208	308	140	7	89	368	448474	449367	1.72e-56	210
Query_1	1404_UFSR01000003.1	36.928	306	149	6	89	362	3060849	3059968	6.46e-47	182
Query_1	1404_UFSR01000003.1	39.427	279	150	6	103	362	1833761	1834597	3.24e-46	180
Query_1	1404_NVLN01000011.1	42.763	304	144	7	89	368	2026	2919	1.88e-56	210
Query_1	1404_NTUU01000041.1	42.434	304	145	7	89	368	2493	1600	1.99e-56	209
Query_1	1404_AZUJ01000038.1	42.434	304	145	7	89	368	2286	3179	2.02e-56	209
Query_1	1404_WTKH01000014.1	42.763	304	144	7	89	368	13936	13043	2.05e-56	209
Query_1	1404_LDPJ01000010.1	42.763	304	144	7	89	368	1994	2887	2.19e-56	209
Query_1	1404_NVKN01000048.1	42.763	304	144	7	89	368	2586	1693	2.25e-56	209
Query_1	1404_JAAMPO010000029.1	42.763	304	144	7	89	368	3179933	3179040	2.48e-56	209
Query_1	1404_JAAMPO010000029.1	36.928	306	149	6	89	362	578977	579858	6.46e-47	182
Query_1	1404_JAAMPO010000029.1	34.894	235	135	6	146	362	1794929	1794225	1.79e-36	119
Query_1	1404_JAAMPO010000029.1	69.767	43	12	1	103	144	1795062	1794934	1.79e-36	63.9
Query_1	1404_VEAZ01000011.1	42.434	304	145	7	89	368	137140	136247	2.56e-56	209
Query_1	1404_NMOL01000005.1	42.434	304	145	7	89	368	137128	136235	2.56e-56	209
Query_1	1404_JAAEBE020000008.1	42.763	304	144	7	89	368	4944013	4944906	2.60e-56	209
Query_1	1404_JAAEBE020000008.1	36.928	306	149	6	89	362	2416276	2415395	6.46e-47	182
Query_1	1404_JAAEBE020000008.1	48.462	130	66	1	103	231	1268934	1269323	2.14e-29	116
Query_1	1404_JAAEBE020000008.1	31.818	88	53	4	256	336	1269428	1269691	2.14e-29	43.1
Query_1	1404_CP049296.1	43.092	304	143	7	89	368	3075193	3076086	2.83e-56	209
Query_1	1404_CP049296.1	41.219	279	145	7	103	362	4588908	4589744	1.82e-48	187
Query_1	1404_CP049296.1	36.928	306	149	6	89	362	550849	549968	7.31e-47	182
Query_1	1404_MRUF01000010.1	42.763	304	144	7	89	368	2454	3347	3.01e-56	209
Query_1	1404_WIPB01000231.1	42.763	304	144	7	89	368	9558	8665	3.42e-56	209
Query_1	1404_VEEN01000008.1	42.763	304	144	7	89	368	98802	97909	4.45e-56	209
Query_1	1404_NVBQ01000041.1	42.434	304	145	7	89	368	2024	2917	4.72e-56	208
Query_1	1404_NUKI01000091.1	41.776	304	147	6	89	368	2025	2918	5.93e-56	208
Query_1	1404_NUVO01000084.1	41.776	304	147	6	89	368	12298	11405	6.92e-56	208
Query_1	1404_JXRC01000046.1	42.763	304	144	7	89	368	2415	3308	7.70e-56	208
Query_1	412384_NVEV01000087.1	42.434	304	145	7	89	368	1954	2847	8.13e-56	208
Query_1	1404_NVKU01000043.1	42.763	304	144	7	89	368	1997	2890	8.57e-56	207
Query_1	1404_RYZX01000016.1	41.447	304	148	6	89	368	2361	3254	2.04e-55	207
Query_1	1404_NVAW01000021.1	42.434	304	145	7	89	368	2536	1643	2.12e-55	206
Query_1	1404_NUON01000059.1	42.434	304	145	7	89	368	2501	1608	2.45e-55	206
Query_1	1404_NUKH01000070.1	42.434	304	145	7	89	368	2032	2925	2.52e-55	206
Query_1	1404_NUZX01000023.1	42.434	304	145	7	89	368	2503	1610	2.64e-55	206
Query_1	1404_NUWZ01000023.1	42.434	304	145	7	89	368	2032	2925	2.69e-55	206
Query_1	1404_NTTT01000039.1	42.434	304	145	7	89	368	2025	2918	2.76e-55	206
Query_1	1404_NTZT01000013.1	42.434	304	145	7	89	368	1936	2829	2.93e-55	206
Query_1	1404_NUWY01000013.1	42.434	304	145	7	89	368	134535	133642	2.94e-55	206
Query_1	1404_NUIR01000058.1	42.434	304	145	7	89	368	1936	2829	2.94e-55	206
Query_1	1404_NUKK01000033.1	42.434	304	145	7	89	368	2494	1601	2.95e-55	206
Query_1	1404_NVDJ01000033.1	42.434	304	145	7	89	368	1997	2890	2.95e-55	206
Query_1	1404_NVKD01000045.1	42.434	304	145	7	89	368	2452	1559	2.95e-55	206
Query_1	1404_NTWY01000043.1	42.434	304	145	7	89	368	2002	2895	2.95e-55	206
Query_1	1404_NUQA01000056.1	42.434	304	145	7	89	368	2452	1559	2.95e-55	206
Query_1	1404_NUOI01000030.1	42.434	304	145	7	89	368	2452	1559	2.95e-55	206
Query_1	1404_NUZS01000011.1	42.434	304	145	7	89	368	2025	2918	2.95e-55	206
Query_1	1404_NUWQ01000114.1	42.434	304	145	7	89	368	2025	2918	2.95e-55	206
Query_1	1404_NUVY01000068.1	42.434	304	145	7	89	368	2026	2919	2.95e-55	206
Query_1	1404_NVNE01000089.1	42.434	304	145	7	89	368	2452	1559	2.95e-55	206
Query_1	1404_NTYW01000026.1	42.434	304	145	7	89	368	2486	1593	2.96e-55	206
Query_1	1404_NVMV01000026.1	42.434	304	145	7	89	368	2025	2918	2.96e-55	206
Query_1	1404_NUVK01000054.1	42.434	304	145	7	89	368	2002	2895	2.96e-55	206
Query_1	1404_NUKD01000032.1	42.434	304	145	7	89	368	2070	2963	2.97e-55	206
Query_1	1404_LUCO01000052.1	42.434	304	145	7	89	368	2083	2976	2.97e-55	206
Query_1	1404_VXLA01000087.1	42.434	304	145	7	89	368	1994	2887	2.98e-55	206
Query_1	1404_NUFZ01000072.1	42.434	304	145	7	89	368	2588	1695	2.98e-55	206
Query_1	1404_LODM01000008.1	42.434	304	145	7	89	368	2300	3193	3.02e-55	206
Query_1	1404_CP047699.1	42.434	304	145	7	89	368	455951	456844	3.04e-55	206
Query_1	1404_CP047699.1	40.143	279	148	6	103	362	1880655	1881491	1.35e-47	184
Query_1	1404_CP047699.1	36.928	306	149	6	89	362	3039377	3038496	5.93e-47	182
Query_1	1404_NTYL01000049.1	42.434	304	145	7	89	368	2025	2918	3.10e-55	206
Query_1	1404_NTVG01000012.1	42.434	304	145	7	89	368	133662	132769	3.26e-55	206
Query_1	1404_NVEP01000017.1	42.434	304	145	7	89	368	136297	135404	3.29e-55	206
Query_1	1404_VFPY01000006.1	42.434	304	145	7	89	368	137484	136591	3.29e-55	206
Query_1	1404_NTTN01000018.1	42.434	304	145	7	89	368	2031	2924	3.29e-55	206
Query_1	1404_NUPF01000008.1	42.434	304	145	7	89	368	138458	137565	3.29e-55	206
Query_1	1404_NUFU01000005.1	42.434	304	145	7	89	368	138535	137642	3.29e-55	206
Query_1	1404_NTVK01000014.1	42.434	304	145	7	89	368	136139	135246	3.32e-55	206
Query_1	1404_CP028084.1	42.434	304	145	7	89	368	439835	440728	3.35e-55	206
Query_1	1404_CP028084.1	36.928	306	149	6	89	362	2937932	2937051	6.46e-47	182
Query_1	1404_CP028084.1	39.785	279	149	6	103	362	1844448	1845284	1.24e-46	181
Query_1	1404_NUXL01000011.1	42.434	304	145	7	89	368	107836	106943	3.38e-55	206
Query_1	1404_CP031776.1	42.434	304	145	7	89	368	391412	392305	3.41e-55	206
Query_1	1404_CP031776.1	40.143	279	148	6	103	362	1967860	1968696	1.80e-47	184
Query_1	1404_CP031776.1	36.928	306	149	6	89	362	3065287	3064406	5.93e-47	182
Query_1	1404_NUZZ01000066.1	42.434	304	145	7	89	368	12106	11213	3.45e-55	206
Query_1	1404_NUWI01000004.1	42.434	304	145	7	89	368	2042	2935	3.52e-55	206
Query_1	1404_PNHN01000006.1	42.434	304	145	7	89	368	2141	3034	3.52e-55	206
Query_1	1404_NTRV01000016.1	42.434	304	145	7	89	368	2026	2919	3.65e-55	206
Query_1	1404_NUZT01000034.1	42.434	304	145	7	89	368	107573	106680	3.65e-55	206
Query_1	1404_NUMB01000002.1	42.434	304	145	7	89	368	107569	106676	3.65e-55	206
Query_1	1404_NUOQ01000010.1	42.434	304	145	7	89	368	2026	2919	3.65e-55	206
Query_1	1404_NVCR01000007.1	42.434	304	145	7	89	368	2027	2920	3.65e-55	206
Query_1	1404_NUIA01000001.1	42.434	304	145	7	89	368	134374	133481	3.66e-55	206
Query_1	1404_NUKX01000026.1	42.434	304	145	7	89	368	2025	2918	3.66e-55	206
Query_1	1404_NULX01000035.1	42.434	304	145	7	89	368	134375	133482	3.66e-55	206
Query_1	1404_NUHQ01000008.1	42.434	304	145	7	89	368	134407	133514	3.66e-55	206
Query_1	1404_NUKU01000011.1	42.434	304	145	7	89	368	134414	133521	3.66e-55	206
Query_1	1404_VYTX01000006.1	42.434	304	145	7	89	368	134786	133893	3.66e-55	206
Query_1	1404_JAAMPN010000062.1	42.434	304	145	7	89	368	2741794	2740901	3.68e-55	206
Query_1	1404_JAAMPN010000062.1	40.860	279	146	7	103	362	1298472	1297636	1.24e-47	184
Query_1	1404_JAAMPN010000062.1	36.928	306	149	6	89	362	201018	201899	6.46e-47	182
Query_1	1404_JAAMPP010000035.1	42.434	304	145	7	89	368	2362222	2361329	3.68e-55	206
Query_1	1404_JAAMPP010000035.1	36.928	306	149	6	89	362	4950009	4950890	5.93e-47	182
Query_1	1404_JAAMPP010000035.1	34.434	212	121	6	143	336	938469	937834	6.07e-31	100
Query_1	1404_JAAMPP010000035.1	69.767	43	12	1	103	144	938593	938465	6.07e-31	64.3
Query_1	1404_NUWU01000004.1	42.434	304	145	7	89	368	107570	106677	4.02e-55	206
Query_1	1404_LRPG01000096.1	42.434	304	145	7	89	368	2170	3063	4.20e-55	206
Query_1	1404_QJGY01000266.1	42.434	304	145	7	89	368	2071	1178	4.80e-55	205
Query_1	1404_NVEG01000035.1	42.434	304	145	7	89	368	2026	2919	5.40e-55	205
Query_1	1404_NGUL01000024.1	42.532	308	139	8	89	368	2393	3286	5.73e-55	205
Query_1	1404_NGUM01000025.1	42.532	308	139	8	89	368	2395	3288	5.73e-55	205
Query_1	1404_POTF01000042.1	43.151	292	140	6	101	368	2610	1741	6.26e-55	205
Query_1	1404_SUPM01000009.1	42.434	304	145	7	89	368	2423	3316	6.31e-55	205
Query_1	1404_NUIN01000011.1	42.434	304	145	7	89	368	1937	2830	6.55e-55	205
Query_1	1404_NUFL01000002.1	42.434	304	145	7	89	368	107744	106851	6.55e-55	205
Query_1	1404_NTZG01000057.1	42.434	304	145	7	89	368	2026	2919	6.56e-55	205
Query_1	1404_NUZC01000007.1	42.434	304	145	7	89	368	2026	2919	6.67e-55	205
Query_1	1404_CP031777.1	42.532	308	139	8	89	368	4584188	4583295	6.99e-55	205
Query_1	1404_CP031777.1	36.928	306	149	6	89	362	2051776	2052657	6.46e-47	182
Query_1	1404_CP031777.1	39.146	281	152	6	103	364	3231605	3230763	2.53e-46	180
Query_1	1404_VEAU01000008.1	42.763	304	144	8	89	368	2218	3111	8.02e-55	205
Query_1	1404_VEEA01000005.1	42.763	304	144	8	89	368	2231	3124	8.02e-55	205
Query_1	1404_CP023317.1	42.763	304	144	8	89	368	449637	450530	8.07e-55	205
Query_1	1404_CP023317.1	40.502	279	147	6	103	362	1795415	1796251	1.42e-47	184
Query_1	1404_CP023317.1	36.928	306	149	6	89	362	2951384	2950503	6.46e-47	182
Query_1	412384_CP024035.1	42.763	304	144	8	89	368	460076	460969	8.07e-55	205
Query_1	412384_CP024035.1	36.928	306	149	6	89	362	2958850	2957969	6.46e-47	182
Query_1	412384_CP024035.1	39.785	279	149	6	103	362	1778648	1779484	8.64e-46	179
Query_1	1404_NTWH01000016.1	42.434	304	145	7	89	368	88554	87661	8.30e-55	205
Query_1	412384_NUEC01000045.1	42.763	304	144	8	89	368	2631	1738	8.71e-55	204
Query_1	412384_JPIE01000019.1	42.763	304	144	8	89	368	2243	3136	8.72e-55	204
Query_1	412384_NVGV01000004.1	42.763	304	144	8	89	368	137060	136167	9.17e-55	205
Query_1	1404_CP018874.1	42.105	304	146	7	89	368	450394	451287	1.04e-54	205
Query_1	1404_CP018874.1	40.860	279	146	7	103	362	1822458	1823294	1.24e-47	184
Query_1	1404_CP018874.1	36.928	306	149	6	89	362	2946670	2945789	6.46e-47	182
Query_1	412384_CP041519.1	42.105	304	146	7	89	368	2609259	2610152	1.04e-54	205
Query_1	412384_CP041519.1	40.860	279	146	7	103	362	4034690	4035526	1.24e-47	184
Query_1	412384_CP041519.1	36.928	306	149	6	89	362	40492	39611	6.46e-47	182
Query_1	1404_CP041066.1	42.105	304	146	7	89	368	961978	962871	1.04e-54	205
Query_1	1404_CP041066.1	40.860	279	146	7	103	362	2387477	2388313	1.24e-47	184
Query_1	1404_CP041066.1	36.928	306	149	6	89	362	3547953	3547072	6.46e-47	182
Query_1	412384_NUTZ01000005.1	42.763	304	144	8	89	368	135808	134915	1.06e-54	204
Query_1	1404_VECD01000007.1	42.763	304	144	8	89	368	136134	135241	1.06e-54	204
Query_1	1404_VDTN01000006.1	42.763	304	144	8	89	368	136508	135615	1.06e-54	204
Query_1	1404_CP026736.1	42.763	304	144	8	89	368	2042297	2043190	1.11e-54	204
Query_1	1404_CP026736.1	36.928	306	149	6	89	362	4576788	4575907	6.46e-47	182
Query_1	1404_CP026736.1	39.785	279	149	6	103	362	3384384	3385220	5.73e-46	179
Query_1	412384_LQQQ01000027.1	42.763	304	144	8	89	368	2481	1588	1.17e-54	204
Query_1	1404_NTRQ01000005.1	43.151	292	140	6	101	368	2027	2896	1.25e-54	204
Query_1	1404_VDST01000007.1	41.776	304	147	7	89	368	2215	3108	1.29e-54	204
Query_1	412384_MVJH01000244.1	42.857	301	142	8	89	365	2759	3643	1.32e-54	204
Query_1	412384_NHZZ01000011.1	42.857	301	142	8	89	365	135403	134519	1.45e-54	204
Query_1	412384_MCAN01000022.1	42.857	301	142	8	89	365	135830	134946	1.45e-54	204
Query_1	412384_LDUV01000042.1	42.763	304	144	8	89	368	2410	3303	1.97e-54	204
Query_1	412384_LDWN01000013.1	42.763	304	144	8	89	368	2474	1581	1.97e-54	204
Query_1	1404_CP022674.1	42.857	301	142	8	89	365	5288818	5289702	2.77e-54	203
Query_1	1404_CP022674.1	37.086	302	154	6	89	362	2689416	2688535	1.03e-46	181
Query_1	1404_CP022674.1	39.785	279	149	6	103	362	1396930	1397766	1.33e-45	178
Query_1	80867_LJGO01000108.1	50.350	286	119	6	92	362	62741	61908	3.04e-54	203
Query_1	1404_PRKV01000012.1	41.883	308	141	8	89	368	32165	31272	5.79e-54	202
Query_1	266_VAFL01000017.1	48.496	266	122	5	94	359	65954	65202	6.67e-54	202
Query_1	412384_KQ087173.1	42.105	304	146	8	89	368	4188736	4187843	3.74e-53	200
Query_1	412384_KQ087173.1	40.502	279	147	6	103	362	2853832	2852996	1.57e-47	184
Query_1	412384_KQ087173.1	37.417	302	153	6	89	362	1701957	1702838	7.31e-47	182
Query_1	218284_VTEG01000001.1	41.611	298	150	4	95	368	145541	146434	1.04e-51	196
Query_1	218284_VTEI01000005.1	42.215	289	143	4	95	359	17803	16937	4.10e-51	194
Query_1	412384_LDUV01000038.1	40.283	283	142	6	103	362	1879	1043	6.05e-49	188
Query_1	412384_LDWN01000016.1	40.283	283	142	6	103	362	686283	685447	7.28e-49	188
Query_1	1404_RYZX01000027.1	41.219	279	145	7	103	362	92513	93349	2.12e-48	186
Query_1	1404_MRUF01000002.1	40.502	279	147	6	103	362	706034	705198	3.05e-48	186
Query_1	412384_QGGC01000012.1	40.143	279	148	6	103	362	130500	129664	3.57e-48	186
Query_1	1404_NGUL01000001.1	39.929	283	143	6	103	362	838968	839804	4.30e-48	186
Query_1	1404_NGUM01000001.1	39.929	283	143	6	103	362	1366550	1367386	4.30e-48	186
Query_1	1404_NGUM01000001.1	36.928	306	149	6	89	362	2505875	2504994	6.46e-47	182
Query_1	266_BJUR01000025.1	51.899	237	112	2	89	324	36457	35750	4.80e-48	185
Query_1	266_FNEA01000025.1	51.899	237	112	2	89	324	29256	29963	4.81e-48	185
Query_1	266_FOYK01000025.1	51.899	237	112	2	89	324	29256	29963	4.81e-48	185
Query_1	266_CP035092.1	51.899	237	112	2	89	324	506973	507680	4.86e-48	185
Query_1	1404_QJGY01000539.1	40.860	279	146	7	103	362	1597	761	5.02e-48	184
Query_1	1404_NUVO01000003.1	40.860	279	146	7	103	362	54934	54098	9.12e-48	184
Query_1	1404_NUKI01000013.1	40.860	279	146	7	103	362	25847	26683	9.16e-48	184
Query_1	1404_NVKN01000001.1	40.860	279	146	7	103	362	207006	206170	9.20e-48	184
Query_1	1404_NUVY01000031.1	40.860	279	146	7	103	362	345398	344562	9.21e-48	184
Query_1	1404_NUVK01000008.1	40.860	279	146	7	103	362	821901	821065	9.22e-48	184
Query_1	1404_NUFZ01000004.1	40.860	279	146	7	103	362	52873	53709	9.22e-48	184
Query_1	1404_NVKU01000010.1	40.860	279	146	7	103	362	1601308	1600472	9.23e-48	184
Query_1	1404_NVKU01000010.1	36.928	306	149	6	89	362	478828	479709	6.46e-47	182
Query_1	412384_LQQQ01000003.1	39.576	283	144	6	103	362	27228	28064	9.93e-48	184
Query_1	412384_NVGV01000008.1	40.502	279	147	6	103	362	68149	68985	1.02e-47	184
Query_1	266_PPGA01000020.1	51.477	237	113	2	89	324	27441	28148	1.07e-47	184
Query_1	1404_NTWY01000003.1	40.860	279	146	7	103	362	346217	345381	1.17e-47	184
Query_1	1404_NTYW01000027.1	40.860	279	146	7	103	362	18681	19517	1.22e-47	184
Query_1	1404_NUOQ01000042.1	40.860	279	146	7	103	362	47085	46249	1.22e-47	184
Query_1	1404_NTYL01000002.1	40.860	279	146	7	103	362	47100	46264	1.23e-47	184
Query_1	1404_NTZG01000020.1	40.860	279	146	7	103	362	102118	102954	1.23e-47	184
Query_1	1404_NUZC01000075.1	40.860	279	146	7	103	362	12053	11217	1.23e-47	184
Query_1	1404_NUFL01000009.1	40.860	279	146	7	103	362	18748	19584	1.24e-47	184
Query_1	1404_NUZZ01000030.1	40.860	279	146	7	103	362	18541	19377	1.24e-47	184
Query_1	1404_NUOI01000025.1	40.860	279	146	7	103	362	346202	345366	1.24e-47	184
Query_1	1404_NVCR01000005.1	40.860	279	146	7	103	362	367561	366725	1.24e-47	184
Query_1	1404_NVEG01000006.1	40.860	279	146	7	103	362	117519	118355	1.24e-47	184
Query_1	1404_NUIA01000002.1	40.860	279	146	7	103	362	361942	361106	1.24e-47	184
Query_1	1404_NUWU01000011.1	40.860	279	146	7	103	362	21815	22651	1.24e-47	184
Query_1	1404_NUZX01000012.1	40.860	279	146	7	103	362	805689	804853	1.24e-47	184
Query_1	1404_NUIN01000005.1	40.860	279	146	7	103	362	818446	817610	1.24e-47	184
Query_1	1404_NTRV01000094.1	40.860	279	146	7	103	362	1244588	1243752	1.24e-47	184
Query_1	1404_NTRV01000094.1	36.928	306	149	6	89	362	147232	148113	6.46e-47	182
Query_1	1404_NUMB01000068.1	40.860	279	146	7	103	362	2833521	2832685	1.24e-47	184
Query_1	1404_NUMB01000068.1	36.928	306	149	6	89	362	1737300	1738181	6.46e-47	182
Query_1	1404_NUIR01000033.1	40.143	279	148	6	103	362	17217	18053	1.31e-47	184
Query_1	1404_NVKD01000030.1	40.143	279	148	6	103	362	22344	23180	1.32e-47	184
Query_1	1404_VXLA01000102.1	40.143	279	148	6	103	362	515111	514275	1.32e-47	184
Query_1	1404_NUQA01000033.1	40.143	279	148	6	103	362	40652	39816	1.33e-47	184
Query_1	1404_NUWQ01000011.1	40.143	279	148	6	103	362	47128	46292	1.33e-47	184
Query_1	1404_NVMV01000021.1	40.143	279	148	6	103	362	22535	23371	1.33e-47	184
Query_1	1404_NKAQ01000016.1	40.143	279	148	6	103	362	35315	36151	1.34e-47	184
Query_1	1404_NVNE01000019.1	40.143	279	148	6	103	362	100090	99254	1.34e-47	184
Query_1	1404_NULX01000010.1	40.143	279	148	6	103	362	24305	25141	1.35e-47	184
Query_1	1404_LUCO01000003.1	40.143	279	148	6	103	362	377999	377163	1.35e-47	184
Query_1	1404_VYTX01000002.1	40.143	279	148	6	103	362	87631	86795	1.35e-47	184
Query_1	1404_NUKX01000066.1	40.143	279	148	6	103	362	22344	23180	1.35e-47	184
Query_1	1404_NUKX01000066.1	36.928	306	149	6	89	362	1154477	1153596	5.93e-47	182
Query_1	1404_NUKU01000004.1	40.143	279	148	6	103	362	22344	23180	1.35e-47	184
Query_1	1404_NUKU01000004.1	36.928	306	149	6	89	362	1138598	1137717	5.93e-47	182
Query_1	1404_VECD01000001.1	40.502	279	147	6	103	362	893574	892738	1.42e-47	184
Query_1	1404_VDST01000001.1	40.502	279	147	6	103	362	2806238	2805402	1.42e-47	184
Query_1	1404_VDST01000001.1	37.417	302	153	6	89	362	1655672	1656553	7.31e-47	182
Query_1	1404_JAAMPL010000027.1	40.502	279	147	6	103	362	1066834	1067670	1.42e-47	184
Query_1	1404_JAAMPL010000027.1	45.000	100	50	2	89	187	2191982	2191695	1.45e-37	99.8
Query_1	1404_JAAMPL010000027.1	34.171	199	92	4	195	362	2191674	2191102	1.45e-37	87.8
Query_1	1404_JAAMPL010000027.1	55.056	89	35	2	89	176	4747907	4748161	3.09e-36	105
Query_1	1404_JAAMPL010000027.1	36.364	187	96	5	175	338	4748157	4748717	3.09e-36	77.8
Query_1	1404_NVDJ01000009.1	40.860	279	146	7	103	362	48447	47611	1.45e-47	184
Query_1	1404_NUZT01000003.1	40.860	279	146	7	103	362	576288	575452	1.47e-47	184
Query_1	412384_NUTZ01000010.1	40.502	279	147	6	103	362	25875	26711	1.59e-47	184
Query_1	1404_NUZS01000029.1	40.143	279	148	6	103	362	48427	47591	1.78e-47	184
Query_1	1404_NUWY01000019.1	40.143	279	148	6	103	362	27796	26960	1.78e-47	184
Query_1	1404_NUKD01000016.1	40.143	279	148	6	103	362	45310	46146	1.78e-47	184
Query_1	1404_NUHQ01000001.1	40.143	279	148	6	103	362	382034	381198	1.80e-47	184
Query_1	1404_NTTT01000032.1	40.143	279	148	6	103	362	800326	799490	1.80e-47	184
Query_1	1404_NUON01000025.1	40.143	279	148	6	103	362	45979	46815	1.80e-47	184
Query_1	1404_NUKK01000004.1	40.143	279	148	6	103	362	848740	847904	1.80e-47	184
Query_1	1404_NUXL01000005.1	40.143	279	148	6	103	362	1261247	1260411	1.80e-47	184
Query_1	1404_NUXL01000005.1	36.928	306	149	6	89	362	154065	154946	6.46e-47	182
Query_1	1404_NTZT01000002.1	40.143	279	148	6	103	362	28432	29268	1.80e-47	184
Query_1	1404_NTZT01000002.1	36.928	306	149	6	89	362	1173898	1173017	5.93e-47	182
Query_1	1404_NTUU01000025.1	38.516	283	147	5	103	362	319393	320229	1.88e-47	184
Query_1	1404_VEAZ01000004.1	38.516	283	147	5	103	362	184423	185259	1.88e-47	184
Query_1	1404_AZUJ01000001.1	38.516	283	147	5	103	362	13062	12226	1.89e-47	184
Query_1	1404_NTVG01000001.1	40.860	279	146	7	103	362	36930	37766	2.22e-47	183
Query_1	1404_NTVG01000001.1	36.928	306	149	6	89	362	1138783	1137902	6.46e-47	182
Query_1	1404_NQLQ01000026.1	40.860	279	146	7	103	362	13232	14068	2.41e-47	183
Query_1	1404_LDPJ01000015.1	40.860	279	146	7	103	362	90856	90020	2.42e-47	183
Query_1	1404_DFVC01000036.1	40.860	279	146	7	103	362	9911	9075	2.46e-47	183
Query_1	1404_SSWM01000003.1	40.860	279	146	7	103	362	354277	353441	2.56e-47	183
Query_1	1404_NVLN01000003.1	39.858	281	146	6	103	362	895077	894241	2.71e-47	183
Query_1	1404_NUFU01000018.1	40.143	279	148	6	103	362	257325	256489	2.89e-47	183
Query_1	1404_WTKH01000013.1	40.860	279	146	7	103	362	17311	18147	3.15e-47	183
Query_1	1404_LRPG01000146.1	41.219	279	145	6	103	362	243961	243125	3.15e-47	183
Query_1	1404_PQWM01000022.1	40.502	279	147	7	103	362	175186	174350	3.36e-47	183
Query_1	1404_NVAW01000017.1	40.860	279	146	6	103	362	21005	21841	4.62e-47	182
Query_1	1404_NVEP01000003.1	40.860	279	146	6	103	362	778702	777866	4.62e-47	182
Query_1	1404_POTF01000007.1	40.502	279	147	6	103	362	139932	140768	5.58e-47	182
Query_1	412384_QGGC01000003.1	36.928	306	149	6	89	362	139003	139884	5.86e-47	182
Query_1	1404_NVNE01000013.1	36.928	306	149	6	89	362	27335	26454	5.90e-47	182
Query_1	1404_NUIR01000039.1	36.928	306	149	6	89	362	238139	239020	5.91e-47	182
Query_1	1404_NUKK01000021.1	36.928	306	149	6	89	362	306707	305826	5.91e-47	182
Query_1	1404_NUZS01000007.1	36.928	306	149	6	89	362	101241	100360	5.92e-47	182
Query_1	1404_NUFZ01000003.1	36.928	306	149	6	89	362	176529	177410	5.92e-47	182
Query_1	1404_NVKD01000009.1	36.928	306	149	6	89	362	27335	26454	5.92e-47	182
Query_1	1404_NUWQ01000010.1	36.928	306	149	6	89	362	27335	26454	5.92e-47	182
Query_1	1404_NVMV01000003.1	36.928	306	149	6	89	362	593814	594695	5.92e-47	182
Query_1	1404_NUVK01000006.1	36.928	306	149	6	89	362	292117	291236	5.92e-47	182
Query_1	1404_NUHQ01000003.1	36.928	306	149	6	89	362	290616	289735	5.92e-47	182
Query_1	1404_NULX01000008.1	36.928	306	149	6	89	362	583186	582305	5.93e-47	182
Query_1	1404_NVDJ01000068.1	36.928	306	149	6	89	362	1109307	1108426	5.93e-47	182
Query_1	1404_NUQA01000129.1	36.928	306	149	6	89	362	1379809	1380690	5.93e-47	182
Query_1	1404_VXLA01000105.1	36.928	306	149	6	89	362	937375	938256	5.93e-47	182
Query_1	1404_VYTX01000001.1	36.928	306	149	6	89	362	1051042	1050161	5.93e-47	182
Query_1	1404_NUZT01000001.1	36.928	306	149	6	89	362	310794	309913	5.93e-47	182
Query_1	1404_NUON01000106.1	36.928	306	149	6	89	362	326841	325960	5.93e-47	182
Query_1	1404_LUCO01000001.1	36.928	306	149	6	89	362	346023	345142	5.93e-47	182
Query_1	1404_NKAQ01000003.1	36.928	306	149	6	89	362	1740212	1741093	5.93e-47	182
Query_1	1404_NUKD01000100.1	36.928	306	149	6	89	362	1759896	1760777	5.93e-47	182
Query_1	1404_NUWY01000001.1	36.928	306	149	6	89	362	1097487	1096606	5.93e-47	182
Query_1	1404_LODM01000012.1	36.928	306	149	6	89	362	2031461	2030580	5.93e-47	182
Query_1	1404_LODM01000012.1	51.538	130	62	1	103	231	900005	900394	3.41e-42	131
Query_1	1404_LODM01000012.1	37.719	114	64	4	256	362	900501	900842	3.41e-42	71.6
Query_1	1404_WIPB01000211.1	36.928	306	149	6	89	362	2149	1268	6.11e-47	182
Query_1	1404_WIPB01000109.1	39.223	283	145	5	103	362	2002	1166	6.27e-47	182
Query_1	1404_NUKH01000141.1	36.928	306	149	6	89	362	15134	14253	6.28e-47	182
Query_1	1404_LDPJ01000022.1	36.928	306	149	6	89	362	14183	15064	6.39e-47	182
Query_1	1404_DFVC01000022.1	36.928	306	149	6	89	362	3551	2670	6.40e-47	182
Query_1	1404_NUZZ01000037.1	36.928	306	149	6	89	362	14248	15129	6.41e-47	182
Query_1	1404_NQLQ01000020.1	36.928	306	149	6	89	362	131099	131980	6.43e-47	182
Query_1	1404_NTRQ01000004.1	36.928	306	149	6	89	362	144188	145069	6.43e-47	182
Query_1	1404_LRPG01000102.1	36.928	306	149	6	89	362	2239	1358	6.43e-47	182
Query_1	1404_SSWM01000013.1	36.928	306	149	6	89	362	42196	41315	6.43e-47	182
Query_1	412384_NUEC01000020.1	36.928	306	149	6	89	362	129314	130195	6.43e-47	182
Query_1	1404_NUZC01000013.1	36.928	306	149	6	89	362	27364	26483	6.43e-47	182
Query_1	1404_NUFU01000004.1	36.928	306	149	6	89	362	217117	216236	6.44e-47	182
Query_1	1404_WTKH01000016.1	36.928	306	149	6	89	362	134604	133723	6.44e-47	182
Query_1	1404_NUVO01000046.1	36.928	306	149	6	89	362	101392	100511	6.44e-47	182
Query_1	1404_QDFP01000007.1	36.928	306	149	6	89	362	114512	113631	6.44e-47	182
Query_1	1404_NVBQ01000009.1	36.928	306	149	6	89	362	238953	238072	6.44e-47	182
Query_1	1404_NTYL01000004.1	36.928	306	149	6	89	362	26822	25941	6.45e-47	182
Query_1	1404_POTF01000004.1	36.928	306	149	6	89	362	238597	237716	6.45e-47	182
Query_1	1404_NUZX01000005.1	36.928	306	149	6	89	362	27309	26428	6.45e-47	182
Query_1	1404_NUVY01000004.1	36.928	306	149	6	89	362	317344	318225	6.45e-47	182
Query_1	1404_NVLN01000012.1	36.928	306	149	6	89	362	285607	284726	6.45e-47	182
Query_1	1404_QDFU01000001.1	36.928	306	149	6	89	362	312647	313528	6.45e-47	182
Query_1	1404_NVEP01000011.1	36.928	306	149	6	89	362	2142	1261	6.45e-47	182
Query_1	1404_VEAZ01000003.1	36.928	306	149	6	89	362	330748	331629	6.45e-47	182
Query_1	1404_NUWI01000002.1	36.928	306	149	6	89	362	105320	104439	6.45e-47	182
Query_1	1404_VEAU01000004.1	36.928	306	149	6	89	362	182872	181991	6.45e-47	182
Query_1	1404_NTYW01000004.1	36.928	306	149	6	89	362	27293	26412	6.45e-47	182
Query_1	1404_RYZX01000032.1	36.928	306	149	6	89	362	393396	392515	6.45e-47	182
Query_1	1404_NUWZ01000003.1	36.928	306	149	6	89	362	213836	212955	6.45e-47	182
Query_1	1404_NTVK01000001.1	36.928	306	149	6	89	362	481117	481998	6.45e-47	182
Query_1	1404_NMOL01000008.1	36.928	306	149	6	89	362	239482	238601	6.45e-47	182
Query_1	1404_JXRC01000039.1	36.928	306	149	6	89	362	545692	546573	6.45e-47	182
Query_1	1404_NTUU01000007.1	36.928	306	149	6	89	362	232067	231186	6.45e-47	182
Query_1	1404_NTTN01000007.1	36.928	306	149	6	89	362	516762	517643	6.45e-47	182
Query_1	1404_AZUJ01000004.1	36.928	306	149	6	89	362	501930	502811	6.45e-47	182
Query_1	1404_QDFO01000002.1	36.928	306	149	6	89	362	55181	54300	6.45e-47	182
Query_1	1404_NUPF01000005.1	36.928	306	149	6	89	362	258330	257449	6.45e-47	182
Query_1	1404_NUWU01000009.1	36.928	306	149	6	89	362	451551	452432	6.45e-47	182
Query_1	1404_UFSS01000002.1	36.928	306	149	6	89	362	557454	556573	6.45e-47	182
Query_1	1404_FOPA01000003.1	36.928	306	149	6	89	362	265132	264251	6.45e-47	182
Query_1	1404_SUPM01000003.1	36.928	306	149	6	89	362	643597	644478	6.45e-47	182
Query_1	1404_NTWY01000004.1	36.928	306	149	6	89	362	736807	735926	6.45e-47	182
Query_1	1404_NUOI01000013.1	36.928	306	149	6	89	362	755017	754136	6.45e-47	182
Query_1	1404_NVEG01000004.1	36.928	306	149	6	89	362	171370	172251	6.45e-47	182
Query_1	1404_NUFL01000013.1	36.928	306	149	6	89	362	952478	951597	6.46e-47	182
Query_1	1404_NGUL01000002.1	36.928	306	149	6	89	362	898931	899812	6.46e-47	182
Query_1	1404_NUIN01000001.1	36.928	306	149	6	89	362	985540	986421	6.46e-47	182
Query_1	1404_NUOQ01000013.1	36.928	306	149	6	89	362	569556	568675	6.46e-47	182
Query_1	1404_NVKN01000011.1	36.928	306	149	6	89	362	478237	479118	6.46e-47	182
Query_1	1404_NUIA01000012.1	36.928	306	149	6	89	362	731365	730484	6.46e-47	182
Query_1	1404_NUKI01000066.1	36.928	306	149	6	89	362	463872	464753	6.46e-47	182
Query_1	1404_VFPY01000002.1	36.928	306	149	6	89	362	1666063	1666944	6.46e-47	182
Query_1	1404_QDFM01000001.1	36.928	306	149	6	89	362	240818	239937	6.46e-47	182
Query_1	1404_NTZG01000058.1	36.928	306	149	6	89	362	189711	188830	6.46e-47	182
Query_1	1404_REFM01000006.1	36.928	306	149	6	89	362	250268	249387	6.46e-47	182
Query_1	1404_PNHN01000001.1	36.928	306	149	6	89	362	237383	236502	6.46e-47	182
Query_1	1404_NTTT01000075.1	36.928	306	149	6	89	362	297767	296886	6.46e-47	182
Query_1	1404_NVCR01000002.1	36.928	306	149	6	89	362	730167	729286	6.46e-47	182
Query_1	1404_NTWH01000001.1	36.928	306	149	6	89	362	1753520	1754401	6.46e-47	182
Query_1	1404_VEEA01000001.1	36.928	306	149	6	89	362	433374	434255	6.46e-47	182
Query_1	1404_VEEA01000001.1	39.785	279	149	6	103	362	1575631	1574795	5.73e-46	179
Query_1	1404_MRUF01000004.1	36.928	306	149	6	89	362	209732	208851	6.58e-47	182
Query_1	1404_NVAW01000012.1	36.928	306	149	6	89	362	15905	16786	6.58e-47	182
Query_1	1404_NUWZ01000005.1	40.143	279	148	6	103	362	952022	951186	6.97e-47	182
Query_1	412384_JPIE01000005.1	37.417	302	153	6	89	362	218359	219240	7.28e-47	182
Query_1	412384_NUTZ01000091.1	37.417	302	153	6	89	362	95122	94241	7.28e-47	182
Query_1	412384_NVGV01000002.1	37.417	302	153	6	89	362	196788	195907	7.29e-47	182
Query_1	412384_LDUV01000006.1	37.417	302	153	6	89	362	491810	490929	7.30e-47	182
Query_1	1404_VECD01000003.1	37.417	302	153	6	89	362	456612	457493	7.30e-47	182
Query_1	1404_VDTN01000003.1	37.417	302	153	6	89	362	320884	321765	7.30e-47	182
Query_1	412384_LQQQ01000012.1	37.417	302	153	6	89	362	47897	48778	7.31e-47	182
Query_1	412384_LDWN01000003.1	37.417	302	153	6	89	362	199020	199901	7.31e-47	182
Query_1	1404_FOPA01000004.1	39.858	281	146	6	103	362	524838	524002	7.44e-47	182
Query_1	1404_NTRQ01000002.1	40.143	279	148	6	103	362	50633	51469	7.59e-47	182
Query_1	1404_PRKV01000005.1	36.928	306	149	6	89	362	294550	295431	8.03e-47	182
Query_1	1404_LFQJ01000092.1	38.869	283	146	5	103	362	25740	26576	9.42e-47	182
Query_1	412384_MVJH01000316.1	37.086	302	154	6	89	362	5213	4332	1.00e-46	181
Query_1	412384_NHZZ01000007.1	37.086	302	154	6	89	362	50819	49938	1.03e-46	181
Query_1	412384_NVEV01000077.1	37.086	302	154	6	89	362	181142	180261	1.03e-46	181
Query_1	1404_VEEN01000001.1	37.086	302	154	6	89	362	1324594	1325475	1.03e-46	181
Query_1	412384_MCAN01000003.1	37.086	302	154	6	89	362	1741645	1742526	1.03e-46	181
Query_1	412384_MCAN01000003.1	39.427	279	150	6	103	362	2899739	2898903	8.00e-46	179
Query_1	1404_NTWH01000002.1	39.785	279	149	6	103	362	363110	362274	1.23e-46	181
Query_1	1404_NUWI01000003.1	39.785	279	149	6	103	362	18670	19506	2.29e-46	181
Query_1	1404_PNHN01000003.1	39.785	279	149	6	103	362	1033086	1032250	2.29e-46	181
Query_1	1404_PQWM01000006.1	36.928	306	149	6	89	362	159213	160094	2.48e-46	180
Query_1	1404_NUKH01000128.1	39.223	283	145	6	103	362	23913	24749	2.58e-46	180
Query_1	1404_NTVK01000009.1	39.223	283	145	6	103	362	927993	927157	2.67e-46	180
Query_1	1404_VFPY01000001.1	39.223	283	145	6	103	362	981875	981039	2.67e-46	180
Query_1	1404_NVBQ01000002.1	38.516	283	147	5	103	362	42114	41278	2.90e-46	180
Query_1	1404_NMOL01000004.1	38.516	283	147	5	103	362	58161	58997	3.08e-46	180
Query_1	1404_LFQJ01000021.1	36.601	306	150	6	89	362	109041	108160	3.25e-46	180
Query_1	412384_MVJH01000191.1	39.785	279	149	6	103	362	311	1147	3.33e-46	180
Query_1	1404_JXRC01000045.1	39.785	279	149	6	103	362	105579	106415	3.42e-46	180
Query_1	1404_SUPM01000001.1	39.785	279	149	6	103	362	1021605	1020769	3.56e-46	180
Query_1	1404_NUPF01000039.1	39.068	279	151	5	103	362	52289	53125	3.88e-46	180
Query_1	412384_NHZZ01000013.1	39.785	279	149	6	103	362	51607	52443	4.08e-46	180
Query_1	1404_VEAU01000001.1	39.785	279	149	6	103	362	379683	380519	5.73e-46	179
Query_1	1404_VDTN01000001.1	39.785	279	149	6	103	362	841422	840586	5.73e-46	179
Query_1	412384_NVEV01000002.1	39.785	279	149	6	103	362	421054	420218	8.15e-46	179
Query_1	412384_NUEC01000011.1	39.785	279	149	6	103	362	100709	99873	8.58e-46	179
Query_1	412384_JPIE01000001.1	39.785	279	149	6	103	362	1211583	1212419	8.64e-46	179
Query_1	1404_NTTN01000001.1	39.427	279	150	6	103	362	892194	891358	1.63e-45	178
Query_1	1396_VTQQ01000120.1	41.887	265	129	6	127	368	1	789	2.19e-45	168
Query_1	266_VAFL01000013.1	48.561	278	120	8	94	366	30860	30081	2.54e-45	177
Query_1	1404_PRKV01000004.1	39.068	279	151	6	103	362	443396	442560	2.58e-45	177
Query_1	40324_DBUI01000076.1	38.361	305	153	7	99	371	35115	36020	4.25e-45	177
Query_1	1404_VEEN01000005.1	39.427	279	150	6	103	362	229244	228408	8.01e-45	176
Query_1	412384_NOXE01000002.1	36.824	296	159	6	89	360	317265	316390	8.02e-45	176
Query_1	1404_QDFU01000009.1	40.502	279	147	7	103	362	128616	127780	8.78e-45	176
Query_1	1404_QDFO01000006.1	40.502	279	147	7	103	362	200728	201564	8.82e-45	176
Query_1	1404_QDFP01000001.1	40.502	279	147	7	103	362	575910	575074	8.83e-45	176
Query_1	1404_QDFM01000002.1	40.502	279	147	7	103	362	1155149	1155985	8.83e-45	176
Query_1	1404_REFM01000005.1	40.502	279	147	7	103	362	1181654	1182490	8.83e-45	176
Query_1	28214_SEGE01001103.1	50.633	237	102	5	4	235	706	26	2.75e-44	173
Query_1	412384_WTKM01000005.1	36.149	296	161	5	89	360	79861	78986	3.90e-44	174
Query_1	86664_QWLS01000121.1	36.486	296	160	5	89	360	11094	10219	1.07e-43	172
Query_1	69392_DMHN01000458.1	40.484	289	141	7	99	359	783	1640	1.13e-43	172
Query_1	216778_QFBN01000005.1	38.000	300	155	6	99	370	229673	228783	1.59e-43	172
Query_1	40324_CABFZJ010000654.1	40.068	292	144	7	99	362	13696	12830	2.97e-43	171
Query_1	40324_CABFZJ010000117.1	40.068	292	144	7	99	362	13696	12830	2.97e-43	171
Query_1	216778_QGAK01000001.1	38.000	300	155	6	99	370	1193887	1194777	3.29e-43	171
Query_1	216778_CP007597.1	38.356	292	149	6	99	362	2287958	2287092	4.47e-43	171
Query_1	69392_DPMD01000188.1	40.138	289	142	7	99	359	1274	417	4.51e-43	171
Query_1	40324_CABFZK010000692.1	38.408	289	147	6	99	359	28372	29229	9.46e-43	170
Query_1	40324_CABFZK010000157.1	38.408	289	147	6	99	359	28372	29229	9.46e-43	170
Query_1	40324_CABGCB010000666.1	38.408	289	147	6	99	359	89421	88564	9.49e-43	170
Query_1	40324_CABGCB010000047.1	38.408	289	147	6	99	359	89421	88564	9.49e-43	170
Query_1	40324_CABFZI010000624.1	38.408	289	147	6	99	359	29236	30093	9.49e-43	170
Query_1	40324_CABFZI010000072.1	38.408	289	147	6	99	359	29236	30093	9.49e-43	170
Query_1	40324_CABGCA010000890.1	38.408	289	147	6	99	359	130931	130074	9.51e-43	170
Query_1	40324_CABGCA010000146.1	38.408	289	147	6	99	359	130931	130074	9.51e-43	170
Query_1	40324_CABGBX010000820.1	38.408	289	147	6	99	359	130931	130074	9.51e-43	170
Query_1	40324_CABGBX010000232.1	38.408	289	147	6	99	359	130931	130074	9.51e-43	170
Query_1	40324_DGLY01000212.1	36.218	312	159	7	99	373	4040	4966	1.21e-42	169
Query_1	86664_CP016790.1	36.149	296	161	5	89	360	1881364	1882239	1.25e-42	169
Query_1	86664_CP040367.1	36.149	296	161	5	89	360	1665830	1666705	1.33e-42	169
Query_1	40324_DJBL01000023.1	39.792	289	143	7	99	359	60881	60024	1.37e-42	169
Query_1	86664_NJQU01000014.1	36.149	296	161	5	89	360	33183	34058	1.39e-42	169
Query_1	86664_VEEH01000038.1	36.700	297	158	7	89	360	35310	36185	1.46e-42	169
Query_1	86664_VEEF01000039.1	36.700	297	158	7	89	360	5322	4447	1.46e-42	169
Query_1	40324_VLEU01000001.1	37.716	289	149	6	99	359	48732	49589	1.96e-42	169
Query_1	40324_MJAS01000017.1	38.699	292	148	6	99	362	79869	79003	2.30e-42	169
Query_1	40324_DFRX01000034.1	38.408	289	147	6	99	359	52858	52001	2.52e-42	169
Query_1	40324_DHAC01000032.1	37.671	292	151	6	99	362	210239	211105	2.57e-42	169
Query_1	1547922_BBYR01000030.1	47.410	251	123	1	118	359	195765	196517	3.25e-42	168
Query_1	266_QFNE01000001.1	44.776	268	133	5	95	362	96780	96022	3.54e-42	168
Query_1	266_QFMZ01000001.1	44.776	268	133	5	95	362	96780	96022	3.54e-42	168
Query_1	316_VNHR01000006.1	46.520	273	134	5	94	361	71037	71834	4.08e-42	168
Query_1	40324_DFPO01000082.1	38.961	308	151	8	99	373	4440	3529	4.12e-42	168
Query_1	40324_CP028358.1	37.671	292	151	6	99	362	2484658	2483792	5.01e-42	168
Query_1	40324_DIMP01000122.1	37.370	289	150	6	99	359	179528	180385	5.97e-42	167
Query_1	40324_RHQE01000001.1	37.716	289	149	6	99	359	116384	115527	6.22e-42	167
Query_1	40324_LDVS01000004.1	38.062	289	148	6	99	359	48378	47521	6.58e-42	167
Query_1	69392_DMLZ01000384.1	39.249	293	145	7	99	362	13546	14412	6.74e-42	167
Query_1	40324_NERG01000001.1	37.716	289	149	6	99	359	308041	307184	6.79e-42	167
Query_1	69392_PKCF01000198.1	38.062	289	148	6	99	359	1705	2562	7.03e-42	167
Query_1	40324_VLGR01000038.1	38.062	289	148	6	99	359	29287	30144	7.62e-42	167
Query_1	40324_CABGDM010000953.1	38.062	289	148	6	99	359	20918	20061	7.62e-42	167
Query_1	40324_CABGDM010000540.1	38.062	289	148	6	99	359	20918	20061	7.62e-42	167
Query_1	40324_DICG01000078.1	38.062	289	148	6	99	359	59622	58765	7.71e-42	167
Query_1	40324_CABFZN010000908.1	38.062	289	148	6	99	359	75100	75957	7.93e-42	167
Query_1	40324_CABFZN010000138.1	38.062	289	148	6	99	359	75100	75957	7.93e-42	167
Query_1	40324_CABGEX010000986.1	38.062	289	148	6	99	359	9195	8338	8.43e-42	167
Query_1	40324_CABGEX010000313.1	38.062	289	148	6	99	359	9195	8338	8.43e-42	167
