Query_1	215580_SLXF01000011.1	67.941	471	146	2	27	492	36150	37562	0.0	653
Query_1	215580_QQAP01000011.1	67.941	471	146	2	27	492	36095	37507	0.0	652
Query_1	215580_PSNY01000013.1	67.941	471	146	2	27	492	62437	61025	0.0	652
Query_1	285_AWOR01000089.1	62.012	487	163	6	27	492	15257	16714	0.0	588
Query_1	34028_SPET01000020.1	62.012	487	163	6	27	492	74931	73474	0.0	588
Query_1	285_LMXT01000021.1	61.807	487	164	6	27	492	41077	39620	0.0	587
Query_1	285_JNVD01000016.1	61.807	487	164	6	27	492	107100	105643	0.0	587
Query_1	34028_SPEY01000070.1	62.012	487	163	6	27	492	15356	16813	0.0	586
Query_1	34028_SPFA01000040.1	61.807	487	164	6	27	492	38803	37346	0.0	584
Query_1	34073_JXQQ01000041.1	50.106	473	209	9	27	491	15501	14140	9.13e-127	417
Query_1	34073_CP046622.1	49.684	475	209	10	27	491	3343514	3342150	2.68e-126	416
Query_1	34073_JZWI01000001.1	50.316	475	206	11	27	491	38179	36815	5.04e-126	416
Query_1	34073_LKTY01000079.1	51.288	466	197	10	37	491	34771	33431	2.14e-125	414
Query_1	34073_LKTZ01000067.1	51.288	466	197	10	37	491	28404	27064	2.15e-125	414
Query_1	34073_LKTV01000055.1	51.288	466	197	10	37	491	5036	6376	2.16e-125	414
Query_1	34073_LKTX01000014.1	51.288	466	197	10	37	491	5036	6376	2.18e-125	414
Query_1	34073_LKTW01000015.1	51.288	466	197	10	37	491	58199	59539	2.18e-125	414
Query_1	34073_LKTU01000029.1	51.288	466	197	10	37	491	68063	69403	2.18e-125	414
Query_1	413882_CP011371.1	48.421	475	215	8	26	491	5498173	5496812	4.96e-125	412
Query_1	413882_CP011371.1	36.478	318	180	7	28	341	1714914	1714015	1.29e-51	200
Query_1	413882_CP011371.1	40.299	67	34	2	351	413	586238	586432	0.13	47.0
Query_1	413882_CP011371.1	32.407	108	55	3	32	139	15358	15089	3.0	42.7
Query_1	413882_CP011371.1	31.132	106	51	5	235	339	15625	15371	9.0	41.2
Query_1	47920_VJWE01000014.1	50.309	485	202	12	28	492	150585	149188	1.13e-123	409
Query_1	34073_CP045644.1	49.053	475	212	10	27	491	5671392	5670028	5.53e-123	407
Query_1	34073_LVHG01000083.1	48.211	475	218	9	27	491	61652	60282	4.24e-122	404
Query_1	1872122_DPDC01000015.1	49.585	482	207	12	28	492	56056	54668	6.32e-122	404
Query_1	47920_LSIH01000568.1	48.602	465	200	13	47	491	9704	11041	3.33e-108	364
Query_1	91492_BLKK01000005.1	48.438	256	125	4	74	326	26676	27431	8.81e-74	246
Query_1	91492_BLKK01000005.1	71.111	45	12	1	32	75	26479	26613	8.81e-74	62.8
Query_1	91492_BBXM01000170.1	48.800	250	121	4	80	326	168458	167721	3.10e-73	243
Query_1	91492_BBXM01000170.1	71.111	45	12	1	32	75	168673	168539	3.10e-73	63.5
Query_1	746128_LWRU01000092.1	45.387	271	137	5	71	336	100098	100892	5.48e-73	243
Query_1	746128_LWRU01000092.1	71.111	45	12	1	32	75	99904	100038	5.48e-73	63.2
Query_1	746128_VBRB01000002.1	45.387	271	137	5	71	336	2859986	2860780	5.86e-73	243
Query_1	746128_VBRB01000002.1	71.111	45	12	1	32	75	2859792	2859926	5.86e-73	63.2
Query_1	746128_NKHS01000465.1	45.387	271	137	5	71	336	1040	246	6.41e-73	243
Query_1	746128_NKHS01000465.1	71.111	45	12	1	32	75	1234	1100	6.41e-73	63.2
Query_1	1872122_SDXY01000981.1	56.471	255	88	4	248	492	1829	1104	6.68e-73	251
Query_1	746128_MCQI02000131.1	45.556	270	136	5	71	335	1525939	1525148	8.46e-73	242
Query_1	746128_MCQI02000131.1	71.111	45	12	1	32	75	1526133	1525999	8.46e-73	63.2
Query_1	91492_BLKG01000047.1	48.800	250	121	4	80	326	44086	43349	1.09e-72	243
Query_1	91492_BLKG01000047.1	71.111	45	12	1	32	75	44301	44167	1.09e-72	62.0
Query_1	91492_BLKF01000012.1	48.800	250	121	4	80	326	280764	281501	1.10e-72	243
Query_1	91492_BLKF01000012.1	71.111	45	12	1	32	75	280549	280683	1.10e-72	62.8
Query_1	746128_LWRT01000189.1	45.556	270	136	5	71	335	61908	61117	1.19e-72	242
Query_1	746128_LWRT01000189.1	71.111	45	12	1	32	75	62102	61968	1.19e-72	63.2
Query_1	746128_NKHT01000378.1	45.556	270	136	5	71	335	9860	9069	1.20e-72	242
Query_1	746128_NKHT01000378.1	71.111	45	12	1	32	75	10054	9920	1.20e-72	63.2
Query_1	5507_WGQL01000618.1	49.010	202	99	3	80	280	814	1410	1.59e-72	200
Query_1	5507_WGQL01000618.1	55.102	49	22	0	278	326	1469	1615	1.59e-72	63.2
Query_1	5507_WGQL01000618.1	68.889	45	13	1	32	75	591	725	1.59e-72	62.4
Query_1	5507_WGRK01000607.1	49.010	202	99	3	80	280	10717	11313	2.80e-72	199
Query_1	5507_WGRK01000607.1	45.763	59	32	0	278	336	11372	11548	2.80e-72	63.9
Query_1	5507_WGRK01000607.1	68.889	45	13	1	32	75	10494	10628	2.80e-72	62.4
Query_1	5507_WGRW01000391.1	49.010	202	99	3	80	280	5781	6377	3.75e-72	199
Query_1	5507_WGRW01000391.1	55.102	49	22	0	278	326	6436	6582	3.75e-72	63.2
Query_1	5507_WGRW01000391.1	68.889	45	13	1	32	75	5558	5692	3.75e-72	62.4
Query_1	5507_WGOW01002495.1	49.010	202	99	3	80	280	792	1388	3.84e-72	199
Query_1	5507_WGOW01002495.1	55.102	49	22	0	278	326	1447	1593	3.84e-72	63.2
Query_1	5507_WGOW01002495.1	68.889	45	13	1	32	75	569	703	3.84e-72	62.4
Query_1	91492_BLKE01000279.1	47.656	256	127	4	74	326	1840	2595	4.59e-72	241
Query_1	91492_BLKE01000279.1	71.111	45	12	1	32	75	1643	1777	4.59e-72	61.6
Query_1	36630_VWYB01000008.1	45.126	277	138	6	80	348	476765	477577	8.92e-72	241
Query_1	36630_VWYB01000008.1	71.111	45	12	1	32	75	476554	476688	8.92e-72	61.2
Query_1	36630_VWYA01000009.1	45.126	277	138	6	80	348	239864	239052	8.92e-72	241
Query_1	36630_VWYA01000009.1	71.111	45	12	1	32	75	240075	239941	8.92e-72	61.2
Query_1	91492_BLKC01000010.1	48.800	250	121	4	80	326	242164	241427	1.15e-71	238
Query_1	91492_BLKC01000010.1	71.111	45	12	1	32	75	242379	242245	1.15e-71	63.5
Query_1	5507_WGPR01000139.1	43.243	222	112	4	71	283	33611	34261	4.18e-71	194
Query_1	5507_WGPR01000139.1	43.243	222	112	4	71	283	15242	14592	4.18e-71	194
Query_1	5507_WGPR01000139.1	59.184	49	20	0	278	326	34306	34452	4.18e-71	63.9
Query_1	5507_WGPR01000139.1	59.184	49	20	0	278	326	14547	14401	4.18e-71	63.9
Query_1	5507_WGPR01000139.1	69.388	49	14	1	28	75	33433	33579	4.18e-71	63.2
Query_1	5507_WGPR01000139.1	69.388	49	14	1	28	75	15420	15274	4.18e-71	63.2
Query_1	5507_WGPI01001236.1	43.243	222	112	4	71	283	3124	2474	4.24e-71	194
Query_1	5507_WGPI01001236.1	59.184	49	20	0	278	326	2429	2283	4.24e-71	63.9
Query_1	5507_WGPI01001236.1	69.388	49	14	1	28	75	3302	3156	4.24e-71	63.2
Query_1	5507_WGRH01000307.1	48.515	202	100	3	80	280	8896	8300	4.74e-71	197
Query_1	5507_WGRH01000307.1	68.889	45	13	1	32	75	9119	8985	4.74e-71	62.4
Query_1	5507_WGRH01000307.1	44.068	59	33	0	278	336	8241	8065	4.74e-71	61.6
Query_1	5507_WGQK01000303.1	48.515	202	100	3	80	280	25210	25806	4.74e-71	197
Query_1	5507_WGQK01000303.1	68.889	45	13	1	32	75	24987	25121	4.74e-71	62.4
Query_1	5507_WGQK01000303.1	44.068	59	33	0	278	336	25865	26041	4.74e-71	61.6
Query_1	29856_JYFM02000022.1	45.387	271	119	4	80	326	10040	10837	1.37e-70	235
Query_1	29856_JYFM02000022.1	64.286	56	17	2	32	84	9826	9993	1.37e-70	63.2
Query_1	29856_LWRQ01000356.1	45.387	271	119	4	80	326	6648	5851	1.68e-70	235
Query_1	29856_LWRQ01000356.1	75.556	45	10	1	32	75	6862	6728	1.68e-70	63.2
Query_1	5507_WETS01002037.1	47.573	206	104	3	80	284	4230	3622	2.40e-70	198
Query_1	5507_WETS01002037.1	68.889	45	13	1	32	75	4451	4317	2.40e-70	61.6
Query_1	5507_WETS01002037.1	44.068	59	33	0	278	336	3575	3399	2.40e-70	59.3
Query_1	5507_WETQ01002438.1	47.573	206	104	3	80	284	1548	940	2.41e-70	198
Query_1	5507_WETQ01002438.1	68.889	45	13	1	32	75	1769	1635	2.41e-70	61.6
Query_1	5507_WETQ01002438.1	44.068	59	33	0	278	336	893	717	2.41e-70	59.3
Query_1	5507_WETY01001332.1	47.573	206	104	3	80	284	1388	780	2.42e-70	198
Query_1	5507_WETY01001332.1	68.889	45	13	1	32	75	1609	1475	2.42e-70	61.6
Query_1	5507_WETY01001332.1	44.068	59	33	0	278	336	733	557	2.42e-70	59.3
Query_1	5507_WETW01000201.1	47.573	206	104	3	80	284	57915	58523	2.60e-70	198
Query_1	5507_WETW01000201.1	68.889	45	13	1	32	75	57694	57828	2.60e-70	61.2
Query_1	5507_WETW01000201.1	44.068	59	33	0	278	336	58570	58746	2.60e-70	59.3
Query_1	5507_WETN01000220.1	47.573	206	104	3	80	284	1393	785	2.61e-70	198
Query_1	5507_WETN01000220.1	68.889	45	13	1	32	75	1614	1480	2.61e-70	61.2
Query_1	5507_WETN01000220.1	44.068	59	33	0	278	336	738	562	2.61e-70	59.3
Query_1	5507_WEYR01000310.1	47.573	206	104	3	80	284	34498	35106	2.62e-70	198
Query_1	5507_WEYR01000310.1	68.889	45	13	1	32	75	34277	34411	2.62e-70	61.2
Query_1	5507_WEYR01000310.1	44.068	59	33	0	278	336	35153	35329	2.62e-70	59.3
Query_1	5507_WESG01000247.1	47.573	206	104	3	80	284	1526	918	2.63e-70	198
Query_1	5507_WESG01000247.1	68.889	45	13	1	32	75	1747	1613	2.63e-70	61.2
Query_1	5507_WESG01000247.1	44.068	59	33	0	278	336	871	695	2.63e-70	59.3
Query_1	5507_WEUL01000265.1	47.573	206	104	3	80	284	24954	25562	2.63e-70	198
Query_1	5507_WEUL01000265.1	68.889	45	13	1	32	75	24733	24867	2.63e-70	61.2
Query_1	5507_WEUL01000265.1	44.068	59	33	0	278	336	25609	25785	2.63e-70	59.3
Query_1	5507_WETU01000269.1	47.573	206	104	3	80	284	24361	24969	2.63e-70	198
Query_1	5507_WETU01000269.1	68.889	45	13	1	32	75	24140	24274	2.63e-70	61.2
Query_1	5507_WETU01000269.1	44.068	59	33	0	278	336	25016	25192	2.63e-70	59.3
Query_1	5507_WEXC01000109.1	47.573	206	104	3	80	284	24008	24616	2.63e-70	198
Query_1	5507_WEXC01000109.1	68.889	45	13	1	32	75	23787	23921	2.63e-70	61.2
Query_1	5507_WEXC01000109.1	44.068	59	33	0	278	336	24663	24839	2.63e-70	59.3
Query_1	5507_WEXN01000214.1	47.573	206	104	3	80	284	1406	798	2.63e-70	198
Query_1	5507_WEXN01000214.1	68.889	45	13	1	32	75	1627	1493	2.63e-70	61.2
Query_1	5507_WEXN01000214.1	44.068	59	33	0	278	336	751	575	2.63e-70	59.3
Query_1	5507_WEWN01000227.1	47.573	206	104	3	80	284	23582	24190	2.63e-70	198
Query_1	5507_WEWN01000227.1	68.889	45	13	1	32	75	23361	23495	2.63e-70	61.2
Query_1	5507_WEWN01000227.1	44.068	59	33	0	278	336	24237	24413	2.63e-70	59.3
Query_1	5507_WILB01000227.1	47.573	206	104	3	80	284	1409	801	2.63e-70	198
Query_1	5507_WILB01000227.1	68.889	45	13	1	32	75	1630	1496	2.63e-70	61.2
Query_1	5507_WILB01000227.1	44.068	59	33	0	278	336	754	578	2.63e-70	59.3
Query_1	5507_WEYF01000341.1	47.573	206	104	3	80	284	1535	927	2.63e-70	198
Query_1	5507_WEYF01000341.1	68.889	45	13	1	32	75	1756	1622	2.63e-70	61.2
Query_1	5507_WEYF01000341.1	44.068	59	33	0	278	336	880	704	2.63e-70	59.3
Query_1	5507_WEVV01000245.1	47.573	206	104	3	80	284	23324	23932	2.63e-70	198
Query_1	5507_WEVV01000245.1	68.889	45	13	1	32	75	23103	23237	2.63e-70	61.2
Query_1	5507_WEVV01000245.1	44.068	59	33	0	278	336	23979	24155	2.63e-70	59.3
Query_1	5507_WEYP01000688.1	47.573	206	104	3	80	284	23264	23872	2.63e-70	198
Query_1	5507_WEYP01000688.1	68.889	45	13	1	32	75	23043	23177	2.63e-70	61.2
Query_1	5507_WEYP01000688.1	44.068	59	33	0	278	336	23919	24095	2.63e-70	59.3
Query_1	5507_WILA01000426.1	47.573	206	104	3	80	284	1406	798	2.63e-70	198
Query_1	5507_WILA01000426.1	68.889	45	13	1	32	75	1627	1493	2.63e-70	61.2
Query_1	5507_WILA01000426.1	44.068	59	33	0	278	336	751	575	2.63e-70	59.3
Query_1	5507_WETP01000588.1	47.573	206	104	3	80	284	22432	23040	2.63e-70	198
Query_1	5507_WETP01000588.1	68.889	45	13	1	32	75	22211	22345	2.63e-70	61.2
Query_1	5507_WETP01000588.1	44.068	59	33	0	278	336	23087	23263	2.63e-70	59.3
Query_1	5507_WEXZ01000443.1	47.573	206	104	3	80	284	1294	686	2.63e-70	198
Query_1	5507_WEXZ01000443.1	68.889	45	13	1	32	75	1515	1381	2.63e-70	61.2
Query_1	5507_WEXZ01000443.1	44.068	59	33	0	278	336	639	463	2.63e-70	59.3
Query_1	5507_WETE01000524.1	47.573	206	104	3	80	284	21946	22554	2.63e-70	198
Query_1	5507_WETE01000524.1	68.889	45	13	1	32	75	21725	21859	2.63e-70	61.2
Query_1	5507_WETE01000524.1	44.068	59	33	0	278	336	22601	22777	2.63e-70	59.3
Query_1	5507_WEUB01000642.1	47.573	206	104	3	80	284	19825	20433	2.63e-70	198
Query_1	5507_WEUB01000642.1	68.889	45	13	1	32	75	19604	19738	2.63e-70	61.2
Query_1	5507_WEUB01000642.1	44.068	59	33	0	278	336	20480	20656	2.63e-70	59.3
Query_1	5507_WEXM01000310.1	47.573	206	104	3	80	284	1710	1102	2.63e-70	198
Query_1	5507_WEXM01000310.1	68.889	45	13	1	32	75	1931	1797	2.63e-70	61.2
Query_1	5507_WEXM01000310.1	44.068	59	33	0	278	336	1055	879	2.63e-70	59.3
Query_1	5507_WEVK01000036.1	47.573	206	104	3	80	284	1409	801	2.63e-70	198
Query_1	5507_WEVK01000036.1	68.889	45	13	1	32	75	1630	1496	2.63e-70	61.2
Query_1	5507_WEVK01000036.1	44.068	59	33	0	278	336	754	578	2.63e-70	59.3
Query_1	5507_WEVL01000282.1	47.573	206	104	3	80	284	19128	19736	2.63e-70	198
Query_1	5507_WEVL01000282.1	68.889	45	13	1	32	75	18907	19041	2.63e-70	61.2
Query_1	5507_WEVL01000282.1	44.068	59	33	0	278	336	19783	19959	2.63e-70	59.3
Query_1	5507_WEYY01000758.1	47.573	206	104	3	80	284	1369	761	2.64e-70	198
Query_1	5507_WEYY01000758.1	68.889	45	13	1	32	75	1590	1456	2.64e-70	61.2
Query_1	5507_WEYY01000758.1	44.068	59	33	0	278	336	714	538	2.64e-70	59.3
Query_1	5507_WEYT01000507.1	47.573	206	104	3	80	284	1409	801	2.64e-70	198
Query_1	5507_WEYT01000507.1	68.889	45	13	1	32	75	1630	1496	2.64e-70	61.2
Query_1	5507_WEYT01000507.1	44.068	59	33	0	278	336	754	578	2.64e-70	59.3
Query_1	5507_WESW01000451.1	47.573	206	104	3	80	284	17759	18367	2.64e-70	198
Query_1	5507_WESW01000451.1	68.889	45	13	1	32	75	17538	17672	2.64e-70	61.2
Query_1	5507_WESW01000451.1	44.068	59	33	0	278	336	18414	18590	2.64e-70	59.3
Query_1	5507_WEVF01000790.1	47.573	206	104	3	80	284	17578	18186	2.64e-70	198
Query_1	5507_WEVF01000790.1	68.889	45	13	1	32	75	17357	17491	2.64e-70	61.2
Query_1	5507_WEVF01000790.1	44.068	59	33	0	278	336	18233	18409	2.64e-70	59.3
Query_1	5507_WEVR01000412.1	47.573	206	104	3	80	284	1409	801	2.64e-70	198
Query_1	5507_WEVR01000412.1	68.889	45	13	1	32	75	1630	1496	2.64e-70	61.2
Query_1	5507_WEVR01000412.1	44.068	59	33	0	278	336	754	578	2.64e-70	59.3
Query_1	5507_WEWS01000790.1	47.573	206	104	3	80	284	16713	17321	2.64e-70	198
Query_1	5507_WEWS01000790.1	68.889	45	13	1	32	75	16492	16626	2.64e-70	61.2
Query_1	5507_WEWS01000790.1	44.068	59	33	0	278	336	17368	17544	2.64e-70	59.3
Query_1	5507_WEVH01000212.1	47.573	206	104	3	80	284	1409	801	2.64e-70	198
Query_1	5507_WEVH01000212.1	68.889	45	13	1	32	75	1630	1496	2.64e-70	61.2
Query_1	5507_WEVH01000212.1	44.068	59	33	0	278	336	754	578	2.64e-70	59.3
Query_1	5507_WEYM01000084.1	47.573	206	104	3	80	284	16575	17183	2.64e-70	198
Query_1	5507_WEYM01000084.1	68.889	45	13	1	32	75	16354	16488	2.64e-70	61.2
Query_1	5507_WEYM01000084.1	44.068	59	33	0	278	336	17230	17406	2.64e-70	59.3
Query_1	5507_WEXK01000377.1	47.573	206	104	3	80	284	1369	761	2.64e-70	198
Query_1	5507_WEXK01000377.1	68.889	45	13	1	32	75	1590	1456	2.64e-70	61.2
Query_1	5507_WEXK01000377.1	44.068	59	33	0	278	336	714	538	2.64e-70	59.3
Query_1	5507_WEWG01000399.1	47.573	206	104	3	80	284	1393	785	2.64e-70	198
Query_1	5507_WEWG01000399.1	68.889	45	13	1	32	75	1614	1480	2.64e-70	61.2
Query_1	5507_WEWG01000399.1	44.068	59	33	0	278	336	738	562	2.64e-70	59.3
Query_1	5507_WEXH01000976.1	47.573	206	104	3	80	284	13147	13755	2.64e-70	198
Query_1	5507_WEXH01000976.1	68.889	45	13	1	32	75	12926	13060	2.64e-70	61.2
Query_1	5507_WEXH01000976.1	44.068	59	33	0	278	336	13802	13978	2.64e-70	59.3
Query_1	5507_WEYB01000645.1	47.573	206	104	3	80	284	13795	14403	2.64e-70	198
Query_1	5507_WEYB01000645.1	68.889	45	13	1	32	75	13574	13708	2.64e-70	61.2
Query_1	5507_WEYB01000645.1	44.068	59	33	0	278	336	14450	14626	2.64e-70	59.3
Query_1	5507_WEUF01000842.1	47.573	206	104	3	80	284	1409	801	2.64e-70	198
Query_1	5507_WEUF01000842.1	68.889	45	13	1	32	75	1630	1496	2.64e-70	61.2
Query_1	5507_WEUF01000842.1	44.068	59	33	0	278	336	754	578	2.64e-70	59.3
Query_1	5507_WEVJ01001154.1	47.573	206	104	3	80	284	13206	13814	2.64e-70	198
Query_1	5507_WEVJ01001154.1	68.889	45	13	1	32	75	12985	13119	2.64e-70	61.2
Query_1	5507_WEVJ01001154.1	44.068	59	33	0	278	336	13861	14037	2.64e-70	59.3
Query_1	5507_WEXE01000883.1	47.573	206	104	3	80	284	13198	13806	2.64e-70	198
Query_1	5507_WEXE01000883.1	68.889	45	13	1	32	75	12977	13111	2.64e-70	61.2
Query_1	5507_WEXE01000883.1	44.068	59	33	0	278	336	13853	14029	2.64e-70	59.3
Query_1	5507_WEYL01000688.1	47.573	206	104	3	80	284	13324	13932	2.64e-70	198
Query_1	5507_WEYL01000688.1	68.889	45	13	1	32	75	13103	13237	2.64e-70	61.2
Query_1	5507_WEYL01000688.1	44.068	59	33	0	278	336	13979	14155	2.64e-70	59.3
Query_1	5507_WEYG01000745.1	47.573	206	104	3	80	284	13192	13800	2.64e-70	198
Query_1	5507_WEYG01000745.1	68.889	45	13	1	32	75	12971	13105	2.64e-70	61.2
Query_1	5507_WEYG01000745.1	44.068	59	33	0	278	336	13847	14023	2.64e-70	59.3
Query_1	5507_WEXX01001167.1	47.573	206	104	3	80	284	1310	702	2.64e-70	198
Query_1	5507_WEXX01001167.1	68.889	45	13	1	32	75	1531	1397	2.64e-70	61.2
Query_1	5507_WEXX01001167.1	44.068	59	33	0	278	336	655	479	2.64e-70	59.3
Query_1	5507_WEWI01000738.1	47.573	206	104	3	80	284	1369	761	2.64e-70	198
Query_1	5507_WEWI01000738.1	68.889	45	13	1	32	75	1590	1456	2.64e-70	61.2
Query_1	5507_WEWI01000738.1	44.068	59	33	0	278	336	714	538	2.64e-70	59.3
Query_1	5507_WEVT01000922.1	47.573	206	104	3	80	284	1274	666	2.64e-70	198
Query_1	5507_WEVT01000922.1	68.889	45	13	1	32	75	1495	1361	2.64e-70	61.2
Query_1	5507_WEVT01000922.1	44.068	59	33	0	278	336	619	443	2.64e-70	59.3
Query_1	5507_WIKW01001196.1	47.573	206	104	3	80	284	13105	13713	2.64e-70	198
Query_1	5507_WIKW01001196.1	68.889	45	13	1	32	75	12884	13018	2.64e-70	61.2
Query_1	5507_WIKW01001196.1	44.068	59	33	0	278	336	13760	13936	2.64e-70	59.3
Query_1	5507_WEWH01000866.1	47.573	206	104	3	80	284	1369	761	2.64e-70	198
Query_1	5507_WEWH01000866.1	68.889	45	13	1	32	75	1590	1456	2.64e-70	61.2
Query_1	5507_WEWH01000866.1	44.068	59	33	0	278	336	714	538	2.64e-70	59.3
Query_1	5507_WEZE01001568.1	47.573	206	104	3	80	284	1276	668	2.65e-70	198
Query_1	5507_WEZE01001568.1	68.889	45	13	1	32	75	1497	1363	2.65e-70	61.2
Query_1	5507_WEZE01001568.1	44.068	59	33	0	278	336	621	445	2.65e-70	59.3
Query_1	5507_WETV01000674.1	47.573	206	104	3	80	284	1576	968	2.65e-70	198
Query_1	5507_WETV01000674.1	68.889	45	13	1	32	75	1797	1663	2.65e-70	61.2
Query_1	5507_WETV01000674.1	44.068	59	33	0	278	336	921	745	2.65e-70	59.3
Query_1	5507_WEYV01001615.1	47.573	206	104	3	80	284	8978	9586	2.65e-70	198
Query_1	5507_WEYV01001615.1	68.889	45	13	1	32	75	8757	8891	2.65e-70	61.2
Query_1	5507_WEYV01001615.1	44.068	59	33	0	278	336	9633	9809	2.65e-70	59.3
Query_1	5507_WESH01001684.1	47.573	206	104	3	80	284	2698	2090	2.66e-70	198
Query_1	5507_WESH01001684.1	68.889	45	13	1	32	75	2919	2785	2.66e-70	61.2
Query_1	5507_WESH01001684.1	44.068	59	33	0	278	336	2043	1867	2.66e-70	59.3
Query_1	5507_WEXF01000607.1	47.573	206	104	3	80	284	5991	6599	2.66e-70	198
Query_1	5507_WEXF01000607.1	68.889	45	13	1	32	75	5770	5904	2.66e-70	61.2
Query_1	5507_WEXF01000607.1	44.068	59	33	0	278	336	6646	6822	2.66e-70	59.3
Query_1	5507_WEXY01002153.1	47.573	206	104	3	80	284	6956	7564	2.66e-70	198
Query_1	5507_WEXY01002153.1	68.889	45	13	1	32	75	6735	6869	2.66e-70	61.2
Query_1	5507_WEXY01002153.1	44.068	59	33	0	278	336	7611	7787	2.66e-70	59.3
Query_1	5507_WEVD01006746.1	47.573	206	104	3	80	284	4731	5339	2.67e-70	198
Query_1	5507_WEVD01006746.1	68.889	45	13	1	32	75	4510	4644	2.67e-70	61.2
Query_1	5507_WEVD01006746.1	44.068	59	33	0	278	336	5386	5562	2.67e-70	59.3
Query_1	5507_WEUA01001584.1	47.573	206	104	3	80	284	4583	5191	2.67e-70	198
Query_1	5507_WEUA01001584.1	68.889	45	13	1	32	75	4362	4496	2.67e-70	61.2
Query_1	5507_WEUA01001584.1	44.068	59	33	0	278	336	5238	5414	2.67e-70	59.3
Query_1	5507_WEYK01001089.1	47.573	206	104	3	80	284	4319	4927	2.67e-70	198
Query_1	5507_WEYK01001089.1	68.889	45	13	1	32	75	4098	4232	2.67e-70	61.2
Query_1	5507_WEYK01001089.1	44.068	59	33	0	278	336	4974	5150	2.67e-70	59.3
Query_1	5507_WESL01003067.1	47.573	206	104	3	80	284	1682	1074	2.67e-70	198
Query_1	5507_WESL01003067.1	68.889	45	13	1	32	75	1903	1769	2.67e-70	61.2
Query_1	5507_WESL01003067.1	44.068	59	33	0	278	336	1027	851	2.67e-70	59.3
Query_1	5507_WETC01004027.1	47.573	206	104	3	80	284	1288	680	2.68e-70	198
Query_1	5507_WETC01004027.1	68.889	45	13	1	32	75	1509	1375	2.68e-70	61.2
Query_1	5507_WETC01004027.1	44.068	59	33	0	278	336	633	457	2.68e-70	59.3
Query_1	5507_WEUQ01005540.1	47.573	206	104	3	80	284	2317	1709	2.69e-70	198
Query_1	5507_WEUQ01005540.1	68.889	45	13	1	32	75	2538	2404	2.69e-70	61.2
Query_1	5507_WEUQ01005540.1	44.068	59	33	0	278	336	1662	1486	2.69e-70	59.3
Query_1	5507_WEXT01001204.1	47.573	206	104	3	80	284	1880	2488	2.69e-70	198
Query_1	5507_WEXT01001204.1	68.889	45	13	1	32	75	1659	1793	2.69e-70	61.2
Query_1	5507_WEXT01001204.1	44.068	59	33	0	278	336	2535	2711	2.69e-70	59.3
Query_1	5507_WEVP01007972.1	47.573	206	104	3	80	284	1320	712	2.70e-70	198
Query_1	5507_WEVP01007972.1	68.889	45	13	1	32	75	1541	1407	2.70e-70	61.2
Query_1	5507_WEVP01007972.1	44.068	59	33	0	278	336	665	489	2.70e-70	59.3
Query_1	5507_WILD01007135.1	47.573	206	104	3	80	284	1286	678	2.70e-70	198
Query_1	5507_WILD01007135.1	68.889	45	13	1	32	75	1507	1373	2.70e-70	61.2
Query_1	5507_WILD01007135.1	44.068	59	33	0	278	336	631	455	2.70e-70	59.3
Query_1	5507_WETK01005881.1	47.573	206	104	3	80	284	1219	611	2.70e-70	198
Query_1	5507_WETK01005881.1	68.889	45	13	1	32	75	1440	1306	2.70e-70	61.2
Query_1	5507_WETK01005881.1	44.068	59	33	0	278	336	564	388	2.70e-70	59.3
Query_1	5507_WEYC01009833.1	47.573	206	104	3	80	284	1108	500	2.71e-70	198
Query_1	5507_WEYC01009833.1	68.889	45	13	1	32	75	1329	1195	2.71e-70	61.2
Query_1	5507_WEYC01009833.1	44.068	59	33	0	278	336	453	277	2.71e-70	59.3
Query_1	5507_WIKY01001413.1	47.573	206	104	3	80	284	1409	801	2.85e-70	198
Query_1	5507_WIKY01001413.1	68.889	45	13	1	32	75	1630	1496	2.85e-70	61.2
Query_1	5507_WIKY01001413.1	44.068	59	33	0	278	336	754	578	2.85e-70	59.3
Query_1	1872122_SDXZ01000002.1	54.762	252	94	3	248	492	1	717	3.46e-70	254
Query_1	5507_WEYQ01007310.1	47.573	206	104	3	80	284	1359	751	3.51e-70	198
Query_1	5507_WEYQ01007310.1	68.889	45	13	1	32	75	1580	1446	3.51e-70	60.8
Query_1	5507_WEYQ01007310.1	44.068	59	33	0	278	336	704	528	3.51e-70	59.3
Query_1	5507_WEWA01001263.1	47.573	206	104	3	80	284	1499	891	3.53e-70	198
Query_1	5507_WEWA01001263.1	68.889	45	13	1	32	75	1719	1585	3.53e-70	60.8
Query_1	5507_WEWA01001263.1	44.068	59	33	0	278	336	844	668	3.53e-70	59.3
Query_1	5507_WEZD01010496.1	48.558	208	100	5	80	284	1307	696	5.07e-70	197
Query_1	5507_WEZD01010496.1	68.889	45	13	1	32	75	1528	1394	5.07e-70	61.2
Query_1	5507_WEZD01010496.1	44.068	59	33	0	278	336	649	473	5.07e-70	59.3
Query_1	5507_WGQG01000228.1	47.573	206	104	3	80	284	12649	12041	7.66e-70	196
Query_1	5507_WGQG01000228.1	68.889	45	13	1	32	75	12870	12736	7.66e-70	61.6
Query_1	5507_WGQG01000228.1	44.068	59	33	0	278	336	11994	11818	7.66e-70	59.3
Query_1	5507_WGRC01000346.1	47.573	206	104	3	80	284	12695	12087	7.66e-70	196
Query_1	5507_WGRC01000346.1	68.889	45	13	1	32	75	12916	12782	7.66e-70	61.6
Query_1	5507_WGRC01000346.1	44.068	59	33	0	278	336	12040	11864	7.66e-70	59.3
Query_1	5507_MTPZ01000979.1	47.573	206	104	3	80	284	20060	20668	7.69e-70	196
Query_1	5507_MTPZ01000979.1	68.889	45	13	1	32	75	19839	19973	7.69e-70	61.6
Query_1	5507_MTPZ01000979.1	44.068	59	33	0	278	336	20715	20891	7.69e-70	59.3
Query_1	5507_WGRB01000490.1	47.573	206	104	3	80	284	12659	12051	7.71e-70	196
Query_1	5507_WGRB01000490.1	68.889	45	13	1	32	75	12880	12746	7.71e-70	61.6
Query_1	5507_WGRB01000490.1	44.068	59	33	0	278	336	12004	11828	7.71e-70	59.3
Query_1	5507_WETB01001558.1	47.087	206	105	3	80	284	751	1359	8.14e-70	196
Query_1	5507_WETB01001558.1	68.889	45	13	1	32	75	530	664	8.14e-70	61.6
Query_1	5507_WETB01001558.1	44.068	59	33	0	278	336	1406	1582	8.14e-70	59.3
Query_1	5507_WGPP01001345.1	47.573	206	104	3	80	284	4760	4152	1.31e-69	194
Query_1	5507_WGPP01001345.1	68.889	45	13	1	32	75	4983	4849	1.31e-69	62.0
Query_1	5507_WGPP01001345.1	44.068	59	33	0	278	336	4105	3929	1.31e-69	59.3
Query_1	5507_WGPK01000748.1	47.573	206	104	3	80	284	5466	4858	1.32e-69	194
Query_1	5507_WGPK01000748.1	68.889	45	13	1	32	75	5689	5555	1.32e-69	62.0
Query_1	5507_WGPK01000748.1	44.068	59	33	0	278	336	4811	4635	1.32e-69	59.3
Query_1	5507_WGPQ01001282.1	47.573	206	104	3	80	284	1260	1868	1.33e-69	194
Query_1	5507_WGPQ01001282.1	68.889	45	13	1	32	75	1037	1171	1.33e-69	62.0
Query_1	5507_WGPQ01001282.1	44.068	59	33	0	278	336	1915	2091	1.33e-69	59.3
Query_1	5507_WEWZ01011950.1	47.573	206	104	3	80	284	1322	714	1.59e-69	198
Query_1	5507_WEWZ01011950.1	44.068	59	33	0	278	336	667	491	1.59e-69	59.3
Query_1	5507_WEWZ01011950.1	68.182	44	13	1	33	75	1540	1409	1.59e-69	58.9
Query_1	5507_WEWK01000343.1	47.573	206	104	3	80	284	25794	26402	2.05e-69	194
Query_1	5507_WEWK01000343.1	68.889	45	13	1	32	75	25573	25707	2.05e-69	61.6
Query_1	5507_WEWK01000343.1	44.068	59	33	0	278	336	26449	26625	2.05e-69	59.3
Query_1	5507_WEWJ01000364.1	47.573	206	104	3	80	284	4842	4234	2.05e-69	194
Query_1	5507_WEWJ01000364.1	68.889	45	13	1	32	75	5063	4929	2.05e-69	61.6
Query_1	5507_WEWJ01000364.1	44.068	59	33	0	278	336	4187	4011	2.05e-69	59.3
Query_1	5507_WEVA01000598.1	47.573	206	104	3	80	284	4667	4059	2.05e-69	194
Query_1	5507_WEVA01000598.1	68.889	45	13	1	32	75	4888	4754	2.05e-69	61.6
Query_1	5507_WEVA01000598.1	44.068	59	33	0	278	336	4012	3836	2.05e-69	59.3
Query_1	5507_WEWD01000620.1	47.573	206	104	3	80	284	21072	21680	2.05e-69	194
Query_1	5507_WEWD01000620.1	68.889	45	13	1	32	75	20851	20985	2.05e-69	61.6
Query_1	5507_WEWD01000620.1	44.068	59	33	0	278	336	21727	21903	2.05e-69	59.3
Query_1	5507_WEUR01000432.1	47.573	206	104	3	80	284	20961	21569	2.05e-69	194
Query_1	5507_WEUR01000432.1	68.889	45	13	1	32	75	20740	20874	2.05e-69	61.6
Query_1	5507_WEUR01000432.1	44.068	59	33	0	278	336	21616	21792	2.05e-69	59.3
Query_1	5507_WEWE01000617.1	47.573	206	104	3	80	284	2731	3339	2.07e-69	194
Query_1	5507_WEWE01000617.1	68.889	45	13	1	32	75	2510	2644	2.07e-69	61.6
Query_1	5507_WEWE01000617.1	44.068	59	33	0	278	336	3386	3562	2.07e-69	59.3
Query_1	5507_WEWB01000598.1	47.573	206	104	3	80	284	4877	4269	2.08e-69	194
Query_1	5507_WEWB01000598.1	68.889	45	13	1	32	75	5098	4964	2.08e-69	61.6
Query_1	5507_WEWB01000598.1	44.068	59	33	0	278	336	4222	4046	2.08e-69	59.3
Query_1	5507_WIKU01001879.1	47.573	206	104	3	80	284	6040	5432	2.08e-69	194
Query_1	5507_WIKU01001879.1	68.889	45	13	1	32	75	6261	6127	2.08e-69	61.6
Query_1	5507_WIKU01001879.1	44.068	59	33	0	278	336	5385	5209	2.08e-69	59.3
Query_1	5507_WEWR01004904.1	47.573	206	104	3	80	284	3112	2504	2.10e-69	194
Query_1	5507_WEWR01004904.1	68.889	45	13	1	32	75	3333	3199	2.10e-69	61.6
Query_1	5507_WEWR01004904.1	44.068	59	33	0	278	336	2457	2281	2.10e-69	59.3
Query_1	5507_WETA01000372.1	47.087	206	105	3	80	284	18013	17405	2.55e-69	194
Query_1	5507_WETA01000372.1	68.889	45	13	1	32	75	18234	18100	2.55e-69	61.6
Query_1	5507_WETA01000372.1	44.068	59	33	0	278	336	17358	17182	2.55e-69	59.3
Query_1	5507_WEWQ01000771.1	47.087	206	105	3	80	284	13351	12743	2.58e-69	194
Query_1	5507_WEWQ01000771.1	68.889	45	13	1	32	75	13572	13438	2.58e-69	61.6
Query_1	5507_WEWQ01000771.1	44.068	59	33	0	278	336	12696	12520	2.58e-69	59.3
Query_1	5507_WEVX01000966.1	47.087	206	105	3	80	284	1425	2033	2.58e-69	194
Query_1	5507_WEVX01000966.1	68.889	45	13	1	32	75	1204	1338	2.58e-69	61.6
Query_1	5507_WEVX01000966.1	44.068	59	33	0	278	336	2080	2256	2.58e-69	59.3
Query_1	5507_WETM01000464.1	47.087	206	105	3	80	284	11861	12469	2.58e-69	194
Query_1	5507_WETM01000464.1	68.889	45	13	1	32	75	11640	11774	2.58e-69	61.6
Query_1	5507_WETM01000464.1	44.068	59	33	0	278	336	12516	12692	2.58e-69	59.3
Query_1	5507_WEXS01000910.1	47.087	206	105	3	80	284	2342	2950	2.60e-69	194
Query_1	5507_WEXS01000910.1	68.889	45	13	1	32	75	2121	2255	2.60e-69	61.6
Query_1	5507_WEXS01000910.1	44.068	59	33	0	278	336	2997	3173	2.60e-69	59.3
Query_1	5507_WEVG01004768.1	47.087	206	105	3	80	284	1855	1247	2.63e-69	194
Query_1	5507_WEVG01004768.1	68.889	45	13	1	32	75	2076	1942	2.63e-69	61.6
Query_1	5507_WEVG01004768.1	44.068	59	33	0	278	336	1200	1024	2.63e-69	59.3
Query_1	5507_WEVY01000330.1	47.087	206	105	3	80	284	4687	4079	1.24e-68	192
Query_1	5507_WEVY01000330.1	68.889	45	13	1	32	75	4908	4774	1.24e-68	61.6
Query_1	5507_WEVY01000330.1	44.068	59	33	0	278	336	4032	3856	1.24e-68	59.3
Query_1	5507_WEYA01001194.1	45.548	292	125	5	28	290	9362	8502	1.25e-68	249
Query_1	5507_WEYA01001194.1	58.824	51	21	0	277	327	8490	8338	2.31e-07	65.9
Query_1	292_CP013444.1	42.638	326	167	7	28	341	1558649	1557696	2.99e-68	248
Query_1	292_CP013444.1	36.556	331	175	12	34	344	2550674	2551621	7.14e-44	177
Query_1	5507_WEUO01000336.1	44.863	292	127	5	28	290	1817	2677	3.20e-67	245
Query_1	5507_WEUO01000336.1	43.529	85	36	2	277	360	2689	2910	1.82e-07	66.2
Query_1	5507_WEUO01000336.1	51.020	49	24	0	279	327	2826	2972	1.04e-04	57.4
Query_1	5507_WEYA01005728.1	45.105	286	127	5	32	290	2139	1291	4.03e-67	244
Query_1	5507_WEYA01005728.1	61.224	49	19	0	278	326	1276	1130	1.53e-07	65.9
Query_1	5507_WESR01000271.1	44.912	285	126	4	28	286	21617	22456	6.77e-67	244
Query_1	5507_WESR01000271.1	58.824	51	21	0	277	327	22489	22641	2.42e-07	65.9
Query_1	5507_WEYN01000251.1	44.912	285	126	4	28	286	69104	68265	8.72e-67	244
Query_1	5507_WEYN01000251.1	58.824	51	21	0	277	327	68232	68080	2.45e-07	65.9
Query_1	5507_WEXU01002083.1	42.797	236	101	6	80	284	1078	1776	1.50e-66	184
Query_1	5507_WEXU01002083.1	68.889	45	13	1	32	75	857	991	1.50e-66	62.4
Query_1	5507_WEXU01002083.1	44.068	59	33	0	278	336	1823	1999	1.50e-66	59.3
Query_1	5507_WESX01000368.1	44.521	292	128	5	28	290	2988	3848	1.89e-66	243
Query_1	5507_WESX01000368.1	58.824	51	21	0	277	327	3860	4012	2.44e-07	65.9
Query_1	5507_WESX01000368.1	66.667	45	14	1	28	71	2841	2975	2.62e-04	55.8
Query_1	5507_WEXI01002616.1	41.949	236	103	5	80	284	1078	1776	4.43e-66	183
Query_1	5507_WEXI01002616.1	68.889	45	13	1	32	75	857	991	4.43e-66	61.6
Query_1	5507_WEXI01002616.1	44.068	59	33	0	278	336	1823	1999	4.43e-66	59.3
Query_1	5507_WEYH01000382.1	44.097	288	127	5	32	290	16093	16941	1.12e-65	241
Query_1	5507_WEYH01000382.1	60.000	50	20	0	278	327	16956	17105	1.49e-07	66.2
Query_1	5507_WETJ01001072.1	44.178	292	129	5	28	290	1390	2250	1.33e-65	241
Query_1	5507_WETJ01001072.1	58.824	51	21	0	277	327	2262	2414	2.36e-07	65.9
Query_1	5507_WESN01000095.1	44.097	288	127	5	32	290	135507	134659	1.52e-65	241
Query_1	5507_WESN01000095.1	56.863	51	22	0	277	327	134647	134495	8.60e-07	63.9
Query_1	5507_WEYN01001295.1	44.521	292	128	5	28	290	3890	3030	1.72e-65	240
Query_1	5507_WEYN01001295.1	50.794	63	23	1	273	327	3054	2866	7.80e-07	63.9
Query_1	5507_WEXP01001593.1	44.792	288	125	5	32	290	4030	3182	1.79e-65	240
Query_1	5507_WEXP01001593.1	50.794	63	23	1	273	327	3206	3018	7.93e-07	63.9
Query_1	5507_WEXP01001593.1	67.500	40	12	1	32	70	4157	4038	0.019	49.7
Query_1	128442_CP017349.1	40.599	367	151	6	28	332	3649157	3648072	2.51e-65	240
Query_1	128442_QNQR01000017.1	40.599	367	151	6	28	332	76597	77682	2.54e-65	240
Query_1	5507_WEUN01001826.1	43.836	292	130	5	28	290	1499	2359	2.99e-65	239
Query_1	5507_WEUN01001826.1	58.824	51	21	0	277	327	2371	2523	2.18e-07	65.9
Query_1	5507_WEUK01002630.1	44.097	288	127	5	32	290	11	859	3.35e-65	239
Query_1	5507_WEUK01002630.1	58.824	51	21	0	277	327	871	1023	2.13e-07	65.9
Query_1	5507_WESU01000447.1	43.836	292	130	5	28	290	237	1097	3.53e-65	239
Query_1	5507_WESU01000447.1	58.824	51	21	0	277	327	1109	1261	2.39e-07	65.9
Query_1	5507_WIKX01000181.1	43.836	292	130	5	28	290	92511	91651	3.70e-65	239
Query_1	5507_WIKX01000181.1	58.824	51	21	0	277	327	91639	91487	2.46e-07	65.9
Query_1	128442_QMIJ01000008.1	40.599	367	151	6	28	332	2334289	2333204	4.23e-65	239
Query_1	5507_WEYO01006195.1	47.573	206	104	3	80	284	1406	798	4.69e-65	198
Query_1	5507_WEYO01006195.1	44.068	59	33	0	278	336	751	575	4.69e-65	59.3
Query_1	5507_WEYO01006195.1	70.968	31	8	1	46	75	1585	1493	4.69e-65	43.9
Query_1	198730_LHCL01000097.1	41.598	363	141	8	28	326	25102	26169	1.04e-64	238
Query_1	5041_FQSS02000588.1	43.007	286	124	5	28	277	19613	20461	5.24e-64	203
Query_1	5041_FQSS02000588.1	60.345	58	23	0	278	335	20527	20700	5.24e-64	73.2
Query_1	36630_VWYB01000036.1	45.226	199	105	2	80	277	250790	251377	5.72e-63	183
Query_1	36630_VWYB01000036.1	46.875	64	29	1	278	336	251448	251639	5.72e-63	63.9
Query_1	36630_VWYB01000036.1	64.706	51	17	1	26	75	250531	250683	5.72e-63	46.6
Query_1	36630_VWYA01000048.1	45.226	199	105	2	80	277	213992	214579	5.73e-63	183
Query_1	36630_VWYA01000048.1	46.875	64	29	1	278	336	214650	214841	5.73e-63	63.9
Query_1	36630_VWYA01000048.1	64.706	51	17	1	26	75	213733	213885	5.73e-63	46.6
Query_1	5507_WEUY01000476.1	40.683	322	127	6	28	290	5807	6757	1.38e-62	232
Query_1	5507_WEUY01000476.1	58.824	51	21	0	277	327	6769	6921	2.43e-07	65.9
Query_1	1872122_QFPE01000053.1	58.636	220	76	2	288	492	2	661	2.42e-62	231
Query_1	198730_LHCL01000023.1	45.320	203	103	3	80	279	223892	223299	4.81e-62	162
Query_1	198730_LHCL01000023.1	58.000	50	21	0	277	326	223230	223081	4.81e-62	65.5
Query_1	198730_LHCL01000023.1	68.889	45	13	1	32	75	224101	223967	4.81e-62	62.4
Query_1	5507_WETI01000613.1	40.752	319	128	5	28	290	1506	2447	6.59e-62	230
Query_1	5507_WETI01000613.1	50.794	63	23	1	273	327	2423	2611	8.15e-07	63.9
Query_1	5507_WEYJ01000415.1	40.752	319	128	5	28	290	1684	2625	7.22e-62	230
Query_1	5507_WEYJ01000415.1	50.794	63	23	1	273	327	2601	2789	8.57e-07	63.9
Query_1	33203_LSBH01000002.1	43.841	276	129	3	78	330	79279	78461	7.78e-62	226
Query_1	33203_LSBH01000002.1	68.889	45	13	1	32	75	79484	79350	7.78e-62	42.4
Query_1	33203_LSBI01000004.1	43.841	276	129	3	78	330	82404	81586	7.80e-62	226
Query_1	33203_LSBI01000004.1	68.889	45	13	1	32	75	82609	82475	7.80e-62	42.4
Query_1	33203_LOFA01000012.1	43.841	276	129	3	78	330	83397	82579	7.85e-62	226
Query_1	33203_LOFA01000012.1	68.889	45	13	1	32	75	83602	83468	7.85e-62	42.4
Query_1	33203_LCWV01000030.1	43.841	276	129	3	78	330	223501	224319	7.92e-62	226
Query_1	33203_LCWV01000030.1	68.889	45	13	1	32	75	223296	223430	7.92e-62	42.4
Query_1	33203_SCGN01000064.1	43.841	276	129	3	78	330	61183	60365	8.45e-62	226
Query_1	33203_SCGN01000064.1	68.889	45	13	1	32	75	61388	61254	8.45e-62	42.4
Query_1	33203_SCGX01000093.1	43.841	276	129	3	78	330	61096	60278	8.45e-62	226
Query_1	33203_SCGX01000093.1	68.889	45	13	1	32	75	61301	61167	8.45e-62	42.4
Query_1	5507_WESZ01000063.1	44.043	277	121	5	43	290	44196	43381	1.08e-61	229
Query_1	5507_WESZ01000063.1	58.824	51	21	0	277	327	43369	43217	2.47e-07	65.9
Query_1	5507_WESZ01000063.1	54.688	64	28	1	32	94	44363	44172	1.04e-06	63.5
Query_1	5507_WETI01000156.1	40.125	319	130	5	28	290	1563	2504	1.24e-61	229
Query_1	5507_WETI01000156.1	58.824	51	21	0	277	327	2516	2668	2.46e-07	65.9
Query_1	5079_NPFE01000834.1	44.238	269	123	4	80	326	10667	9876	1.34e-61	229
Query_1	5507_WESZ01000522.1	40.373	322	128	5	28	290	3055	4005	1.66e-61	229
Query_1	5507_WESZ01000522.1	50.794	63	23	1	273	327	3981	4169	8.21e-07	63.9
Query_1	5507_WEXP01001822.1	39.752	322	130	5	28	290	2083	3033	2.76e-61	228
Query_1	5507_WEXP01001822.1	58.824	51	21	0	277	327	3045	3197	2.05e-07	65.9
Query_1	5507_WEUY01001773.1	41.365	249	116	3	63	286	11	742	2.92e-61	203
Query_1	5507_WEUY01001773.1	58.000	50	21	0	278	327	778	927	2.92e-61	63.9
Query_1	5507_WEYJ01000006.1	39.752	322	130	5	28	290	596832	595882	3.88e-61	228
Query_1	5507_WEYJ01000006.1	58.824	51	21	0	277	327	595870	595718	2.48e-07	65.9
Query_1	5507_WEVB01001330.1	43.728	279	123	5	41	290	595	1416	1.59e-60	225
Query_1	5507_WEVB01001330.1	50.794	63	23	1	273	327	1392	1580	7.39e-07	63.9
Query_1	5507_WEVB01001330.1	71.111	45	12	1	32	75	428	562	1.78e-06	62.8
Query_1	5507_WEVB01000190.1	43.066	274	122	5	46	290	617	1423	2.70e-59	222
Query_1	5507_WEVB01000190.1	58.824	51	21	0	277	327	1435	1587	2.46e-07	65.9
Query_1	5507_WEVB01000190.1	71.111	45	12	1	32	75	429	563	2.01e-06	62.8
Query_1	5507_WEVN01007347.1	47.573	206	104	3	80	284	1257	649	3.70e-59	198
Query_1	5507_WEVN01007347.1	68.889	45	13	1	32	75	1478	1344	3.70e-59	62.0
Query_1	5507_WEVN01007347.1	44.068	59	33	0	278	336	517	341	3.36e-06	60.5
Query_1	5507_WEVN01007347.1	60.000	15	6	0	270	284	608	564	3.36e-06	21.9
Query_1	5507_WEXJ01010742.1	47.573	206	104	3	80	284	736	128	6.45e-59	198
Query_1	5507_WEXJ01010742.1	68.889	45	13	1	32	75	957	823	6.45e-59	61.2
Query_1	5507_WGPX01000829.1	47.573	206	104	3	80	284	10091	9483	1.87e-58	196
Query_1	5507_WGPX01000829.1	68.889	45	13	1	32	75	10312	10178	1.87e-58	61.6
Query_1	5507_WGPX01000829.1	50.000	34	17	0	303	336	9360	9259	9.3	41.2
Query_1	5507_WEUS01001056.1	47.573	206	104	3	80	284	21657	22265	4.98e-58	194
Query_1	5507_WEUS01001056.1	68.889	45	13	1	32	75	21436	21570	4.98e-58	61.6
Query_1	5507_WEUS01001056.1	44.068	59	33	0	278	336	22516	22692	6.70e-17	59.7
Query_1	5507_WEUS01001056.1	63.158	38	14	0	247	284	22356	22469	6.70e-17	58.9
Query_1	69781_SDBR01000020.1	43.382	272	123	5	80	326	179884	179087	6.60e-58	218
Query_1	69781_SGAW01000020.1	43.382	272	123	5	80	326	179884	179087	6.60e-58	218
Query_1	69781_KV766167.1	43.382	272	123	5	80	326	203267	202470	6.60e-58	218
Query_1	69781_SZWD01000005.1	43.382	272	123	5	80	326	2120534	2119737	6.61e-58	218
Query_1	5507_WILC01002096.1	52.381	105	49	1	181	284	1332	1646	7.85e-58	117
Query_1	5507_WILC01002096.1	68.889	45	13	1	32	75	857	991	7.85e-58	61.6
Query_1	5507_WILC01002096.1	41.270	63	34	2	80	142	1078	1257	7.85e-58	59.3
Query_1	5507_WILC01002096.1	44.068	59	33	0	278	336	1693	1869	7.85e-58	59.3
Query_1	5507_WEZB01012704.1	47.573	206	104	3	80	284	952	344	2.35e-57	194
Query_1	5507_WEZB01012704.1	44.068	59	33	0	278	336	297	121	2.35e-57	59.3
Query_1	292_CP013442.1	40.244	328	167	10	27	341	428339	429274	3.85e-56	213
Query_1	5507_NJBV01000030.1	41.315	213	118	2	80	290	21992	21369	5.98e-56	187
Query_1	5507_NJBV01000030.1	71.111	45	12	1	32	75	22198	22064	5.98e-56	61.6
Query_1	5507_NJBV01000030.1	61.224	49	19	0	278	326	21345	21199	1.40e-07	66.6
Query_1	5507_NJBU01000338.1	41.315	213	118	2	80	290	22647	23270	5.98e-56	187
Query_1	5507_NJBU01000338.1	71.111	45	12	1	32	75	22441	22575	5.98e-56	61.6
Query_1	5507_NJBU01000338.1	61.224	49	19	0	278	326	23294	23440	1.40e-07	66.6
Query_1	5507_NJBT01000510.1	41.315	213	118	2	80	290	20005	19382	5.98e-56	187
Query_1	5507_NJBT01000510.1	71.111	45	12	1	32	75	20211	20077	5.98e-56	61.6
Query_1	5507_NJBT01000510.1	61.224	49	19	0	278	326	19358	19212	1.40e-07	66.6
Query_1	5507_WEST01004945.1	48.663	187	95	1	99	284	1250	690	1.11e-55	189
Query_1	5507_WEST01004945.1	44.068	59	33	0	278	336	643	467	1.11e-55	59.3
Query_1	5507_WEST01004945.1	68.889	45	13	1	32	75	1640	1506	1.79e-12	61.2
Query_1	5507_WEST01004945.1	32.787	61	32	3	80	140	1419	1264	1.79e-12	42.4
Query_1	5507_WEUO01000786.1	42.471	259	118	4	54	286	4605	3844	1.92e-55	211
Query_1	5507_WEUO01000786.1	54.348	46	21	0	282	327	3706	3569	1.90e-04	56.2
Query_1	1869214_DPJG01000007.1	35.329	334	194	8	26	354	95532	94582	1.05e-54	209
Query_1	33203_LSBI01000044.1	44.000	200	107	4	79	277	5575	6162	1.39e-54	173
Query_1	33203_LSBI01000044.1	60.784	51	19	1	278	328	6234	6383	1.39e-54	71.6
Query_1	33203_LSBI01000044.1	52.857	70	28	2	28	96	5363	5560	0.026	49.3
Query_1	33203_LCWV01000021.1	44.000	200	107	4	79	277	56764	57351	1.59e-54	172
Query_1	33203_LCWV01000021.1	60.784	51	19	1	278	328	57423	57572	1.59e-54	71.6
Query_1	33203_LCWV01000021.1	52.857	70	28	2	28	96	56552	56749	0.027	49.3
Query_1	33203_LSBH01000006.1	44.000	200	107	4	79	277	69422	70009	1.61e-54	172
Query_1	33203_LSBH01000006.1	60.784	51	19	1	278	328	70081	70230	1.61e-54	71.6
Query_1	33203_LSBH01000006.1	52.857	70	28	2	28	96	69210	69407	0.027	49.3
Query_1	33203_SCGN01000073.1	44.000	200	107	4	79	277	143706	143119	1.64e-54	172
Query_1	33203_SCGN01000073.1	60.784	51	19	1	278	328	143047	142898	1.64e-54	71.6
Query_1	33203_SCGN01000073.1	52.857	70	28	2	28	96	143918	143721	0.027	49.3
Query_1	33203_SCGX01000082.1	44.000	200	107	4	79	277	143651	143064	1.64e-54	172
Query_1	33203_SCGX01000082.1	60.784	51	19	1	278	328	142992	142843	1.64e-54	71.6
Query_1	33203_SCGX01000082.1	52.857	70	28	2	28	96	143863	143666	0.027	49.3
Query_1	33203_LOFA01000019.1	43.500	200	108	4	79	277	430556	429969	5.33e-54	171
Query_1	33203_LOFA01000019.1	60.784	51	19	1	278	328	429897	429748	5.33e-54	71.6
Query_1	33203_LOFA01000019.1	52.857	70	28	2	28	96	430768	430571	0.027	49.3
Query_1	232_DOSX01000514.1	38.509	322	175	10	28	341	2169	1249	6.17e-54	206
Query_1	5507_WESX01001137.1	41.985	262	118	5	58	290	2	772	4.41e-53	204
Query_1	5507_WESX01001137.1	50.794	63	23	1	273	327	748	936	7.67e-07	63.9
Query_1	959_LUKD01000001.1	37.224	317	180	6	28	340	40221	39316	4.42e-52	201
Query_1	232_NZGO01000162.1	35.032	314	187	5	28	336	3873	4778	1.56e-51	199
Query_1	1871054_RFSK01000011.1	38.416	341	170	12	28	343	119131	118154	1.41e-50	197
Query_1	959_LUKF01000002.1	36.909	317	181	7	28	340	40261	39356	2.21e-50	196
Query_1	162425_JAAFYM010000014.1	38.049	205	115	5	82	277	424962	425567	3.27e-50	143
Query_1	162425_JAAFYM010000014.1	60.000	45	17	1	32	75	424756	424890	3.27e-50	56.2
Query_1	162425_JAAFYM010000014.1	32.039	103	52	1	278	362	425648	425956	3.27e-50	51.6
Query_1	1869214_PKDI01000049.1	35.016	317	187	7	26	336	32195	31284	3.67e-50	196
Query_1	162425_JAAFYL010000033.1	38.049	205	115	5	82	277	461817	462422	1.28e-49	143
Query_1	162425_JAAFYL010000033.1	60.000	45	17	1	32	75	461611	461745	1.28e-49	56.2
Query_1	162425_JAAFYL010000033.1	42.857	49	28	0	278	326	462503	462649	1.28e-49	49.7
Query_1	5507_WESY01002323.1	49.697	165	82	1	121	284	6814	6320	4.52e-49	167
Query_1	5507_WESY01002323.1	44.068	59	33	0	278	336	6273	6097	4.52e-49	59.3
Query_1	5507_WEUC01002942.1	49.697	165	82	1	121	284	6412	5918	4.52e-49	167
Query_1	5507_WEUC01002942.1	44.068	59	33	0	278	336	5871	5695	4.52e-49	59.3
Query_1	1869214_DMYW01000036.1	36.593	317	173	10	28	335	8103	8996	9.85e-49	191
Query_1	959_CP007656.1	34.810	316	187	7	28	339	1948118	1949020	2.41e-48	190
Query_1	5507_WEUO01000611.1	46.114	193	101	1	101	290	6	584	2.64e-48	190
Query_1	5507_WEUO01000611.1	58.000	50	21	0	278	327	599	748	6.94e-07	64.3
Query_1	198730_LHCL01000021.1	41.111	180	105	1	99	277	168666	169205	3.25e-48	156
Query_1	198730_LHCL01000021.1	46.939	49	26	0	278	326	169274	169420	3.25e-48	49.3
Query_1	198730_LHCL01000021.1	56.604	53	22	1	28	79	168401	168559	3.25e-48	38.5
Query_1	1869214_PBKZ01000003.1	33.750	320	190	9	30	345	125922	126827	6.17e-48	189
Query_1	1869214_DOBE01000392.1	34.385	317	189	7	26	336	95	1006	7.83e-48	188
Query_1	959_CP020946.1	34.810	316	187	7	28	339	1247334	1246432	8.68e-48	189
Query_1	128442_QMIJ01000006.1	38.951	267	139	4	32	277	2999035	2998244	1.43e-47	173
Query_1	128442_QMIJ01000006.1	46.939	49	26	0	278	326	2998175	2998029	1.43e-47	47.8
Query_1	232_DOXS01000233.1	35.220	318	185	9	31	341	1592	681	2.08e-47	186
Query_1	232_DPLD01000166.1	35.220	318	185	9	31	341	1658	747	2.79e-47	187
Query_1	232_PBZI01000024.1	35.647	317	179	8	29	336	48524	49426	2.89e-47	187
Query_1	232_NZRK01000042.1	35.647	317	179	8	29	336	48883	49785	3.64e-47	187
Query_1	232_DOVN01000150.1	35.220	318	185	9	31	341	2912	3823	3.67e-47	186
Query_1	232_NYUX01000052.1	35.647	317	179	8	29	336	11742	12644	3.68e-47	187
Query_1	232_NZGW01000002.1	32.840	338	202	8	28	359	68513	69469	3.72e-47	187
Query_1	1869214_SSFI01000006.1	34.591	318	186	8	28	339	29544	30449	4.31e-47	186
Query_1	232_DPWH01000273.1	35.220	318	185	9	31	341	12058	11147	4.54e-47	186
Query_1	232_DMZW01000273.1	35.220	318	185	9	31	341	3100	2189	4.66e-47	186
Query_1	232_DOVZ01000211.1	35.220	318	185	9	31	341	45455	44544	4.78e-47	186
Query_1	232_NYVW01000014.1	35.331	317	186	8	31	341	24005	23094	9.58e-47	186
Query_1	128442_CP017350.1	38.951	267	139	4	32	277	248043	248834	1.04e-46	170
Query_1	128442_CP017350.1	46.939	49	26	0	278	326	248903	249049	1.04e-46	48.1
Query_1	128442_QNQR01000035.1	38.951	267	139	4	32	277	20716	19925	1.06e-46	170
Query_1	128442_QNQR01000035.1	46.939	49	26	0	278	326	19856	19710	1.06e-46	48.1
Query_1	232_QNXP01000081.1	33.642	324	197	6	28	346	13598	12666	2.35e-46	184
Query_1	28214_QFOB01000004.1	39.024	328	163	13	31	339	378555	379484	2.49e-46	184
Query_1	232_SGYM01000238.1	33.642	324	197	6	28	346	4359	3427	3.06e-46	184
Query_1	232_PBVX01000003.1	34.049	326	193	7	28	346	16680	17612	3.52e-46	184
Query_1	232_PBUC01000075.1	33.642	324	197	6	28	346	14128	15060	3.64e-46	184
Query_1	5507_WEUY01001321.1	46.196	184	96	1	110	290	2530	3081	7.38e-45	180
Query_1	5507_WEUY01001321.1	34.715	193	69	4	32	170	1959	2528	2.26e-19	103
Query_1	5507_WEUY01001321.1	61.224	49	19	0	278	326	3096	3242	1.72e-07	65.9
Query_1	28572_CP036230.1	38.519	270	143	5	32	281	195895	196695	2.25e-44	164
Query_1	28572_CP036230.1	45.283	53	29	0	277	329	196745	196903	2.25e-44	46.6
Query_1	5507_WEVC01001149.1	53.383	133	59	1	161	290	1832	1434	3.06e-44	154
Query_1	5507_WEVC01001149.1	54.348	46	21	0	282	327	1317	1180	3.06e-44	56.6
Query_1	5507_WEVC01001149.1	44.828	203	81	4	32	208	2457	1864	2.85e-39	163
Query_1	232_NZQK01000081.1	33.025	324	199	6	28	346	12684	11752	3.73e-44	178
Query_1	454130_CDMC01000013.1	42.326	215	110	3	80	288	805694	805074	4.21e-44	178
Query_1	454130_CDMC01000013.1	54.386	57	25	1	278	334	805033	804866	2.10e-07	65.9
Query_1	454130_CDMC01000013.1	56.667	60	25	1	32	90	805908	805729	4.20e-06	61.6
Query_1	1881_LT607411.1	34.591	318	182	8	38	346	6919416	6918514	7.27e-44	177
Query_1	1881_LT607411.1	67.857	56	18	0	437	492	1943689	1943856	9.64e-12	79.7
Query_1	1881_LT607411.1	40.741	81	42	3	340	416	6385455	6385691	0.011	50.8
Query_1	1869214_NYXE01000020.1	32.803	314	192	7	37	347	72935	73828	9.82e-44	177
Query_1	1085_DPEQ01000030.1	35.000	340	189	12	28	340	832	1836	1.08e-43	176
Query_1	1085_DMOP01000208.1	35.000	340	189	12	28	340	13901	12897	1.10e-43	176
Query_1	5507_WILF01000334.1	55.469	128	56	1	158	284	3878	3495	1.21e-43	149
Query_1	5507_WILF01000334.1	44.068	59	33	0	278	336	3448	3272	1.21e-43	59.3
Query_1	5507_WEYZ01002528.1	55.469	128	56	1	158	284	2184	1801	1.35e-43	149
Query_1	5507_WEYZ01002528.1	44.068	59	33	0	278	336	1754	1578	1.35e-43	59.3
Query_1	5507_WEWU01013865.1	56.000	125	54	1	161	284	1055	681	5.22e-43	147
Query_1	5507_WEWU01013865.1	44.068	59	33	0	278	336	634	458	5.22e-43	59.3
Query_1	232_NZLP01000006.1	32.716	324	200	6	28	346	31137	32069	8.67e-43	174
Query_1	292_CP011301.1	35.152	330	181	10	34	344	6111078	6112025	8.89e-43	174
Query_1	292_CP011301.1	35.714	70	42	1	351	417	6185187	6185396	0.044	48.5
Query_1	292_CP011301.1	32.432	74	47	1	347	417	6184890	6185111	5.6	42.0
Query_1	354_FPKM01000004.1	33.138	341	185	11	28	343	88214	87246	1.36e-42	173
Query_1	232_PAHK01000086.1	32.822	326	197	7	28	346	31949	31017	7.64e-42	171
Query_1	40571_JOEA01000009.1	36.562	320	169	9	34	341	209864	210757	1.20e-41	171
Query_1	40571_JOEA01000009.1	58.824	51	21	0	437	487	210806	210958	7.15e-08	67.4
Query_1	40571_FWYC01000007.1	36.562	320	169	9	34	341	319000	318107	1.20e-41	171
Query_1	40571_FWYC01000007.1	58.824	51	21	0	437	487	318058	317906	7.15e-08	67.4
Query_1	5507_WESV01010588.1	54.167	120	54	1	166	284	1056	697	8.20e-40	136
Query_1	5507_WESV01010588.1	44.068	59	33	0	278	336	650	474	8.20e-40	59.3
Query_1	5507_WETD01000083.1	44.828	203	81	4	32	208	199512	198919	5.05e-39	163
Query_1	5507_WETD01000083.1	53.383	133	59	1	161	290	198887	198489	6.04e-36	154
Query_1	5507_WETD01000083.1	58.824	51	21	0	277	327	198477	198325	4.25e-07	65.1
Query_1	84724_FOYL01000001.1	36.562	320	168	10	34	340	212599	211706	5.42e-39	162
Query_1	84724_FOYL01000001.1	62.745	51	19	0	437	487	211633	211481	3.03e-09	71.6
Query_1	5507_WESY01003885.1	45.775	142	74	2	80	221	431	15	7.22e-39	130
Query_1	5507_WESY01003885.1	68.889	45	13	1	32	75	652	518	7.22e-39	61.2
Query_1	5507_WEXO01012577.1	53.448	116	53	1	170	284	1148	801	1.38e-37	129
Query_1	5507_WEXO01012577.1	44.068	59	33	0	278	336	754	578	1.38e-37	59.3
Query_1	5507_WETJ01004993.1	44.388	196	78	4	32	201	576	4	4.85e-37	155
Query_1	5507_WEWX01010282.1	51.724	116	55	1	170	284	1240	893	3.05e-36	124
Query_1	5507_WEWX01010282.1	44.068	59	33	0	278	336	846	670	3.05e-36	59.3
Query_1	5507_WEVC01000641.1	52.632	133	60	1	161	290	7	405	5.33e-35	150
Query_1	5507_WEVC01000641.1	51.667	60	29	0	278	337	420	599	5.77e-07	64.3
Query_1	5507_WEVC01000641.1	54.348	46	21	0	282	327	567	704	2.18e-04	56.2
Query_1	5507_WETJ01000631.1	52.632	133	60	1	161	290	2933	2535	1.53e-34	149
Query_1	5507_WETJ01000631.1	50.794	63	23	1	273	327	2559	2371	8.70e-07	63.9
Query_1	5507_WEWY01003280.1	47.934	121	60	2	80	200	525	172	2.05e-34	116
Query_1	5507_WEWY01003280.1	68.889	45	13	1	32	75	746	612	2.05e-34	61.2
Query_1	5507_WEVS01001254.1	52.381	105	49	1	181	284	9068	8754	3.69e-34	117
Query_1	5507_WEVS01001254.1	44.068	59	33	0	278	336	8707	8531	3.69e-34	59.3
Query_1	5507_WETT01001278.1	52.381	105	49	1	181	284	7036	6722	3.70e-34	117
Query_1	5507_WETT01001278.1	44.068	59	33	0	278	336	6675	6499	3.70e-34	59.3
Query_1	5507_WETX01000628.1	52.381	105	49	1	181	284	6860	6546	3.70e-34	117
Query_1	5507_WETX01000628.1	44.068	59	33	0	278	336	6499	6323	3.70e-34	59.3
Query_1	5507_WEWV01000688.1	52.381	105	49	1	181	284	6411	6097	3.70e-34	117
Query_1	5507_WEWV01000688.1	44.068	59	33	0	278	336	6050	5874	3.70e-34	59.3
Query_1	5507_WEVW01000740.1	52.381	105	49	1	181	284	1	315	3.71e-34	117
Query_1	5507_WEVW01000740.1	44.068	59	33	0	278	336	362	538	3.71e-34	59.3
Query_1	5507_WEXQ01000785.1	52.381	105	49	1	181	284	1	315	3.71e-34	117
Query_1	5507_WEXQ01000785.1	44.068	59	33	0	278	336	362	538	3.71e-34	59.3
Query_1	5507_WEXD01001330.1	52.381	105	49	1	181	284	2034	1720	3.75e-34	117
Query_1	5507_WEXD01001330.1	44.068	59	33	0	278	336	1673	1497	3.75e-34	59.3
Query_1	5507_WEYX01009486.1	48.718	117	57	2	80	196	1438	1779	4.36e-34	115
Query_1	5507_WEYX01009486.1	68.889	45	13	1	32	75	1217	1351	4.36e-34	61.2
Query_1	5507_WEUO01000777.1	47.945	146	76	0	116	261	6160	6597	1.01e-33	147
Query_1	5507_WEYW01012875.1	51.456	103	49	1	183	284	1057	749	7.09e-33	113
Query_1	5507_WEYW01012875.1	44.068	59	33	0	278	336	702	526	7.09e-33	59.3
Query_1	5507_WESJ01008362.1	47.788	113	56	2	80	192	338	9	1.16e-32	110
Query_1	5507_WESJ01008362.1	68.889	45	13	1	32	75	559	425	1.16e-32	61.2
Query_1	2065_JNYE01000164.1	54.861	144	60	2	348	488	3865	3440	1.12e-27	129
Query_1	5507_MRCX01000514.1	41.667	192	96	7	64	250	2611	3153	3.24e-27	127
Query_1	5507_MRCX01000514.1	57.812	64	26	1	218	280	3068	3259	1.58e-24	80.9
Query_1	5507_MRCX01000514.1	55.102	49	22	0	278	326	3318	3464	1.58e-24	63.2
Query_1	5507_MRCX01000514.1	68.889	45	13	1	32	75	2442	2576	2.35e-06	62.4
Query_1	5507_MRCZ01000287.1	41.667	192	96	7	64	250	2686	3228	2.02e-26	125
Query_1	5507_MRCZ01000287.1	57.812	64	26	1	218	280	3143	3334	1.56e-24	80.9
Query_1	5507_MRCZ01000287.1	55.102	49	22	0	278	326	3393	3539	1.56e-24	63.2
Query_1	5507_MRCZ01000287.1	68.889	45	13	1	32	75	2517	2651	2.42e-06	62.4
Query_1	5507_WEWT01026832.1	44.444	135	70	3	64	196	404	9	8.24e-26	113
Query_1	5507_WEZA01014826.1	47.674	86	44	1	200	284	937	680	1.19e-25	89.0
Query_1	5507_WEZA01014826.1	44.068	59	33	0	278	336	633	457	1.19e-25	59.3
Query_1	5507_WEXO01019571.1	50.926	108	53	0	99	206	753	430	1.84e-25	115
Query_1	1911_MDKB01000003.1	50.694	144	66	2	348	488	603751	604176	2.54e-25	122
Query_1	1892_JOEZ01000022.1	45.270	148	76	3	348	492	103968	104405	1.10e-23	117
Query_1	1892_JOEZ01000022.1	30.323	155	79	7	221	371	103074	103463	0.15	47.0
Query_1	1892_JNXS01000022.1	45.270	148	76	3	348	492	104057	104494	1.10e-23	117
Query_1	1892_JNXS01000022.1	30.323	155	79	7	221	371	103163	103552	0.15	47.0
Query_1	5507_WEWT01014450.1	62.963	54	19	1	228	280	20	181	1.62e-23	77.4
Query_1	5507_WEWT01014450.1	55.102	49	22	0	278	326	240	386	1.62e-23	63.2
Query_1	67581_MSGP01000015.1	45.578	147	75	3	348	491	43894	44328	1.03e-22	114
Query_1	67581_MSGP01000015.1	32.117	137	75	6	34	162	43312	43692	7.3	41.6
Query_1	1872122_SDXY01000274.1	41.530	183	93	7	28	203	3745	4272	5.55e-22	111
Query_1	1934_MUME01000359.1	44.898	147	76	3	348	491	1041	1475	7.95e-22	110
Query_1	1934_MUME01000359.1	32.117	137	75	6	34	162	456	836	4.7	42.0
Query_1	5507_WEYW01003436.1	40.449	89	50	2	80	168	923	1180	8.06e-22	73.9
Query_1	5507_WEYW01003436.1	68.889	45	13	1	32	75	702	836	8.06e-22	61.2
Query_1	5507_WEST01025169.1	48.352	91	47	0	185	275	303	31	1.13e-21	100
Query_1	5507_WEYS01014123.1	56.897	58	24	1	228	284	974	801	2.68e-21	74.3
Query_1	5507_WEYS01014123.1	44.068	59	33	0	278	336	754	578	2.68e-21	58.9
Query_1	1869214_NYTU01000041.1	34.591	159	90	4	187	345	1	435	3.27e-21	109
Query_1	1893_JQJU01000021.1	48.201	139	68	2	352	488	26623	26213	1.75e-20	107
Query_1	58343_KQ948662.1	50.000	148	69	3	348	492	186590	187027	6.82e-20	105
Query_1	58343_KQ948662.1	28.926	121	64	5	221	341	185702	185998	0.40	45.4
Query_1	58343_KQ948662.1	35.514	107	49	3	34	133	186011	186292	1.8	43.5
Query_1	5507_WEYX01017066.1	56.863	51	21	1	235	284	913	761	6.69e-19	65.1
Query_1	5507_WEYX01017066.1	44.068	59	33	0	278	336	714	538	6.69e-19	60.5
Query_1	58343_KQ948325.1	48.649	148	71	3	348	492	23917	23480	4.56e-18	99.8
Query_1	58343_KQ948325.1	28.926	121	64	5	221	341	24805	24509	0.41	45.4
Query_1	58343_KQ948325.1	32.479	117	59	3	34	143	24496	24185	1.7	43.5
Query_1	5507_WEVS01003001.1	68.889	45	13	1	32	75	155	289	4.92e-18	61.2
Query_1	5507_WEVS01003001.1	42.857	63	33	2	80	142	376	555	4.92e-18	61.2
Query_1	5507_WESJ01015180.1	44.068	59	33	0	278	336	334	158	1.65e-17	60.8
Query_1	5507_WESJ01015180.1	63.158	38	14	0	247	284	494	381	1.65e-17	59.7
Query_1	5507_WETT01002691.1	68.889	45	13	1	32	75	422	288	5.80e-17	60.8
Query_1	5507_WETT01002691.1	43.077	65	30	2	80	142	201	22	5.80e-17	58.2
Query_1	5507_WEWU01029809.1	68.889	45	13	1	32	75	403	269	7.61e-17	60.8
Query_1	5507_WEWU01029809.1	40.984	61	33	2	80	140	182	9	7.61e-17	57.8
Query_1	573_RZLS01000339.1	43.519	108	51	3	229	336	675	382	1.14e-16	89.7
Query_1	573_RZLS01000339.1	64.706	51	18	0	437	487	291	139	4.05e-12	76.6
Query_1	29856_LWRQ01000293.1	27.843	255	161	2	95	326	22295	21531	5.23e-16	93.2
Query_1	29443_SLZQ01000003.1	73.214	56	15	0	437	492	114172	114005	2.16e-13	85.1
Query_1	29443_SLZQ01000003.1	63.793	58	19	1	437	492	74273	74100	1.53e-10	75.9
Query_1	29443_SLZQ01000003.1	61.404	57	21	1	437	492	111521	111351	4.95e-09	71.2
Query_1	29443_SLZQ01000003.1	43.077	65	35	1	351	415	126354	126166	6.13e-04	54.7
Query_1	29443_SLZQ01000003.1	42.593	54	30	1	32	84	112226	112065	0.52	45.1
Query_1	29443_SLZQ01000003.1	28.148	135	68	4	32	154	379740	380093	0.71	44.7
Query_1	29443_SLZQ01000003.1	29.752	121	62	6	221	341	112526	112233	2.2	43.1
Query_1	29443_SLZQ01000004.1	37.662	154	89	3	346	492	176065	175604	1.19e-12	82.8
Query_1	5507_WEYS01008710.1	41.270	63	34	2	80	142	1795	1974	6.12e-11	58.2
Query_1	5507_WEYS01008710.1	67.857	28	8	1	49	75	1625	1708	6.12e-11	40.4
Query_1	5507_WEWY01014467.1	44.068	59	33	0	278	336	876	700	9.11e-11	60.5
Query_1	5507_WEWY01014467.1	57.143	28	12	0	257	284	1006	923	9.11e-11	37.4
Query_1	1877_NGNT01000001.1	66.038	53	18	0	437	489	408429	408587	5.12e-10	74.3
Query_1	1877_LT607413.1	66.038	53	18	0	437	489	4145177	4145335	5.13e-10	74.3
Query_1	1877_LT607413.1	31.532	111	58	3	33	143	5129607	5129885	0.54	45.1
Query_1	2065_JNWZ01000097.1	65.385	52	18	0	437	488	7714	7559	1.10e-09	73.2
Query_1	2065_JNWZ01000097.1	29.661	118	61	5	221	338	8701	8414	0.81	44.7
Query_1	1877_VLJU01000004.1	64.151	53	19	0	437	489	1693861	1693703	1.22e-09	73.2
Query_1	1877_VLJU01000004.1	32.353	102	51	3	33	134	856715	856464	0.20	46.6
Query_1	28572_CP036227.1	40.625	96	39	2	248	326	146685	146969	6.05e-09	70.9
Query_1	28572_CP036227.1	65.306	49	16	1	28	75	146321	146467	1.14e-07	43.9
Query_1	28572_CP036227.1	35.294	68	37	2	77	142	146542	146730	1.14e-07	43.1
Query_1	58117_FTNI01000003.1	57.895	57	22	1	437	491	101430	101600	8.04e-09	70.5
Query_1	106590_QDHA01000068.1	31.081	148	79	5	221	349	1363	932	2.86e-08	68.6
Query_1	67581_MSGP01000330.1	57.143	70	27	2	347	415	13319	13116	7.17e-08	67.4
Query_1	208445_FNSO01000004.1	54.386	57	24	1	437	491	5163336	5163506	8.73e-08	67.0
Query_1	208445_FNSO01000004.1	24.000	250	154	11	173	417	5162295	5162951	0.002	52.8
Query_1	208445_FNSO01000004.1	45.614	57	26	2	363	416	482544	482708	0.57	45.1
Query_1	208445_FNSO01000004.1	37.037	108	52	5	318	416	6387425	6387123	5.1	42.0
Query_1	5507_WEVW01001626.1	68.889	45	13	1	32	75	258	124	1.39e-07	61.2
Query_1	33910_JMQJ01000015.1	54.386	57	24	1	437	491	40563	40733	1.86e-07	66.2
Query_1	33910_JMQJ01000015.1	26.875	160	88	7	223	378	39645	40049	6.6	41.6
Query_1	33910_JMQG01000103.1	54.386	57	24	1	437	491	135076	135246	1.87e-07	66.2
Query_1	33910_JMQG01000103.1	26.875	160	88	7	223	378	134158	134562	6.6	41.6
Query_1	33910_JPRA01000032.1	54.386	57	24	1	437	491	95583	95413	1.87e-07	66.2
Query_1	33910_JPRA01000032.1	26.875	160	88	7	223	378	96501	96097	6.6	41.6
Query_1	1396_VTQW01000026.1	60.000	50	20	0	437	486	35833	35684	3.06e-07	65.5
Query_1	29443_SLZQ01000001.1	54.386	57	25	1	437	492	312606	312776	3.56e-07	65.1
Query_1	29443_SLZQ01000001.1	30.405	148	85	6	32	173	311910	312317	0.004	52.4
Query_1	1892_JAAGNH010000939.1	53.448	58	25	1	437	492	997	1170	3.59e-07	65.1
Query_1	1892_JAAGNH010000939.1	28.947	152	85	5	221	371	76	465	0.22	46.2
Query_1	1892_JAAGMS010000263.1	53.448	58	25	1	437	492	1230	1403	3.75e-07	65.1
Query_1	1892_JAAGMS010000263.1	28.947	152	85	5	221	371	309	698	0.22	46.2
Query_1	1887_CP042594.1	54.286	70	29	2	348	416	4530546	4530343	6.97e-07	64.3
Query_1	1887_CP042594.1	47.761	67	30	2	350	413	4862290	4862096	0.009	50.8
Query_1	1887_CP042594.1	41.538	65	36	1	351	415	5189297	5189485	0.85	44.7
Query_1	1887_CP042594.1	33.824	136	67	6	28	154	2682089	2681724	2.0	43.5
Query_1	1887_CP042594.1	30.833	120	61	5	219	338	2682386	2682093	2.6	43.1
Query_1	1887_CP042594.1	39.189	74	39	3	344	413	1880870	1880655	4.5	42.4
Query_1	5507_WEYS01016810.1	68.889	45	13	1	32	75	502	636	7.04e-07	61.2
Query_1	5507_WILG01023236.1	44.068	59	33	0	278	336	437	261	7.25e-07	60.5
Query_1	1892_JAAGMK010000240.1	51.724	58	26	1	437	492	1004	1177	8.50e-07	63.9
Query_1	1892_JAAGMK010000240.1	28.947	152	85	5	221	371	83	472	0.29	45.8
Query_1	66867_MUAX01000010.1	57.143	70	27	3	348	416	38029	38232	8.56e-07	63.9
Query_1	1941_LWMQ01000001.1	57.143	70	27	3	348	416	1692187	1691984	8.87e-07	63.9
Query_1	1941_LWMQ01000001.1	50.000	58	27	1	437	492	914419	914592	6.41e-06	61.2
Query_1	1941_LWMQ01000001.1	29.677	155	80	7	221	371	913495	913884	0.051	48.5
Query_1	1941_LWMQ01000001.1	50.746	67	31	1	350	416	2506431	2506625	0.079	47.8
Query_1	1941_LWMP01000001.1	57.143	70	27	3	348	416	1699207	1699004	8.87e-07	63.9
Query_1	1941_LWMP01000001.1	50.000	58	27	1	437	492	921427	921600	6.41e-06	61.2
Query_1	1941_LWMP01000001.1	29.677	155	80	7	221	371	920503	920892	0.051	48.5
Query_1	1941_LWMP01000001.1	50.746	67	31	1	350	416	2513463	2513657	0.079	47.8
Query_1	1911_JYBE02000001.1	57.143	70	27	3	348	416	1701775	1701572	8.87e-07	63.9
Query_1	1911_JYBE02000001.1	50.000	58	27	1	437	492	924020	924193	6.41e-06	61.2
Query_1	1911_JYBE02000001.1	29.677	155	80	7	221	371	923096	923485	0.051	48.5
Query_1	1911_JYBE02000001.1	50.746	67	31	1	350	416	2516011	2516205	0.079	47.8
Query_1	1892_CM003601.1	51.724	58	26	1	437	492	7268571	7268398	1.16e-06	63.5
Query_1	1892_CM003601.1	54.286	70	29	3	348	416	6412440	6412643	5.16e-05	58.2
Query_1	1892_CM003601.1	43.939	66	35	1	351	416	5567136	5566945	0.016	50.1
Query_1	1892_CM003601.1	28.947	152	85	5	221	371	7269492	7269103	0.082	47.8
Query_1	570156_MBSZ01000023.1	55.556	54	24	0	439	492	93729	93890	1.81e-06	62.8
Query_1	103836_VFPQ01000001.1	50.000	70	30	2	350	416	1146783	1146580	1.91e-06	62.8
Query_1	103836_VFPQ01000001.1	47.222	72	34	4	348	417	2063936	2064145	0.29	46.2
Query_1	5507_WEXQ01001581.1	68.889	45	13	1	32	75	773	907	2.17e-06	61.2
Query_1	34073_QFOW01000007.1	29.469	207	114	9	142	339	19017	18466	2.42e-06	62.4
Query_1	34073_QFOS01000007.1	29.469	207	114	9	142	339	19017	18466	2.42e-06	62.4
Query_1	5507_WILG01010978.1	68.889	45	13	1	32	75	1251	1385	3.11e-06	61.2
Query_1	36630_VWYB01000007.1	25.926	108	61	3	182	284	378195	377914	3.15e-06	42.4
Query_1	36630_VWYB01000007.1	42.857	42	23	1	285	326	377914	377792	3.15e-06	37.4
Query_1	36630_VWYB01000007.1	45.000	20	11	0	162	181	378253	378194	3.15e-06	21.2
Query_1	570156_DJLW01000041.1	55.556	54	24	0	439	492	25366	25527	3.36e-06	62.0
Query_1	570156_DBGW01000106.1	55.556	54	24	0	439	492	25366	25527	3.38e-06	62.0
Query_1	570156_DERE01000110.1	55.556	54	24	0	439	492	25695	25856	3.38e-06	62.0
Query_1	36630_VWYA01000053.1	25.926	108	61	3	182	284	120557	120276	3.39e-06	42.4
Query_1	36630_VWYA01000053.1	42.857	42	23	1	285	326	120276	120154	3.39e-06	37.4
Query_1	36630_VWYA01000053.1	45.000	20	11	0	162	181	120615	120556	3.39e-06	21.2
Query_1	570156_LJTC01000011.1	55.556	54	24	0	439	492	54414	54253	3.50e-06	62.0
Query_1	1911_MDDK01000199.1	51.724	58	26	1	437	492	5605	5778	3.55e-06	62.0
Query_1	1911_MDDK01000199.1	31.126	151	82	5	221	371	4687	5073	0.005	51.6
Query_1	1911_LRMW01000062.1	51.724	58	26	1	437	492	81357	81530	3.86e-06	62.0
Query_1	1911_LRMW01000062.1	31.126	151	82	5	221	371	80439	80825	0.006	51.6
Query_1	1911_UAVD01000024.1	51.724	58	26	1	437	492	258118	257945	3.89e-06	62.0
Query_1	1911_UAVD01000024.1	31.126	151	82	5	221	371	259036	258650	0.006	51.6
Query_1	1911_FNTW01000001.1	51.724	58	26	1	437	492	1257793	1257620	3.89e-06	62.0
Query_1	1911_FNTW01000001.1	52.857	70	30	3	348	416	486798	487001	2.61e-04	55.8
Query_1	1911_FNTW01000001.1	31.126	151	82	5	221	371	1258711	1258325	0.006	51.6
Query_1	1911_JAAGMI010000769.1	51.724	58	26	1	437	492	950	1123	3.93e-06	61.6
Query_1	1911_JAAGMI010000769.1	31.126	151	82	5	221	371	32	418	0.005	51.6
Query_1	5507_WEZB01017543.1	44.068	59	33	0	278	336	714	538	3.94e-06	59.7
Query_1	5507_WESV01005016.1	68.889	45	13	1	32	75	280	146	4.07e-06	61.2
Query_1	5507_WILF01004302.1	68.889	45	13	1	32	75	256	122	4.44e-06	61.2
Query_1	483545_JRUV01000266.1	50.000	50	25	0	437	486	3400	3549	4.45e-06	61.6
Query_1	483545_JRUV01000266.1	30.282	142	83	5	33	167	2758	3156	0.63	45.1
Query_1	483545_LIZN01000015.1	50.000	50	25	0	437	486	93485	93336	4.48e-06	61.6
Query_1	483545_LIZN01000015.1	30.282	142	83	5	33	167	94127	93729	0.63	45.1
Query_1	1892_JAAGLK010000086.1	53.731	67	29	1	350	416	12332	12138	4.66e-06	61.6
Query_1	66867_MUAX01000087.1	50.000	58	27	1	437	492	7480	7307	5.24e-06	61.2
Query_1	66867_MUAX01000087.1	29.032	155	81	7	221	371	8404	8015	0.15	47.0
Query_1	1892_JNXS01000025.1	51.351	74	34	2	343	416	21458	21673	5.31e-06	61.2
Query_1	1892_JOEZ01000025.1	51.351	74	34	2	343	416	21460	21675	5.31e-06	61.2
Query_1	5507_WEXD01001283.1	68.889	45	13	1	32	75	158	24	5.42e-06	60.8
Query_1	1892_JAAGLK010000289.1	50.000	58	27	1	437	492	4404	4231	5.95e-06	61.2
Query_1	1892_JAAGLK010000289.1	28.947	152	85	5	221	371	5325	4936	0.34	45.8
Query_1	5507_WEZB01015313.1	44.068	59	33	0	278	336	832	656	6.02e-06	59.3
Query_1	5507_WESM01009370.1	44.068	59	33	0	278	336	858	1034	7.19e-06	60.5
Query_1	2021_ONLN01000105.1	48.000	50	26	0	437	486	1329	1478	7.22e-06	60.8
Query_1	2021_ONLN01000105.1	41.071	56	32	1	32	86	690	857	2.0	43.1
Query_1	2021_CADBTT010000018.1	48.000	50	26	0	437	486	6553	6404	7.51e-06	60.8
Query_1	2021_CADBTT010000018.1	41.071	56	32	1	32	86	7192	7025	2.0	43.1
Query_1	2021_QGVG01000016.1	48.000	50	26	0	437	486	11357	11506	7.95e-06	60.8
Query_1	2021_QGVG01000016.1	29.565	115	69	3	32	143	10718	11035	0.59	45.1
Query_1	2021_JEMR01000030.1	48.000	50	26	0	437	486	37589	37738	7.96e-06	60.8
Query_1	2021_JEMR01000030.1	29.565	115	69	3	32	143	36950	37267	0.59	45.1
Query_1	570156_FPAZ01000004.1	55.556	54	24	0	439	492	91996	92157	8.13e-06	60.8
Query_1	1396_NMYQ01000503.1	32.941	85	51	3	336	416	382	134	9.68e-06	55.8
Query_1	1911_UHID01000001.1	45.714	70	33	2	350	416	559870	560073	1.12e-05	60.5
Query_1	1911_UHID01000001.1	37.500	80	44	3	340	415	1396778	1396545	0.16	47.0
Query_1	5507_WESM01001784.1	68.889	45	13	1	32	75	92	226	1.14e-05	60.1
Query_1	570156_DIAH01000035.1	55.556	54	24	0	439	492	59741	59902	1.28e-05	60.1
Query_1	58343_LQCG01000014.1	52.239	67	30	1	350	416	34267	34461	1.32e-05	60.1
Query_1	1893_FPJO01000002.1	52.239	67	30	1	350	416	438259	438453	3.11e-05	58.9
Query_1	1893_JQJU01000001.1	53.968	63	27	1	353	415	357177	356995	4.90e-05	58.2
Query_1	1408_NKHG01000134.1	40.625	96	54	2	322	415	14699	14415	6.07e-05	57.8
Query_1	1408_NKHG01000134.1	40.260	77	44	2	340	415	17140	16913	0.34	45.8
Query_1	5507_WEZD01011149.1	72.973	37	10	0	165	201	1425	1315	6.18e-05	57.0
Query_1	47763_RDTE01000003.1	50.000	66	31	1	351	416	2615678	2615869	7.33e-05	57.8
Query_1	1892_JAAGMK010001086.1	50.000	70	32	2	348	416	4027	3824	7.75e-05	57.4
Query_1	47763_JNZA01000008.1	52.857	70	30	2	348	416	247757	247554	7.84e-05	57.8
Query_1	47763_RDTD01000001.1	52.857	70	30	2	348	416	1285815	1285612	7.85e-05	57.8
Query_1	47763_RDTD01000001.1	32.026	153	75	7	223	371	3851295	3851678	0.020	49.7
Query_1	1892_JAAGLK010000392.1	50.000	70	32	2	348	416	7064	6861	7.97e-05	57.4
Query_1	47763_CP019457.1	52.857	70	30	2	348	416	5963026	5962823	8.20e-05	57.4
Query_1	47763_CP019457.1	32.026	153	75	7	223	371	739619	740002	0.018	50.1
Query_1	1892_JAAGNH010000517.1	50.000	70	32	2	348	416	6886	6683	8.30e-05	57.4
Query_1	1892_JAAGMS010000377.1	50.000	70	32	2	348	416	23058	22855	8.51e-05	57.4
Query_1	47763_CP017157.1	52.239	67	30	1	350	416	6563233	6563427	8.63e-05	57.4
Query_1	47763_CP017157.1	31.373	153	76	7	223	371	3654495	3654112	0.031	49.3
Query_1	1396_NMYW01002851.1	32.941	85	51	3	336	416	272	520	9.86e-05	55.1
Query_1	5507_WEVC01001950.1	54.348	46	21	0	282	327	1	138	1.04e-04	56.6
Query_1	1396_NTYA01000109.1	32.941	85	51	3	336	416	82	330	1.22e-04	55.1
Query_1	1911_MDKB01000002.1	52.239	67	30	1	350	416	811306	811500	1.25e-04	57.0
Query_1	1911_MDKB01000002.1	53.731	67	29	1	350	416	73917	73723	0.002	53.1
Query_1	1451_RIAS01000006.1	44.286	70	34	2	350	416	249361	249158	1.71e-04	56.6
Query_1	1451_RIAS01000006.1	40.299	67	35	2	350	413	249637	249443	0.004	52.4
Query_1	2065_JNYE01000038.1	49.275	69	30	2	351	416	15824	15624	1.86e-04	56.2
Query_1	2072_RBXO01000001.1	46.377	69	32	2	351	416	6962655	6962455	1.87e-04	56.2
Query_1	2072_RBXO01000001.1	40.000	70	37	2	350	416	7171009	7171212	0.36	45.8
Query_1	2072_RBXO01000001.1	37.662	77	38	4	347	416	5529601	5529380	2.2	43.1
Query_1	1396_LCYI01000010.1	32.941	85	51	3	336	416	168295	168047	1.98e-04	56.2
Query_1	1396_LCYI01000010.1	34.286	70	41	2	351	415	167965	167756	4.7	42.0
Query_1	1451_BIMJ01000019.1	44.048	84	36	4	341	416	89034	88792	2.24e-04	56.2
Query_1	1451_BIMJ01000019.1	44.444	72	34	2	350	416	92368	92156	0.27	46.2
Query_1	1428_NUGW01000044.1	32.941	85	51	3	336	416	84120	83872	2.31e-04	56.2
Query_1	1451_MRTI01000005.1	40.000	90	46	3	332	416	282552	282812	2.33e-04	56.2
Query_1	1451_MRTI01000005.1	35.556	90	50	3	332	416	280617	280877	0.41	45.4
Query_1	1451_MRTI01000005.1	38.571	70	39	2	348	416	281160	281360	0.71	44.7
Query_1	1451_MRTI01000005.1	42.308	52	28	1	364	415	279999	280148	0.74	44.7
Query_1	1451_MRTI01000005.1	32.877	73	45	2	345	416	279702	279911	1.1	44.3
Query_1	1451_MRTI01000005.1	35.938	64	38	1	353	416	281661	281843	6.0	41.6
Query_1	1451_BIMJ01000028.1	40.000	90	46	3	332	416	281785	282045	2.43e-04	55.8
Query_1	1451_BIMJ01000028.1	33.333	78	46	2	342	416	277954	278178	0.31	45.8
Query_1	1451_BIMJ01000028.1	40.625	64	35	1	352	415	279442	279624	0.77	44.7
Query_1	1451_BIMJ01000028.1	40.000	65	36	1	352	416	279925	280110	1.7	43.5
Query_1	1451_BIMJ01000028.1	37.681	69	39	2	348	415	280393	280590	2.1	43.1
Query_1	1451_BIMJ01000028.1	36.508	63	37	1	353	415	278479	278658	4.7	42.0
Query_1	1451_BIMJ01000028.1	37.500	64	37	1	352	415	280891	281073	6.4	41.6
Query_1	1396_FMJI01000039.1	31.765	85	52	3	336	416	50793	50545	2.47e-04	55.8
Query_1	1911_MDDK01000531.1	52.857	70	30	3	348	416	9117	9320	2.47e-04	55.8
Query_1	1396_FMZR01000001.1	31.765	85	52	3	336	416	375447	375199	2.47e-04	55.8
Query_1	1911_JAAGMI010000701.1	52.857	70	30	3	348	416	6968	6765	2.51e-04	55.8
Query_1	1451_MRTO01000015.1	40.000	90	46	3	332	416	75466	75726	2.55e-04	55.8
Query_1	1451_MRTO01000015.1	39.726	73	40	2	345	416	71650	71859	0.011	50.4
Query_1	1451_MRTO01000015.1	42.188	64	34	1	353	416	72160	72342	0.021	49.7
Query_1	1451_MRTO01000015.1	40.625	64	35	1	352	415	73123	73305	0.77	44.7
Query_1	1451_MRTO01000015.1	37.681	69	39	2	348	415	74074	74271	2.1	43.1
Query_1	1451_MRTO01000015.1	40.000	65	36	1	352	416	73606	73791	4.2	42.4
Query_1	1451_MRTO01000015.1	37.500	64	37	1	352	415	74572	74754	6.3	41.6
Query_1	1451_MRTO01000015.1	37.500	64	38	1	352	415	71911	72096	9.3	41.2
Query_1	28214_QFNL01000002.1	29.870	154	79	7	219	368	159144	159530	2.58e-04	55.8
Query_1	1911_ML956173.1	52.857	70	30	3	348	416	75022	74819	2.59e-04	55.8
Query_1	1911_UAVD01000048.1	52.857	70	30	3	348	416	76024	75821	2.59e-04	55.8
Query_1	1396_SZOJ01000575.1	32.941	85	51	3	336	416	338	90	2.63e-04	55.5
Query_1	58172_DOJM01000287.1	54.237	59	22	2	361	416	3002	3172	2.64e-04	55.5
Query_1	2065_JNWZ01000018.1	50.000	70	29	3	350	416	94310	94510	2.66e-04	55.8
Query_1	1451_FMIS01000049.1	42.857	70	35	2	350	416	72406	72609	3.60e-04	55.5
Query_1	1451_FMIS01000049.1	39.394	66	35	2	351	413	72133	72324	0.040	48.9
Query_1	1451_FMIS01000049.1	28.226	124	75	5	298	415	72817	73164	5.7	42.0
Query_1	1451_MRTJ01000021.1	38.462	91	48	3	332	417	1449	1712	3.94e-04	55.5
Query_1	1451_MRTJ01000021.1	35.556	90	50	3	332	416	480	740	0.26	46.2
Query_1	1451_MRTJ01000021.1	37.681	69	39	2	348	415	57	254	1.1	44.3
Query_1	58343_KQ948312.1	56.716	67	27	1	350	416	73319	73125	4.06e-04	55.5
Query_1	1451_BCNV01000005.1	38.889	90	47	3	332	416	733412	733672	4.14e-04	55.5
Query_1	1451_BCNV01000005.1	40.625	64	35	1	353	416	730106	730288	0.009	50.8
Query_1	1451_BCNV01000005.1	36.667	90	49	3	332	416	731960	732220	0.11	47.4
Query_1	1451_BCNV01000005.1	40.000	70	38	2	348	416	731054	731254	0.13	47.4
Query_1	1451_BCNV01000005.1	42.029	69	35	2	351	416	279918	280118	0.49	45.4
Query_1	1451_BCNV01000005.1	33.333	90	52	3	332	416	730511	730771	0.50	45.4
Query_1	1451_BCNV01000005.1	39.130	69	38	2	348	415	732503	732700	0.62	45.1
Query_1	1451_BCNV01000005.1	38.571	70	39	2	348	416	731537	731737	0.87	44.7
Query_1	1451_BCNV01000005.1	40.580	69	36	2	351	416	282606	282806	2.2	43.1
Query_1	1451_MRTG01000005.1	38.889	90	47	3	332	416	80720	80460	4.46e-04	55.1
Query_1	1451_MRTG01000005.1	39.726	73	40	2	345	416	84536	84327	0.014	50.4
Query_1	1451_MRTG01000005.1	35.556	90	50	3	332	416	84104	83844	0.063	48.1
Query_1	1451_MRTG01000005.1	41.538	65	35	1	352	416	82580	82395	0.29	46.2
Query_1	1451_MRTG01000005.1	40.625	64	35	1	352	415	83063	82881	0.71	44.7
Query_1	1451_MRTG01000005.1	37.681	69	39	2	348	415	82112	81915	1.9	43.5
Query_1	1451_MRTG01000005.1	37.500	64	37	1	352	415	81614	81432	4.1	42.4
Query_1	293386_LFMM01000045.1	40.000	70	40	1	346	415	19781	19984	4.51e-04	55.1
Query_1	293386_LFMM01000045.1	40.845	71	42	0	345	415	22042	22254	0.023	49.7
Query_1	1451_MRTI01000001.1	44.048	84	36	4	341	416	1330639	1330397	4.59e-04	55.1
Query_1	1451_MRTI01000001.1	44.444	72	34	2	350	416	1333973	1333761	0.24	46.2
Query_1	1396_NUMR01000075.1	42.857	70	36	2	350	416	43029	42823	5.40e-04	55.1
Query_1	1396_NUVT01000029.1	42.857	70	36	2	350	416	43073	42867	5.40e-04	55.1
Query_1	1451_RIAS01000009.1	45.312	64	32	1	353	416	160948	161130	5.53e-04	54.7
Query_1	1451_RIAS01000009.1	40.000	70	38	2	348	416	162862	163062	0.097	47.8
Query_1	1451_RIAS01000009.1	38.571	70	39	2	348	416	162379	162579	0.15	47.0
Query_1	1451_RIAS01000009.1	37.681	69	39	2	348	415	161896	162093	0.40	45.4
Query_1	1451_RIAS01000009.1	34.211	76	46	2	341	415	161392	161610	0.42	45.4
Query_1	1451_RIAS01000009.1	35.938	64	38	1	353	416	163366	163548	0.83	44.7
Query_1	1451_RIAS01000009.1	35.385	65	40	1	352	416	161182	161370	1.8	43.5
Query_1	1931_DNQU01000501.1	50.794	63	29	1	353	415	4036	3854	5.65e-04	54.7
Query_1	40324_JRJA01000002.1	27.928	222	131	9	179	396	69506	70096	5.82e-04	54.7
Query_1	1396_NMYS01003820.1	34.615	78	45	3	343	416	11	238	5.89e-04	50.8
Query_1	1451_MRTJ01000010.1	43.284	67	33	2	350	413	146052	145858	6.02e-04	54.7
Query_1	1451_MRTJ01000010.1	42.857	70	35	2	350	416	145776	145573	8.12e-04	54.3
Query_1	1451_BCNV01000011.1	43.284	67	33	2	350	413	250834	250640	6.79e-04	54.7
Query_1	1451_BCNV01000011.1	42.857	70	35	2	350	416	250558	250355	0.001	54.3
Query_1	1390_PQWK01000021.1	43.836	73	38	2	345	416	2968	2756	7.29e-04	54.3
Query_1	1390_PQWK01000021.1	40.845	71	41	1	345	415	3224	3015	0.20	46.6
Query_1	77133_CADCBG010000002.1	35.714	70	43	1	347	416	70646	70849	7.82e-04	54.3
Query_1	1451_SMZV01000002.1	38.889	90	47	3	332	416	80030	79770	8.71e-04	54.3
Query_1	1451_SMZV01000002.1	36.667	90	49	3	332	416	81965	81705	0.20	46.6
Query_1	1451_SMZV01000002.1	44.286	70	34	3	350	416	556478	556275	0.32	45.8
Query_1	1451_SMZV01000002.1	35.556	90	50	3	332	416	81482	81222	0.40	45.4
Query_1	1451_SMZV01000002.1	44.231	52	27	1	364	415	82583	82434	0.81	44.7
Query_1	1451_SMZV01000002.1	32.877	73	45	2	345	416	82880	82671	1.2	43.9
Query_1	1451_SMZV01000002.1	38.571	70	39	2	348	416	80939	80739	1.3	43.9
Query_1	1451_SMZV01000002.1	35.714	70	41	2	348	416	82388	82188	6.2	41.6
Query_1	1451_FMIS01000016.1	38.889	90	47	3	332	416	743210	743470	0.001	54.3
Query_1	1451_FMIS01000016.1	36.667	90	49	3	332	416	741758	742018	0.052	48.5
Query_1	1451_FMIS01000016.1	40.351	57	32	1	359	415	740642	740806	0.22	46.6
Query_1	1451_FMIS01000016.1	38.571	70	39	2	348	416	741335	741535	0.44	45.4
Query_1	1451_FMIS01000016.1	32.877	73	45	2	345	416	740360	740569	1.5	43.9
Query_1	1451_FMIS01000016.1	42.857	70	35	3	350	416	279655	279858	3.7	42.4
Query_1	1451_FMIS01000016.1	33.333	90	52	3	332	416	742241	742501	6.2	41.6
Query_1	1451_FMIS01000016.1	39.130	69	37	3	351	416	279373	279573	8.4	41.2
Query_1	1451_FMIS01000023.1	42.857	84	37	4	341	416	861282	861040	0.001	53.9
Query_1	1390_PQWK01000022.1	43.836	73	38	2	345	416	2707	2495	0.001	53.5
Query_1	1390_PQWK01000022.1	42.254	71	40	1	345	415	2963	2754	0.14	47.0
Query_1	1451_SMZV01000003.1	42.857	84	37	4	341	416	386580	386822	0.001	53.9
Query_1	1451_SMZV01000003.1	44.444	72	34	2	350	416	383246	383458	0.24	46.2
Query_1	294_JSAK01000002.1	40.299	67	37	1	350	413	365907	365707	0.001	53.9
Query_1	1451_BCNV01000001.1	43.210	81	35	4	344	416	74576	74809	0.001	53.9
Query_1	1451_BCNV01000001.1	37.838	74	44	2	344	415	1624325	1624546	0.14	47.0
Query_1	1451_BCNV01000001.1	43.056	72	38	2	346	416	1624823	1625032	0.29	46.2
Query_1	1451_BCNV01000001.1	37.313	67	42	0	349	415	1625327	1625527	0.33	45.8
Query_1	1451_BCNV01000001.1	44.444	72	34	3	350	416	541118	541330	2.1	43.1
Query_1	1451_BCNV01000001.1	29.730	74	47	1	348	416	1625816	1626037	5.4	42.0
Query_1	1390_LJAU01000063.1	43.836	73	38	2	345	416	14668	14456	0.001	53.5
Query_1	1390_LJAU01000063.1	38.356	73	44	1	343	415	14930	14715	0.41	45.4
Query_1	293387_JOVS02000001.1	43.662	71	40	0	345	415	1160028	1159816	0.001	53.9
Query_1	293387_JOVS02000001.1	38.028	71	43	1	346	416	1162473	1162264	0.51	45.4
Query_1	1390_JZDI01000004.1	43.836	73	38	2	345	416	260832	260620	0.001	53.5
Query_1	1390_JZDI01000004.1	43.056	72	38	3	345	415	261088	260879	0.91	44.3
Query_1	1390_MSTO01000005.1	43.836	73	38	2	345	416	263792	263580	0.001	53.5
Query_1	1390_MSTO01000005.1	38.356	73	44	1	343	415	264054	263839	0.57	45.1
Query_1	1390_LMUC01000010.1	43.836	73	38	2	345	416	179664	179452	0.001	53.5
Query_1	1390_LMUC01000010.1	40.698	86	45	4	331	415	179953	179711	1.2	43.9
Query_1	1390_CP011252.1	43.836	73	38	2	345	416	611974	612186	0.001	53.5
Query_1	1390_CP011252.1	43.056	72	38	3	345	415	611718	611927	0.91	44.3
Query_1	1390_CP011252.1	38.596	57	35	0	359	415	609315	609485	6.2	41.6
Query_1	1423_CP009611.1	43.836	73	38	2	345	416	2967906	2967694	0.001	53.5
Query_1	1423_CP009611.1	41.860	86	44	4	331	415	2968195	2967953	0.57	45.1
Query_1	1390_CP041770.1	43.836	73	38	2	345	416	3990133	3990345	0.001	53.5
Query_1	1390_CP041770.1	38.356	73	44	1	343	415	3989871	3990086	0.34	45.8
Query_1	1390_CP038028.1	43.836	73	38	2	345	416	1202222	1202010	0.001	53.5
Query_1	1390_CP038028.1	38.356	73	44	1	343	415	1202484	1202269	0.42	45.4
Query_1	2065_JNWZ01000080.1	47.826	69	31	2	351	416	20065	19865	0.001	53.5
Query_1	1390_CP031424.1	43.836	73	38	2	345	416	606717	606929	0.002	53.5
Query_1	1390_CP031424.1	38.356	73	44	1	343	415	606455	606670	0.57	45.1
Query_1	1451_MRTJ01000003.1	43.210	81	35	4	344	416	157605	157838	0.002	53.1
Query_1	40324_CABGAM010000678.1	28.829	222	129	10	179	396	47155	47745	0.002	53.1
Query_1	40324_CABGAM010000174.1	28.829	222	129	10	179	396	47155	47745	0.002	53.1
Query_1	1488_PIQQ01000031.1	38.947	95	49	3	326	416	328753	328484	0.002	53.1
Query_1	1488_NERI01000008.1	38.947	95	49	3	326	416	345612	345343	0.002	53.1
Query_1	1488_LZYY01000005.1	38.947	95	49	3	326	416	331162	330893	0.002	53.1
Query_1	1488_LZYX01000015.1	38.947	95	49	3	326	416	81582	81851	0.002	53.1
Query_1	1488_VIBM01000005.1	38.947	95	49	3	326	416	430143	429874	0.002	53.1
Query_1	1488_NERJ01000024.1	38.947	95	49	3	326	416	431898	431629	0.002	53.1
Query_1	1488_CP030018.1	38.947	95	49	3	326	416	2929023	2929292	0.002	53.1
Query_1	1488_CP030018.1	46.000	50	25	1	366	415	1229104	1229247	0.004	47.0
Query_1	1488_CP030018.1	26.190	42	31	0	311	352	1228908	1229033	0.004	24.3
Query_1	1390_CP014700.1	43.836	73	38	2	345	416	2064565	2064353	0.002	53.1
Query_1	1390_CP014700.1	40.845	71	41	1	345	415	2064821	2064612	0.27	46.2
Query_1	67581_MSGP01000001.1	56.061	66	27	1	351	416	4285	4094	0.002	52.8
Query_1	1390_LQYP01000001.1	43.836	73	38	2	345	416	30086	30298	0.002	53.1
Query_1	1390_LQYP01000001.1	40.845	71	41	1	345	415	29830	30039	0.46	45.4
Query_1	1390_LQYP01000001.1	38.028	71	43	1	346	416	27391	27600	0.57	45.1
Query_1	1390_LYUG01000025.1	43.836	73	38	2	345	416	41823	42035	0.002	53.1
Query_1	1390_LYUG01000025.1	40.845	71	41	1	345	415	41567	41776	0.46	45.4
Query_1	1390_LYUG01000025.1	38.028	71	43	1	346	416	39128	39337	0.58	45.1
Query_1	1390_NMRK01000005.1	43.836	73	38	2	345	416	146891	146679	0.002	53.1
Query_1	1390_NMRK01000005.1	40.845	71	41	1	345	415	147147	146938	0.46	45.4
Query_1	1390_NMRK01000005.1	38.028	71	43	1	346	416	149586	149377	0.58	45.1
Query_1	1390_QVEJ01000005.1	43.836	73	38	2	345	416	276294	276082	0.002	53.1
Query_1	1390_QVEJ01000005.1	40.845	71	41	1	345	415	276550	276341	0.46	45.4
Query_1	1390_QVEJ01000005.1	38.028	71	43	1	346	416	278989	278780	0.58	45.1
Query_1	1390_MOEA01000005.1	43.836	73	38	2	345	416	38698	38910	0.002	53.1
Query_1	1390_MOEA01000005.1	38.824	85	48	2	331	415	38409	38651	0.54	45.1
Query_1	1390_MOEA01000005.1	38.028	71	43	1	346	416	36000	36209	0.57	45.1
Query_1	1390_VRTX01000005.1	43.836	73	38	2	345	416	41888	42100	0.002	53.1
Query_1	1390_VRTX01000005.1	40.845	71	41	1	345	415	41632	41841	0.46	45.4
Query_1	1390_VRTX01000005.1	38.028	71	43	1	346	416	39193	39402	0.58	45.1
Query_1	1390_VRTU01000005.1	43.836	73	38	2	345	416	41928	42140	0.002	53.1
Query_1	1390_VRTU01000005.1	40.845	71	41	1	345	415	41672	41881	0.46	45.4
Query_1	1390_VRTU01000005.1	38.028	71	43	1	346	416	39233	39442	0.58	45.1
Query_1	1390_VRTV01000005.1	43.836	73	38	2	345	416	41928	42140	0.002	53.1
Query_1	1390_VRTV01000005.1	40.845	71	41	1	345	415	41672	41881	0.46	45.4
Query_1	1390_VRTV01000005.1	38.028	71	43	1	346	416	39233	39442	0.58	45.1
Query_1	1390_SDKH01000002.1	43.836	73	38	2	345	416	1334394	1334182	0.002	53.1
Query_1	1390_SDKH01000002.1	40.845	71	41	1	345	415	1334650	1334441	0.46	45.4
Query_1	1390_SDKH01000002.1	38.028	71	43	1	346	416	1337089	1336880	0.58	45.1
Query_1	1390_LPUP01000010.1	43.836	73	38	2	345	416	1699876	1699664	0.002	53.1
Query_1	1390_LPUP01000010.1	40.845	71	41	1	345	415	1700132	1699923	0.27	46.2
Query_1	1390_LPUP01000010.1	38.028	71	43	1	346	416	1702571	1702362	0.58	45.1
Query_1	1390_SDKG01000001.1	43.836	73	38	2	345	416	563332	563544	0.002	53.1
Query_1	1390_SDKG01000001.1	40.845	71	41	1	345	415	563076	563285	0.46	45.4
Query_1	1390_SDKG01000001.1	38.028	71	43	1	346	416	560637	560846	0.58	45.1
Query_1	1390_CP018902.1	43.836	73	38	2	345	416	3731370	3731582	0.002	53.1
Query_1	1390_CP018902.1	40.845	71	41	1	345	415	3731114	3731323	0.46	45.4
Query_1	1390_CP018902.1	38.028	71	43	1	346	416	3728675	3728884	0.58	45.1
Query_1	1390_CP030097.1	43.836	73	38	2	345	416	915390	915602	0.002	53.1
Query_1	1390_CP030097.1	40.845	71	41	1	345	415	915134	915343	0.27	46.2
Query_1	1390_CP030097.1	38.028	71	43	1	346	416	912695	912904	0.58	45.1
Query_1	1390_CP021505.1	43.836	73	38	2	345	416	629709	629921	0.002	53.1
Query_1	1390_CP021505.1	38.372	86	46	4	333	414	3030244	3029996	0.059	48.1
Query_1	1390_CP021505.1	40.845	71	41	1	345	415	629453	629662	0.46	45.4
Query_1	1390_CP021505.1	38.028	71	43	1	346	416	627014	627223	0.58	45.1
Query_1	5507_WESX01000139.1	63.043	46	16	1	26	70	121180	121317	0.002	52.8
Query_1	2065_JNYE01000020.1	51.429	70	28	3	350	416	16003	15803	0.002	52.8
Query_1	1451_MRTG01000004.1	42.857	84	37	4	341	416	33590	33832	0.002	52.8
Query_1	1451_MRTG01000004.1	44.444	72	34	2	350	416	30256	30468	0.33	45.8
Query_1	58343_KQ948657.1	55.224	67	28	1	350	416	341418	341612	0.003	52.8
Query_1	1393_LVYG01000007.1	31.902	163	97	8	263	416	98524	98051	0.003	52.8
Query_1	1393_MXAR01000019.1	31.707	164	98	8	262	416	9765	10241	0.003	52.4
Query_1	1408_VEAW01000006.1	35.870	92	53	2	328	415	177954	177685	0.003	52.4
Query_1	1408_VEAW01000006.1	40.789	76	45	0	340	415	175642	175415	0.009	50.8
Query_1	1396_NVDQ01000041.1	33.981	103	57	4	320	416	9958	9665	0.003	52.4
Query_1	1396_NVMM01000063.1	33.981	103	57	4	320	416	9949	9656	0.003	52.4
Query_1	1423_CP016767.1	35.849	106	52	5	322	414	50099	50407	0.003	52.4
Query_1	1451_MRTO01000004.1	42.857	84	37	4	341	416	89902	90144	0.003	52.4
Query_1	1451_MRTO01000004.1	44.444	72	34	2	350	416	86570	86782	0.26	46.2
Query_1	1488_LZYX01000001.1	46.000	50	25	1	366	415	1293902	1294045	0.004	47.0
Query_1	1488_LZYX01000001.1	26.190	42	31	0	311	352	1293706	1293831	0.004	24.3
Query_1	1488_VIBM01000001.1	46.000	50	25	1	366	415	22663	22520	0.004	47.0
Query_1	1488_VIBM01000001.1	26.190	42	31	0	311	352	22859	22734	0.004	24.3
Query_1	1934_MUME01000088.1	47.761	67	33	1	350	416	48500	48306	0.004	52.0
Query_1	1488_LZYY01000011.1	46.000	50	25	1	366	415	48764	48621	0.004	47.0
Query_1	1488_LZYY01000011.1	26.190	42	31	0	311	352	48960	48835	0.004	24.3
Query_1	61645_VKTK01000008.1	42.254	71	39	1	347	417	15630	15836	0.005	52.0
Query_1	61645_JAAQVN010000001.1	42.254	71	39	1	347	417	996405	996611	0.005	52.0
Query_1	1488_PIQQ01000008.1	46.000	50	25	1	366	415	30725	30868	0.005	47.0
Query_1	1488_PIQQ01000008.1	26.190	42	31	0	311	352	30529	30654	0.005	24.3
