Query_1	2021_QGVG01000081.1	82.308	260	46	0	41	300	14574	15353	1.65e-134	431
Query_1	2021_JEMR01000070.1	80.769	260	50	0	41	300	4277	3498	1.84e-134	424
Query_1	40571_JOEA01000030.1	65.134	261	84	4	41	299	91213	90446	2.55e-105	347
Query_1	40571_FWYC01000005.1	65.134	261	84	4	41	299	233199	232432	2.56e-105	347
Query_1	103733_JNYO01000031.1	65.251	259	83	3	43	299	1025	264	4.38e-105	347
Query_1	103733_CP034550.1	65.251	259	83	3	43	299	4499147	4498386	4.40e-105	347
Query_1	103733_CP034550.1	61.686	261	93	3	41	299	9833708	9834475	3.72e-99	330
Query_1	103733_CP034550.1	56.870	262	106	4	41	299	5380432	5379659	3.55e-83	283
Query_1	84724_FOYL01000009.1	64.751	261	85	4	41	299	67101	67868	2.89e-104	344
Query_1	1911_UHID01000009.1	62.595	262	92	4	41	300	335653	336426	3.46e-103	341
Query_1	58343_LQCG01000001.1	63.218	261	90	4	41	299	451535	450765	3.67e-103	341
Query_1	58343_LQCG01000001.1	28.079	203	90	8	98	247	233848	234447	0.031	47.8
Query_1	1877_NGNT01000007.1	62.835	261	90	4	41	299	127260	126493	1.13e-101	337
Query_1	1877_LT607413.1	62.835	261	90	4	41	299	5809489	5810256	1.13e-101	337
Query_1	1877_LT607413.1	26.667	120	62	3	84	177	307129	307488	4.8	40.8
Query_1	1877_VLJU01000004.1	62.835	261	90	4	41	299	147851	147084	1.57e-101	336
Query_1	2030_QHKI01000028.1	61.303	261	94	3	41	299	75923	76690	1.42e-99	331
Query_1	31958_CP016174.1	61.303	261	94	3	41	299	5886183	5886950	1.48e-99	331
Query_1	1852_JRZE01000001.1	64.122	262	88	3	41	300	37424	38197	1.54e-99	330
Query_1	1852_FOWS01000003.1	64.122	262	88	3	41	300	457125	456352	1.54e-99	330
Query_1	58117_FTNI01000002.1	61.868	257	92	3	46	300	40143	40901	2.47e-99	330
Query_1	1931_DNQU01000103.1	61.303	261	95	3	41	299	2042	1272	3.61e-99	330
Query_1	103733_JNYO01000029.1	61.686	261	93	3	41	299	102032	102799	3.70e-99	330
Query_1	1911_MDKB01000003.1	61.686	261	94	3	41	299	309527	308757	1.10e-98	328
Query_1	2030_FWXV01000007.1	60.920	261	95	3	41	299	243030	242263	4.57e-98	326
Query_1	103734_RJKM01000001.1	59.004	261	100	3	41	299	6469296	6468529	6.97e-97	323
Query_1	103734_RJKM01000001.1	63.320	259	88	4	43	299	8750634	8749873	8.41e-96	320
Query_1	103734_RJKM01000001.1	29.268	123	61	3	93	189	2944454	2944086	0.001	52.4
Query_1	103734_RJKM01000001.1	30.556	180	108	6	79	248	5964582	5964064	8.4	40.0
Query_1	33910_JPRA01000040.1	59.387	261	100	3	41	299	1330	560	6.01e-95	317
Query_1	33910_JPRA01000040.1	27.642	123	61	3	92	189	37080	36721	0.41	44.3
Query_1	33910_JMQG01000034.1	59.387	261	100	3	41	299	1500	730	6.01e-95	317
Query_1	33910_JMQG01000034.1	27.642	123	61	3	92	189	37250	36891	0.41	44.3
Query_1	33910_JMQJ01000105.1	59.387	261	100	3	41	299	412458	413228	6.02e-95	317
Query_1	33910_JMQJ01000105.1	27.642	123	61	3	92	189	376708	377067	0.41	44.3
Query_1	1887_CP042594.1	62.069	261	93	3	41	299	6867589	6868359	1.85e-92	310
Query_1	1911_JAAGMI010000570.1	60.536	261	97	3	41	299	1876	1106	1.93e-90	305
Query_1	1911_MDDK01000460.1	60.536	261	97	3	41	299	2133	1363	2.14e-90	304
Query_1	1911_UAVD01000032.1	60.536	261	97	3	41	299	256199	256969	2.26e-90	304
Query_1	1911_ML956148.1	60.536	261	97	3	41	299	42048	41278	2.26e-90	304
Query_1	1911_FNTW01000002.1	60.536	261	97	3	41	299	2298209	2297439	2.26e-90	304
Query_1	208445_FNSO01000004.1	58.301	259	102	3	43	299	6499390	6500154	4.13e-89	301
Query_1	208445_FNSO01000004.1	40.377	265	146	7	41	300	2608031	2608804	3.07e-44	171
Query_1	208445_FNSO01000004.1	30.252	119	62	4	92	189	6445386	6445742	0.012	49.3
Query_1	208445_FNSO01000004.1	28.099	121	58	4	93	187	6444286	6444639	3.6	41.2
Query_1	67581_MSGP01000002.1	61.303	261	95	3	41	299	15055	15825	7.16e-89	300
Query_1	43354_JOIJ01000007.1	56.107	262	107	4	41	300	157496	156729	1.40e-88	299
Query_1	43354_VLJV01000001.1	56.107	262	107	4	41	300	3229449	3230216	1.41e-88	299
Query_1	66867_MUAX01000128.1	60.153	261	98	3	41	299	7926	7156	5.04e-88	297
Query_1	1941_LWMQ01000001.1	60.153	261	98	3	41	299	5841300	5842070	5.28e-88	297
Query_1	1941_LWMP01000001.1	60.153	261	98	3	41	299	5848334	5849104	5.28e-88	297
Query_1	1911_JYBE02000001.1	60.153	261	98	3	41	299	5850858	5851628	5.28e-88	297
Query_1	1892_JAAGMK010000886.1	59.770	261	99	3	41	299	12237	13007	1.71e-87	296
Query_1	2030_QHKI01000037.1	60.920	261	96	3	41	299	26981	27751	2.17e-87	296
Query_1	1892_JAAGLK010000318.1	59.770	261	99	3	41	299	1205	435	4.16e-87	295
Query_1	1892_CM003601.1	59.770	261	99	3	41	299	1867641	1866871	6.49e-87	294
Query_1	1892_CM003601.1	27.753	227	137	11	80	294	6222353	6221718	3.97e-05	57.0
Query_1	2030_FWXV01000011.1	60.153	261	98	3	41	299	306891	307661	8.33e-87	294
Query_1	1892_JAAGNH010001043.1	59.770	261	99	3	41	299	12287	13057	1.11e-86	293
Query_1	76731_QUMT01000002.1	55.598	259	111	2	44	300	1012510	1013280	1.24e-86	293
Query_1	76731_QUMT01000002.1	53.846	260	115	3	44	300	1010675	1011448	7.50e-74	257
Query_1	76731_CP013729.1	55.598	259	111	2	44	300	2994754	2995524	1.24e-86	293
Query_1	76731_CP013729.1	53.846	260	115	3	44	300	2992919	2993692	7.51e-74	257
Query_1	1892_JAAGMS010000239.1	59.770	261	99	3	41	299	1192	422	1.79e-86	293
Query_1	1892_JOEZ01000016.1	59.004	261	101	3	41	299	685245	686015	1.51e-85	290
Query_1	1892_JNXS01000014.1	59.004	261	101	3	41	299	685854	686624	1.51e-85	290
Query_1	483545_LIZN01000054.1	77.108	166	38	0	135	300	1149	652	4.78e-85	275
Query_1	483545_LIZN01000054.1	74.627	67	17	0	47	113	1643	1443	3.08e-22	107
Query_1	84724_FOYL01000013.1	54.054	259	110	3	41	299	176588	175839	3.31e-83	284
Query_1	103733_JNYO01000008.1	56.870	262	106	4	41	299	64460	65233	3.55e-83	283
Query_1	40571_JOEA01000014.1	52.510	259	114	3	41	299	610462	609713	6.56e-81	277
Query_1	40571_FWYC01000006.1	52.510	259	114	3	41	299	95069	95818	6.56e-81	277
Query_1	2021_JEMR01000119.1	80.368	163	32	0	138	300	1035	547	1.17e-80	257
Query_1	1872427_PDUM01000081.1	51.493	268	119	7	41	300	6666	7460	5.40e-74	257
Query_1	797277_LT629748.1	51.698	265	117	7	43	300	1786214	1785432	7.29e-74	257
Query_1	797277_LT629748.1	27.511	229	139	7	56	272	2039992	2040633	1.16e-08	67.8
Query_1	306_SKFV01000329.1	49.259	270	122	7	43	300	12174	11374	8.36e-74	256
Query_1	306_SKFV01000329.1	48.339	271	126	7	41	300	10993	10190	3.11e-72	252
Query_1	653930_FOUA01000001.1	50.189	265	121	7	43	300	46223	45441	3.01e-73	255
Query_1	653930_FOUA01000001.1	28.800	250	148	10	56	292	308833	309531	2.23e-11	75.9
Query_1	653930_FOGN01000001.1	50.189	265	121	7	43	300	1333556	1334338	3.01e-73	255
Query_1	653930_FOGN01000001.1	28.800	250	148	10	56	292	1070633	1069935	2.23e-11	75.9
Query_1	653930_JFHS01000001.1	50.189	265	121	7	43	300	1353411	1354193	3.79e-73	255
Query_1	188908_MABE01000485.1	50.752	266	120	7	43	300	2408	3196	3.87e-71	249
Query_1	306_DOVX01000051.1	48.881	268	126	7	41	300	6605	5811	1.31e-70	248
Query_1	306_NZVM01000018.1	48.881	268	126	7	41	300	66825	66031	1.37e-70	248
Query_1	306_DPWL01000191.1	48.881	268	126	7	41	300	2218	1424	3.20e-70	246
Query_1	306_DOXD01000165.1	48.881	268	126	7	41	300	2935	2141	3.32e-70	246
Query_1	1708783_PPSK01000001.1	49.624	266	123	7	43	300	62646	61858	5.18e-70	246
Query_1	43263_UGUP01000002.1	48.106	264	126	7	45	300	2757025	2757807	1.20e-69	245
Query_1	857252_FNVE01000007.1	50.000	266	122	7	43	300	105305	106093	7.97e-69	242
Query_1	857252_NBYK01000007.1	50.000	266	122	7	43	300	105492	106280	7.97e-69	242
Query_1	306_DOLN01000077.1	50.000	266	122	7	43	300	17104	16316	1.03e-68	242
Query_1	254161_MUBC01000006.1	48.496	266	126	7	43	300	78298	77510	3.07e-68	241
Query_1	254161_FOUD01000014.1	48.496	266	126	7	43	300	56619	57407	3.07e-68	241
Query_1	553151_NWMT01000065.1	49.624	266	123	7	43	300	95831	96619	4.15e-68	240
Query_1	553151_CP033116.1	49.624	266	123	7	43	300	2346803	2347591	4.16e-68	240
Query_1	553151_CP033116.1	27.941	204	127	7	81	272	2183333	2182746	3.53e-05	57.0
Query_1	553151_CP033116.1	29.130	230	136	8	56	273	2182311	2181667	0.018	48.5
Query_1	589330_NMQT01000073.1	51.145	262	120	5	41	300	136205	135438	1.04e-67	239
Query_1	316_POUU01000003.1	46.970	264	129	7	45	300	338814	338032	3.46e-66	235
Query_1	316_DLIV01000058.1	46.970	264	129	7	45	300	277454	278236	5.60e-66	234
Query_1	413882_CP011371.1	48.699	269	127	5	41	300	2790826	2790026	6.30e-66	234
Query_1	287_NSNL01000021.1	46.970	264	129	7	45	300	2085	2867	8.94e-66	234
Query_1	316_POUW01000006.1	46.591	264	130	7	45	300	280352	281134	2.22e-65	233
Query_1	316_JYHV01000025.1	46.212	264	131	7	45	300	8867	8085	5.04e-65	231
Query_1	316_DKEM01000014.1	45.833	264	132	7	45	300	34253	35035	7.91e-65	231
Query_1	687_CP018835.1	47.761	268	129	7	41	300	728034	728828	1.02e-64	231
Query_1	687_FULF01000029.1	46.642	268	132	7	41	300	27269	26475	7.22e-63	225
Query_1	40571_JOEA01000002.1	45.556	270	122	8	41	300	41374	42138	1.61e-61	221
Query_1	40571_FWYC01000003.1	45.556	270	122	8	41	300	44260	45024	1.61e-61	221
Query_1	653930_SWAV01000003.1	50.761	197	88	5	110	300	198470	197889	2.43e-59	196
Query_1	653930_SWAV01000003.1	49.254	67	32	2	43	108	198670	198473	2.43e-59	63.2
Query_1	1547922_BBYR01000074.1	50.195	257	118	5	41	290	1438	2199	4.69e-59	214
Query_1	33910_JPRA01000070.1	46.067	267	126	8	41	300	118015	118782	1.38e-57	210
Query_1	33910_JMQJ01000082.1	46.067	267	126	8	41	300	118007	118774	1.38e-57	210
Query_1	33910_JMQG01000053.1	46.067	267	126	8	41	300	82294	81527	1.38e-57	210
Query_1	483545_JRUV01000063.1	78.151	119	26	0	41	159	802	1158	1.26e-56	196
Query_1	483545_JRUV01000063.1	80.952	21	4	0	280	300	1	63	1.1	42.4
Query_1	56811_DPFN01000008.1	44.541	229	117	5	57	280	3130	2459	2.63e-55	203
Query_1	2030_FWXV01000022.1	43.668	229	121	4	72	298	20485	21153	6.25e-55	202
Query_1	56811_DPSK01000038.1	46.053	228	113	5	58	280	6528	5860	8.80e-53	196
Query_1	56811_DMUK01000049.1	43.145	248	130	6	58	299	12344	13072	3.52e-52	194
Query_1	56811_DPJY01000013.1	45.815	227	113	5	59	280	59630	58965	6.71e-51	191
Query_1	56811_DQHJ01000018.1	44.444	234	120	5	58	286	15393	16079	1.44e-50	190
Query_1	56811_DNDK01000063.1	44.298	228	117	5	58	280	1573	905	4.62e-50	188
Query_1	58117_FTNI01000005.1	41.045	268	139	8	41	300	135313	134543	1.09e-49	187
Query_1	1931_DOWQ01000772.1	59.770	174	66	2	127	300	7199	7708	1.49e-48	184
Query_1	33910_JMQJ01000084.1	40.755	265	145	7	41	300	22878	23651	3.42e-47	180
Query_1	33910_JMQG01000057.1	40.755	265	145	7	41	300	22915	23688	3.42e-47	180
Query_1	33910_JPRA01000104.1	40.672	268	141	8	41	300	149309	148536	5.94e-47	179
Query_1	483545_JRUV01000065.1	72.500	120	31	2	41	159	357	1	3.54e-45	174
Query_1	306_DQAV01000128.1	55.769	156	63	4	43	194	46132	46593	5.24e-38	154
Query_1	58343_KQ948308.1	34.221	263	159	7	47	300	267568	266795	5.46e-38	154
Query_1	56811_DMUK01000118.1	44.068	177	92	4	106	280	8018	8533	2.04e-36	149
Query_1	483545_LIZN01000035.1	70.455	88	24	2	41	127	29194	29454	9.16e-28	124
Query_1	1270_VEGF01000001.1	29.694	229	153	5	59	283	445022	444348	2.91e-21	105
Query_1	1270_VEDL01000001.1	29.694	229	153	5	59	283	560053	560727	2.91e-21	105
Query_1	1273_SPKT01000019.1	28.926	242	151	7	46	283	22909	23583	1.95e-20	102
Query_1	1931_DOWQ01000755.1	54.545	77	33	1	223	299	6	230	8.61e-20	100
Query_1	306_DQAV01000046.1	46.939	98	48	2	206	300	16	306	1.93e-19	99.8
Query_1	1872427_PDUM01000008.1	34.468	235	139	6	58	279	7416	8114	9.44e-19	97.8
Query_1	857252_FNVE01000001.1	32.683	205	118	7	80	272	844992	844402	1.17e-13	82.8
Query_1	857252_NBYK01000001.1	32.683	205	118	7	80	272	845422	844832	1.17e-13	82.8
Query_1	306_DQAV01000149.1	32.683	205	118	7	80	272	8684	8094	1.19e-13	82.4
Query_1	306_DOLN01000250.1	32.683	205	118	7	80	272	7041	7631	1.22e-13	82.4
Query_1	254161_MUBC01000045.1	33.880	183	105	6	98	272	9757	10281	2.30e-13	81.6
Query_1	254161_FOUD01000029.1	33.880	183	105	6	98	272	10310	10834	2.30e-13	81.6
Query_1	306_DOXD01000158.1	33.880	183	105	6	98	272	8628	8104	2.57e-13	81.6
Query_1	306_DPWL01000380.1	33.880	183	105	6	98	272	344	868	2.63e-13	81.3
Query_1	306_DOVX01000019.1	33.880	183	105	6	98	272	9668	10192	2.64e-13	81.6
Query_1	306_NZVM01000050.1	33.880	183	105	6	98	272	46080	46604	2.75e-13	81.6
Query_1	687_FULF01000018.1	31.441	229	126	9	81	279	3442	4125	4.04e-13	80.9
Query_1	687_CP018836.1	31.441	229	126	9	81	279	1266539	1265856	9.11e-13	80.1
Query_1	1708783_PPSK01000033.1	29.464	224	137	7	61	272	10365	9721	6.39e-12	77.4
Query_1	653930_SWAV01000004.1	28.800	250	148	10	56	292	320588	319890	1.38e-11	76.6
Query_1	653930_JFHS01000025.1	28.800	250	148	10	56	292	10998	11696	2.10e-11	75.9
Query_1	1872427_PDUM01000174.1	26.776	183	121	7	75	248	2796	2260	2.68e-09	69.3
Query_1	1833_LYPG01000001.1	27.354	223	143	9	80	294	35177	34542	6.67e-07	62.4
Query_1	1833_MRBO01000739.1	26.906	223	144	9	80	294	3073	2438	1.02e-06	61.6
Query_1	1833_MRCL01000012.1	26.906	223	144	9	80	294	117345	117980	1.09e-06	61.6
Query_1	1833_CP050124.1	26.906	223	144	9	80	294	6155307	6154672	1.38e-06	61.2
Query_1	1833_CP050124.1	28.205	156	96	4	64	208	2194315	2193863	7.47e-04	52.8
Query_1	43767_LNIU01000025.1	26.906	223	144	9	80	294	160955	161590	1.71e-06	60.8
Query_1	1872427_PAZW01000008.1	28.249	177	110	6	80	250	149563	149066	1.79e-06	60.8
Query_1	1833_WIDN01000089.1	26.906	223	144	9	80	294	113240	113875	2.48e-06	60.5
Query_1	1833_MRBQ01000007.1	26.457	223	145	9	80	294	29161	29796	3.68e-06	60.1
Query_1	1833_QUAI01000001.1	26.457	223	145	9	80	294	4874500	4875135	3.69e-06	60.1
Query_1	1833_QUAI01000001.1	28.289	152	93	4	68	208	2284728	2285168	0.001	52.0
Query_1	1833_WWKK01000003.1	26.457	223	145	9	80	294	163898	164533	3.86e-06	60.1
Query_1	1833_JOIL01000021.1	26.457	223	145	9	80	294	68061	68696	3.98e-06	60.1
Query_1	1833_CP044284.1	26.457	223	145	9	80	294	6221370	6220735	4.00e-06	60.1
Query_1	1833_CP044284.1	28.289	152	93	4	68	208	2109700	2109260	0.001	52.0
Query_1	1833_LDPN01000105.1	26.457	223	145	9	80	294	190971	190336	4.22e-06	59.7
Query_1	1833_DF836155.1	26.457	223	145	9	80	294	96331	96966	4.57e-06	59.7
Query_1	1833_LQWU01000033.1	26.457	223	145	9	80	294	171630	172265	4.58e-06	59.7
Query_1	1833_BHXB01000001.1	26.457	223	145	9	80	294	6093807	6093172	4.58e-06	59.7
Query_1	1833_BHXB01000001.1	28.873	142	85	4	64	194	2147152	2146742	0.010	49.3
Query_1	1833_CP011295.1	26.457	223	145	9	80	294	6078509	6077874	4.58e-06	59.7
Query_1	1833_CP011295.1	28.873	142	85	4	64	194	2129541	2129131	0.010	49.3
Query_1	1833_UGVH01000001.1	26.457	223	145	9	80	294	3140053	3140688	5.44e-06	59.3
Query_1	1833_UGVH01000001.1	28.205	156	96	4	64	208	781877	782329	0.008	49.7
Query_1	1833_MLKO01000001.1	26.457	223	145	9	80	294	37869	38504	5.49e-06	59.3
Query_1	232_NZGW01000057.1	25.909	220	101	9	85	249	92582	93220	1.04e-05	58.5
Query_1	1833_MDCH01000001.1	26.457	223	145	9	80	294	116488	117123	1.21e-05	58.5
Query_1	483545_LIZN01000063.1	85.714	28	4	0	273	300	821	738	1.41e-05	56.6
Query_1	29443_LS483371.1	28.022	182	84	6	84	218	3848843	3849388	1.90e-05	57.8
Query_1	29443_LS483371.1	22.897	214	105	7	93	249	3480923	3481555	8.2	40.0
Query_1	287_LS483402.1	29.282	181	106	5	79	247	1041212	1040700	2.65e-05	57.4
Query_1	1892_JAAGMK010001084.1	27.753	227	137	11	80	294	2810	3445	2.77e-05	57.4
Query_1	589330_NMQT01000021.1	28.936	235	148	8	59	290	55888	56544	3.18e-05	57.0
Query_1	232_PBUC01000044.1	26.882	186	76	4	93	218	24227	23670	3.34e-05	57.0
Query_1	1892_JAAGLK010000271.1	27.753	227	137	11	80	294	72110	71475	3.48e-05	57.0
Query_1	553151_NWMT01000187.1	27.941	204	127	7	81	272	41631	41044	3.52e-05	57.0
Query_1	553151_NWMT01000187.1	29.130	230	136	8	56	273	40609	39965	0.018	48.5
Query_1	232_NZLP01000141.1	26.882	186	76	4	93	218	12067	11510	3.53e-05	57.0
Query_1	232_PBVX01000077.1	26.882	186	76	4	93	218	9288	8731	3.56e-05	57.0
Query_1	232_SGYM01000101.1	26.882	186	76	4	93	218	9320	8763	3.80e-05	57.0
Query_1	1892_JAAGNH010000585.1	27.753	227	137	11	80	294	2829	3464	3.96e-05	56.6
Query_1	1892_JAAGMS010000255.1	27.753	227	137	11	80	294	70772	70137	4.17e-05	56.6
Query_1	1833_NHBD01000011.1	27.513	189	114	8	114	294	83354	83875	5.00e-05	56.6
Query_1	1833_MJVD01000022.1	26.009	223	146	9	80	294	41428	42063	6.72e-05	56.2
Query_1	232_PAHK01000085.1	26.630	184	75	4	95	218	36464	35913	9.03e-05	55.8
Query_1	239_SEBS01000007.1	28.125	160	87	5	141	274	31997	31524	1.09e-04	55.5
Query_1	483545_JRUV01000214.1	85.714	28	4	0	273	300	73295	73212	1.60e-04	55.1
Query_1	232_NZGW01000082.1	26.339	224	96	7	55	218	71771	71127	2.24e-04	54.3
Query_1	232_NYUX01000030.1	29.221	154	75	4	42	176	43022	42606	3.08e-04	53.9
Query_1	232_PBZI01000015.1	29.221	154	75	4	42	176	7146	7562	3.17e-04	53.9
Query_1	232_NZAV01000029.1	29.221	154	75	4	42	176	55312	54896	3.19e-04	53.9
Query_1	1911_JAAGMI010000365.1	26.872	227	139	11	80	294	19188	19823	4.02e-04	53.5
Query_1	34038_JUHM01000023.1	23.963	217	99	6	93	249	76333	76965	4.16e-04	53.5
Query_1	232_NZRK01000022.1	34.951	103	42	3	93	176	42865	42575	4.18e-04	53.5
Query_1	1831_SEES01000282.1	32.639	144	90	3	79	216	1567	1139	4.56e-04	53.5
Query_1	294_WHOX01000177.1	27.027	185	88	6	84	221	11214	10660	5.28e-04	53.1
Query_1	239_SEBR01000006.1	30.978	184	108	7	81	247	119666	119121	5.76e-04	53.1
Query_1	1911_MDDK01000429.1	26.432	227	140	11	80	294	2700	3335	6.32e-04	52.8
Query_1	232_NZRK01000076.1	21.691	272	129	9	93	284	774	1577	7.02e-04	52.8
Query_1	1911_LRMW01000078.1	26.432	227	140	11	80	294	57797	58432	7.35e-04	52.8
Query_1	1911_UAVD01000019.1	26.432	227	140	11	80	294	63573	64208	7.35e-04	52.8
Query_1	1911_FNTW01000001.1	26.432	227	140	11	80	294	297401	296766	7.40e-04	52.8
Query_1	76021_MQUQ01000002.1	26.360	239	155	8	56	290	114213	113548	7.80e-04	52.8
Query_1	573_UFFF01000019.1	31.481	108	63	3	86	184	11761	12078	8.12e-04	52.8
Query_1	50422_SPLD01000318.1	33.663	101	56	3	93	184	576	872	0.001	52.4
Query_1	34038_JUHL01000015.1	23.963	217	99	6	93	249	46371	45739	0.001	52.8
Query_1	43767_LNIU01000006.1	27.564	156	97	4	64	208	500464	500916	0.001	52.4
Query_1	94625_WBWI01000006.1	31.532	111	65	3	86	187	151515	151189	0.001	52.0
Query_1	94625_LWEA01000007.1	31.532	111	65	3	86	187	229844	230170	0.001	52.0
Query_1	94625_WBWG01000001.1	31.532	111	65	3	86	187	437012	436686	0.001	52.0
Query_1	94625_RBZA01000001.1	31.532	111	65	3	86	187	531270	530944	0.001	52.0
Query_1	94625_WBWK01000005.1	32.432	111	64	3	86	187	134944	134618	0.001	52.0
Query_1	1396_NUWE01000087.1	26.277	137	82	4	79	202	15063	14671	0.001	52.0
Query_1	1396_NUHL01000043.1	26.277	137	82	4	79	202	15064	14672	0.001	52.0
Query_1	1396_NUWD01000007.1	26.277	137	82	4	79	202	146426	146818	0.001	52.0
Query_1	401470_QJKB01000022.1	35.165	91	46	3	93	172	17683	17949	0.001	52.0
Query_1	77133_CACWOL010000010.1	26.866	134	79	4	78	198	57159	56776	0.001	52.0
Query_1	1893_CP027306.1	25.664	226	143	10	80	294	840608	839973	0.001	52.0
Query_1	1893_CP027306.1	33.071	127	50	7	102	193	9629843	9630223	1.5	42.4
Query_1	1893_CP027306.1	33.071	127	50	7	102	193	11446	11066	1.5	42.4
Query_1	1893_CP027306.1	42.593	54	26	1	146	194	764387	764548	9.7	40.0
Query_1	1833_MRBQ01000006.1	28.289	152	93	4	68	208	102279	101839	0.001	52.0
Query_1	1833_DF836175.1	28.289	152	93	4	68	208	426982	427422	0.001	52.0
Query_1	1833_JOIL01000002.1	28.289	152	93	4	68	208	463247	463687	0.001	52.0
Query_1	1405_NVFI01000004.1	25.547	137	83	4	79	202	47788	47396	0.002	52.0
Query_1	94625_DDPJ01000004.1	31.532	111	65	3	86	187	562412	562086	0.002	52.0
Query_1	94625_UGSH01000003.1	32.432	111	64	3	86	187	1445447	1445773	0.002	52.0
Query_1	1404_DFVC01000050.1	23.881	201	115	7	84	249	1320	1913	0.002	51.6
Query_1	1396_NUUU01000060.1	26.277	137	82	4	79	202	10803	10411	0.002	51.6
Query_1	1396_NVEJ01000006.1	26.277	137	82	4	79	202	146238	146630	0.002	51.6
Query_1	1396_NVKO01000012.1	26.277	137	82	4	79	202	13328	12936	0.002	51.6
Query_1	1396_NUOF01000012.1	26.277	137	82	4	79	202	61225	60833	0.002	51.6
Query_1	1396_NUOY01000015.1	26.277	137	82	4	79	202	28538	28930	0.002	51.6
Query_1	1396_NUVZ01000017.1	26.277	137	82	4	79	202	75762	76154	0.002	51.6
Query_1	1405_MRWT01000001.1	26.277	137	82	4	79	202	75774	76166	0.002	51.6
Query_1	1404_NQLQ01000002.1	23.881	201	115	7	84	249	45860	46453	0.002	51.6
Query_1	1396_NVLB01000050.1	26.277	137	82	4	79	202	5532	5924	0.002	51.6
Query_1	358_CP039897.1	24.138	290	137	9	56	280	2104262	2103447	0.002	51.6
Query_1	358_CP039897.1	28.846	104	63	3	93	187	2807283	2806978	0.27	44.7
Query_1	358_CP039888.1	24.138	290	137	9	56	280	2174838	2174023	0.002	51.6
Query_1	358_CP039888.1	28.846	104	63	3	93	187	2877859	2877554	0.27	44.7
Query_1	1404_SSWM01000012.1	23.881	201	115	7	84	249	92512	91919	0.002	51.6
Query_1	1404_UFSS01000001.1	23.881	201	115	7	84	249	4216925	4216332	0.002	51.6
Query_1	1404_KN125581.1	23.881	201	115	7	84	249	1585868	1585275	0.002	51.6
Query_1	1404_KN125581.1	27.273	121	82	3	74	193	2254813	2255160	2.6	41.6
Query_1	77133_CACYHQ010000012.1	26.866	134	79	4	78	198	2714	2331	0.002	51.6
Query_1	292_LPGR01000056.1	33.858	127	69	4	93	206	45375	45001	0.002	51.6
Query_1	1833_LQWU01000001.1	28.289	152	93	4	68	208	133883	133443	0.002	51.2
Query_1	1833_LDPN01000099.1	28.986	138	82	4	68	194	303238	303636	0.002	51.2
Query_1	412384_JPIE01000003.1	24.378	201	114	8	84	249	347726	347133	0.002	51.2
Query_1	1404_VDTN01000002.1	24.378	201	114	8	84	249	1178762	1178169	0.002	51.2
Query_1	1404_LDPJ01000075.1	23.881	201	115	7	84	249	12562	11969	0.002	51.2
Query_1	94625_LXEK01000021.1	32.432	111	64	3	86	187	9308	8982	0.003	51.2
Query_1	94625_LXPU01000022.1	32.432	111	64	3	86	187	493666	493340	0.003	51.2
Query_1	94625_WBWJ01000001.1	32.432	111	64	3	86	187	691308	691634	0.003	51.2
Query_1	1833_WWKK01000006.1	28.289	152	93	4	68	208	135276	134836	0.003	51.2
Query_1	412384_LQQQ01000002.1	24.378	201	114	8	84	249	27048	27641	0.003	51.2
Query_1	2030_QHKI01000066.1	29.060	117	63	3	93	189	55238	55588	0.003	51.2
Query_1	294_BJOO01000019.1	27.230	213	95	9	93	249	128293	128919	0.003	50.8
Query_1	380021_CP013184.1	27.230	213	95	9	93	249	6159160	6159786	0.003	50.8
Query_1	380021_SHFR01000011.1	27.230	213	95	9	93	249	88213	87587	0.003	50.8
Query_1	77133_CACYZF010000015.1	26.866	134	79	4	78	198	59987	60370	0.003	50.8
Query_1	1428_SMDF01000033.1	25.547	137	83	4	79	202	35908	36300	0.003	50.8
Query_1	1428_SMDG01000032.1	25.547	137	83	4	79	202	13607	13215	0.003	50.8
Query_1	380021_RJUS01000016.1	27.230	213	95	9	93	249	159976	159350	0.004	50.8
Query_1	380021_RJUX01000005.1	27.230	213	95	9	93	249	165818	166444	0.004	50.8
Query_1	380021_VIWR01000014.1	27.230	213	95	9	93	249	179568	178942	0.004	50.4
Query_1	380021_QFNP01000013.1	27.230	213	95	9	93	249	129267	129893	0.004	50.4
Query_1	380021_PPSI01000010.1	27.230	213	95	9	93	249	89036	88410	0.004	50.4
Query_1	380021_MOAT01000005.1	27.230	213	95	9	93	249	130283	130909	0.004	50.4
Query_1	380021_LDET01000037.1	26.761	213	96	8	93	249	162871	163497	0.004	50.4
Query_1	1396_FMIJ01000011.1	25.547	137	83	4	79	202	194002	194394	0.005	50.4
Query_1	294_PPVD01000213.1	30.508	118	68	3	79	184	2816	3163	0.005	50.1
Query_1	53408_WNEE01000177.1	31.132	106	61	2	86	179	2324	2641	0.005	50.1
Query_1	1833_MRCL01000002.1	28.205	156	96	4	64	208	144145	143693	0.006	50.1
Query_1	294_QGAB01000005.1	32.673	101	57	2	93	184	124507	124211	0.006	50.1
Query_1	94625_WBWH01000002.1	30.909	110	65	3	86	186	624287	624610	0.007	49.7
Query_1	294_MKYU01000040.1	31.356	118	67	3	79	184	71645	71992	0.007	49.7
Query_1	294_MRST01000027.1	31.356	118	67	3	79	184	575166	575513	0.007	49.7
Query_1	77133_CACZEK010000013.1	26.866	134	79	4	78	198	27201	27584	0.008	49.7
Query_1	294_JXCQ01000009.1	32.673	101	57	2	93	184	61222	61518	0.008	49.7
Query_1	1833_NHBD01000003.1	28.873	142	85	4	64	194	132477	132067	0.008	49.7
Query_1	1833_LYPG01000115.1	28.205	156	96	4	64	208	64428	63976	0.008	49.7
Query_1	2030_FWXV01000004.1	30.070	143	78	3	93	213	589455	589027	0.008	49.7
Query_1	94625_WBWL01000001.1	31.532	111	65	3	86	187	635036	634710	0.009	49.7
Query_1	412384_KQ087173.1	23.881	201	115	8	84	249	1173575	1172982	0.009	49.7
Query_1	412384_KQ087173.1	25.410	122	83	3	74	193	1805872	1806219	4.3	41.2
Query_1	1833_MJVD01000049.1	28.873	142	85	4	64	194	133209	133619	0.010	49.3
Query_1	1833_MDCH01000002.1	28.873	142	85	4	64	194	131979	131569	0.010	49.3
Query_1	1833_WIDN01000096.1	28.873	142	85	4	64	194	166950	167360	0.010	49.3
Query_1	1833_MLKO01000002.1	28.873	142	85	4	64	194	135203	134793	0.010	49.3
Query_1	380021_LHUU01000013.1	26.761	213	96	8	93	249	164144	164770	0.010	49.3
Query_1	1396_NUQH01000090.1	25.210	119	74	2	93	202	23535	23873	0.010	49.3
Query_1	294_QGAI01000003.1	30.508	118	68	3	79	184	241519	241866	0.011	49.3
Query_1	1396_NUUR01000004.1	25.210	119	74	2	93	202	61245	61583	0.011	49.3
Query_1	232_NVVC01000004.1	30.392	102	58	3	89	177	63636	63941	0.011	49.3
Query_1	380021_LHUX01000010.1	26.761	213	96	8	93	249	164323	164949	0.011	49.3
Query_1	380021_VAVY01000006.1	26.761	213	96	8	93	249	164048	164674	0.011	49.3
Query_1	380021_CP043179.1	26.761	213	96	8	93	249	3287804	3287178	0.011	49.3
Query_1	380021_CP022097.2	26.761	213	96	8	93	249	2672614	2671988	0.011	49.3
Query_1	380021_CP032353.1	26.761	213	96	8	93	249	6156809	6157435	0.011	49.3
Query_1	380021_CP032352.1	26.761	213	96	8	93	249	4105600	4104974	0.011	49.3
Query_1	380021_CP032358.1	26.761	213	96	8	93	249	78822	79448	0.011	49.3
Query_1	294_MKHA01000004.1	31.356	118	67	3	79	184	496128	495781	0.011	49.3
Query_1	294_PVUJ01000024.1	32.673	101	57	2	93	184	61134	61430	0.011	49.3
Query_1	294_PVUK01000023.1	32.673	101	57	2	93	184	43767	43471	0.011	49.3
Query_1	294_NPKB01000039.1	32.673	101	57	2	93	184	43745	43449	0.011	49.3
Query_1	380021_MOAX01000001.1	26.761	213	96	8	93	249	158778	158152	0.012	49.3
Query_1	380021_MRUA01000003.1	26.761	213	96	8	93	249	162189	161563	0.012	49.3
Query_1	380021_MRTZ01000014.1	26.761	213	96	8	93	249	125487	126113	0.012	49.3
Query_1	380021_MRUC01000006.1	26.761	213	96	8	93	249	1309294	1309920	0.012	49.3
Query_1	380021_MRUB01000007.1	26.761	213	96	8	93	249	1763352	1763978	0.012	49.3
Query_1	380021_MAUK01000009.1	26.761	213	96	8	93	249	2509781	2510407	0.012	49.3
Query_1	380021_MAUL01000003.1	26.761	213	96	8	93	249	1544323	1543697	0.012	49.3
Query_1	1428_CP012099.1	25.210	119	74	2	93	202	933777	934115	0.012	49.3
Query_1	1428_CP012099.1	23.846	130	70	3	88	189	1821379	1821765	1.7	42.4
Query_1	1428_NVGY01000133.1	25.547	137	83	4	79	202	12518	12126	0.013	48.9
Query_1	1833_MRBQ01000004.1	30.769	143	82	6	59	191	196632	196225	0.013	48.9
Query_1	1833_LDPN01000097.1	30.769	143	82	6	59	191	191676	192083	0.013	48.9
Query_1	1833_DF836236.1	30.769	143	82	6	59	191	256282	255875	0.013	48.9
Query_1	1396_NUPX01000033.1	25.547	137	83	4	79	202	14850	14458	0.013	48.9
Query_1	1396_NTZS01000026.1	25.547	137	83	4	79	202	48621	49013	0.013	48.9
Query_1	1396_NTVF01000025.1	25.547	137	83	4	79	202	91657	92049	0.013	48.9
Query_1	1396_NTUQ01000026.1	25.547	137	83	4	79	202	14850	14458	0.013	48.9
Query_1	1396_NVKP01000070.1	25.547	137	83	4	79	202	15937	15545	0.013	48.9
Query_1	1396_NUYD01000016.1	25.547	137	83	4	79	202	17486	17094	0.013	48.9
Query_1	1396_NUMU01000002.1	25.547	137	83	4	79	202	28136	27744	0.013	48.9
Query_1	1396_NTXJ01000028.1	25.547	137	83	4	79	202	28136	27744	0.013	48.9
Query_1	1396_NUYA01000008.1	25.547	137	83	4	79	202	234607	234999	0.013	48.9
Query_1	1396_NUZM01000008.1	25.547	137	83	4	79	202	233370	233762	0.013	48.9
Query_1	1396_NTTS01000011.1	25.547	137	83	4	79	202	234011	234403	0.013	48.9
Query_1	1396_NUUV01000027.1	25.547	137	83	4	79	202	28136	27744	0.013	48.9
Query_1	294_JJOE01000050.1	23.853	218	111	7	84	249	230143	229499	0.013	48.9
Query_1	380021_RCSR01000017.1	26.761	213	96	8	93	249	158652	158026	0.014	48.9
Query_1	380021_LHUV01000009.1	26.761	213	96	8	93	249	162889	163515	0.014	48.9
Query_1	380021_LHUW01000013.1	26.761	213	96	8	93	249	162916	163542	0.014	48.9
Query_1	40324_CABGFO010001012.1	36.538	104	54	4	93	186	5815	6120	0.014	48.9
Query_1	40324_CABGFO010000240.1	36.538	104	54	4	93	186	5815	6120	0.014	48.9
Query_1	380021_MOAU01000004.1	26.761	213	96	8	93	249	125211	125837	0.014	48.9
Query_1	294_LCYA01000146.1	31.683	101	58	2	93	184	657	361	0.014	48.9
Query_1	40324_VLGS01000011.1	36.538	104	54	4	93	186	52951	52646	0.015	48.9
Query_1	1396_NVAF01000019.1	25.547	137	83	4	79	202	16209	15817	0.015	48.9
Query_1	40324_CP022053.2	36.538	104	54	4	93	186	3414563	3414258	0.015	48.9
Query_1	1396_NUNT01000002.1	25.547	137	83	4	79	202	23153	23545	0.015	48.9
Query_1	1396_NTXE01000022.1	25.547	137	83	4	79	202	49462	49070	0.015	48.9
Query_1	1396_NUXV01000048.1	25.547	137	83	4	79	202	23153	23545	0.015	48.9
Query_1	1396_NUHY01000008.1	25.547	137	83	4	79	202	471346	470954	0.015	48.9
Query_1	294_UGUR01000001.1	24.312	218	110	7	84	249	4233516	4232872	0.015	48.9
Query_1	294_UGUR01000001.1	22.705	207	105	4	93	248	2780499	2781107	6.9	40.4
Query_1	589330_NMQT01000099.1	27.957	186	77	8	114	247	84458	85000	0.015	48.9
Query_1	589330_NMQT01000099.1	26.471	170	85	4	62	191	5413	4904	0.18	45.4
Query_1	47878_RBTM01000022.1	30.508	118	68	3	79	184	65209	64862	0.015	48.9
Query_1	1404_QDFU01000028.1	23.881	201	115	8	84	249	47669	47076	0.016	48.9
Query_1	1404_QDFP01000004.1	23.881	201	115	8	84	249	342657	343250	0.016	48.9
Query_1	1404_QDFO01000002.1	23.881	201	115	8	84	249	539019	539612	0.016	48.9
Query_1	1404_QDFM01000001.1	23.881	201	115	8	84	249	724656	725249	0.016	48.9
Query_1	1404_QDFM01000001.1	25.410	122	83	3	74	193	132310	131963	4.3	41.2
Query_1	329_DBAD01000353.1	28.829	111	67	3	87	187	1023	697	0.017	48.5
Query_1	1833_JWJL01000160.1	27.564	156	97	4	64	208	32221	31769	0.018	48.5
Query_1	47763_JNZA01000001.1	28.571	203	89	8	98	247	118366	118965	0.018	48.5
Query_1	47763_RDTD01000001.1	28.571	203	89	8	98	247	3720686	3720087	0.018	48.5
Query_1	47763_RDTD01000001.1	30.682	88	60	1	86	172	912370	912107	1.4	42.7
Query_1	1404_MRUF01000008.1	22.886	201	117	7	84	249	52673	52080	0.018	48.5
Query_1	294_CP017296.1	30.508	118	68	3	79	184	2916164	2916511	0.018	48.5
Query_1	40324_CABGAN010000740.1	36.538	104	54	4	93	186	637	942	0.019	48.5
Query_1	40324_CABGAN010000052.1	36.538	104	54	4	93	186	637	942	0.019	48.5
Query_1	47878_MZZJ01000008.1	30.508	118	68	3	79	184	4596	4943	0.019	48.5
Query_1	40324_CABGDH010000675.1	36.538	104	54	4	93	186	5674	5979	0.019	48.5
Query_1	40324_CABGDH010000029.1	36.538	104	54	4	93	186	5674	5979	0.019	48.5
Query_1	40324_CABGDE010000658.1	36.538	104	54	4	93	186	5674	5979	0.019	48.5
Query_1	40324_CABGDE010000044.1	36.538	104	54	4	93	186	5674	5979	0.019	48.5
Query_1	40324_LXXD01000057.1	36.538	104	54	4	93	186	51387	51692	0.019	48.5
Query_1	47763_CP019457.1	28.571	203	89	8	98	247	609054	608455	0.019	48.5
Query_1	47763_CP019457.1	32.967	91	54	3	86	172	5588505	5588242	0.74	43.5
Query_1	40324_CABGDA010000599.1	36.538	104	54	4	93	186	38644	38949	0.020	48.5
Query_1	40324_CABGDA010000002.1	36.538	104	54	4	93	186	38644	38949	0.020	48.5
Query_1	294_VHIO01000020.1	30.508	118	68	3	79	184	50250	49903	0.020	48.5
Query_1	294_PPHS01000042.1	30.508	118	68	3	79	184	99280	98933	0.020	48.5
Query_1	294_LCYD01000009.1	30.508	118	68	3	79	184	776649	776302	0.020	48.5
Query_1	294_PVUH01000012.1	30.508	118	68	3	79	184	146533	146186	0.020	48.5
Query_1	294_PVUI01000010.1	29.661	118	69	3	79	184	202960	202613	0.020	48.5
Query_1	294_JRXU01000024.1	30.508	118	68	3	79	184	229476	229129	0.020	48.5
Query_1	294_JRXZ01000003.1	30.508	118	68	3	79	184	448353	448006	0.021	48.5
Query_1	294_LCYB01000032.1	29.661	118	69	3	79	184	4554	4207	0.022	48.1
Query_1	294_MRXZ01000035.1	29.661	118	69	3	79	184	31480	31133	0.022	48.1
Query_1	294_CABVIQ010000001.1	29.661	118	69	3	79	184	245466	245813	0.022	48.1
Query_1	358_JAAQPP010000003.1	28.319	113	70	3	86	189	181000	180668	0.023	48.1
Query_1	358_CP032917.1	28.319	113	70	3	86	189	2696855	2696523	0.023	48.1
Query_1	358_CP032917.1	21.344	253	120	8	93	280	1980621	1979905	1.8	42.4
Query_1	358_CP032917.1	30.556	144	70	5	54	185	1232946	1232569	2.6	41.6
Query_1	358_CP033027.1	28.319	113	70	3	86	189	2762325	2761993	0.023	48.1
Query_1	358_CP033027.1	21.344	253	120	8	93	280	2046168	2045452	1.8	42.4
Query_1	358_CP033027.1	30.556	144	70	5	54	185	1298308	1297931	2.6	41.6
Query_1	358_CP011246.1	28.319	113	70	3	86	189	243878	243546	0.023	48.1
Query_1	358_CP011246.1	21.344	253	120	8	93	280	2361579	2360863	1.8	42.4
Query_1	358_CP011246.1	30.556	144	70	5	54	185	1613719	1613342	2.6	41.6
Query_1	412384_LDUV01000009.1	23.881	201	115	8	84	249	87805	88398	0.024	48.1
Query_1	412384_LDWN01000003.1	23.881	201	115	8	84	249	778527	777934	0.024	48.1
Query_1	412384_LDWN01000003.1	25.410	122	83	3	74	193	311031	311378	4.3	41.2
Query_1	358_VIXC01000004.1	29.104	134	80	3	58	182	457097	456714	0.026	48.1
Query_1	358_DDLM01000003.1	29.104	134	80	3	58	182	14578	14195	0.027	48.1
Query_1	663_CP017917.1	25.926	108	69	3	86	184	1267593	1267910	0.028	48.1
Query_1	358_KK240977.1	29.104	134	80	3	58	182	5721	5338	0.030	47.8
Query_1	294_LCYC01000007.1	31.683	101	58	2	93	184	542607	542903	0.030	47.8
Query_1	358_CP014260.1	29.104	134	80	3	58	182	1190959	1190576	0.030	47.8
Query_1	358_CP014260.1	27.451	102	67	1	93	187	1990156	1989851	0.19	45.4
Query_1	380021_LCZC01000021.1	26.291	213	97	8	93	249	110174	110800	0.030	47.8
Query_1	1931_DNQU01000189.1	25.234	214	108	8	93	257	19848	19216	0.032	47.8
Query_1	1833_MRBO01000486.1	27.564	156	97	4	64	208	8974	8522	0.033	47.8
Query_1	380021_PPEF01000010.1	26.291	213	97	8	93	249	126613	127239	0.034	47.8
Query_1	380021_MOAW01000005.1	26.291	213	97	8	93	249	178582	177956	0.034	47.8
Query_1	380021_MOAV01000003.1	26.291	213	97	8	93	249	163900	164526	0.034	47.8
Query_1	358_SMCI01000003.1	25.301	249	115	10	93	280	532497	531781	0.035	47.8
Query_1	2021_ONLN01000331.1	25.641	156	104	4	45	194	8925	9374	0.037	47.4
Query_1	2021_CADBTT010000100.1	25.641	156	104	4	45	194	13637	14086	0.038	47.4
Query_1	2021_QGVG01000025.1	25.641	156	104	4	45	194	29994	30443	0.038	47.4
Query_1	2021_JEMR01000011.1	25.641	156	104	4	45	194	62838	63287	0.038	47.4
Query_1	358_CP033031.1	24.476	286	141	11	56	280	2129831	2129016	0.039	47.4
Query_1	358_CP033031.1	28.431	102	66	1	93	187	2955254	2954949	0.20	45.4
Query_1	358_CP033031.1	29.730	148	77	4	54	190	1315988	1315593	3.9	41.2
Query_1	1404_JXRC01000039.1	24.257	202	113	9	84	249	11294	10701	0.040	47.4
Query_1	1404_JXRC01000039.1	27.273	121	82	3	74	193	650157	650504	2.7	41.6
Query_1	1404_FOPA01000003.1	22.886	201	117	7	84	249	785871	786464	0.041	47.4
Query_1	1404_FOPA01000003.1	27.273	121	82	3	74	193	156641	156294	2.7	41.6
Query_1	358_SWKF01000004.1	29.412	153	90	5	42	182	2804245	2803805	0.042	47.4
Query_1	358_SWKF01000004.1	27.451	102	67	1	93	187	576263	575958	0.43	44.3
Query_1	358_SWKF01000004.1	30.556	144	74	3	55	188	1981126	1980743	7.0	40.4
Query_1	1396_FWZG01000046.1	24.370	119	75	2	93	202	34554	34216	0.043	47.4
Query_1	208445_FNSO01000002.1	27.083	240	152	9	57	290	162845	162177	0.045	47.4
Query_1	294_CP032618.1	23.853	218	111	7	84	249	4351559	4350915	0.045	47.4
Query_1	294_CP032618.1	23.188	207	104	5	93	248	2842865	2843473	2.5	42.0
Query_1	358_JZLL01000012.1	29.808	104	62	3	93	187	182867	182562	0.050	47.0
Query_1	1404_PQWM01000029.1	23.267	202	115	8	84	249	121516	120923	0.050	47.0
Query_1	358_JMKN01000003.1	29.808	104	62	3	93	187	182913	182608	0.051	47.0
Query_1	1404_JAAMPO010000029.1	24.257	202	113	9	84	249	66821	66228	0.053	47.0
Query_1	1404_JAAMPO010000029.1	25.000	120	82	3	76	193	683546	683887	1.3	42.7
Query_1	358_QSNR01000001.1	29.245	106	64	3	93	189	1134101	1134412	0.056	47.0
Query_1	1404_NTUU01000006.1	23.267	202	115	8	84	249	39155	38562	0.058	47.0
Query_1	1404_AZUJ01000013.1	23.267	202	115	8	84	249	39293	38700	0.058	47.0
Query_1	40324_VLWL01000002.1	33.628	113	63	4	93	195	87708	88040	0.059	47.0
Query_1	1404_JAAEBE020000008.1	24.257	202	113	9	84	249	2916111	2916704	0.059	47.0
Query_1	1404_JAAEBE020000008.1	27.273	121	82	3	74	193	2311709	2311362	2.7	41.6
Query_1	40324_CABGCL010000867.1	34.513	113	62	4	93	195	8081	7749	0.059	47.0
Query_1	40324_CABGCL010000220.1	34.513	113	62	4	93	195	8081	7749	0.059	47.0
Query_1	358_CCAN010000003.1	26.923	130	74	3	93	209	4096	4461	0.060	47.0
Query_1	358_MTKI01000004.1	29.245	106	64	3	93	189	179961	179650	0.060	47.0
Query_1	358_QRFG01000001.1	29.245	106	64	3	93	189	180004	179693	0.060	47.0
Query_1	40324_LXXI01000101.1	36.538	104	54	4	93	186	59586	59891	0.060	47.0
Query_1	40324_DKGS01000009.1	36.538	104	54	4	93	186	40787	40482	0.061	47.0
Query_1	40324_CP049956.1	36.538	104	54	4	93	186	3999354	3999659	0.061	47.0
Query_1	1404_NTTN01000006.1	24.257	202	113	9	84	249	726342	725749	0.061	47.0
Query_1	358_LXKY01000001.1	29.245	106	64	3	93	189	1804315	1804626	0.061	47.0
Query_1	358_LXKY01000001.1	30.282	142	73	3	54	185	359446	359823	5.4	40.8
Query_1	287_RAEX01000130.1	25.735	136	82	4	79	201	228877	229266	0.063	47.0
Query_1	294_JXQY01000033.1	32.374	139	80	5	62	187	112994	112581	0.063	47.0
Query_1	380021_PYJM01000008.1	29.630	108	65	3	84	182	173860	173543	0.063	47.0
Query_1	380021_PIZE01000009.1	29.630	108	65	3	84	182	127256	127573	0.065	47.0
Query_1	40324_LXXB01000138.1	36.538	104	54	4	93	186	8108	7803	0.065	47.0
Query_1	76759_JFBC01000699.1	24.107	224	108	8	84	249	1079	420	0.066	46.6
Query_1	40324_CVIU01000033.1	36.538	104	54	4	93	186	35460	35765	0.066	47.0
Query_1	1404_LUCO01000001.1	23.267	202	115	8	84	249	907023	907616	0.068	46.6
Query_1	1404_LUCO01000001.1	25.410	122	83	3	74	193	236786	236439	3.4	41.2
Query_1	40324_LQIG01000919.1	36.538	104	54	4	93	186	1241	1546	0.069	46.6
Query_1	358_CP039907.1	28.846	104	65	2	93	187	2880940	2880629	0.071	46.6
Query_1	358_CP039907.1	28.302	106	65	3	93	189	2141231	2140920	1.1	43.1
Query_1	358_CP039907.1	30.556	144	70	5	54	185	1278068	1277691	1.7	42.4
Query_1	358_LXKW01000031.1	29.245	106	64	3	93	189	180036	179725	0.072	46.6
Query_1	358_LXKV01000029.1	29.245	106	64	3	93	189	180036	179725	0.072	46.6
Query_1	358_MCAR01000048.1	29.412	136	81	4	56	182	217137	216748	0.073	46.6
Query_1	294_JSFL01000036.1	23.853	218	111	7	84	249	223857	223213	0.073	46.6
Query_1	358_DDLM01000014.1	28.431	102	66	1	93	187	243856	243551	0.073	46.6
Query_1	40324_RHQE01000004.1	35.577	104	55	4	93	186	62297	62602	0.077	46.6
Query_1	358_LXKT01000024.1	29.245	106	64	3	93	189	402739	403050	0.077	46.6
Query_1	358_QRFE01000001.1	29.245	106	64	3	93	189	180586	180275	0.077	46.6
Query_1	40324_CABGEC010000725.1	36.538	104	54	4	93	186	7998	7693	0.080	46.6
Query_1	40324_CABGEC010000039.1	36.538	104	54	4	93	186	7998	7693	0.080	46.6
Query_1	40324_CABGEA010000833.1	36.538	104	54	4	93	186	7996	7691	0.081	46.6
Query_1	40324_CABGEA010000188.1	36.538	104	54	4	93	186	7996	7691	0.081	46.6
Query_1	40324_CABGEB010000776.1	36.538	104	54	4	93	186	11518	11213	0.081	46.6
Query_1	40324_CABGEB010000216.1	36.538	104	54	4	93	186	11518	11213	0.081	46.6
Query_1	40324_CABGGI010000823.1	36.538	104	54	4	93	186	5675	5980	0.082	46.6
Query_1	40324_CABGGI010000142.1	36.538	104	54	4	93	186	5675	5980	0.082	46.6
Query_1	40324_CABGCR010000650.1	36.538	104	54	4	93	186	5675	5980	0.082	46.6
Query_1	40324_CABGCR010000076.1	36.538	104	54	4	93	186	5675	5980	0.082	46.6
Query_1	40324_CABGFZ010001293.1	36.538	104	54	4	93	186	7900	7595	0.082	46.6
Query_1	40324_CABGFZ010000626.1	36.538	104	54	4	93	186	7900	7595	0.082	46.6
Query_1	40324_CABGGJ010001265.1	36.538	104	54	4	93	186	8062	7757	0.082	46.6
Query_1	40324_CABGGJ010000607.1	36.538	104	54	4	93	186	8062	7757	0.082	46.6
Query_1	40324_VRLX01000099.1	36.538	104	54	4	93	186	8358	8053	0.082	46.6
Query_1	306_SKFV01000047.1	26.829	205	123	7	58	250	3844	3275	0.082	46.2
Query_1	294_JSFM01000020.1	23.853	218	111	7	84	249	114034	113390	0.083	46.6
Query_1	329_PKQE01000002.1	28.704	108	65	3	90	187	267768	268085	0.083	46.6
Query_1	40324_VKRU01000032.1	36.538	104	54	4	93	186	17392	17087	0.084	46.6
Query_1	40324_MQXN01000024.1	36.538	104	54	4	93	186	38795	39100	0.084	46.6
Query_1	40324_MQXM01000064.1	36.538	104	54	4	93	186	39112	39417	0.084	46.6
Query_1	40324_VLXL01000026.1	36.538	104	54	4	93	186	8012	7707	0.084	46.6
Query_1	40324_LXXC01000086.1	36.538	104	54	4	93	186	23253	22948	0.084	46.6
Query_1	40324_MQXL01000044.1	36.538	104	54	4	93	186	38885	39190	0.084	46.6
Query_1	303_LKKS01000115.1	24.107	224	108	8	84	249	53221	53880	0.084	46.6
Query_1	40324_CP040431.1	36.538	104	54	4	93	186	4367748	4368053	0.084	46.6
Query_1	40324_NIVV01000148.1	36.538	104	54	4	93	186	26005	26310	0.085	46.6
Query_1	358_CP032921.1	29.245	106	64	3	93	189	2729787	2729476	0.086	46.6
Query_1	358_CP032921.1	30.556	144	70	5	54	185	1270957	1270580	2.3	42.0
Query_1	358_CP032921.1	20.158	253	123	7	93	280	2014296	2013580	3.8	41.2
Query_1	40324_CP040430.1	36.538	104	54	4	93	186	4367062	4367367	0.086	46.6
Query_1	358_CP039922.1	29.412	136	81	4	56	182	2075522	2075133	0.087	46.6
Query_1	358_CP039922.1	26.923	104	69	1	93	189	2775927	2775616	0.39	44.3
Query_1	412384_NHZZ01000036.1	23.267	202	115	8	84	249	12629	12036	0.090	46.2
Query_1	294_CP017951.1	31.858	113	60	4	84	184	3434521	3434844	0.092	46.2
Query_1	294_LR782234.1	31.858	113	60	4	84	184	2666703	2666380	0.093	46.2
Query_1	69392_DQIG01000167.1	31.538	130	77	4	76	195	2245	2628	0.093	46.2
Query_1	2065_JNWZ01000007.1	28.218	202	90	9	98	247	10731	11327	0.097	46.2
Query_1	380021_QJRM01000009.1	31.313	99	57	3	93	182	106075	106365	0.097	46.2
Query_1	380021_LUUE01000097.1	31.313	99	57	3	93	182	170575	170865	0.097	46.2
Query_1	380021_QJRN01000005.1	31.313	99	57	3	93	182	184891	184601	0.099	46.2
Query_1	294_LCZB01000067.1	31.313	99	57	3	93	182	111722	112012	0.10	46.2
Query_1	1871086_SDZL01000035.1	34.524	84	51	1	93	172	7283	7534	0.10	46.2
Query_1	294_LNAB02000009.1	33.663	101	56	3	93	184	241666	241370	0.11	46.2
Query_1	2017_FQVN01000001.1	26.257	179	117	5	79	248	41618	42136	0.11	46.2
Query_1	294_CABVHS010000010.1	34.615	104	55	4	93	185	68821	69126	0.13	45.8
Query_1	294_CABVHV010000001.1	34.615	104	55	4	93	185	900719	900414	0.13	45.8
Query_1	1824_FOTX01000003.1	25.434	173	94	5	86	227	454000	454506	0.13	45.8
Query_1	1824_LR134352.1	25.434	173	94	5	86	227	1635680	1635174	0.13	45.8
Query_1	2030_QHKI01000007.1	28.249	177	102	5	93	247	80233	80754	0.14	45.8
Query_1	316_DGDB01000008.1	27.820	266	153	12	47	293	20488	21225	0.15	45.8
Query_1	294_CABVIP010000001.1	31.250	112	62	4	84	184	1003341	1003664	0.15	45.8
Query_1	316_DLJB01000011.1	27.820	266	153	12	47	293	100629	99892	0.15	45.4
Query_1	316_DBIL01000021.1	27.820	266	153	12	47	293	196850	197587	0.15	45.4
Query_1	294_JENC01000022.1	31.683	101	58	3	93	184	99592	99296	0.16	45.4
Query_1	1404_NUMB01000068.1	22.772	202	116	8	84	249	1172747	1172154	0.16	45.4
Query_1	1404_NUMB01000068.1	25.410	122	83	3	74	193	1846314	1846661	3.8	41.2
Query_1	294_CP025738.1	32.673	101	57	3	93	184	4827225	4827521	0.16	45.4
Query_1	294_CP025738.1	27.928	111	65	2	93	189	4978576	4978247	8.4	40.0
Query_1	316_DBZE01000011.1	27.820	266	153	12	47	293	511785	511048	0.16	45.4
Query_1	2065_JNWZ01000046.1	30.435	115	52	3	90	176	44280	43936	0.19	45.4
Query_1	1404_QJGY01000002.1	22.772	202	116	8	84	249	9008	8415	0.19	45.4
Query_1	294_CABVHT010000004.1	31.683	101	58	3	93	184	132849	133145	0.19	45.4
Query_1	216778_RCDC01000004.1	33.028	109	63	3	87	186	1869890	1869567	0.23	45.1
Query_1	294_RBQR01000394.1	28.696	115	69	3	84	187	14659	14321	0.25	45.1
Query_1	294_LKEI01000031.1	28.696	115	69	3	84	187	43405	43743	0.26	45.1
Query_1	44252_WNZZ01000001.1	27.094	203	97	10	93	247	181848	182447	0.26	45.1
Query_1	316_PPXG01000006.1	27.600	250	149	11	47	280	212049	211348	0.27	45.1
Query_1	294_CP031648.1	32.673	101	57	3	93	184	3548227	3548523	0.27	45.1
Query_1	294_CABVIJ010000019.1	31.683	101	58	3	93	184	22801	22505	0.27	44.7
Query_1	47878_CP019856.1	27.826	115	70	3	84	187	4508355	4508693	0.27	44.7
Query_1	294_SMCJ01000019.1	32.673	101	57	3	93	184	42054	42350	0.28	44.7
Query_1	47878_MDDQ01000005.1	28.696	115	69	3	84	187	184635	184297	0.28	44.7
Query_1	47878_UYXP01000004.1	28.696	115	69	3	84	187	585381	585043	0.28	44.7
Query_1	47878_MNPV01000001.1	28.696	115	69	3	84	187	1045496	1045158	0.28	44.7
Query_1	47878_LT629702.1	28.696	115	69	3	84	187	2664027	2664365	0.28	44.7
Query_1	294_CABVIE010000030.1	33.962	106	57	4	93	187	40615	40926	0.28	44.7
Query_1	294_CABVIM010000001.1	31.683	101	58	3	93	184	19868	19572	0.29	44.7
Query_1	294_CP012831.1	32.673	101	57	3	93	184	4627998	4627702	0.29	44.7
Query_1	294_CP012831.1	26.812	138	80	5	79	202	7064261	7063869	7.2	40.4
Query_1	40324_DJUZ01000014.1	30.392	102	63	2	93	186	46156	45851	0.31	44.7
